"customer_id";"first_name";"last_name";"email";"city";"country";"join_date";"customer_tier";"credit_score"
1;"First_1";"Last_1";"customer_1@email.com";"Ioannina";"Germany";"2021-04-06";"Silver";558
2;"First_2";"Last_2";"customer_2@email.com";"Heraklion";"Greece";"2019-02-01";"Bronze";497
3;"First_3";"Last_3";"customer_3@email.com";"Chania";"Greece";"2021-04-18";"Bronze";744
4;"First_4";"Last_4";"customer_4@email.com";"Larissa";"Greece";"2020-12-17";"Bronze";604
5;"First_5";"Last_5";"customer_5@email.com";"Ioannina";"Greece";"2022-02-12";"Platinum";638
6;"First_6";"Last_6";"customer_6@email.com";"Chalkida";"Italy";"2022-06-03";"Gold";828
7;"First_7";"Last_7";"customer_7@email.com";"Patras";"Greece";"2019-04-05";"Bronze";353
8;"First_8";"Last_8";"customer_8@email.com";"Ioannina";"UK";"2018-03-02";"Bronze";411
9;"First_9";"Last_9";"customer_9@email.com";"Chania";"Greece";"2019-01-04";"Bronze";718
10;"First_10";"Last_10";"customer_10@email.com";"Larissa";"Greece";"2021-02-18";"Silver";604
11;"First_11";"Last_11";"customer_11@email.com";"Heraklion";"Greece";"2019-12-20";"Silver";737
12;"First_12";"Last_12";"customer_12@email.com";"Chania";"Greece";"2019-06-30";"Bronze";384
13;"First_13";"Last_13";"customer_13@email.com";"Chania";"France";"2022-05-25";"Silver";823
14;"First_14";"Last_14";"customer_14@email.com";"Patras";"Greece";"2020-11-06";"Bronze";551
15;"First_15";"Last_15";"customer_15@email.com";"Volos";"Greece";"2019-05-11";"Gold";425
16;"First_16";"Last_16";"customer_16@email.com";"Larissa";"France";"2019-05-12";"Silver";704
17;"First_17";"Last_17";"customer_17@email.com";"Thessaloniki";"Greece";"2019-05-20";"Bronze";603
18;"First_18";"Last_18";"customer_18@email.com";"Chania";"Italy";"2022-04-05";"Silver";327
19;"First_19";"Last_19";"customer_19@email.com";"Volos";"Greece";"2020-08-26";"Gold";565
20;"First_20";"Last_20";"customer_20@email.com";"Thessaloniki";"Greece";"2021-08-31";"Bronze";351
21;"First_21";"Last_21";"customer_21@email.com";"Larissa";"Greece";"2020-12-28";"Bronze";810
22;"First_22";"Last_22";"customer_22@email.com";"Athens";"Greece";"2022-10-17";"Gold";506
23;"First_23";"Last_23";"customer_23@email.com";"Chalkida";"Greece";"2018-06-10";"Bronze";810
24;"First_24";"Last_24";"customer_24@email.com";"Volos";"Germany";"2022-06-26";"Bronze";500
25;"First_25";"Last_25";"customer_25@email.com";"Rhodes";"France";"2019-12-19";"Bronze";583
26;"First_26";"Last_26";"customer_26@email.com";"Athens";"UK";"2021-03-14";"Gold";656
27;"First_27";"Last_27";"customer_27@email.com";"Chalkida";"Greece";"2022-05-12";"Silver";346
28;"First_28";"Last_28";"customer_28@email.com";"Patras";"Greece";"2022-06-07";"Gold";436
29;"First_29";"Last_29";"customer_29@email.com";"Ioannina";"Greece";"2020-09-19";"Silver";429
30;"First_30";"Last_30";"customer_30@email.com";"Heraklion";"Greece";"2021-11-09";"Bronze";494
31;"First_31";"Last_31";"customer_31@email.com";"Rhodes";"Germany";"2018-09-26";"Silver";663
32;"First_32";"Last_32";"customer_32@email.com";"Patras";"Greece";"2022-01-17";"Silver";731
33;"First_33";"Last_33";"customer_33@email.com";"Larissa";"Greece";"2019-11-30";"Bronze";368
34;"First_34";"Last_34";"customer_34@email.com";"Patras";"Greece";"2022-03-22";"Bronze";757
35;"First_35";"Last_35";"customer_35@email.com";"Ioannina";"Italy";"2020-05-14";"Bronze";839
36;"First_36";"Last_36";"customer_36@email.com";"Larissa";"Greece";"2018-12-16";"Silver";634
37;"First_37";"Last_37";"customer_37@email.com";"Rhodes";"Greece";"2018-04-20";"Gold";825
38;"First_38";"Last_38";"customer_38@email.com";"Ioannina";"Greece";"2022-02-15";"Silver";315
39;"First_39";"Last_39";"customer_39@email.com";"Thessaloniki";"Greece";"2019-02-11";"Platinum";755
40;"First_40";"Last_40";"customer_40@email.com";"Heraklion";"Greece";"2019-10-12";"Bronze";809
41;"First_41";"Last_41";"customer_41@email.com";"Rhodes";"Greece";"2018-02-20";"Gold";508
42;"First_42";"Last_42";"customer_42@email.com";"Thessaloniki";"UK";"2021-11-27";"Gold";457
43;"First_43";"Last_43";"customer_43@email.com";"Chalkida";"Greece";"2022-05-06";"Bronze";636
44;"First_44";"Last_44";"customer_44@email.com";"Rhodes";"Germany";"2022-02-08";"Platinum";540
45;"First_45";"Last_45";"customer_45@email.com";"Chalkida";"Italy";"2021-01-15";"Bronze";357
46;"First_46";"Last_46";"customer_46@email.com";"Larissa";"UK";"2020-12-27";"Gold";604
47;"First_47";"Last_47";"customer_47@email.com";"Thessaloniki";"Greece";"2019-08-19";"Gold";644
48;"First_48";"Last_48";"customer_48@email.com";"Heraklion";"Greece";"2020-09-05";"Silver";313
49;"First_49";"Last_49";"customer_49@email.com";"Ioannina";"Germany";"2020-12-01";"Silver";658
50;"First_50";"Last_50";"customer_50@email.com";"Chania";"Germany";"2020-01-01";"Bronze";676
51;"First_51";"Last_51";"customer_51@email.com";"Patras";"Greece";"2018-02-26";"Silver";542
52;"First_52";"Last_52";"customer_52@email.com";"Athens";"Germany";"2020-01-08";"Bronze";444
53;"First_53";"Last_53";"customer_53@email.com";"Heraklion";"Greece";"2018-07-15";"Silver";714
54;"First_54";"Last_54";"customer_54@email.com";"Thessaloniki";"Greece";"2022-11-19";"Silver";693
55;"First_55";"Last_55";"customer_55@email.com";"Chania";"Greece";"2022-08-29";"Gold";657
56;"First_56";"Last_56";"customer_56@email.com";"Heraklion";"Greece";"2020-12-21";"Bronze";457
57;"First_57";"Last_57";"customer_57@email.com";"Thessaloniki";"Greece";"2021-07-10";"Gold";317
58;"First_58";"Last_58";"customer_58@email.com";"Volos";"Germany";"2018-04-22";"Gold";646
59;"First_59";"Last_59";"customer_59@email.com";"Volos";"Greece";"2020-02-04";"Silver";357
60;"First_60";"Last_60";"customer_60@email.com";"Chalkida";"Greece";"2019-12-12";"Bronze";454
61;"First_61";"Last_61";"customer_61@email.com";"Heraklion";"Greece";"2021-04-16";"Bronze";786
62;"First_62";"Last_62";"customer_62@email.com";"Volos";"Greece";"2020-08-05";"Bronze";830
63;"First_63";"Last_63";"customer_63@email.com";"Thessaloniki";"Greece";"2018-01-26";"Silver";786
64;"First_64";"Last_64";"customer_64@email.com";"Chalkida";"Germany";"2019-02-14";"Silver";450
65;"First_65";"Last_65";"customer_65@email.com";"Thessaloniki";"UK";"2020-01-28";"Platinum";658
66;"First_66";"Last_66";"customer_66@email.com";"Chalkida";"UK";"2019-06-15";"Bronze";667
67;"First_67";"Last_67";"customer_67@email.com";"Heraklion";"Germany";"2022-12-06";"Bronze";346
68;"First_68";"Last_68";"customer_68@email.com";"Chania";"Greece";"2021-09-02";"Silver";506
69;"First_69";"Last_69";"customer_69@email.com";"Ioannina";"Greece";"2022-04-05";"Gold";749
70;"First_70";"Last_70";"customer_70@email.com";"Rhodes";"Greece";"2021-02-03";"Gold";782
71;"First_71";"Last_71";"customer_71@email.com";"Chania";"Greece";"2020-01-19";"Gold";442
72;"First_72";"Last_72";"customer_72@email.com";"Larissa";"Italy";"2022-01-27";"Bronze";699
73;"First_73";"Last_73";"customer_73@email.com";"Thessaloniki";"Greece";"2018-09-03";"Silver";396
74;"First_74";"Last_74";"customer_74@email.com";"Larissa";"Greece";"2021-01-09";"Gold";346
75;"First_75";"Last_75";"customer_75@email.com";"Chania";"France";"2019-10-24";"Bronze";490
76;"First_76";"Last_76";"customer_76@email.com";"Chalkida";"Italy";"2020-06-27";"Bronze";439
77;"First_77";"Last_77";"customer_77@email.com";"Rhodes";"UK";"2019-01-31";"Bronze";530
78;"First_78";"Last_78";"customer_78@email.com";"Rhodes";"Greece";"2019-06-06";"Bronze";639
79;"First_79";"Last_79";"customer_79@email.com";"Athens";"Greece";"2022-10-26";"Silver";790
80;"First_80";"Last_80";"customer_80@email.com";"Rhodes";"Greece";"2020-07-14";"Bronze";348
81;"First_81";"Last_81";"customer_81@email.com";"Ioannina";"Greece";"2018-09-21";"Bronze";752
82;"First_82";"Last_82";"customer_82@email.com";"Rhodes";"Greece";"2022-08-12";"Bronze";615
83;"First_83";"Last_83";"customer_83@email.com";"Chania";"Greece";"2020-02-29";"Silver";621
84;"First_84";"Last_84";"customer_84@email.com";"Athens";"Italy";"2021-07-21";"Bronze";386
85;"First_85";"Last_85";"customer_85@email.com";"Chania";"Greece";"2022-09-26";"Silver";773
86;"First_86";"Last_86";"customer_86@email.com";"Chania";"Germany";"2018-06-21";"Bronze";581
87;"First_87";"Last_87";"customer_87@email.com";"Patras";"Germany";"2018-09-22";"Bronze";373
88;"First_88";"Last_88";"customer_88@email.com";"Athens";"Greece";"2020-11-15";"Bronze";752
89;"First_89";"Last_89";"customer_89@email.com";"Chania";"Germany";"2022-02-01";"Bronze";346
90;"First_90";"Last_90";"customer_90@email.com";"Patras";"Greece";"2019-04-21";"Bronze";395
91;"First_91";"Last_91";"customer_91@email.com";"Patras";"Greece";"2018-12-22";"Bronze";330
92;"First_92";"Last_92";"customer_92@email.com";"Athens";"UK";"2020-11-15";"Gold";833
93;"First_93";"Last_93";"customer_93@email.com";"Larissa";"Greece";"2018-02-03";"Silver";316
94;"First_94";"Last_94";"customer_94@email.com";"Chalkida";"Italy";"2018-09-21";"Bronze";511
95;"First_95";"Last_95";"customer_95@email.com";"Ioannina";"Greece";"2021-03-07";"Bronze";534
96;"First_96";"Last_96";"customer_96@email.com";"Chalkida";"Greece";"2020-03-26";"Platinum";691
97;"First_97";"Last_97";"customer_97@email.com";"Rhodes";"Greece";"2022-09-15";"Silver";653
98;"First_98";"Last_98";"customer_98@email.com";"Ioannina";"Greece";"2020-05-24";"Bronze";604
99;"First_99";"Last_99";"customer_99@email.com";"Rhodes";"Greece";"2020-01-24";"Silver";849
100;"First_100";"Last_100";"customer_100@email.com";"Chania";"Germany";"2019-07-20";"Silver";839
101;"First_101";"Last_101";"customer_101@email.com";"Thessaloniki";"France";"2019-04-07";"Silver";808
102;"First_102";"Last_102";"customer_102@email.com";"Athens";"France";"2021-04-06";"Bronze";694
103;"First_103";"Last_103";"customer_103@email.com";"Ioannina";"Greece";"2022-07-13";"Bronze";730
104;"First_104";"Last_104";"customer_104@email.com";"Ioannina";"UK";"2019-10-17";"Bronze";476
105;"First_105";"Last_105";"customer_105@email.com";"Chania";"Germany";"2018-03-22";"Gold";705
106;"First_106";"Last_106";"customer_106@email.com";"Larissa";"UK";"2020-01-27";"Silver";600
107;"First_107";"Last_107";"customer_107@email.com";"Patras";"Greece";"2020-05-19";"Bronze";744
108;"First_108";"Last_108";"customer_108@email.com";"Chania";"Germany";"2021-12-01";"Gold";426
109;"First_109";"Last_109";"customer_109@email.com";"Volos";"France";"2022-05-17";"Gold";648
110;"First_110";"Last_110";"customer_110@email.com";"Patras";"Greece";"2020-12-05";"Platinum";320
111;"First_111";"Last_111";"customer_111@email.com";"Athens";"France";"2019-08-22";"Gold";719
112;"First_112";"Last_112";"customer_112@email.com";"Patras";"Greece";"2022-06-23";"Platinum";451
113;"First_113";"Last_113";"customer_113@email.com";"Larissa";"Greece";"2020-03-17";"Bronze";459
114;"First_114";"Last_114";"customer_114@email.com";"Patras";"Greece";"2020-12-12";"Gold";779
115;"First_115";"Last_115";"customer_115@email.com";"Athens";"Greece";"2020-09-10";"Gold";742
116;"First_116";"Last_116";"customer_116@email.com";"Larissa";"Greece";"2019-12-05";"Bronze";395
117;"First_117";"Last_117";"customer_117@email.com";"Chalkida";"France";"2019-04-21";"Bronze";651
118;"First_118";"Last_118";"customer_118@email.com";"Ioannina";"Greece";"2019-08-15";"Platinum";374
119;"First_119";"Last_119";"customer_119@email.com";"Ioannina";"France";"2018-01-16";"Bronze";658
120;"First_120";"Last_120";"customer_120@email.com";"Rhodes";"France";"2021-10-15";"Gold";432
121;"First_121";"Last_121";"customer_121@email.com";"Chalkida";"Greece";"2019-05-02";"Bronze";699
122;"First_122";"Last_122";"customer_122@email.com";"Chalkida";"France";"2019-12-07";"Bronze";438
123;"First_123";"Last_123";"customer_123@email.com";"Patras";"Italy";"2022-03-06";"Bronze";545
124;"First_124";"Last_124";"customer_124@email.com";"Ioannina";"UK";"2021-03-10";"Bronze";590
125;"First_125";"Last_125";"customer_125@email.com";"Athens";"UK";"2019-09-12";"Silver";411
126;"First_126";"Last_126";"customer_126@email.com";"Heraklion";"Italy";"2020-10-15";"Silver";469
127;"First_127";"Last_127";"customer_127@email.com";"Heraklion";"Germany";"2020-02-16";"Bronze";539
128;"First_128";"Last_128";"customer_128@email.com";"Larissa";"Greece";"2019-03-23";"Bronze";636
129;"First_129";"Last_129";"customer_129@email.com";"Ioannina";"France";"2018-10-17";"Bronze";437
130;"First_130";"Last_130";"customer_130@email.com";"Ioannina";"Germany";"2018-07-28";"Bronze";535
131;"First_131";"Last_131";"customer_131@email.com";"Heraklion";"Greece";"2022-02-07";"Silver";302
132;"First_132";"Last_132";"customer_132@email.com";"Ioannina";"Greece";"2019-02-17";"Bronze";415
133;"First_133";"Last_133";"customer_133@email.com";"Patras";"UK";"2019-11-08";"Bronze";771
134;"First_134";"Last_134";"customer_134@email.com";"Volos";"Greece";"2021-12-21";"Bronze";430
135;"First_135";"Last_135";"customer_135@email.com";"Thessaloniki";"Italy";"2021-10-26";"Bronze";782
136;"First_136";"Last_136";"customer_136@email.com";"Chalkida";"Greece";"2019-10-26";"Bronze";700
137;"First_137";"Last_137";"customer_137@email.com";"Rhodes";"Greece";"2018-10-17";"Bronze";500
138;"First_138";"Last_138";"customer_138@email.com";"Larissa";"Greece";"2021-12-26";"Gold";591
139;"First_139";"Last_139";"customer_139@email.com";"Volos";"Greece";"2021-07-15";"Gold";641
140;"First_140";"Last_140";"customer_140@email.com";"Heraklion";"Germany";"2018-05-31";"Gold";515
141;"First_141";"Last_141";"customer_141@email.com";"Chalkida";"Italy";"2022-10-09";"Bronze";665
142;"First_142";"Last_142";"customer_142@email.com";"Ioannina";"France";"2021-07-02";"Bronze";768
143;"First_143";"Last_143";"customer_143@email.com";"Rhodes";"Greece";"2021-10-08";"Silver";717
144;"First_144";"Last_144";"customer_144@email.com";"Ioannina";"Greece";"2021-11-01";"Silver";326
145;"First_145";"Last_145";"customer_145@email.com";"Athens";"France";"2022-08-04";"Platinum";754
146;"First_146";"Last_146";"customer_146@email.com";"Athens";"Italy";"2020-05-04";"Bronze";313
147;"First_147";"Last_147";"customer_147@email.com";"Rhodes";"Greece";"2021-10-13";"Bronze";397
148;"First_148";"Last_148";"customer_148@email.com";"Rhodes";"Greece";"2019-08-31";"Silver";578
149;"First_149";"Last_149";"customer_149@email.com";"Heraklion";"Greece";"2019-01-05";"Gold";789
150;"First_150";"Last_150";"customer_150@email.com";"Rhodes";"France";"2021-06-04";"Gold";506
151;"First_151";"Last_151";"customer_151@email.com";"Patras";"Germany";"2019-12-06";"Silver";532
152;"First_152";"Last_152";"customer_152@email.com";"Ioannina";"Greece";"2021-08-19";"Platinum";538
153;"First_153";"Last_153";"customer_153@email.com";"Volos";"Greece";"2020-04-05";"Silver";549
154;"First_154";"Last_154";"customer_154@email.com";"Chania";"France";"2020-10-01";"Gold";605
155;"First_155";"Last_155";"customer_155@email.com";"Rhodes";"Greece";"2021-11-13";"Platinum";762
156;"First_156";"Last_156";"customer_156@email.com";"Larissa";"Greece";"2019-01-12";"Gold";535
157;"First_157";"Last_157";"customer_157@email.com";"Athens";"Greece";"2020-08-30";"Bronze";590
158;"First_158";"Last_158";"customer_158@email.com";"Patras";"Greece";"2018-04-28";"Bronze";338
159;"First_159";"Last_159";"customer_159@email.com";"Chalkida";"Greece";"2020-10-25";"Silver";482
160;"First_160";"Last_160";"customer_160@email.com";"Chania";"France";"2019-03-20";"Bronze";329
161;"First_161";"Last_161";"customer_161@email.com";"Volos";"France";"2021-10-07";"Gold";687
162;"First_162";"Last_162";"customer_162@email.com";"Chania";"France";"2020-01-25";"Bronze";442
163;"First_163";"Last_163";"customer_163@email.com";"Rhodes";"France";"2022-04-06";"Bronze";718
164;"First_164";"Last_164";"customer_164@email.com";"Heraklion";"Greece";"2022-08-15";"Silver";373
165;"First_165";"Last_165";"customer_165@email.com";"Athens";"France";"2019-10-02";"Bronze";354
166;"First_166";"Last_166";"customer_166@email.com";"Athens";"Greece";"2018-05-04";"Bronze";323
167;"First_167";"Last_167";"customer_167@email.com";"Chalkida";"Germany";"2019-10-20";"Bronze";321
168;"First_168";"Last_168";"customer_168@email.com";"Heraklion";"Italy";"2021-07-24";"Silver";727
169;"First_169";"Last_169";"customer_169@email.com";"Ioannina";"Greece";"2020-04-01";"Bronze";331
170;"First_170";"Last_170";"customer_170@email.com";"Thessaloniki";"Greece";"2021-11-18";"Gold";638
171;"First_171";"Last_171";"customer_171@email.com";"Patras";"Greece";"2019-10-26";"Bronze";814
172;"First_172";"Last_172";"customer_172@email.com";"Athens";"Greece";"2018-12-26";"Gold";811
173;"First_173";"Last_173";"customer_173@email.com";"Larissa";"Greece";"2019-09-15";"Bronze";369
174;"First_174";"Last_174";"customer_174@email.com";"Athens";"France";"2022-02-01";"Bronze";387
175;"First_175";"Last_175";"customer_175@email.com";"Chania";"Italy";"2022-07-10";"Bronze";518
176;"First_176";"Last_176";"customer_176@email.com";"Athens";"Greece";"2022-09-20";"Bronze";569
177;"First_177";"Last_177";"customer_177@email.com";"Athens";"Greece";"2020-12-16";"Silver";377
178;"First_178";"Last_178";"customer_178@email.com";"Thessaloniki";"Greece";"2021-06-28";"Bronze";309
179;"First_179";"Last_179";"customer_179@email.com";"Thessaloniki";"France";"2020-07-07";"Bronze";767
180;"First_180";"Last_180";"customer_180@email.com";"Volos";"Greece";"2021-03-19";"Silver";635
181;"First_181";"Last_181";"customer_181@email.com";"Ioannina";"Greece";"2019-03-28";"Bronze";485
182;"First_182";"Last_182";"customer_182@email.com";"Larissa";"Greece";"2021-03-31";"Bronze";845
183;"First_183";"Last_183";"customer_183@email.com";"Athens";"Greece";"2018-04-30";"Silver";420
184;"First_184";"Last_184";"customer_184@email.com";"Athens";"Greece";"2019-08-05";"Gold";573
185;"First_185";"Last_185";"customer_185@email.com";"Patras";"France";"2021-10-06";"Bronze";709
186;"First_186";"Last_186";"customer_186@email.com";"Thessaloniki";"Greece";"2018-04-09";"Bronze";657
187;"First_187";"Last_187";"customer_187@email.com";"Larissa";"Germany";"2021-04-05";"Platinum";397
188;"First_188";"Last_188";"customer_188@email.com";"Chalkida";"Greece";"2022-08-14";"Bronze";540
189;"First_189";"Last_189";"customer_189@email.com";"Volos";"UK";"2019-05-29";"Platinum";413
190;"First_190";"Last_190";"customer_190@email.com";"Ioannina";"Germany";"2019-10-26";"Bronze";786
191;"First_191";"Last_191";"customer_191@email.com";"Heraklion";"Greece";"2019-02-05";"Gold";540
192;"First_192";"Last_192";"customer_192@email.com";"Ioannina";"Greece";"2018-12-31";"Bronze";455
193;"First_193";"Last_193";"customer_193@email.com";"Chania";"Greece";"2022-05-20";"Gold";651
194;"First_194";"Last_194";"customer_194@email.com";"Athens";"France";"2021-09-11";"Bronze";343
195;"First_195";"Last_195";"customer_195@email.com";"Volos";"Greece";"2019-08-04";"Silver";611
196;"First_196";"Last_196";"customer_196@email.com";"Chania";"Italy";"2022-07-15";"Bronze";437
197;"First_197";"Last_197";"customer_197@email.com";"Larissa";"Greece";"2019-09-13";"Bronze";735
198;"First_198";"Last_198";"customer_198@email.com";"Heraklion";"UK";"2020-04-07";"Silver";442
199;"First_199";"Last_199";"customer_199@email.com";"Thessaloniki";"Germany";"2018-09-04";"Silver";598
200;"First_200";"Last_200";"customer_200@email.com";"Volos";"UK";"2019-03-10";"Gold";561
201;"First_201";"Last_201";"customer_201@email.com";"Volos";"Greece";"2021-01-21";"Bronze";811
202;"First_202";"Last_202";"customer_202@email.com";"Athens";"Greece";"2021-07-15";"Gold";361
203;"First_203";"Last_203";"customer_203@email.com";"Rhodes";"UK";"2019-09-07";"Bronze";722
204;"First_204";"Last_204";"customer_204@email.com";"Volos";"Greece";"2020-07-31";"Platinum";695
205;"First_205";"Last_205";"customer_205@email.com";"Patras";"Greece";"2020-08-20";"Platinum";330
206;"First_206";"Last_206";"customer_206@email.com";"Heraklion";"Greece";"2019-09-16";"Bronze";629
207;"First_207";"Last_207";"customer_207@email.com";"Heraklion";"Greece";"2018-11-17";"Gold";468
208;"First_208";"Last_208";"customer_208@email.com";"Patras";"Greece";"2020-05-05";"Gold";565
209;"First_209";"Last_209";"customer_209@email.com";"Chalkida";"Greece";"2018-03-03";"Bronze";607
210;"First_210";"Last_210";"customer_210@email.com";"Patras";"Greece";"2018-10-27";"Silver";758
211;"First_211";"Last_211";"customer_211@email.com";"Patras";"UK";"2019-02-07";"Bronze";484
212;"First_212";"Last_212";"customer_212@email.com";"Heraklion";"Germany";"2020-08-12";"Gold";633
213;"First_213";"Last_213";"customer_213@email.com";"Ioannina";"France";"2022-07-30";"Bronze";814
214;"First_214";"Last_214";"customer_214@email.com";"Heraklion";"Italy";"2022-05-10";"Bronze";740
215;"First_215";"Last_215";"customer_215@email.com";"Rhodes";"Greece";"2022-07-02";"Bronze";690
216;"First_216";"Last_216";"customer_216@email.com";"Athens";"Greece";"2021-08-19";"Silver";553
217;"First_217";"Last_217";"customer_217@email.com";"Chania";"Greece";"2022-11-29";"Gold";634
218;"First_218";"Last_218";"customer_218@email.com";"Ioannina";"Greece";"2018-09-10";"Platinum";699
219;"First_219";"Last_219";"customer_219@email.com";"Thessaloniki";"Italy";"2022-10-24";"Bronze";465
220;"First_220";"Last_220";"customer_220@email.com";"Chania";"Greece";"2019-04-23";"Bronze";559
221;"First_221";"Last_221";"customer_221@email.com";"Athens";"Greece";"2021-10-24";"Silver";303
222;"First_222";"Last_222";"customer_222@email.com";"Rhodes";"Greece";"2022-08-30";"Silver";418
223;"First_223";"Last_223";"customer_223@email.com";"Rhodes";"Greece";"2018-06-09";"Bronze";769
224;"First_224";"Last_224";"customer_224@email.com";"Thessaloniki";"Germany";"2020-08-18";"Bronze";769
225;"First_225";"Last_225";"customer_225@email.com";"Ioannina";"Greece";"2021-04-04";"Silver";792
226;"First_226";"Last_226";"customer_226@email.com";"Chalkida";"Italy";"2018-07-24";"Bronze";799
227;"First_227";"Last_227";"customer_227@email.com";"Patras";"Greece";"2021-07-14";"Silver";369
228;"First_228";"Last_228";"customer_228@email.com";"Ioannina";"Greece";"2021-03-07";"Silver";669
229;"First_229";"Last_229";"customer_229@email.com";"Chalkida";"France";"2021-10-23";"Gold";480
230;"First_230";"Last_230";"customer_230@email.com";"Rhodes";"Greece";"2022-01-06";"Silver";304
231;"First_231";"Last_231";"customer_231@email.com";"Heraklion";"Italy";"2020-05-07";"Bronze";496
232;"First_232";"Last_232";"customer_232@email.com";"Athens";"Italy";"2020-01-30";"Gold";346
233;"First_233";"Last_233";"customer_233@email.com";"Thessaloniki";"UK";"2022-05-10";"Silver";439
234;"First_234";"Last_234";"customer_234@email.com";"Athens";"UK";"2019-12-22";"Bronze";839
235;"First_235";"Last_235";"customer_235@email.com";"Larissa";"Greece";"2020-11-06";"Silver";726
236;"First_236";"Last_236";"customer_236@email.com";"Larissa";"Italy";"2018-03-09";"Bronze";609
237;"First_237";"Last_237";"customer_237@email.com";"Ioannina";"Greece";"2018-05-13";"Gold";573
238;"First_238";"Last_238";"customer_238@email.com";"Rhodes";"UK";"2022-09-20";"Bronze";838
239;"First_239";"Last_239";"customer_239@email.com";"Rhodes";"Italy";"2020-07-07";"Silver";689
240;"First_240";"Last_240";"customer_240@email.com";"Patras";"Italy";"2019-03-06";"Bronze";758
241;"First_241";"Last_241";"customer_241@email.com";"Patras";"France";"2018-11-04";"Bronze";660
242;"First_242";"Last_242";"customer_242@email.com";"Patras";"Greece";"2019-10-12";"Platinum";368
243;"First_243";"Last_243";"customer_243@email.com";"Heraklion";"Italy";"2021-04-12";"Gold";730
244;"First_244";"Last_244";"customer_244@email.com";"Chania";"Germany";"2019-02-16";"Bronze";331
245;"First_245";"Last_245";"customer_245@email.com";"Volos";"Italy";"2018-04-07";"Bronze";812
246;"First_246";"Last_246";"customer_246@email.com";"Chania";"Germany";"2022-09-03";"Bronze";481
247;"First_247";"Last_247";"customer_247@email.com";"Athens";"Greece";"2021-03-23";"Silver";547
248;"First_248";"Last_248";"customer_248@email.com";"Chania";"Greece";"2022-09-15";"Silver";596
249;"First_249";"Last_249";"customer_249@email.com";"Heraklion";"Greece";"2021-06-19";"Silver";329
250;"First_250";"Last_250";"customer_250@email.com";"Athens";"UK";"2021-08-20";"Silver";601
251;"First_251";"Last_251";"customer_251@email.com";"Chania";"Greece";"2021-08-01";"Gold";775
252;"First_252";"Last_252";"customer_252@email.com";"Heraklion";"Greece";"2020-11-16";"Bronze";651
253;"First_253";"Last_253";"customer_253@email.com";"Volos";"Greece";"2021-11-26";"Bronze";781
254;"First_254";"Last_254";"customer_254@email.com";"Chania";"France";"2021-10-15";"Silver";616
255;"First_255";"Last_255";"customer_255@email.com";"Heraklion";"Greece";"2020-12-19";"Platinum";696
256;"First_256";"Last_256";"customer_256@email.com";"Patras";"Greece";"2018-07-21";"Silver";388
257;"First_257";"Last_257";"customer_257@email.com";"Rhodes";"Greece";"2020-02-01";"Silver";533
258;"First_258";"Last_258";"customer_258@email.com";"Patras";"Greece";"2020-05-23";"Silver";467
259;"First_259";"Last_259";"customer_259@email.com";"Rhodes";"Greece";"2019-08-04";"Gold";425
260;"First_260";"Last_260";"customer_260@email.com";"Thessaloniki";"Greece";"2019-01-05";"Bronze";419
261;"First_261";"Last_261";"customer_261@email.com";"Thessaloniki";"Greece";"2019-06-17";"Bronze";727
262;"First_262";"Last_262";"customer_262@email.com";"Thessaloniki";"Italy";"2021-03-21";"Platinum";489
263;"First_263";"Last_263";"customer_263@email.com";"Volos";"France";"2021-01-30";"Gold";727
264;"First_264";"Last_264";"customer_264@email.com";"Patras";"Greece";"2020-06-17";"Bronze";501
265;"First_265";"Last_265";"customer_265@email.com";"Rhodes";"Italy";"2019-08-30";"Bronze";358
266;"First_266";"Last_266";"customer_266@email.com";"Heraklion";"Greece";"2022-01-09";"Bronze";522
267;"First_267";"Last_267";"customer_267@email.com";"Athens";"Germany";"2020-05-22";"Bronze";791
268;"First_268";"Last_268";"customer_268@email.com";"Heraklion";"Germany";"2021-06-06";"Platinum";310
269;"First_269";"Last_269";"customer_269@email.com";"Athens";"Greece";"2021-02-22";"Bronze";811
270;"First_270";"Last_270";"customer_270@email.com";"Larissa";"Greece";"2020-02-09";"Gold";609
271;"First_271";"Last_271";"customer_271@email.com";"Heraklion";"Greece";"2020-04-13";"Bronze";333
272;"First_272";"Last_272";"customer_272@email.com";"Chania";"Greece";"2020-09-25";"Silver";639
273;"First_273";"Last_273";"customer_273@email.com";"Chania";"UK";"2020-07-26";"Bronze";780
274;"First_274";"Last_274";"customer_274@email.com";"Ioannina";"Greece";"2018-08-24";"Silver";392
275;"First_275";"Last_275";"customer_275@email.com";"Patras";"Greece";"2018-06-11";"Silver";432
276;"First_276";"Last_276";"customer_276@email.com";"Athens";"Greece";"2019-07-08";"Silver";718
277;"First_277";"Last_277";"customer_277@email.com";"Athens";"Greece";"2020-02-27";"Bronze";767
278;"First_278";"Last_278";"customer_278@email.com";"Patras";"Greece";"2021-10-08";"Bronze";743
279;"First_279";"Last_279";"customer_279@email.com";"Volos";"Greece";"2020-12-27";"Bronze";329
280;"First_280";"Last_280";"customer_280@email.com";"Ioannina";"France";"2021-04-11";"Bronze";597
281;"First_281";"Last_281";"customer_281@email.com";"Volos";"Greece";"2022-07-19";"Silver";360
282;"First_282";"Last_282";"customer_282@email.com";"Volos";"Greece";"2022-09-02";"Silver";757
283;"First_283";"Last_283";"customer_283@email.com";"Volos";"Germany";"2019-07-13";"Silver";603
284;"First_284";"Last_284";"customer_284@email.com";"Patras";"Greece";"2018-09-18";"Silver";639
285;"First_285";"Last_285";"customer_285@email.com";"Volos";"Germany";"2018-08-05";"Bronze";747
286;"First_286";"Last_286";"customer_286@email.com";"Chania";"Germany";"2021-02-21";"Bronze";601
287;"First_287";"Last_287";"customer_287@email.com";"Thessaloniki";"Greece";"2020-03-15";"Bronze";839
288;"First_288";"Last_288";"customer_288@email.com";"Larissa";"Greece";"2021-03-31";"Gold";784
289;"First_289";"Last_289";"customer_289@email.com";"Athens";"Greece";"2018-07-20";"Silver";376
290;"First_290";"Last_290";"customer_290@email.com";"Athens";"Greece";"2022-01-17";"Bronze";814
291;"First_291";"Last_291";"customer_291@email.com";"Larissa";"Greece";"2019-02-06";"Bronze";848
292;"First_292";"Last_292";"customer_292@email.com";"Patras";"Greece";"2022-01-25";"Gold";391
293;"First_293";"Last_293";"customer_293@email.com";"Heraklion";"Greece";"2018-10-02";"Silver";765
294;"First_294";"Last_294";"customer_294@email.com";"Patras";"Greece";"2018-07-25";"Silver";765
295;"First_295";"Last_295";"customer_295@email.com";"Athens";"Germany";"2020-11-29";"Bronze";339
296;"First_296";"Last_296";"customer_296@email.com";"Athens";"Greece";"2021-07-20";"Bronze";628
297;"First_297";"Last_297";"customer_297@email.com";"Larissa";"Greece";"2022-09-20";"Platinum";584
298;"First_298";"Last_298";"customer_298@email.com";"Volos";"Greece";"2020-05-16";"Silver";365
299;"First_299";"Last_299";"customer_299@email.com";"Patras";"France";"2018-04-03";"Bronze";408
300;"First_300";"Last_300";"customer_300@email.com";"Rhodes";"Greece";"2020-12-01";"Gold";714
301;"First_301";"Last_301";"customer_301@email.com";"Larissa";"France";"2022-01-28";"Silver";391
302;"First_302";"Last_302";"customer_302@email.com";"Chania";"Greece";"2019-01-14";"Bronze";667
303;"First_303";"Last_303";"customer_303@email.com";"Athens";"Germany";"2021-02-04";"Bronze";722
304;"First_304";"Last_304";"customer_304@email.com";"Larissa";"Greece";"2021-09-13";"Bronze";539
305;"First_305";"Last_305";"customer_305@email.com";"Patras";"Greece";"2018-03-06";"Bronze";734
306;"First_306";"Last_306";"customer_306@email.com";"Athens";"Greece";"2018-12-31";"Silver";511
307;"First_307";"Last_307";"customer_307@email.com";"Heraklion";"Greece";"2020-03-31";"Bronze";699
308;"First_308";"Last_308";"customer_308@email.com";"Larissa";"Greece";"2022-02-16";"Gold";825
309;"First_309";"Last_309";"customer_309@email.com";"Ioannina";"Greece";"2022-07-29";"Platinum";767
310;"First_310";"Last_310";"customer_310@email.com";"Athens";"UK";"2020-11-13";"Bronze";469
311;"First_311";"Last_311";"customer_311@email.com";"Patras";"Italy";"2019-06-24";"Bronze";509
312;"First_312";"Last_312";"customer_312@email.com";"Thessaloniki";"Greece";"2020-12-21";"Gold";555
313;"First_313";"Last_313";"customer_313@email.com";"Rhodes";"Greece";"2019-05-06";"Silver";372
314;"First_314";"Last_314";"customer_314@email.com";"Chalkida";"Greece";"2021-07-20";"Silver";446
315;"First_315";"Last_315";"customer_315@email.com";"Volos";"Germany";"2018-08-17";"Bronze";639
316;"First_316";"Last_316";"customer_316@email.com";"Chalkida";"Greece";"2020-11-09";"Bronze";616
317;"First_317";"Last_317";"customer_317@email.com";"Patras";"Italy";"2018-01-03";"Silver";453
318;"First_318";"Last_318";"customer_318@email.com";"Chania";"Greece";"2021-12-15";"Platinum";554
319;"First_319";"Last_319";"customer_319@email.com";"Chania";"Greece";"2022-10-20";"Bronze";650
320;"First_320";"Last_320";"customer_320@email.com";"Thessaloniki";"Germany";"2020-06-29";"Gold";846
321;"First_321";"Last_321";"customer_321@email.com";"Volos";"France";"2018-11-03";"Bronze";611
322;"First_322";"Last_322";"customer_322@email.com";"Ioannina";"Greece";"2019-03-08";"Platinum";433
323;"First_323";"Last_323";"customer_323@email.com";"Thessaloniki";"Greece";"2018-05-16";"Silver";428
324;"First_324";"Last_324";"customer_324@email.com";"Chalkida";"Italy";"2019-05-30";"Bronze";735
325;"First_325";"Last_325";"customer_325@email.com";"Thessaloniki";"Greece";"2018-07-12";"Silver";579
326;"First_326";"Last_326";"customer_326@email.com";"Chalkida";"France";"2022-05-28";"Bronze";657
327;"First_327";"Last_327";"customer_327@email.com";"Athens";"Greece";"2021-12-09";"Bronze";551
328;"First_328";"Last_328";"customer_328@email.com";"Chania";"UK";"2020-05-22";"Bronze";434
329;"First_329";"Last_329";"customer_329@email.com";"Athens";"Germany";"2021-02-15";"Bronze";822
330;"First_330";"Last_330";"customer_330@email.com";"Rhodes";"Greece";"2019-10-28";"Bronze";618
331;"First_331";"Last_331";"customer_331@email.com";"Volos";"France";"2018-07-28";"Silver";379
332;"First_332";"Last_332";"customer_332@email.com";"Ioannina";"Greece";"2020-08-09";"Silver";490
333;"First_333";"Last_333";"customer_333@email.com";"Chalkida";"Greece";"2020-11-23";"Bronze";752
334;"First_334";"Last_334";"customer_334@email.com";"Ioannina";"Greece";"2019-10-11";"Gold";643
335;"First_335";"Last_335";"customer_335@email.com";"Chalkida";"Greece";"2021-09-03";"Silver";329
336;"First_336";"Last_336";"customer_336@email.com";"Patras";"Germany";"2018-04-30";"Platinum";713
337;"First_337";"Last_337";"customer_337@email.com";"Thessaloniki";"Greece";"2019-09-19";"Silver";667
338;"First_338";"Last_338";"customer_338@email.com";"Rhodes";"Greece";"2019-06-09";"Bronze";801
339;"First_339";"Last_339";"customer_339@email.com";"Chania";"Greece";"2022-05-24";"Bronze";320
340;"First_340";"Last_340";"customer_340@email.com";"Chalkida";"Greece";"2020-02-08";"Silver";848
341;"First_341";"Last_341";"customer_341@email.com";"Ioannina";"Greece";"2021-01-17";"Bronze";545
342;"First_342";"Last_342";"customer_342@email.com";"Rhodes";"UK";"2019-05-27";"Bronze";582
343;"First_343";"Last_343";"customer_343@email.com";"Heraklion";"Italy";"2018-02-16";"Bronze";531
344;"First_344";"Last_344";"customer_344@email.com";"Heraklion";"France";"2020-02-11";"Bronze";615
345;"First_345";"Last_345";"customer_345@email.com";"Athens";"Greece";"2020-01-10";"Bronze";635
346;"First_346";"Last_346";"customer_346@email.com";"Chania";"Greece";"2022-09-12";"Bronze";710
347;"First_347";"Last_347";"customer_347@email.com";"Patras";"Greece";"2019-06-06";"Bronze";544
348;"First_348";"Last_348";"customer_348@email.com";"Ioannina";"Greece";"2021-07-31";"Silver";686
349;"First_349";"Last_349";"customer_349@email.com";"Thessaloniki";"Greece";"2021-11-01";"Silver";657
350;"First_350";"Last_350";"customer_350@email.com";"Thessaloniki";"Greece";"2022-07-20";"Bronze";321
351;"First_351";"Last_351";"customer_351@email.com";"Ioannina";"Greece";"2018-05-14";"Bronze";318
352;"First_352";"Last_352";"customer_352@email.com";"Volos";"Italy";"2022-08-18";"Bronze";586
353;"First_353";"Last_353";"customer_353@email.com";"Patras";"Greece";"2018-09-05";"Bronze";575
354;"First_354";"Last_354";"customer_354@email.com";"Rhodes";"Greece";"2022-08-03";"Bronze";371
355;"First_355";"Last_355";"customer_355@email.com";"Chalkida";"Greece";"2021-09-03";"Bronze";664
356;"First_356";"Last_356";"customer_356@email.com";"Volos";"Greece";"2019-03-12";"Silver";634
357;"First_357";"Last_357";"customer_357@email.com";"Chalkida";"France";"2021-04-14";"Silver";498
358;"First_358";"Last_358";"customer_358@email.com";"Chalkida";"Greece";"2019-11-17";"Bronze";316
359;"First_359";"Last_359";"customer_359@email.com";"Volos";"Greece";"2019-08-09";"Bronze";517
360;"First_360";"Last_360";"customer_360@email.com";"Athens";"Greece";"2018-12-17";"Silver";446
361;"First_361";"Last_361";"customer_361@email.com";"Heraklion";"Greece";"2018-05-23";"Gold";509
362;"First_362";"Last_362";"customer_362@email.com";"Chalkida";"Greece";"2020-08-24";"Silver";713
363;"First_363";"Last_363";"customer_363@email.com";"Volos";"France";"2020-03-14";"Silver";629
364;"First_364";"Last_364";"customer_364@email.com";"Volos";"France";"2021-11-22";"Bronze";651
365;"First_365";"Last_365";"customer_365@email.com";"Larissa";"UK";"2022-07-06";"Bronze";462
366;"First_366";"Last_366";"customer_366@email.com";"Athens";"Greece";"2019-12-19";"Gold";400
367;"First_367";"Last_367";"customer_367@email.com";"Chania";"France";"2019-10-05";"Bronze";626
368;"First_368";"Last_368";"customer_368@email.com";"Larissa";"Greece";"2021-10-24";"Platinum";626
369;"First_369";"Last_369";"customer_369@email.com";"Larissa";"Greece";"2019-05-16";"Silver";454
370;"First_370";"Last_370";"customer_370@email.com";"Ioannina";"Germany";"2022-07-04";"Silver";309
371;"First_371";"Last_371";"customer_371@email.com";"Heraklion";"Greece";"2019-01-05";"Bronze";652
372;"First_372";"Last_372";"customer_372@email.com";"Volos";"Greece";"2022-05-22";"Silver";482
373;"First_373";"Last_373";"customer_373@email.com";"Heraklion";"UK";"2021-11-06";"Bronze";754
374;"First_374";"Last_374";"customer_374@email.com";"Patras";"Greece";"2021-01-14";"Bronze";305
375;"First_375";"Last_375";"customer_375@email.com";"Ioannina";"Greece";"2020-02-26";"Bronze";632
376;"First_376";"Last_376";"customer_376@email.com";"Chania";"Greece";"2020-01-09";"Gold";632
377;"First_377";"Last_377";"customer_377@email.com";"Heraklion";"France";"2022-01-23";"Silver";557
378;"First_378";"Last_378";"customer_378@email.com";"Thessaloniki";"Italy";"2020-08-07";"Bronze";510
379;"First_379";"Last_379";"customer_379@email.com";"Chalkida";"France";"2021-09-10";"Bronze";350
380;"First_380";"Last_380";"customer_380@email.com";"Patras";"Greece";"2019-06-06";"Silver";744
381;"First_381";"Last_381";"customer_381@email.com";"Athens";"Greece";"2019-05-04";"Silver";676
382;"First_382";"Last_382";"customer_382@email.com";"Chania";"Greece";"2019-02-01";"Silver";785
383;"First_383";"Last_383";"customer_383@email.com";"Patras";"Greece";"2020-06-14";"Silver";350
384;"First_384";"Last_384";"customer_384@email.com";"Chalkida";"Greece";"2018-12-21";"Bronze";453
385;"First_385";"Last_385";"customer_385@email.com";"Ioannina";"Greece";"2020-08-04";"Silver";609
386;"First_386";"Last_386";"customer_386@email.com";"Chalkida";"Greece";"2018-10-15";"Bronze";698
387;"First_387";"Last_387";"customer_387@email.com";"Larissa";"Italy";"2022-01-22";"Gold";433
388;"First_388";"Last_388";"customer_388@email.com";"Chalkida";"Greece";"2022-07-06";"Silver";519
389;"First_389";"Last_389";"customer_389@email.com";"Larissa";"Greece";"2020-09-24";"Bronze";462
390;"First_390";"Last_390";"customer_390@email.com";"Ioannina";"Greece";"2019-06-20";"Bronze";801
391;"First_391";"Last_391";"customer_391@email.com";"Rhodes";"Italy";"2021-08-07";"Gold";414
392;"First_392";"Last_392";"customer_392@email.com";"Larissa";"UK";"2020-04-30";"Bronze";798
393;"First_393";"Last_393";"customer_393@email.com";"Athens";"France";"2020-04-17";"Bronze";771
394;"First_394";"Last_394";"customer_394@email.com";"Chalkida";"Italy";"2018-06-17";"Silver";448
395;"First_395";"Last_395";"customer_395@email.com";"Chalkida";"Greece";"2020-08-07";"Bronze";540
396;"First_396";"Last_396";"customer_396@email.com";"Athens";"Greece";"2019-09-13";"Silver";422
397;"First_397";"Last_397";"customer_397@email.com";"Thessaloniki";"Greece";"2019-03-04";"Bronze";368
398;"First_398";"Last_398";"customer_398@email.com";"Volos";"Greece";"2022-09-22";"Silver";362
399;"First_399";"Last_399";"customer_399@email.com";"Rhodes";"Greece";"2019-05-05";"Bronze";315
400;"First_400";"Last_400";"customer_400@email.com";"Chania";"Greece";"2018-12-21";"Bronze";689
401;"First_401";"Last_401";"customer_401@email.com";"Larissa";"Italy";"2018-07-15";"Gold";557
402;"First_402";"Last_402";"customer_402@email.com";"Athens";"Italy";"2019-06-29";"Silver";516
403;"First_403";"Last_403";"customer_403@email.com";"Ioannina";"UK";"2019-12-18";"Bronze";778
404;"First_404";"Last_404";"customer_404@email.com";"Larissa";"UK";"2020-04-03";"Bronze";413
405;"First_405";"Last_405";"customer_405@email.com";"Volos";"Germany";"2020-07-20";"Silver";679
406;"First_406";"Last_406";"customer_406@email.com";"Ioannina";"Greece";"2022-09-14";"Silver";536
407;"First_407";"Last_407";"customer_407@email.com";"Patras";"Greece";"2020-09-29";"Platinum";775
408;"First_408";"Last_408";"customer_408@email.com";"Chalkida";"Germany";"2019-10-21";"Platinum";428
409;"First_409";"Last_409";"customer_409@email.com";"Patras";"UK";"2020-07-27";"Silver";809
410;"First_410";"Last_410";"customer_410@email.com";"Larissa";"Greece";"2020-02-19";"Bronze";464
411;"First_411";"Last_411";"customer_411@email.com";"Volos";"Italy";"2018-01-11";"Bronze";576
412;"First_412";"Last_412";"customer_412@email.com";"Rhodes";"Greece";"2022-05-25";"Silver";556
413;"First_413";"Last_413";"customer_413@email.com";"Larissa";"Greece";"2021-07-03";"Bronze";431
414;"First_414";"Last_414";"customer_414@email.com";"Athens";"Germany";"2019-01-31";"Bronze";556
415;"First_415";"Last_415";"customer_415@email.com";"Heraklion";"Greece";"2020-01-01";"Bronze";440
416;"First_416";"Last_416";"customer_416@email.com";"Larissa";"Greece";"2019-02-13";"Bronze";508
417;"First_417";"Last_417";"customer_417@email.com";"Chalkida";"Greece";"2018-12-28";"Bronze";818
418;"First_418";"Last_418";"customer_418@email.com";"Chalkida";"UK";"2021-07-06";"Bronze";350
419;"First_419";"Last_419";"customer_419@email.com";"Larissa";"Greece";"2020-10-23";"Silver";802
420;"First_420";"Last_420";"customer_420@email.com";"Ioannina";"Germany";"2018-03-25";"Bronze";558
421;"First_421";"Last_421";"customer_421@email.com";"Heraklion";"Greece";"2018-06-05";"Bronze";477
422;"First_422";"Last_422";"customer_422@email.com";"Athens";"Greece";"2022-08-14";"Bronze";842
423;"First_423";"Last_423";"customer_423@email.com";"Larissa";"Italy";"2021-04-14";"Silver";655
424;"First_424";"Last_424";"customer_424@email.com";"Ioannina";"Greece";"2019-12-08";"Bronze";617
425;"First_425";"Last_425";"customer_425@email.com";"Chalkida";"Italy";"2019-04-17";"Silver";663
426;"First_426";"Last_426";"customer_426@email.com";"Chalkida";"Greece";"2019-09-11";"Platinum";354
427;"First_427";"Last_427";"customer_427@email.com";"Volos";"Italy";"2021-12-18";"Bronze";455
428;"First_428";"Last_428";"customer_428@email.com";"Larissa";"Greece";"2018-05-14";"Bronze";343
429;"First_429";"Last_429";"customer_429@email.com";"Heraklion";"Greece";"2020-02-27";"Bronze";841
430;"First_430";"Last_430";"customer_430@email.com";"Thessaloniki";"Greece";"2020-06-25";"Platinum";621
431;"First_431";"Last_431";"customer_431@email.com";"Heraklion";"Greece";"2020-05-13";"Silver";313
432;"First_432";"Last_432";"customer_432@email.com";"Chalkida";"Germany";"2021-11-04";"Gold";656
433;"First_433";"Last_433";"customer_433@email.com";"Chalkida";"Greece";"2019-10-29";"Bronze";782
434;"First_434";"Last_434";"customer_434@email.com";"Patras";"Greece";"2018-10-04";"Platinum";658
435;"First_435";"Last_435";"customer_435@email.com";"Chalkida";"Greece";"2021-06-13";"Bronze";617
436;"First_436";"Last_436";"customer_436@email.com";"Athens";"Greece";"2022-11-11";"Bronze";374
437;"First_437";"Last_437";"customer_437@email.com";"Chania";"UK";"2020-05-31";"Gold";493
438;"First_438";"Last_438";"customer_438@email.com";"Larissa";"Greece";"2018-01-13";"Gold";662
439;"First_439";"Last_439";"customer_439@email.com";"Heraklion";"Germany";"2018-12-08";"Bronze";395
440;"First_440";"Last_440";"customer_440@email.com";"Chania";"Germany";"2018-02-04";"Bronze";339
441;"First_441";"Last_441";"customer_441@email.com";"Ioannina";"France";"2019-07-13";"Bronze";696
442;"First_442";"Last_442";"customer_442@email.com";"Thessaloniki";"Greece";"2021-05-22";"Bronze";406
443;"First_443";"Last_443";"customer_443@email.com";"Athens";"Germany";"2021-12-06";"Bronze";316
444;"First_444";"Last_444";"customer_444@email.com";"Heraklion";"Italy";"2019-02-09";"Platinum";826
445;"First_445";"Last_445";"customer_445@email.com";"Chania";"UK";"2022-02-26";"Silver";798
446;"First_446";"Last_446";"customer_446@email.com";"Thessaloniki";"Greece";"2019-10-20";"Silver";824
447;"First_447";"Last_447";"customer_447@email.com";"Patras";"Germany";"2018-06-08";"Silver";342
448;"First_448";"Last_448";"customer_448@email.com";"Athens";"UK";"2020-08-13";"Silver";649
449;"First_449";"Last_449";"customer_449@email.com";"Athens";"Germany";"2022-07-19";"Silver";329
450;"First_450";"Last_450";"customer_450@email.com";"Patras";"Greece";"2021-02-07";"Silver";740
451;"First_451";"Last_451";"customer_451@email.com";"Larissa";"Greece";"2019-07-03";"Bronze";841
452;"First_452";"Last_452";"customer_452@email.com";"Patras";"France";"2022-12-18";"Silver";754
453;"First_453";"Last_453";"customer_453@email.com";"Athens";"Greece";"2022-03-30";"Silver";393
454;"First_454";"Last_454";"customer_454@email.com";"Athens";"UK";"2020-09-11";"Gold";594
455;"First_455";"Last_455";"customer_455@email.com";"Chania";"Greece";"2021-10-02";"Platinum";848
456;"First_456";"Last_456";"customer_456@email.com";"Chalkida";"Greece";"2022-11-03";"Bronze";388
457;"First_457";"Last_457";"customer_457@email.com";"Thessaloniki";"Greece";"2022-07-18";"Silver";802
458;"First_458";"Last_458";"customer_458@email.com";"Patras";"Greece";"2018-10-06";"Bronze";513
459;"First_459";"Last_459";"customer_459@email.com";"Thessaloniki";"Italy";"2019-04-24";"Silver";721
460;"First_460";"Last_460";"customer_460@email.com";"Patras";"France";"2018-04-21";"Bronze";825
461;"First_461";"Last_461";"customer_461@email.com";"Ioannina";"Germany";"2022-07-18";"Bronze";491
462;"First_462";"Last_462";"customer_462@email.com";"Athens";"Greece";"2019-03-07";"Bronze";523
463;"First_463";"Last_463";"customer_463@email.com";"Chalkida";"Germany";"2019-06-26";"Silver";686
464;"First_464";"Last_464";"customer_464@email.com";"Chania";"Germany";"2021-02-12";"Bronze";773
465;"First_465";"Last_465";"customer_465@email.com";"Chalkida";"Greece";"2021-01-18";"Gold";502
466;"First_466";"Last_466";"customer_466@email.com";"Chalkida";"Greece";"2021-05-20";"Bronze";746
467;"First_467";"Last_467";"customer_467@email.com";"Chalkida";"Germany";"2022-04-23";"Gold";367
468;"First_468";"Last_468";"customer_468@email.com";"Thessaloniki";"UK";"2022-06-07";"Silver";391
469;"First_469";"Last_469";"customer_469@email.com";"Patras";"Italy";"2022-04-12";"Bronze";477
470;"First_470";"Last_470";"customer_470@email.com";"Rhodes";"Greece";"2022-10-19";"Bronze";302
471;"First_471";"Last_471";"customer_471@email.com";"Ioannina";"UK";"2018-12-26";"Silver";402
472;"First_472";"Last_472";"customer_472@email.com";"Heraklion";"Greece";"2022-02-18";"Silver";572
473;"First_473";"Last_473";"customer_473@email.com";"Chalkida";"Greece";"2019-01-07";"Silver";833
474;"First_474";"Last_474";"customer_474@email.com";"Larissa";"Greece";"2021-05-23";"Bronze";415
475;"First_475";"Last_475";"customer_475@email.com";"Thessaloniki";"Greece";"2022-10-23";"Bronze";763
476;"First_476";"Last_476";"customer_476@email.com";"Chania";"Greece";"2020-11-04";"Platinum";403
477;"First_477";"Last_477";"customer_477@email.com";"Heraklion";"Greece";"2020-08-12";"Bronze";558
478;"First_478";"Last_478";"customer_478@email.com";"Rhodes";"UK";"2018-09-16";"Bronze";607
479;"First_479";"Last_479";"customer_479@email.com";"Larissa";"UK";"2020-02-17";"Bronze";666
480;"First_480";"Last_480";"customer_480@email.com";"Rhodes";"Greece";"2022-01-26";"Silver";601
481;"First_481";"Last_481";"customer_481@email.com";"Heraklion";"Italy";"2018-04-30";"Silver";326
482;"First_482";"Last_482";"customer_482@email.com";"Chalkida";"Greece";"2020-09-02";"Bronze";807
483;"First_483";"Last_483";"customer_483@email.com";"Larissa";"Greece";"2020-07-01";"Bronze";826
484;"First_484";"Last_484";"customer_484@email.com";"Rhodes";"Germany";"2021-02-25";"Bronze";664
485;"First_485";"Last_485";"customer_485@email.com";"Chania";"Greece";"2019-12-24";"Bronze";597
486;"First_486";"Last_486";"customer_486@email.com";"Patras";"Greece";"2019-06-07";"Bronze";660
487;"First_487";"Last_487";"customer_487@email.com";"Athens";"Greece";"2022-09-08";"Platinum";803
488;"First_488";"Last_488";"customer_488@email.com";"Patras";"Greece";"2022-07-27";"Bronze";329
489;"First_489";"Last_489";"customer_489@email.com";"Heraklion";"France";"2018-11-21";"Bronze";738
490;"First_490";"Last_490";"customer_490@email.com";"Thessaloniki";"Greece";"2021-09-05";"Gold";639
491;"First_491";"Last_491";"customer_491@email.com";"Athens";"Greece";"2022-03-10";"Bronze";425
492;"First_492";"Last_492";"customer_492@email.com";"Ioannina";"Greece";"2022-03-30";"Silver";665
493;"First_493";"Last_493";"customer_493@email.com";"Chania";"Germany";"2020-12-09";"Bronze";742
494;"First_494";"Last_494";"customer_494@email.com";"Ioannina";"Greece";"2022-05-27";"Bronze";562
495;"First_495";"Last_495";"customer_495@email.com";"Larissa";"UK";"2018-03-10";"Gold";521
496;"First_496";"Last_496";"customer_496@email.com";"Athens";"Greece";"2019-01-26";"Silver";301
497;"First_497";"Last_497";"customer_497@email.com";"Ioannina";"Greece";"2019-01-18";"Bronze";693
498;"First_498";"Last_498";"customer_498@email.com";"Ioannina";"Greece";"2018-01-16";"Silver";605
499;"First_499";"Last_499";"customer_499@email.com";"Rhodes";"Greece";"2022-01-02";"Gold";445
500;"First_500";"Last_500";"customer_500@email.com";"Patras";"Greece";"2020-04-25";"Bronze";829
501;"First_501";"Last_501";"customer_501@email.com";"Rhodes";"Greece";"2020-05-18";"Silver";827
502;"First_502";"Last_502";"customer_502@email.com";"Athens";"Italy";"2019-07-22";"Platinum";607
503;"First_503";"Last_503";"customer_503@email.com";"Athens";"Greece";"2022-06-29";"Bronze";639
504;"First_504";"Last_504";"customer_504@email.com";"Heraklion";"Germany";"2018-05-12";"Silver";651
505;"First_505";"Last_505";"customer_505@email.com";"Rhodes";"Greece";"2022-05-03";"Silver";508
506;"First_506";"Last_506";"customer_506@email.com";"Volos";"Greece";"2021-06-25";"Silver";504
507;"First_507";"Last_507";"customer_507@email.com";"Patras";"Greece";"2018-09-30";"Bronze";314
508;"First_508";"Last_508";"customer_508@email.com";"Athens";"Italy";"2022-07-05";"Bronze";727
509;"First_509";"Last_509";"customer_509@email.com";"Heraklion";"Greece";"2021-10-04";"Silver";775
510;"First_510";"Last_510";"customer_510@email.com";"Rhodes";"Greece";"2019-04-29";"Bronze";597
511;"First_511";"Last_511";"customer_511@email.com";"Patras";"Greece";"2019-07-04";"Bronze";393
512;"First_512";"Last_512";"customer_512@email.com";"Rhodes";"Greece";"2018-12-23";"Bronze";406
513;"First_513";"Last_513";"customer_513@email.com";"Ioannina";"Greece";"2022-11-11";"Bronze";718
514;"First_514";"Last_514";"customer_514@email.com";"Heraklion";"Greece";"2021-09-03";"Platinum";577
515;"First_515";"Last_515";"customer_515@email.com";"Patras";"Greece";"2022-07-15";"Bronze";427
516;"First_516";"Last_516";"customer_516@email.com";"Chalkida";"Greece";"2020-12-07";"Platinum";758
517;"First_517";"Last_517";"customer_517@email.com";"Larissa";"UK";"2020-10-30";"Bronze";337
518;"First_518";"Last_518";"customer_518@email.com";"Larissa";"Greece";"2018-08-21";"Silver";497
519;"First_519";"Last_519";"customer_519@email.com";"Patras";"Greece";"2018-02-05";"Bronze";656
520;"First_520";"Last_520";"customer_520@email.com";"Rhodes";"Greece";"2019-02-17";"Silver";306
521;"First_521";"Last_521";"customer_521@email.com";"Heraklion";"Germany";"2022-01-25";"Silver";631
522;"First_522";"Last_522";"customer_522@email.com";"Larissa";"Greece";"2020-10-24";"Bronze";818
523;"First_523";"Last_523";"customer_523@email.com";"Heraklion";"Greece";"2018-02-13";"Gold";493
524;"First_524";"Last_524";"customer_524@email.com";"Larissa";"Greece";"2019-07-22";"Bronze";615
525;"First_525";"Last_525";"customer_525@email.com";"Ioannina";"Greece";"2022-04-27";"Silver";300
526;"First_526";"Last_526";"customer_526@email.com";"Rhodes";"Greece";"2021-07-02";"Platinum";361
527;"First_527";"Last_527";"customer_527@email.com";"Ioannina";"Germany";"2020-01-10";"Gold";642
528;"First_528";"Last_528";"customer_528@email.com";"Larissa";"France";"2018-04-24";"Platinum";317
529;"First_529";"Last_529";"customer_529@email.com";"Chalkida";"Germany";"2022-11-08";"Bronze";670
530;"First_530";"Last_530";"customer_530@email.com";"Chalkida";"Greece";"2019-02-01";"Bronze";534
531;"First_531";"Last_531";"customer_531@email.com";"Ioannina";"Greece";"2021-04-12";"Bronze";368
532;"First_532";"Last_532";"customer_532@email.com";"Chalkida";"Greece";"2021-07-02";"Silver";746
533;"First_533";"Last_533";"customer_533@email.com";"Larissa";"Greece";"2019-04-11";"Silver";307
534;"First_534";"Last_534";"customer_534@email.com";"Patras";"Greece";"2021-07-24";"Bronze";761
535;"First_535";"Last_535";"customer_535@email.com";"Ioannina";"UK";"2022-01-27";"Silver";610
536;"First_536";"Last_536";"customer_536@email.com";"Thessaloniki";"Greece";"2020-04-26";"Bronze";433
537;"First_537";"Last_537";"customer_537@email.com";"Rhodes";"Greece";"2019-05-17";"Bronze";684
538;"First_538";"Last_538";"customer_538@email.com";"Chalkida";"Greece";"2019-03-17";"Silver";355
539;"First_539";"Last_539";"customer_539@email.com";"Chalkida";"Greece";"2018-03-10";"Bronze";659
540;"First_540";"Last_540";"customer_540@email.com";"Athens";"Greece";"2022-03-13";"Gold";413
541;"First_541";"Last_541";"customer_541@email.com";"Volos";"France";"2018-11-22";"Bronze";387
542;"First_542";"Last_542";"customer_542@email.com";"Ioannina";"Greece";"2022-11-01";"Silver";437
543;"First_543";"Last_543";"customer_543@email.com";"Chania";"UK";"2018-03-08";"Bronze";407
544;"First_544";"Last_544";"customer_544@email.com";"Chalkida";"UK";"2018-10-31";"Bronze";799
545;"First_545";"Last_545";"customer_545@email.com";"Rhodes";"UK";"2020-08-29";"Silver";834
546;"First_546";"Last_546";"customer_546@email.com";"Thessaloniki";"Greece";"2019-04-29";"Gold";443
547;"First_547";"Last_547";"customer_547@email.com";"Chalkida";"Greece";"2020-07-17";"Bronze";355
548;"First_548";"Last_548";"customer_548@email.com";"Thessaloniki";"Greece";"2022-04-21";"Bronze";305
549;"First_549";"Last_549";"customer_549@email.com";"Larissa";"Germany";"2021-12-11";"Silver";841
550;"First_550";"Last_550";"customer_550@email.com";"Larissa";"Greece";"2021-03-28";"Bronze";746
551;"First_551";"Last_551";"customer_551@email.com";"Volos";"France";"2018-05-29";"Gold";684
552;"First_552";"Last_552";"customer_552@email.com";"Patras";"Greece";"2020-11-16";"Silver";606
553;"First_553";"Last_553";"customer_553@email.com";"Chania";"Greece";"2020-09-13";"Bronze";601
554;"First_554";"Last_554";"customer_554@email.com";"Athens";"Greece";"2019-08-07";"Bronze";704
555;"First_555";"Last_555";"customer_555@email.com";"Volos";"Greece";"2018-09-05";"Silver";809
556;"First_556";"Last_556";"customer_556@email.com";"Heraklion";"Greece";"2021-01-29";"Bronze";372
557;"First_557";"Last_557";"customer_557@email.com";"Athens";"UK";"2019-12-03";"Silver";564
558;"First_558";"Last_558";"customer_558@email.com";"Ioannina";"Germany";"2018-04-06";"Bronze";526
559;"First_559";"Last_559";"customer_559@email.com";"Rhodes";"France";"2021-11-08";"Silver";492
560;"First_560";"Last_560";"customer_560@email.com";"Heraklion";"France";"2018-10-09";"Bronze";673
561;"First_561";"Last_561";"customer_561@email.com";"Heraklion";"France";"2018-11-18";"Gold";309
562;"First_562";"Last_562";"customer_562@email.com";"Volos";"Greece";"2021-11-20";"Bronze";601
563;"First_563";"Last_563";"customer_563@email.com";"Patras";"UK";"2021-07-25";"Bronze";658
564;"First_564";"Last_564";"customer_564@email.com";"Volos";"Greece";"2019-06-13";"Gold";351
565;"First_565";"Last_565";"customer_565@email.com";"Ioannina";"Greece";"2018-09-20";"Bronze";398
566;"First_566";"Last_566";"customer_566@email.com";"Chalkida";"Germany";"2022-07-01";"Bronze";312
567;"First_567";"Last_567";"customer_567@email.com";"Chalkida";"Greece";"2019-08-03";"Bronze";689
568;"First_568";"Last_568";"customer_568@email.com";"Patras";"Greece";"2022-07-22";"Bronze";656
569;"First_569";"Last_569";"customer_569@email.com";"Ioannina";"Greece";"2021-08-09";"Gold";310
570;"First_570";"Last_570";"customer_570@email.com";"Patras";"Greece";"2018-10-21";"Silver";380
571;"First_571";"Last_571";"customer_571@email.com";"Thessaloniki";"Italy";"2022-06-20";"Bronze";560
572;"First_572";"Last_572";"customer_572@email.com";"Chalkida";"Greece";"2019-01-30";"Silver";305
573;"First_573";"Last_573";"customer_573@email.com";"Heraklion";"Greece";"2019-05-28";"Silver";757
574;"First_574";"Last_574";"customer_574@email.com";"Chania";"Greece";"2020-07-09";"Gold";672
575;"First_575";"Last_575";"customer_575@email.com";"Rhodes";"Greece";"2020-03-20";"Bronze";780
576;"First_576";"Last_576";"customer_576@email.com";"Ioannina";"Italy";"2021-04-18";"Silver";521
577;"First_577";"Last_577";"customer_577@email.com";"Athens";"Greece";"2020-07-08";"Silver";380
578;"First_578";"Last_578";"customer_578@email.com";"Patras";"Greece";"2019-11-24";"Bronze";814
579;"First_579";"Last_579";"customer_579@email.com";"Rhodes";"Germany";"2018-08-23";"Bronze";359
580;"First_580";"Last_580";"customer_580@email.com";"Athens";"Italy";"2020-08-09";"Bronze";520
581;"First_581";"Last_581";"customer_581@email.com";"Rhodes";"Germany";"2021-09-22";"Silver";648
582;"First_582";"Last_582";"customer_582@email.com";"Chania";"France";"2020-10-28";"Bronze";527
583;"First_583";"Last_583";"customer_583@email.com";"Athens";"Greece";"2022-01-06";"Platinum";589
584;"First_584";"Last_584";"customer_584@email.com";"Volos";"Greece";"2019-06-23";"Bronze";592
585;"First_585";"Last_585";"customer_585@email.com";"Larissa";"Greece";"2020-03-30";"Silver";492
586;"First_586";"Last_586";"customer_586@email.com";"Volos";"France";"2022-08-09";"Gold";773
587;"First_587";"Last_587";"customer_587@email.com";"Chalkida";"Greece";"2021-01-19";"Silver";556
588;"First_588";"Last_588";"customer_588@email.com";"Larissa";"Greece";"2018-09-29";"Gold";805
589;"First_589";"Last_589";"customer_589@email.com";"Volos";"Greece";"2020-10-25";"Gold";687
590;"First_590";"Last_590";"customer_590@email.com";"Larissa";"Greece";"2022-06-06";"Bronze";697
591;"First_591";"Last_591";"customer_591@email.com";"Larissa";"Greece";"2021-05-27";"Silver";665
592;"First_592";"Last_592";"customer_592@email.com";"Heraklion";"Italy";"2021-02-15";"Bronze";589
593;"First_593";"Last_593";"customer_593@email.com";"Patras";"Greece";"2019-08-16";"Silver";608
594;"First_594";"Last_594";"customer_594@email.com";"Patras";"Germany";"2020-09-02";"Bronze";577
595;"First_595";"Last_595";"customer_595@email.com";"Heraklion";"UK";"2022-05-25";"Silver";763
596;"First_596";"Last_596";"customer_596@email.com";"Rhodes";"Greece";"2018-04-25";"Silver";488
597;"First_597";"Last_597";"customer_597@email.com";"Thessaloniki";"Greece";"2018-09-20";"Bronze";477
598;"First_598";"Last_598";"customer_598@email.com";"Rhodes";"Greece";"2021-08-22";"Bronze";827
599;"First_599";"Last_599";"customer_599@email.com";"Athens";"Greece";"2022-08-05";"Platinum";674
600;"First_600";"Last_600";"customer_600@email.com";"Athens";"Germany";"2021-12-16";"Bronze";753
601;"First_601";"Last_601";"customer_601@email.com";"Larissa";"Greece";"2018-07-26";"Bronze";516
602;"First_602";"Last_602";"customer_602@email.com";"Volos";"Greece";"2022-07-05";"Bronze";341
603;"First_603";"Last_603";"customer_603@email.com";"Volos";"Greece";"2018-10-30";"Platinum";493
604;"First_604";"Last_604";"customer_604@email.com";"Patras";"Italy";"2018-04-22";"Platinum";626
605;"First_605";"Last_605";"customer_605@email.com";"Ioannina";"France";"2021-12-11";"Silver";672
606;"First_606";"Last_606";"customer_606@email.com";"Rhodes";"France";"2022-04-28";"Gold";764
607;"First_607";"Last_607";"customer_607@email.com";"Chalkida";"UK";"2021-08-01";"Bronze";462
608;"First_608";"Last_608";"customer_608@email.com";"Chania";"Greece";"2022-07-22";"Platinum";575
609;"First_609";"Last_609";"customer_609@email.com";"Volos";"UK";"2018-07-04";"Bronze";663
610;"First_610";"Last_610";"customer_610@email.com";"Chania";"Greece";"2022-10-31";"Bronze";779
611;"First_611";"Last_611";"customer_611@email.com";"Larissa";"Germany";"2020-06-19";"Bronze";759
612;"First_612";"Last_612";"customer_612@email.com";"Chania";"Germany";"2018-08-09";"Silver";564
613;"First_613";"Last_613";"customer_613@email.com";"Chalkida";"Greece";"2022-01-07";"Silver";838
614;"First_614";"Last_614";"customer_614@email.com";"Heraklion";"UK";"2021-02-14";"Bronze";685
615;"First_615";"Last_615";"customer_615@email.com";"Chalkida";"Italy";"2020-12-29";"Platinum";384
616;"First_616";"Last_616";"customer_616@email.com";"Chania";"Greece";"2020-06-16";"Bronze";615
617;"First_617";"Last_617";"customer_617@email.com";"Chalkida";"France";"2020-12-29";"Bronze";542
618;"First_618";"Last_618";"customer_618@email.com";"Thessaloniki";"Greece";"2019-09-14";"Bronze";768
619;"First_619";"Last_619";"customer_619@email.com";"Larissa";"Greece";"2019-03-03";"Silver";641
620;"First_620";"Last_620";"customer_620@email.com";"Rhodes";"Greece";"2019-10-06";"Gold";476
621;"First_621";"Last_621";"customer_621@email.com";"Heraklion";"Greece";"2019-07-22";"Bronze";429
622;"First_622";"Last_622";"customer_622@email.com";"Volos";"Italy";"2019-03-19";"Silver";382
623;"First_623";"Last_623";"customer_623@email.com";"Athens";"France";"2019-08-24";"Bronze";659
624;"First_624";"Last_624";"customer_624@email.com";"Rhodes";"UK";"2021-03-06";"Silver";387
625;"First_625";"Last_625";"customer_625@email.com";"Athens";"Greece";"2019-05-19";"Platinum";831
626;"First_626";"Last_626";"customer_626@email.com";"Larissa";"Italy";"2018-05-11";"Bronze";770
627;"First_627";"Last_627";"customer_627@email.com";"Heraklion";"Greece";"2018-08-06";"Gold";797
628;"First_628";"Last_628";"customer_628@email.com";"Patras";"France";"2019-11-19";"Silver";806
629;"First_629";"Last_629";"customer_629@email.com";"Volos";"Greece";"2018-06-20";"Bronze";653
630;"First_630";"Last_630";"customer_630@email.com";"Thessaloniki";"Greece";"2022-02-07";"Platinum";715
631;"First_631";"Last_631";"customer_631@email.com";"Patras";"Germany";"2019-09-04";"Bronze";350
632;"First_632";"Last_632";"customer_632@email.com";"Larissa";"Greece";"2020-09-18";"Bronze";362
633;"First_633";"Last_633";"customer_633@email.com";"Rhodes";"Greece";"2021-02-26";"Bronze";388
634;"First_634";"Last_634";"customer_634@email.com";"Thessaloniki";"Greece";"2018-02-26";"Bronze";489
635;"First_635";"Last_635";"customer_635@email.com";"Chalkida";"Greece";"2021-04-19";"Gold";647
636;"First_636";"Last_636";"customer_636@email.com";"Chania";"Greece";"2018-09-03";"Silver";837
637;"First_637";"Last_637";"customer_637@email.com";"Thessaloniki";"Greece";"2018-05-24";"Gold";475
638;"First_638";"Last_638";"customer_638@email.com";"Larissa";"Greece";"2020-12-10";"Bronze";663
639;"First_639";"Last_639";"customer_639@email.com";"Ioannina";"Greece";"2019-01-03";"Bronze";782
640;"First_640";"Last_640";"customer_640@email.com";"Chania";"Germany";"2022-01-22";"Bronze";418
641;"First_641";"Last_641";"customer_641@email.com";"Athens";"Greece";"2018-08-06";"Silver";468
642;"First_642";"Last_642";"customer_642@email.com";"Volos";"Italy";"2019-09-08";"Platinum";446
643;"First_643";"Last_643";"customer_643@email.com";"Athens";"France";"2022-05-10";"Silver";736
644;"First_644";"Last_644";"customer_644@email.com";"Thessaloniki";"Greece";"2021-07-04";"Bronze";738
645;"First_645";"Last_645";"customer_645@email.com";"Athens";"UK";"2021-03-25";"Gold";488
646;"First_646";"Last_646";"customer_646@email.com";"Larissa";"France";"2022-05-08";"Silver";459
647;"First_647";"Last_647";"customer_647@email.com";"Chalkida";"Italy";"2019-03-18";"Bronze";701
648;"First_648";"Last_648";"customer_648@email.com";"Rhodes";"Greece";"2020-04-20";"Gold";317
649;"First_649";"Last_649";"customer_649@email.com";"Volos";"Greece";"2020-08-13";"Bronze";439
650;"First_650";"Last_650";"customer_650@email.com";"Athens";"Germany";"2019-11-30";"Bronze";414
651;"First_651";"Last_651";"customer_651@email.com";"Athens";"Germany";"2020-05-25";"Bronze";627
652;"First_652";"Last_652";"customer_652@email.com";"Thessaloniki";"Germany";"2022-08-13";"Bronze";524
653;"First_653";"Last_653";"customer_653@email.com";"Rhodes";"Greece";"2020-02-15";"Bronze";738
654;"First_654";"Last_654";"customer_654@email.com";"Patras";"France";"2020-02-01";"Bronze";849
655;"First_655";"Last_655";"customer_655@email.com";"Athens";"Italy";"2020-08-02";"Bronze";685
656;"First_656";"Last_656";"customer_656@email.com";"Larissa";"Greece";"2020-07-11";"Silver";820
657;"First_657";"Last_657";"customer_657@email.com";"Ioannina";"Greece";"2020-07-23";"Platinum";552
658;"First_658";"Last_658";"customer_658@email.com";"Volos";"Greece";"2022-10-13";"Silver";397
659;"First_659";"Last_659";"customer_659@email.com";"Athens";"France";"2018-01-25";"Bronze";370
660;"First_660";"Last_660";"customer_660@email.com";"Larissa";"Germany";"2020-03-16";"Bronze";746
661;"First_661";"Last_661";"customer_661@email.com";"Larissa";"Germany";"2022-08-15";"Bronze";389
662;"First_662";"Last_662";"customer_662@email.com";"Volos";"Greece";"2022-04-09";"Bronze";729
663;"First_663";"Last_663";"customer_663@email.com";"Patras";"Greece";"2020-02-03";"Silver";518
664;"First_664";"Last_664";"customer_664@email.com";"Larissa";"Greece";"2020-12-19";"Silver";406
665;"First_665";"Last_665";"customer_665@email.com";"Ioannina";"Greece";"2022-01-30";"Silver";775
666;"First_666";"Last_666";"customer_666@email.com";"Larissa";"UK";"2019-03-10";"Silver";753
667;"First_667";"Last_667";"customer_667@email.com";"Larissa";"Italy";"2020-05-28";"Bronze";843
668;"First_668";"Last_668";"customer_668@email.com";"Larissa";"Italy";"2020-12-25";"Bronze";425
669;"First_669";"Last_669";"customer_669@email.com";"Chalkida";"Italy";"2020-06-28";"Silver";446
670;"First_670";"Last_670";"customer_670@email.com";"Chalkida";"Greece";"2019-07-19";"Bronze";579
671;"First_671";"Last_671";"customer_671@email.com";"Patras";"Greece";"2018-04-16";"Bronze";323
672;"First_672";"Last_672";"customer_672@email.com";"Athens";"UK";"2018-04-06";"Bronze";419
673;"First_673";"Last_673";"customer_673@email.com";"Larissa";"Italy";"2022-09-08";"Bronze";596
674;"First_674";"Last_674";"customer_674@email.com";"Rhodes";"Greece";"2022-04-24";"Bronze";381
675;"First_675";"Last_675";"customer_675@email.com";"Athens";"Greece";"2018-06-17";"Gold";747
676;"First_676";"Last_676";"customer_676@email.com";"Patras";"Greece";"2018-02-11";"Gold";769
677;"First_677";"Last_677";"customer_677@email.com";"Heraklion";"Germany";"2018-04-14";"Bronze";722
678;"First_678";"Last_678";"customer_678@email.com";"Athens";"Greece";"2021-05-12";"Bronze";844
679;"First_679";"Last_679";"customer_679@email.com";"Athens";"Greece";"2019-06-04";"Silver";323
680;"First_680";"Last_680";"customer_680@email.com";"Chania";"Greece";"2018-10-09";"Bronze";360
681;"First_681";"Last_681";"customer_681@email.com";"Thessaloniki";"Greece";"2020-12-02";"Bronze";383
682;"First_682";"Last_682";"customer_682@email.com";"Chania";"France";"2020-08-04";"Bronze";524
683;"First_683";"Last_683";"customer_683@email.com";"Ioannina";"Greece";"2021-02-07";"Bronze";485
684;"First_684";"Last_684";"customer_684@email.com";"Chalkida";"Germany";"2021-05-18";"Silver";674
685;"First_685";"Last_685";"customer_685@email.com";"Chalkida";"Germany";"2020-01-19";"Gold";371
686;"First_686";"Last_686";"customer_686@email.com";"Thessaloniki";"France";"2020-04-10";"Bronze";373
687;"First_687";"Last_687";"customer_687@email.com";"Volos";"Greece";"2018-02-18";"Bronze";640
688;"First_688";"Last_688";"customer_688@email.com";"Volos";"Italy";"2018-04-25";"Bronze";452
689;"First_689";"Last_689";"customer_689@email.com";"Patras";"Greece";"2021-03-24";"Bronze";395
690;"First_690";"Last_690";"customer_690@email.com";"Thessaloniki";"Italy";"2022-07-31";"Platinum";744
691;"First_691";"Last_691";"customer_691@email.com";"Athens";"Italy";"2019-05-18";"Silver";409
692;"First_692";"Last_692";"customer_692@email.com";"Volos";"Greece";"2022-08-30";"Silver";757
693;"First_693";"Last_693";"customer_693@email.com";"Larissa";"Greece";"2022-10-01";"Silver";350
694;"First_694";"Last_694";"customer_694@email.com";"Rhodes";"Greece";"2020-09-12";"Gold";676
695;"First_695";"Last_695";"customer_695@email.com";"Athens";"Greece";"2018-03-12";"Gold";372
696;"First_696";"Last_696";"customer_696@email.com";"Ioannina";"Greece";"2020-10-08";"Bronze";511
697;"First_697";"Last_697";"customer_697@email.com";"Larissa";"Greece";"2022-03-23";"Bronze";731
698;"First_698";"Last_698";"customer_698@email.com";"Larissa";"Greece";"2022-10-02";"Silver";467
699;"First_699";"Last_699";"customer_699@email.com";"Thessaloniki";"Greece";"2021-09-21";"Bronze";630
700;"First_700";"Last_700";"customer_700@email.com";"Patras";"Greece";"2018-03-08";"Platinum";793
701;"First_701";"Last_701";"customer_701@email.com";"Ioannina";"Greece";"2022-02-25";"Silver";442
702;"First_702";"Last_702";"customer_702@email.com";"Volos";"Greece";"2022-08-01";"Platinum";744
703;"First_703";"Last_703";"customer_703@email.com";"Thessaloniki";"Greece";"2022-11-13";"Bronze";693
704;"First_704";"Last_704";"customer_704@email.com";"Volos";"Greece";"2020-08-24";"Gold";811
705;"First_705";"Last_705";"customer_705@email.com";"Thessaloniki";"Greece";"2021-05-21";"Bronze";627
706;"First_706";"Last_706";"customer_706@email.com";"Thessaloniki";"France";"2018-06-30";"Platinum";558
707;"First_707";"Last_707";"customer_707@email.com";"Thessaloniki";"Greece";"2022-11-25";"Bronze";736
708;"First_708";"Last_708";"customer_708@email.com";"Patras";"Greece";"2019-09-05";"Silver";648
709;"First_709";"Last_709";"customer_709@email.com";"Thessaloniki";"Greece";"2022-06-11";"Silver";814
710;"First_710";"Last_710";"customer_710@email.com";"Heraklion";"France";"2019-11-28";"Bronze";748
711;"First_711";"Last_711";"customer_711@email.com";"Rhodes";"France";"2019-08-26";"Bronze";698
712;"First_712";"Last_712";"customer_712@email.com";"Volos";"France";"2018-09-05";"Platinum";513
713;"First_713";"Last_713";"customer_713@email.com";"Athens";"Germany";"2021-05-22";"Bronze";845
714;"First_714";"Last_714";"customer_714@email.com";"Chania";"Greece";"2018-12-25";"Silver";588
715;"First_715";"Last_715";"customer_715@email.com";"Ioannina";"Greece";"2018-09-06";"Bronze";558
716;"First_716";"Last_716";"customer_716@email.com";"Chalkida";"Greece";"2019-09-30";"Gold";557
717;"First_717";"Last_717";"customer_717@email.com";"Patras";"Italy";"2020-08-07";"Silver";687
718;"First_718";"Last_718";"customer_718@email.com";"Athens";"Germany";"2022-03-20";"Bronze";844
719;"First_719";"Last_719";"customer_719@email.com";"Larissa";"UK";"2021-01-16";"Bronze";564
720;"First_720";"Last_720";"customer_720@email.com";"Heraklion";"Greece";"2019-10-25";"Silver";612
721;"First_721";"Last_721";"customer_721@email.com";"Chalkida";"France";"2018-06-25";"Bronze";339
722;"First_722";"Last_722";"customer_722@email.com";"Chania";"Greece";"2019-12-24";"Bronze";509
723;"First_723";"Last_723";"customer_723@email.com";"Athens";"Greece";"2019-03-02";"Silver";571
724;"First_724";"Last_724";"customer_724@email.com";"Chalkida";"Greece";"2022-11-30";"Bronze";435
725;"First_725";"Last_725";"customer_725@email.com";"Athens";"Greece";"2022-06-15";"Bronze";359
726;"First_726";"Last_726";"customer_726@email.com";"Heraklion";"Greece";"2020-02-10";"Silver";809
727;"First_727";"Last_727";"customer_727@email.com";"Chania";"France";"2019-12-04";"Bronze";814
728;"First_728";"Last_728";"customer_728@email.com";"Larissa";"Greece";"2018-03-22";"Bronze";314
729;"First_729";"Last_729";"customer_729@email.com";"Thessaloniki";"Greece";"2020-07-15";"Bronze";554
730;"First_730";"Last_730";"customer_730@email.com";"Volos";"Greece";"2018-05-18";"Silver";834
731;"First_731";"Last_731";"customer_731@email.com";"Larissa";"Greece";"2021-12-27";"Silver";534
732;"First_732";"Last_732";"customer_732@email.com";"Thessaloniki";"France";"2019-04-15";"Silver";430
733;"First_733";"Last_733";"customer_733@email.com";"Patras";"UK";"2018-12-16";"Bronze";316
734;"First_734";"Last_734";"customer_734@email.com";"Rhodes";"UK";"2021-02-23";"Bronze";484
735;"First_735";"Last_735";"customer_735@email.com";"Ioannina";"France";"2021-08-25";"Bronze";690
736;"First_736";"Last_736";"customer_736@email.com";"Ioannina";"UK";"2021-06-07";"Bronze";722
737;"First_737";"Last_737";"customer_737@email.com";"Volos";"Greece";"2022-01-23";"Gold";741
738;"First_738";"Last_738";"customer_738@email.com";"Chania";"UK";"2021-09-30";"Bronze";311
739;"First_739";"Last_739";"customer_739@email.com";"Heraklion";"Greece";"2018-11-06";"Bronze";819
740;"First_740";"Last_740";"customer_740@email.com";"Chania";"Greece";"2020-11-09";"Bronze";379
741;"First_741";"Last_741";"customer_741@email.com";"Heraklion";"Greece";"2022-05-04";"Silver";601
742;"First_742";"Last_742";"customer_742@email.com";"Chania";"UK";"2020-09-28";"Silver";515
743;"First_743";"Last_743";"customer_743@email.com";"Rhodes";"UK";"2022-07-29";"Silver";547
744;"First_744";"Last_744";"customer_744@email.com";"Patras";"Greece";"2022-04-14";"Gold";840
745;"First_745";"Last_745";"customer_745@email.com";"Patras";"UK";"2022-05-03";"Bronze";571
746;"First_746";"Last_746";"customer_746@email.com";"Thessaloniki";"Italy";"2022-02-09";"Bronze";432
747;"First_747";"Last_747";"customer_747@email.com";"Chalkida";"Greece";"2018-09-26";"Bronze";304
748;"First_748";"Last_748";"customer_748@email.com";"Patras";"Greece";"2020-10-23";"Silver";841
749;"First_749";"Last_749";"customer_749@email.com";"Patras";"UK";"2020-02-09";"Silver";440
750;"First_750";"Last_750";"customer_750@email.com";"Larissa";"Greece";"2018-01-16";"Silver";782
751;"First_751";"Last_751";"customer_751@email.com";"Larissa";"Germany";"2019-08-29";"Silver";604
752;"First_752";"Last_752";"customer_752@email.com";"Thessaloniki";"Greece";"2021-10-13";"Silver";644
753;"First_753";"Last_753";"customer_753@email.com";"Chalkida";"Greece";"2022-07-28";"Gold";569
754;"First_754";"Last_754";"customer_754@email.com";"Volos";"UK";"2020-03-23";"Silver";407
755;"First_755";"Last_755";"customer_755@email.com";"Larissa";"Germany";"2021-03-02";"Silver";773
756;"First_756";"Last_756";"customer_756@email.com";"Volos";"France";"2021-08-28";"Bronze";381
757;"First_757";"Last_757";"customer_757@email.com";"Athens";"France";"2019-04-27";"Silver";383
758;"First_758";"Last_758";"customer_758@email.com";"Larissa";"UK";"2020-06-13";"Gold";589
759;"First_759";"Last_759";"customer_759@email.com";"Rhodes";"Germany";"2022-04-17";"Bronze";370
760;"First_760";"Last_760";"customer_760@email.com";"Chalkida";"Greece";"2021-08-21";"Silver";474
761;"First_761";"Last_761";"customer_761@email.com";"Thessaloniki";"Greece";"2018-09-26";"Silver";762
762;"First_762";"Last_762";"customer_762@email.com";"Athens";"Greece";"2019-02-18";"Bronze";694
763;"First_763";"Last_763";"customer_763@email.com";"Chalkida";"France";"2018-01-25";"Silver";390
764;"First_764";"Last_764";"customer_764@email.com";"Rhodes";"Greece";"2018-11-12";"Bronze";768
765;"First_765";"Last_765";"customer_765@email.com";"Chalkida";"Greece";"2019-07-25";"Platinum";733
766;"First_766";"Last_766";"customer_766@email.com";"Rhodes";"Greece";"2019-12-26";"Gold";548
767;"First_767";"Last_767";"customer_767@email.com";"Rhodes";"UK";"2022-08-19";"Bronze";540
768;"First_768";"Last_768";"customer_768@email.com";"Volos";"France";"2020-10-04";"Bronze";795
769;"First_769";"Last_769";"customer_769@email.com";"Chania";"Greece";"2021-07-23";"Silver";639
770;"First_770";"Last_770";"customer_770@email.com";"Athens";"France";"2019-01-24";"Bronze";770
771;"First_771";"Last_771";"customer_771@email.com";"Chalkida";"Greece";"2019-12-23";"Bronze";762
772;"First_772";"Last_772";"customer_772@email.com";"Heraklion";"Greece";"2019-03-20";"Silver";574
773;"First_773";"Last_773";"customer_773@email.com";"Athens";"France";"2020-09-25";"Bronze";314
774;"First_774";"Last_774";"customer_774@email.com";"Chania";"Greece";"2021-12-21";"Bronze";340
775;"First_775";"Last_775";"customer_775@email.com";"Athens";"Italy";"2020-12-16";"Gold";507
776;"First_776";"Last_776";"customer_776@email.com";"Patras";"Greece";"2019-11-28";"Gold";359
777;"First_777";"Last_777";"customer_777@email.com";"Heraklion";"Greece";"2020-08-28";"Silver";664
778;"First_778";"Last_778";"customer_778@email.com";"Chania";"Italy";"2022-05-09";"Gold";539
779;"First_779";"Last_779";"customer_779@email.com";"Volos";"Greece";"2019-12-22";"Bronze";459
780;"First_780";"Last_780";"customer_780@email.com";"Chalkida";"Italy";"2019-01-03";"Bronze";696
781;"First_781";"Last_781";"customer_781@email.com";"Ioannina";"Italy";"2018-12-08";"Bronze";799
782;"First_782";"Last_782";"customer_782@email.com";"Chania";"Greece";"2018-10-31";"Silver";508
783;"First_783";"Last_783";"customer_783@email.com";"Thessaloniki";"Greece";"2020-02-03";"Gold";432
784;"First_784";"Last_784";"customer_784@email.com";"Chalkida";"Greece";"2021-10-29";"Silver";680
785;"First_785";"Last_785";"customer_785@email.com";"Chania";"Greece";"2020-03-26";"Gold";732
786;"First_786";"Last_786";"customer_786@email.com";"Patras";"Greece";"2018-04-22";"Silver";688
787;"First_787";"Last_787";"customer_787@email.com";"Ioannina";"Greece";"2020-05-27";"Bronze";731
788;"First_788";"Last_788";"customer_788@email.com";"Patras";"Greece";"2020-10-26";"Bronze";573
789;"First_789";"Last_789";"customer_789@email.com";"Ioannina";"Greece";"2020-07-18";"Bronze";650
790;"First_790";"Last_790";"customer_790@email.com";"Thessaloniki";"Italy";"2019-12-04";"Bronze";433
791;"First_791";"Last_791";"customer_791@email.com";"Chalkida";"France";"2020-04-25";"Silver";365
792;"First_792";"Last_792";"customer_792@email.com";"Volos";"UK";"2020-08-01";"Bronze";504
793;"First_793";"Last_793";"customer_793@email.com";"Patras";"Greece";"2018-10-06";"Silver";597
794;"First_794";"Last_794";"customer_794@email.com";"Patras";"France";"2019-01-17";"Silver";416
795;"First_795";"Last_795";"customer_795@email.com";"Rhodes";"Greece";"2018-01-13";"Bronze";566
796;"First_796";"Last_796";"customer_796@email.com";"Ioannina";"UK";"2018-10-30";"Bronze";448
797;"First_797";"Last_797";"customer_797@email.com";"Larissa";"Italy";"2022-04-29";"Bronze";493
798;"First_798";"Last_798";"customer_798@email.com";"Chalkida";"Greece";"2022-06-29";"Bronze";478
799;"First_799";"Last_799";"customer_799@email.com";"Ioannina";"Germany";"2018-06-09";"Gold";447
800;"First_800";"Last_800";"customer_800@email.com";"Rhodes";"France";"2018-06-03";"Bronze";764
801;"First_801";"Last_801";"customer_801@email.com";"Athens";"Italy";"2020-01-24";"Silver";304
802;"First_802";"Last_802";"customer_802@email.com";"Ioannina";"UK";"2018-06-30";"Gold";825
803;"First_803";"Last_803";"customer_803@email.com";"Volos";"Greece";"2022-03-30";"Gold";579
804;"First_804";"Last_804";"customer_804@email.com";"Chalkida";"Greece";"2021-04-18";"Gold";798
805;"First_805";"Last_805";"customer_805@email.com";"Rhodes";"Greece";"2019-01-12";"Bronze";735
806;"First_806";"Last_806";"customer_806@email.com";"Athens";"UK";"2020-02-15";"Bronze";515
807;"First_807";"Last_807";"customer_807@email.com";"Heraklion";"Greece";"2021-04-06";"Bronze";814
808;"First_808";"Last_808";"customer_808@email.com";"Rhodes";"France";"2021-05-22";"Bronze";436
809;"First_809";"Last_809";"customer_809@email.com";"Heraklion";"Greece";"2021-03-19";"Gold";579
810;"First_810";"Last_810";"customer_810@email.com";"Chalkida";"Greece";"2018-01-16";"Silver";431
811;"First_811";"Last_811";"customer_811@email.com";"Patras";"Greece";"2021-01-19";"Bronze";692
812;"First_812";"Last_812";"customer_812@email.com";"Rhodes";"UK";"2021-02-17";"Bronze";780
813;"First_813";"Last_813";"customer_813@email.com";"Thessaloniki";"Greece";"2018-09-10";"Bronze";812
814;"First_814";"Last_814";"customer_814@email.com";"Heraklion";"Greece";"2020-12-19";"Silver";718
815;"First_815";"Last_815";"customer_815@email.com";"Volos";"Greece";"2021-07-13";"Silver";501
816;"First_816";"Last_816";"customer_816@email.com";"Thessaloniki";"Greece";"2021-12-03";"Gold";761
817;"First_817";"Last_817";"customer_817@email.com";"Chania";"Greece";"2018-01-31";"Gold";501
818;"First_818";"Last_818";"customer_818@email.com";"Chania";"France";"2020-11-10";"Bronze";451
819;"First_819";"Last_819";"customer_819@email.com";"Athens";"Greece";"2020-01-01";"Bronze";521
820;"First_820";"Last_820";"customer_820@email.com";"Patras";"Greece";"2022-06-05";"Bronze";378
821;"First_821";"Last_821";"customer_821@email.com";"Chalkida";"France";"2018-10-16";"Bronze";499
822;"First_822";"Last_822";"customer_822@email.com";"Rhodes";"Italy";"2022-04-16";"Gold";398
823;"First_823";"Last_823";"customer_823@email.com";"Larissa";"Germany";"2019-05-13";"Silver";512
824;"First_824";"Last_824";"customer_824@email.com";"Volos";"Greece";"2022-11-05";"Silver";442
825;"First_825";"Last_825";"customer_825@email.com";"Heraklion";"France";"2022-02-06";"Bronze";688
826;"First_826";"Last_826";"customer_826@email.com";"Chalkida";"Italy";"2021-11-29";"Bronze";673
827;"First_827";"Last_827";"customer_827@email.com";"Thessaloniki";"UK";"2019-07-02";"Bronze";351
828;"First_828";"Last_828";"customer_828@email.com";"Chania";"Greece";"2020-08-18";"Silver";434
829;"First_829";"Last_829";"customer_829@email.com";"Volos";"Greece";"2018-05-12";"Silver";710
830;"First_830";"Last_830";"customer_830@email.com";"Larissa";"UK";"2021-09-09";"Bronze";769
831;"First_831";"Last_831";"customer_831@email.com";"Rhodes";"Greece";"2020-05-07";"Silver";411
832;"First_832";"Last_832";"customer_832@email.com";"Athens";"Greece";"2021-03-01";"Gold";824
833;"First_833";"Last_833";"customer_833@email.com";"Larissa";"France";"2019-06-05";"Bronze";343
834;"First_834";"Last_834";"customer_834@email.com";"Volos";"Germany";"2018-01-30";"Silver";696
835;"First_835";"Last_835";"customer_835@email.com";"Larissa";"Greece";"2019-09-19";"Bronze";560
836;"First_836";"Last_836";"customer_836@email.com";"Volos";"Germany";"2021-08-17";"Silver";844
837;"First_837";"Last_837";"customer_837@email.com";"Volos";"Greece";"2018-01-04";"Silver";687
838;"First_838";"Last_838";"customer_838@email.com";"Ioannina";"Greece";"2021-09-10";"Platinum";775
839;"First_839";"Last_839";"customer_839@email.com";"Heraklion";"UK";"2019-05-24";"Bronze";709
840;"First_840";"Last_840";"customer_840@email.com";"Chania";"Greece";"2021-06-14";"Bronze";315
841;"First_841";"Last_841";"customer_841@email.com";"Ioannina";"Greece";"2022-04-08";"Bronze";401
842;"First_842";"Last_842";"customer_842@email.com";"Rhodes";"Italy";"2018-01-16";"Bronze";485
843;"First_843";"Last_843";"customer_843@email.com";"Ioannina";"Greece";"2022-04-07";"Silver";324
844;"First_844";"Last_844";"customer_844@email.com";"Patras";"Greece";"2020-09-23";"Gold";371
845;"First_845";"Last_845";"customer_845@email.com";"Patras";"Italy";"2022-05-27";"Bronze";317
846;"First_846";"Last_846";"customer_846@email.com";"Chania";"UK";"2022-01-09";"Bronze";631
847;"First_847";"Last_847";"customer_847@email.com";"Larissa";"Germany";"2022-03-07";"Bronze";396
848;"First_848";"Last_848";"customer_848@email.com";"Heraklion";"France";"2020-08-13";"Bronze";311
849;"First_849";"Last_849";"customer_849@email.com";"Chania";"Greece";"2021-06-07";"Bronze";310
850;"First_850";"Last_850";"customer_850@email.com";"Volos";"UK";"2021-02-04";"Bronze";462
851;"First_851";"Last_851";"customer_851@email.com";"Thessaloniki";"Greece";"2022-10-10";"Silver";582
852;"First_852";"Last_852";"customer_852@email.com";"Heraklion";"France";"2021-11-13";"Bronze";540
853;"First_853";"Last_853";"customer_853@email.com";"Heraklion";"Greece";"2022-10-10";"Silver";344
854;"First_854";"Last_854";"customer_854@email.com";"Volos";"Germany";"2018-09-20";"Silver";554
855;"First_855";"Last_855";"customer_855@email.com";"Volos";"Greece";"2022-05-06";"Bronze";366
856;"First_856";"Last_856";"customer_856@email.com";"Athens";"Greece";"2020-12-24";"Silver";341
857;"First_857";"Last_857";"customer_857@email.com";"Chania";"UK";"2018-09-22";"Silver";683
858;"First_858";"Last_858";"customer_858@email.com";"Volos";"Germany";"2021-09-23";"Silver";533
859;"First_859";"Last_859";"customer_859@email.com";"Patras";"Germany";"2021-08-17";"Bronze";784
860;"First_860";"Last_860";"customer_860@email.com";"Rhodes";"Greece";"2019-01-13";"Bronze";338
861;"First_861";"Last_861";"customer_861@email.com";"Thessaloniki";"Greece";"2021-04-13";"Gold";310
862;"First_862";"Last_862";"customer_862@email.com";"Chania";"UK";"2020-08-20";"Silver";708
863;"First_863";"Last_863";"customer_863@email.com";"Chalkida";"France";"2021-03-21";"Bronze";407
864;"First_864";"Last_864";"customer_864@email.com";"Patras";"Germany";"2019-04-21";"Bronze";393
865;"First_865";"Last_865";"customer_865@email.com";"Larissa";"Italy";"2021-07-13";"Bronze";383
866;"First_866";"Last_866";"customer_866@email.com";"Volos";"France";"2018-11-25";"Bronze";357
867;"First_867";"Last_867";"customer_867@email.com";"Chalkida";"Greece";"2021-04-01";"Silver";592
868;"First_868";"Last_868";"customer_868@email.com";"Volos";"Germany";"2019-03-14";"Bronze";315
869;"First_869";"Last_869";"customer_869@email.com";"Heraklion";"Italy";"2021-09-28";"Bronze";776
870;"First_870";"Last_870";"customer_870@email.com";"Patras";"Germany";"2021-10-22";"Silver";464
871;"First_871";"Last_871";"customer_871@email.com";"Heraklion";"France";"2022-01-28";"Bronze";736
872;"First_872";"Last_872";"customer_872@email.com";"Athens";"Germany";"2022-11-09";"Silver";702
873;"First_873";"Last_873";"customer_873@email.com";"Heraklion";"Greece";"2021-05-07";"Silver";685
874;"First_874";"Last_874";"customer_874@email.com";"Athens";"Greece";"2022-03-04";"Bronze";437
875;"First_875";"Last_875";"customer_875@email.com";"Athens";"Greece";"2018-01-16";"Silver";830
876;"First_876";"Last_876";"customer_876@email.com";"Chalkida";"Italy";"2021-08-12";"Silver";592
877;"First_877";"Last_877";"customer_877@email.com";"Volos";"Germany";"2020-05-17";"Bronze";774
878;"First_878";"Last_878";"customer_878@email.com";"Larissa";"Greece";"2019-05-26";"Bronze";761
879;"First_879";"Last_879";"customer_879@email.com";"Heraklion";"Italy";"2022-12-17";"Silver";672
880;"First_880";"Last_880";"customer_880@email.com";"Patras";"Greece";"2020-09-10";"Gold";461
881;"First_881";"Last_881";"customer_881@email.com";"Athens";"Greece";"2021-06-16";"Silver";343
882;"First_882";"Last_882";"customer_882@email.com";"Volos";"UK";"2019-08-04";"Bronze";382
883;"First_883";"Last_883";"customer_883@email.com";"Thessaloniki";"UK";"2021-08-17";"Silver";838
884;"First_884";"Last_884";"customer_884@email.com";"Chania";"Greece";"2018-01-06";"Bronze";818
885;"First_885";"Last_885";"customer_885@email.com";"Chalkida";"Greece";"2021-05-28";"Silver";710
886;"First_886";"Last_886";"customer_886@email.com";"Larissa";"Greece";"2020-10-15";"Silver";640
887;"First_887";"Last_887";"customer_887@email.com";"Ioannina";"Greece";"2022-11-25";"Silver";388
888;"First_888";"Last_888";"customer_888@email.com";"Chalkida";"Greece";"2022-01-16";"Gold";529
889;"First_889";"Last_889";"customer_889@email.com";"Thessaloniki";"Greece";"2021-12-27";"Silver";317
890;"First_890";"Last_890";"customer_890@email.com";"Chania";"Greece";"2020-03-17";"Silver";580
891;"First_891";"Last_891";"customer_891@email.com";"Thessaloniki";"Greece";"2021-11-10";"Bronze";721
892;"First_892";"Last_892";"customer_892@email.com";"Heraklion";"Greece";"2019-09-11";"Gold";637
893;"First_893";"Last_893";"customer_893@email.com";"Athens";"Greece";"2021-08-11";"Gold";565
894;"First_894";"Last_894";"customer_894@email.com";"Larissa";"France";"2021-02-15";"Bronze";654
895;"First_895";"Last_895";"customer_895@email.com";"Rhodes";"UK";"2019-02-09";"Bronze";659
896;"First_896";"Last_896";"customer_896@email.com";"Athens";"Greece";"2022-08-31";"Bronze";516
897;"First_897";"Last_897";"customer_897@email.com";"Rhodes";"Greece";"2020-09-23";"Silver";620
898;"First_898";"Last_898";"customer_898@email.com";"Chania";"Greece";"2022-11-22";"Silver";511
899;"First_899";"Last_899";"customer_899@email.com";"Volos";"Greece";"2019-08-17";"Bronze";502
900;"First_900";"Last_900";"customer_900@email.com";"Ioannina";"Greece";"2019-07-20";"Gold";452
901;"First_901";"Last_901";"customer_901@email.com";"Patras";"Greece";"2020-01-22";"Bronze";728
902;"First_902";"Last_902";"customer_902@email.com";"Athens";"Greece";"2018-01-12";"Silver";586
903;"First_903";"Last_903";"customer_903@email.com";"Larissa";"France";"2021-05-17";"Bronze";620
904;"First_904";"Last_904";"customer_904@email.com";"Thessaloniki";"Greece";"2018-06-14";"Bronze";735
905;"First_905";"Last_905";"customer_905@email.com";"Larissa";"Greece";"2020-05-27";"Bronze";795
906;"First_906";"Last_906";"customer_906@email.com";"Chania";"France";"2021-08-10";"Bronze";448
907;"First_907";"Last_907";"customer_907@email.com";"Rhodes";"Greece";"2022-03-23";"Silver";841
908;"First_908";"Last_908";"customer_908@email.com";"Thessaloniki";"Greece";"2018-03-19";"Silver";781
909;"First_909";"Last_909";"customer_909@email.com";"Patras";"Greece";"2021-12-28";"Bronze";625
910;"First_910";"Last_910";"customer_910@email.com";"Patras";"Greece";"2022-05-20";"Bronze";328
911;"First_911";"Last_911";"customer_911@email.com";"Athens";"UK";"2019-09-06";"Bronze";558
912;"First_912";"Last_912";"customer_912@email.com";"Chania";"Greece";"2020-05-18";"Silver";374
913;"First_913";"Last_913";"customer_913@email.com";"Volos";"Greece";"2020-03-22";"Silver";797
914;"First_914";"Last_914";"customer_914@email.com";"Chania";"Greece";"2022-12-28";"Bronze";715
915;"First_915";"Last_915";"customer_915@email.com";"Rhodes";"Greece";"2022-09-03";"Silver";639
916;"First_916";"Last_916";"customer_916@email.com";"Larissa";"France";"2021-01-05";"Bronze";607
917;"First_917";"Last_917";"customer_917@email.com";"Patras";"UK";"2020-12-07";"Gold";540
918;"First_918";"Last_918";"customer_918@email.com";"Larissa";"Greece";"2020-02-06";"Gold";552
919;"First_919";"Last_919";"customer_919@email.com";"Larissa";"Greece";"2018-03-23";"Silver";519
920;"First_920";"Last_920";"customer_920@email.com";"Larissa";"Greece";"2022-10-11";"Gold";696
921;"First_921";"Last_921";"customer_921@email.com";"Patras";"France";"2018-07-28";"Gold";635
922;"First_922";"Last_922";"customer_922@email.com";"Chalkida";"Greece";"2022-01-08";"Gold";328
923;"First_923";"Last_923";"customer_923@email.com";"Heraklion";"Greece";"2022-06-08";"Silver";793
924;"First_924";"Last_924";"customer_924@email.com";"Rhodes";"Greece";"2019-06-06";"Bronze";801
925;"First_925";"Last_925";"customer_925@email.com";"Chalkida";"Greece";"2020-11-18";"Bronze";453
926;"First_926";"Last_926";"customer_926@email.com";"Rhodes";"Greece";"2021-08-20";"Bronze";530
927;"First_927";"Last_927";"customer_927@email.com";"Thessaloniki";"Greece";"2020-09-20";"Silver";401
928;"First_928";"Last_928";"customer_928@email.com";"Chania";"Greece";"2019-04-10";"Bronze";476
929;"First_929";"Last_929";"customer_929@email.com";"Chania";"Greece";"2022-03-06";"Bronze";531
930;"First_930";"Last_930";"customer_930@email.com";"Ioannina";"Greece";"2022-01-09";"Bronze";311
931;"First_931";"Last_931";"customer_931@email.com";"Chania";"France";"2019-09-20";"Bronze";485
932;"First_932";"Last_932";"customer_932@email.com";"Patras";"Greece";"2022-02-22";"Silver";565
933;"First_933";"Last_933";"customer_933@email.com";"Volos";"Greece";"2020-02-20";"Gold";434
934;"First_934";"Last_934";"customer_934@email.com";"Athens";"Germany";"2021-12-22";"Silver";330
935;"First_935";"Last_935";"customer_935@email.com";"Ioannina";"Greece";"2019-07-13";"Silver";755
936;"First_936";"Last_936";"customer_936@email.com";"Athens";"Germany";"2021-10-14";"Silver";558
937;"First_937";"Last_937";"customer_937@email.com";"Rhodes";"France";"2020-08-17";"Bronze";403
938;"First_938";"Last_938";"customer_938@email.com";"Athens";"Greece";"2018-04-01";"Bronze";730
939;"First_939";"Last_939";"customer_939@email.com";"Athens";"Italy";"2020-12-12";"Gold";681
940;"First_940";"Last_940";"customer_940@email.com";"Ioannina";"Greece";"2022-10-20";"Bronze";768
941;"First_941";"Last_941";"customer_941@email.com";"Thessaloniki";"Greece";"2020-05-09";"Bronze";812
942;"First_942";"Last_942";"customer_942@email.com";"Larissa";"Greece";"2022-06-01";"Silver";506
943;"First_943";"Last_943";"customer_943@email.com";"Chania";"Greece";"2021-05-12";"Bronze";746
944;"First_944";"Last_944";"customer_944@email.com";"Chania";"UK";"2019-07-10";"Bronze";388
945;"First_945";"Last_945";"customer_945@email.com";"Patras";"UK";"2018-06-05";"Bronze";494
946;"First_946";"Last_946";"customer_946@email.com";"Ioannina";"France";"2018-01-02";"Bronze";713
947;"First_947";"Last_947";"customer_947@email.com";"Patras";"Italy";"2021-10-12";"Bronze";421
948;"First_948";"Last_948";"customer_948@email.com";"Volos";"UK";"2020-04-04";"Bronze";761
949;"First_949";"Last_949";"customer_949@email.com";"Volos";"Germany";"2022-05-12";"Silver";415
950;"First_950";"Last_950";"customer_950@email.com";"Patras";"Greece";"2020-03-12";"Gold";495
951;"First_951";"Last_951";"customer_951@email.com";"Ioannina";"Greece";"2020-09-09";"Bronze";335
952;"First_952";"Last_952";"customer_952@email.com";"Patras";"Greece";"2020-12-17";"Gold";366
953;"First_953";"Last_953";"customer_953@email.com";"Chania";"UK";"2021-07-01";"Bronze";580
954;"First_954";"Last_954";"customer_954@email.com";"Chalkida";"Greece";"2021-04-18";"Bronze";778
955;"First_955";"Last_955";"customer_955@email.com";"Heraklion";"Greece";"2019-05-08";"Bronze";310
956;"First_956";"Last_956";"customer_956@email.com";"Athens";"Greece";"2019-10-31";"Silver";621
957;"First_957";"Last_957";"customer_957@email.com";"Heraklion";"Greece";"2020-11-24";"Bronze";539
958;"First_958";"Last_958";"customer_958@email.com";"Ioannina";"Greece";"2018-03-16";"Silver";359
959;"First_959";"Last_959";"customer_959@email.com";"Heraklion";"Greece";"2020-08-01";"Silver";464
960;"First_960";"Last_960";"customer_960@email.com";"Volos";"Germany";"2021-08-05";"Silver";488
961;"First_961";"Last_961";"customer_961@email.com";"Rhodes";"Greece";"2019-01-06";"Silver";786
962;"First_962";"Last_962";"customer_962@email.com";"Athens";"Germany";"2019-08-10";"Gold";391
963;"First_963";"Last_963";"customer_963@email.com";"Larissa";"Greece";"2018-11-25";"Bronze";588
964;"First_964";"Last_964";"customer_964@email.com";"Ioannina";"Greece";"2019-08-13";"Bronze";808
965;"First_965";"Last_965";"customer_965@email.com";"Athens";"Greece";"2022-11-26";"Silver";374
966;"First_966";"Last_966";"customer_966@email.com";"Heraklion";"Greece";"2020-02-16";"Silver";727
967;"First_967";"Last_967";"customer_967@email.com";"Volos";"Greece";"2018-10-31";"Bronze";684
968;"First_968";"Last_968";"customer_968@email.com";"Thessaloniki";"Greece";"2019-08-02";"Bronze";352
969;"First_969";"Last_969";"customer_969@email.com";"Chalkida";"Greece";"2018-08-09";"Bronze";474
970;"First_970";"Last_970";"customer_970@email.com";"Larissa";"Greece";"2020-09-05";"Bronze";773
971;"First_971";"Last_971";"customer_971@email.com";"Chalkida";"Greece";"2021-04-02";"Bronze";660
972;"First_972";"Last_972";"customer_972@email.com";"Athens";"Germany";"2022-02-12";"Gold";569
973;"First_973";"Last_973";"customer_973@email.com";"Volos";"France";"2022-01-18";"Silver";706
974;"First_974";"Last_974";"customer_974@email.com";"Volos";"Greece";"2019-01-10";"Bronze";423
975;"First_975";"Last_975";"customer_975@email.com";"Heraklion";"Italy";"2021-05-28";"Silver";675
976;"First_976";"Last_976";"customer_976@email.com";"Chania";"Greece";"2022-09-04";"Gold";691
977;"First_977";"Last_977";"customer_977@email.com";"Heraklion";"Germany";"2021-07-01";"Bronze";481
978;"First_978";"Last_978";"customer_978@email.com";"Chania";"Germany";"2022-10-12";"Bronze";335
979;"First_979";"Last_979";"customer_979@email.com";"Chania";"Germany";"2018-07-07";"Silver";511
980;"First_980";"Last_980";"customer_980@email.com";"Larissa";"Greece";"2021-04-29";"Silver";433
981;"First_981";"Last_981";"customer_981@email.com";"Heraklion";"Greece";"2021-11-13";"Bronze";790
982;"First_982";"Last_982";"customer_982@email.com";"Thessaloniki";"Greece";"2021-05-23";"Platinum";737
983;"First_983";"Last_983";"customer_983@email.com";"Patras";"Greece";"2021-10-30";"Bronze";345
984;"First_984";"Last_984";"customer_984@email.com";"Patras";"Greece";"2021-01-14";"Bronze";700
985;"First_985";"Last_985";"customer_985@email.com";"Heraklion";"Greece";"2019-04-19";"Bronze";787
986;"First_986";"Last_986";"customer_986@email.com";"Heraklion";"Greece";"2022-06-30";"Bronze";731
987;"First_987";"Last_987";"customer_987@email.com";"Chalkida";"Greece";"2020-04-23";"Silver";727
988;"First_988";"Last_988";"customer_988@email.com";"Larissa";"UK";"2019-06-15";"Platinum";816
989;"First_989";"Last_989";"customer_989@email.com";"Heraklion";"France";"2020-12-06";"Bronze";761
990;"First_990";"Last_990";"customer_990@email.com";"Chalkida";"Italy";"2020-12-24";"Platinum";480
991;"First_991";"Last_991";"customer_991@email.com";"Chania";"Greece";"2020-08-20";"Gold";444
992;"First_992";"Last_992";"customer_992@email.com";"Volos";"UK";"2019-04-20";"Bronze";564
993;"First_993";"Last_993";"customer_993@email.com";"Volos";"France";"2021-03-15";"Silver";705
994;"First_994";"Last_994";"customer_994@email.com";"Chania";"Greece";"2020-08-03";"Bronze";783
995;"First_995";"Last_995";"customer_995@email.com";"Ioannina";"Greece";"2022-12-27";"Silver";781
996;"First_996";"Last_996";"customer_996@email.com";"Chalkida";"Italy";"2021-11-06";"Bronze";536
997;"First_997";"Last_997";"customer_997@email.com";"Chalkida";"Greece";"2020-12-25";"Silver";824
998;"First_998";"Last_998";"customer_998@email.com";"Chania";"Greece";"2019-06-01";"Bronze";638
999;"First_999";"Last_999";"customer_999@email.com";"Thessaloniki";"Greece";"2021-01-21";"Gold";567
1000;"First_1000";"Last_1000";"customer_1000@email.com";"Rhodes";"Greece";"2019-03-02";"Gold";565
1001;"First_1001";"Last_1001";"customer_1001@email.com";"Athens";"France";"2022-01-31";"Bronze";827
1002;"First_1002";"Last_1002";"customer_1002@email.com";"Chania";"Germany";"2021-01-22";"Bronze";391
1003;"First_1003";"Last_1003";"customer_1003@email.com";"Heraklion";"Greece";"2022-06-30";"Bronze";547
1004;"First_1004";"Last_1004";"customer_1004@email.com";"Heraklion";"Greece";"2018-05-13";"Silver";318
1005;"First_1005";"Last_1005";"customer_1005@email.com";"Larissa";"Greece";"2021-12-28";"Bronze";689
1006;"First_1006";"Last_1006";"customer_1006@email.com";"Chania";"Greece";"2021-09-26";"Silver";687
1007;"First_1007";"Last_1007";"customer_1007@email.com";"Larissa";"Greece";"2018-11-10";"Bronze";394
1008;"First_1008";"Last_1008";"customer_1008@email.com";"Chania";"France";"2019-08-14";"Bronze";729
1009;"First_1009";"Last_1009";"customer_1009@email.com";"Chalkida";"Greece";"2021-05-20";"Bronze";336
1010;"First_1010";"Last_1010";"customer_1010@email.com";"Athens";"Greece";"2022-03-24";"Bronze";692
1011;"First_1011";"Last_1011";"customer_1011@email.com";"Chalkida";"Germany";"2020-10-05";"Silver";590
1012;"First_1012";"Last_1012";"customer_1012@email.com";"Rhodes";"Greece";"2018-06-08";"Platinum";602
1013;"First_1013";"Last_1013";"customer_1013@email.com";"Volos";"France";"2021-07-15";"Bronze";700
1014;"First_1014";"Last_1014";"customer_1014@email.com";"Patras";"UK";"2019-10-23";"Silver";643
1015;"First_1015";"Last_1015";"customer_1015@email.com";"Chania";"UK";"2022-06-15";"Bronze";817
1016;"First_1016";"Last_1016";"customer_1016@email.com";"Rhodes";"Greece";"2020-01-18";"Silver";676
1017;"First_1017";"Last_1017";"customer_1017@email.com";"Volos";"Greece";"2022-02-06";"Bronze";464
1018;"First_1018";"Last_1018";"customer_1018@email.com";"Ioannina";"Greece";"2020-03-11";"Silver";312
1019;"First_1019";"Last_1019";"customer_1019@email.com";"Athens";"Greece";"2019-02-14";"Gold";324
1020;"First_1020";"Last_1020";"customer_1020@email.com";"Larissa";"UK";"2022-02-06";"Bronze";422
1021;"First_1021";"Last_1021";"customer_1021@email.com";"Larissa";"France";"2021-10-11";"Silver";428
1022;"First_1022";"Last_1022";"customer_1022@email.com";"Chalkida";"UK";"2019-11-11";"Bronze";846
1023;"First_1023";"Last_1023";"customer_1023@email.com";"Heraklion";"Italy";"2021-05-01";"Bronze";608
1024;"First_1024";"Last_1024";"customer_1024@email.com";"Volos";"UK";"2022-09-19";"Bronze";735
1025;"First_1025";"Last_1025";"customer_1025@email.com";"Ioannina";"Greece";"2021-07-18";"Bronze";481
1026;"First_1026";"Last_1026";"customer_1026@email.com";"Rhodes";"Greece";"2018-04-24";"Bronze";342
1027;"First_1027";"Last_1027";"customer_1027@email.com";"Athens";"Germany";"2020-06-15";"Bronze";703
1028;"First_1028";"Last_1028";"customer_1028@email.com";"Volos";"Greece";"2022-03-27";"Bronze";562
1029;"First_1029";"Last_1029";"customer_1029@email.com";"Ioannina";"Greece";"2020-12-14";"Bronze";369
1030;"First_1030";"Last_1030";"customer_1030@email.com";"Patras";"Greece";"2022-11-29";"Silver";591
1031;"First_1031";"Last_1031";"customer_1031@email.com";"Chania";"France";"2018-03-06";"Gold";513
1032;"First_1032";"Last_1032";"customer_1032@email.com";"Larissa";"Greece";"2019-11-15";"Bronze";446
1033;"First_1033";"Last_1033";"customer_1033@email.com";"Rhodes";"UK";"2021-07-19";"Bronze";324
1034;"First_1034";"Last_1034";"customer_1034@email.com";"Larissa";"France";"2022-03-06";"Bronze";622
1035;"First_1035";"Last_1035";"customer_1035@email.com";"Rhodes";"Greece";"2022-08-13";"Gold";408
1036;"First_1036";"Last_1036";"customer_1036@email.com";"Chalkida";"Greece";"2021-10-17";"Silver";550
1037;"First_1037";"Last_1037";"customer_1037@email.com";"Heraklion";"Greece";"2018-05-26";"Bronze";781
1038;"First_1038";"Last_1038";"customer_1038@email.com";"Rhodes";"UK";"2020-07-31";"Bronze";474
1039;"First_1039";"Last_1039";"customer_1039@email.com";"Larissa";"UK";"2021-05-17";"Bronze";646
1040;"First_1040";"Last_1040";"customer_1040@email.com";"Chalkida";"France";"2021-08-02";"Bronze";469
1041;"First_1041";"Last_1041";"customer_1041@email.com";"Rhodes";"Greece";"2020-10-30";"Gold";301
1042;"First_1042";"Last_1042";"customer_1042@email.com";"Patras";"Greece";"2020-01-09";"Gold";661
1043;"First_1043";"Last_1043";"customer_1043@email.com";"Heraklion";"Greece";"2018-07-05";"Bronze";595
1044;"First_1044";"Last_1044";"customer_1044@email.com";"Rhodes";"UK";"2022-05-17";"Silver";501
1045;"First_1045";"Last_1045";"customer_1045@email.com";"Chalkida";"Greece";"2022-06-09";"Bronze";588
1046;"First_1046";"Last_1046";"customer_1046@email.com";"Volos";"Greece";"2022-01-27";"Bronze";361
1047;"First_1047";"Last_1047";"customer_1047@email.com";"Thessaloniki";"Greece";"2021-03-03";"Gold";801
1048;"First_1048";"Last_1048";"customer_1048@email.com";"Ioannina";"Greece";"2020-04-14";"Silver";425
1049;"First_1049";"Last_1049";"customer_1049@email.com";"Thessaloniki";"Greece";"2020-03-19";"Bronze";348
1050;"First_1050";"Last_1050";"customer_1050@email.com";"Thessaloniki";"Greece";"2018-06-20";"Bronze";478
1051;"First_1051";"Last_1051";"customer_1051@email.com";"Athens";"Greece";"2018-08-01";"Gold";792
1052;"First_1052";"Last_1052";"customer_1052@email.com";"Patras";"Greece";"2022-04-03";"Silver";732
1053;"First_1053";"Last_1053";"customer_1053@email.com";"Volos";"UK";"2022-03-06";"Bronze";601
1054;"First_1054";"Last_1054";"customer_1054@email.com";"Chania";"France";"2022-05-15";"Bronze";468
1055;"First_1055";"Last_1055";"customer_1055@email.com";"Rhodes";"Greece";"2022-06-12";"Bronze";568
1056;"First_1056";"Last_1056";"customer_1056@email.com";"Ioannina";"UK";"2018-01-27";"Platinum";663
1057;"First_1057";"Last_1057";"customer_1057@email.com";"Heraklion";"Greece";"2020-10-10";"Silver";399
1058;"First_1058";"Last_1058";"customer_1058@email.com";"Volos";"Greece";"2020-12-27";"Bronze";514
1059;"First_1059";"Last_1059";"customer_1059@email.com";"Larissa";"France";"2020-02-29";"Silver";396
1060;"First_1060";"Last_1060";"customer_1060@email.com";"Chania";"UK";"2019-02-12";"Silver";847
1061;"First_1061";"Last_1061";"customer_1061@email.com";"Athens";"France";"2022-04-25";"Bronze";636
1062;"First_1062";"Last_1062";"customer_1062@email.com";"Athens";"Greece";"2021-02-06";"Bronze";658
1063;"First_1063";"Last_1063";"customer_1063@email.com";"Volos";"Greece";"2018-03-15";"Silver";589
1064;"First_1064";"Last_1064";"customer_1064@email.com";"Chalkida";"France";"2019-08-01";"Silver";695
1065;"First_1065";"Last_1065";"customer_1065@email.com";"Thessaloniki";"Greece";"2019-11-11";"Silver";659
1066;"First_1066";"Last_1066";"customer_1066@email.com";"Larissa";"Greece";"2021-07-09";"Gold";646
1067;"First_1067";"Last_1067";"customer_1067@email.com";"Athens";"UK";"2021-10-23";"Bronze";423
1068;"First_1068";"Last_1068";"customer_1068@email.com";"Ioannina";"France";"2020-02-25";"Bronze";837
1069;"First_1069";"Last_1069";"customer_1069@email.com";"Athens";"France";"2020-04-28";"Platinum";721
1070;"First_1070";"Last_1070";"customer_1070@email.com";"Heraklion";"Greece";"2020-05-19";"Bronze";635
1071;"First_1071";"Last_1071";"customer_1071@email.com";"Rhodes";"France";"2018-08-25";"Silver";802
1072;"First_1072";"Last_1072";"customer_1072@email.com";"Athens";"Greece";"2019-12-28";"Silver";356
1073;"First_1073";"Last_1073";"customer_1073@email.com";"Heraklion";"Greece";"2021-10-21";"Silver";375
1074;"First_1074";"Last_1074";"customer_1074@email.com";"Volos";"Germany";"2021-08-02";"Bronze";765
1075;"First_1075";"Last_1075";"customer_1075@email.com";"Volos";"Greece";"2019-01-13";"Silver";584
1076;"First_1076";"Last_1076";"customer_1076@email.com";"Chania";"Greece";"2019-10-23";"Gold";685
1077;"First_1077";"Last_1077";"customer_1077@email.com";"Athens";"Germany";"2020-04-09";"Silver";558
1078;"First_1078";"Last_1078";"customer_1078@email.com";"Ioannina";"Greece";"2020-06-24";"Bronze";776
1079;"First_1079";"Last_1079";"customer_1079@email.com";"Athens";"Greece";"2019-01-11";"Bronze";310
1080;"First_1080";"Last_1080";"customer_1080@email.com";"Ioannina";"Greece";"2019-09-11";"Bronze";559
1081;"First_1081";"Last_1081";"customer_1081@email.com";"Patras";"Greece";"2019-10-15";"Bronze";692
1082;"First_1082";"Last_1082";"customer_1082@email.com";"Chania";"Greece";"2021-01-04";"Bronze";668
1083;"First_1083";"Last_1083";"customer_1083@email.com";"Patras";"UK";"2020-10-29";"Platinum";483
1084;"First_1084";"Last_1084";"customer_1084@email.com";"Athens";"UK";"2018-07-15";"Silver";315
1085;"First_1085";"Last_1085";"customer_1085@email.com";"Chania";"Greece";"2020-03-17";"Silver";805
1086;"First_1086";"Last_1086";"customer_1086@email.com";"Patras";"France";"2022-12-21";"Silver";385
1087;"First_1087";"Last_1087";"customer_1087@email.com";"Thessaloniki";"Greece";"2020-06-11";"Bronze";309
1088;"First_1088";"Last_1088";"customer_1088@email.com";"Athens";"Greece";"2022-07-12";"Platinum";776
1089;"First_1089";"Last_1089";"customer_1089@email.com";"Patras";"France";"2021-08-06";"Bronze";463
1090;"First_1090";"Last_1090";"customer_1090@email.com";"Thessaloniki";"Greece";"2020-12-20";"Bronze";323
1091;"First_1091";"Last_1091";"customer_1091@email.com";"Thessaloniki";"Italy";"2020-07-25";"Bronze";611
1092;"First_1092";"Last_1092";"customer_1092@email.com";"Volos";"Greece";"2021-11-13";"Gold";537
1093;"First_1093";"Last_1093";"customer_1093@email.com";"Athens";"UK";"2020-04-26";"Gold";761
1094;"First_1094";"Last_1094";"customer_1094@email.com";"Thessaloniki";"Greece";"2020-03-28";"Bronze";761
1095;"First_1095";"Last_1095";"customer_1095@email.com";"Volos";"Greece";"2022-05-06";"Gold";537
1096;"First_1096";"Last_1096";"customer_1096@email.com";"Patras";"Greece";"2019-07-18";"Bronze";321
1097;"First_1097";"Last_1097";"customer_1097@email.com";"Heraklion";"UK";"2019-09-26";"Bronze";479
1098;"First_1098";"Last_1098";"customer_1098@email.com";"Athens";"Greece";"2019-11-10";"Gold";798
1099;"First_1099";"Last_1099";"customer_1099@email.com";"Chania";"Italy";"2020-10-14";"Gold";774
1100;"First_1100";"Last_1100";"customer_1100@email.com";"Ioannina";"Greece";"2018-01-08";"Silver";638
1101;"First_1101";"Last_1101";"customer_1101@email.com";"Ioannina";"Greece";"2021-10-24";"Silver";830
1102;"First_1102";"Last_1102";"customer_1102@email.com";"Patras";"Greece";"2020-12-04";"Gold";461
1103;"First_1103";"Last_1103";"customer_1103@email.com";"Chalkida";"Germany";"2018-12-10";"Silver";360
1104;"First_1104";"Last_1104";"customer_1104@email.com";"Chalkida";"France";"2022-11-16";"Gold";384
1105;"First_1105";"Last_1105";"customer_1105@email.com";"Patras";"Greece";"2020-03-06";"Silver";846
1106;"First_1106";"Last_1106";"customer_1106@email.com";"Thessaloniki";"Germany";"2021-10-30";"Platinum";789
1107;"First_1107";"Last_1107";"customer_1107@email.com";"Athens";"Greece";"2022-07-01";"Platinum";304
1108;"First_1108";"Last_1108";"customer_1108@email.com";"Ioannina";"Germany";"2020-11-16";"Bronze";375
1109;"First_1109";"Last_1109";"customer_1109@email.com";"Ioannina";"France";"2021-05-01";"Gold";552
1110;"First_1110";"Last_1110";"customer_1110@email.com";"Thessaloniki";"Greece";"2020-04-28";"Bronze";306
1111;"First_1111";"Last_1111";"customer_1111@email.com";"Ioannina";"Greece";"2021-10-12";"Bronze";772
1112;"First_1112";"Last_1112";"customer_1112@email.com";"Chania";"Italy";"2018-03-03";"Silver";437
1113;"First_1113";"Last_1113";"customer_1113@email.com";"Athens";"France";"2020-12-21";"Bronze";657
1114;"First_1114";"Last_1114";"customer_1114@email.com";"Rhodes";"Greece";"2019-02-26";"Silver";462
1115;"First_1115";"Last_1115";"customer_1115@email.com";"Ioannina";"Greece";"2022-12-23";"Gold";617
1116;"First_1116";"Last_1116";"customer_1116@email.com";"Patras";"Greece";"2019-09-25";"Bronze";757
1117;"First_1117";"Last_1117";"customer_1117@email.com";"Chania";"Greece";"2020-03-02";"Bronze";552
1118;"First_1118";"Last_1118";"customer_1118@email.com";"Ioannina";"France";"2019-07-05";"Gold";500
1119;"First_1119";"Last_1119";"customer_1119@email.com";"Chania";"Germany";"2021-11-04";"Bronze";831
1120;"First_1120";"Last_1120";"customer_1120@email.com";"Volos";"Greece";"2021-07-24";"Bronze";464
1121;"First_1121";"Last_1121";"customer_1121@email.com";"Rhodes";"Greece";"2019-08-29";"Bronze";531
1122;"First_1122";"Last_1122";"customer_1122@email.com";"Larissa";"Greece";"2021-12-25";"Silver";627
1123;"First_1123";"Last_1123";"customer_1123@email.com";"Patras";"Greece";"2021-02-12";"Silver";537
1124;"First_1124";"Last_1124";"customer_1124@email.com";"Patras";"Greece";"2022-09-08";"Gold";419
1125;"First_1125";"Last_1125";"customer_1125@email.com";"Athens";"Greece";"2021-02-18";"Bronze";549
1126;"First_1126";"Last_1126";"customer_1126@email.com";"Chania";"Greece";"2019-06-09";"Gold";635
1127;"First_1127";"Last_1127";"customer_1127@email.com";"Thessaloniki";"Greece";"2020-06-17";"Silver";583
1128;"First_1128";"Last_1128";"customer_1128@email.com";"Patras";"Greece";"2021-12-10";"Bronze";497
1129;"First_1129";"Last_1129";"customer_1129@email.com";"Chania";"Greece";"2018-06-12";"Silver";715
1130;"First_1130";"Last_1130";"customer_1130@email.com";"Chania";"Greece";"2020-02-26";"Silver";694
1131;"First_1131";"Last_1131";"customer_1131@email.com";"Heraklion";"Greece";"2020-06-28";"Silver";450
1132;"First_1132";"Last_1132";"customer_1132@email.com";"Heraklion";"Greece";"2022-09-08";"Bronze";564
1133;"First_1133";"Last_1133";"customer_1133@email.com";"Larissa";"Greece";"2020-09-08";"Bronze";519
1134;"First_1134";"Last_1134";"customer_1134@email.com";"Volos";"Greece";"2021-09-22";"Bronze";515
1135;"First_1135";"Last_1135";"customer_1135@email.com";"Larissa";"UK";"2019-01-14";"Bronze";614
1136;"First_1136";"Last_1136";"customer_1136@email.com";"Ioannina";"Italy";"2021-09-09";"Silver";515
1137;"First_1137";"Last_1137";"customer_1137@email.com";"Thessaloniki";"UK";"2018-06-22";"Bronze";634
1138;"First_1138";"Last_1138";"customer_1138@email.com";"Ioannina";"Greece";"2020-09-26";"Silver";658
1139;"First_1139";"Last_1139";"customer_1139@email.com";"Chalkida";"France";"2022-12-16";"Bronze";460
1140;"First_1140";"Last_1140";"customer_1140@email.com";"Ioannina";"Germany";"2018-03-05";"Bronze";810
1141;"First_1141";"Last_1141";"customer_1141@email.com";"Athens";"Greece";"2021-01-29";"Silver";456
1142;"First_1142";"Last_1142";"customer_1142@email.com";"Ioannina";"Greece";"2021-09-07";"Bronze";461
1143;"First_1143";"Last_1143";"customer_1143@email.com";"Larissa";"France";"2020-09-01";"Gold";341
1144;"First_1144";"Last_1144";"customer_1144@email.com";"Patras";"Greece";"2018-03-07";"Bronze";479
1145;"First_1145";"Last_1145";"customer_1145@email.com";"Patras";"Greece";"2022-04-30";"Bronze";602
1146;"First_1146";"Last_1146";"customer_1146@email.com";"Heraklion";"UK";"2022-06-11";"Gold";629
1147;"First_1147";"Last_1147";"customer_1147@email.com";"Thessaloniki";"France";"2019-04-03";"Silver";728
1148;"First_1148";"Last_1148";"customer_1148@email.com";"Thessaloniki";"Greece";"2022-05-22";"Bronze";649
1149;"First_1149";"Last_1149";"customer_1149@email.com";"Athens";"Greece";"2019-03-29";"Bronze";419
1150;"First_1150";"Last_1150";"customer_1150@email.com";"Larissa";"Greece";"2021-07-06";"Silver";374
1151;"First_1151";"Last_1151";"customer_1151@email.com";"Heraklion";"UK";"2022-10-07";"Platinum";422
1152;"First_1152";"Last_1152";"customer_1152@email.com";"Chalkida";"Greece";"2021-12-20";"Gold";481
1153;"First_1153";"Last_1153";"customer_1153@email.com";"Thessaloniki";"Greece";"2020-09-05";"Bronze";556
1154;"First_1154";"Last_1154";"customer_1154@email.com";"Patras";"France";"2018-06-27";"Platinum";568
1155;"First_1155";"Last_1155";"customer_1155@email.com";"Ioannina";"Greece";"2018-10-07";"Bronze";792
1156;"First_1156";"Last_1156";"customer_1156@email.com";"Ioannina";"Germany";"2018-12-10";"Bronze";479
1157;"First_1157";"Last_1157";"customer_1157@email.com";"Heraklion";"Greece";"2020-11-06";"Gold";448
1158;"First_1158";"Last_1158";"customer_1158@email.com";"Larissa";"Greece";"2018-10-23";"Bronze";817
1159;"First_1159";"Last_1159";"customer_1159@email.com";"Larissa";"Germany";"2018-07-21";"Bronze";447
1160;"First_1160";"Last_1160";"customer_1160@email.com";"Volos";"Greece";"2020-08-19";"Bronze";308
1161;"First_1161";"Last_1161";"customer_1161@email.com";"Rhodes";"Greece";"2019-11-15";"Bronze";477
1162;"First_1162";"Last_1162";"customer_1162@email.com";"Thessaloniki";"Greece";"2022-12-03";"Silver";694
1163;"First_1163";"Last_1163";"customer_1163@email.com";"Larissa";"Germany";"2021-05-02";"Silver";630
1164;"First_1164";"Last_1164";"customer_1164@email.com";"Patras";"Italy";"2021-03-18";"Bronze";355
1165;"First_1165";"Last_1165";"customer_1165@email.com";"Heraklion";"Italy";"2019-01-10";"Silver";506
1166;"First_1166";"Last_1166";"customer_1166@email.com";"Chalkida";"Greece";"2018-02-04";"Gold";404
1167;"First_1167";"Last_1167";"customer_1167@email.com";"Volos";"Greece";"2021-10-24";"Gold";846
1168;"First_1168";"Last_1168";"customer_1168@email.com";"Chania";"Greece";"2018-01-29";"Bronze";654
1169;"First_1169";"Last_1169";"customer_1169@email.com";"Athens";"France";"2020-02-14";"Platinum";788
1170;"First_1170";"Last_1170";"customer_1170@email.com";"Chalkida";"Greece";"2018-08-09";"Silver";802
1171;"First_1171";"Last_1171";"customer_1171@email.com";"Chania";"Italy";"2018-02-22";"Bronze";349
1172;"First_1172";"Last_1172";"customer_1172@email.com";"Ioannina";"Greece";"2020-03-01";"Bronze";386
1173;"First_1173";"Last_1173";"customer_1173@email.com";"Athens";"Italy";"2021-10-08";"Bronze";602
1174;"First_1174";"Last_1174";"customer_1174@email.com";"Thessaloniki";"France";"2021-11-16";"Silver";300
1175;"First_1175";"Last_1175";"customer_1175@email.com";"Patras";"France";"2018-03-17";"Bronze";680
1176;"First_1176";"Last_1176";"customer_1176@email.com";"Athens";"Greece";"2019-05-09";"Silver";661
1177;"First_1177";"Last_1177";"customer_1177@email.com";"Rhodes";"Greece";"2022-09-08";"Bronze";680
1178;"First_1178";"Last_1178";"customer_1178@email.com";"Chania";"Greece";"2022-03-26";"Gold";461
1179;"First_1179";"Last_1179";"customer_1179@email.com";"Thessaloniki";"Greece";"2018-04-27";"Bronze";318
1180;"First_1180";"Last_1180";"customer_1180@email.com";"Rhodes";"Greece";"2018-10-07";"Gold";542
1181;"First_1181";"Last_1181";"customer_1181@email.com";"Ioannina";"Greece";"2022-10-20";"Gold";428
1182;"First_1182";"Last_1182";"customer_1182@email.com";"Rhodes";"Greece";"2021-04-13";"Bronze";475
1183;"First_1183";"Last_1183";"customer_1183@email.com";"Volos";"Germany";"2020-01-16";"Bronze";708
1184;"First_1184";"Last_1184";"customer_1184@email.com";"Volos";"Germany";"2020-08-06";"Bronze";383
1185;"First_1185";"Last_1185";"customer_1185@email.com";"Heraklion";"Greece";"2020-02-03";"Gold";675
1186;"First_1186";"Last_1186";"customer_1186@email.com";"Chalkida";"Italy";"2018-10-22";"Silver";521
1187;"First_1187";"Last_1187";"customer_1187@email.com";"Chalkida";"Greece";"2020-10-14";"Bronze";624
1188;"First_1188";"Last_1188";"customer_1188@email.com";"Thessaloniki";"Greece";"2022-01-14";"Bronze";750
1189;"First_1189";"Last_1189";"customer_1189@email.com";"Ioannina";"Greece";"2022-03-22";"Bronze";715
1190;"First_1190";"Last_1190";"customer_1190@email.com";"Larissa";"France";"2020-11-10";"Gold";744
1191;"First_1191";"Last_1191";"customer_1191@email.com";"Volos";"Greece";"2021-01-01";"Silver";624
1192;"First_1192";"Last_1192";"customer_1192@email.com";"Thessaloniki";"Greece";"2020-04-21";"Gold";822
1193;"First_1193";"Last_1193";"customer_1193@email.com";"Larissa";"Germany";"2020-11-25";"Bronze";465
1194;"First_1194";"Last_1194";"customer_1194@email.com";"Chalkida";"Greece";"2022-03-11";"Bronze";537
1195;"First_1195";"Last_1195";"customer_1195@email.com";"Heraklion";"Germany";"2021-06-10";"Platinum";312
1196;"First_1196";"Last_1196";"customer_1196@email.com";"Rhodes";"Italy";"2022-10-18";"Bronze";556
1197;"First_1197";"Last_1197";"customer_1197@email.com";"Volos";"Italy";"2019-05-12";"Gold";813
1198;"First_1198";"Last_1198";"customer_1198@email.com";"Thessaloniki";"Greece";"2018-07-25";"Bronze";509
1199;"First_1199";"Last_1199";"customer_1199@email.com";"Athens";"Greece";"2019-03-02";"Bronze";783
1200;"First_1200";"Last_1200";"customer_1200@email.com";"Larissa";"Greece";"2018-02-13";"Silver";664
1201;"First_1201";"Last_1201";"customer_1201@email.com";"Rhodes";"Greece";"2021-01-19";"Platinum";524
1202;"First_1202";"Last_1202";"customer_1202@email.com";"Volos";"Greece";"2022-02-02";"Platinum";493
1203;"First_1203";"Last_1203";"customer_1203@email.com";"Chalkida";"Greece";"2019-08-28";"Bronze";495
1204;"First_1204";"Last_1204";"customer_1204@email.com";"Ioannina";"Italy";"2022-01-30";"Bronze";699
1205;"First_1205";"Last_1205";"customer_1205@email.com";"Larissa";"Italy";"2019-03-30";"Silver";356
1206;"First_1206";"Last_1206";"customer_1206@email.com";"Chalkida";"Greece";"2019-08-18";"Silver";512
1207;"First_1207";"Last_1207";"customer_1207@email.com";"Volos";"Greece";"2021-09-18";"Silver";578
1208;"First_1208";"Last_1208";"customer_1208@email.com";"Larissa";"Greece";"2019-05-22";"Bronze";679
1209;"First_1209";"Last_1209";"customer_1209@email.com";"Rhodes";"Greece";"2020-03-04";"Platinum";416
1210;"First_1210";"Last_1210";"customer_1210@email.com";"Volos";"Germany";"2022-02-02";"Silver";750
1211;"First_1211";"Last_1211";"customer_1211@email.com";"Chania";"Germany";"2018-01-21";"Gold";709
1212;"First_1212";"Last_1212";"customer_1212@email.com";"Thessaloniki";"France";"2021-06-05";"Silver";666
1213;"First_1213";"Last_1213";"customer_1213@email.com";"Rhodes";"UK";"2021-10-31";"Bronze";412
1214;"First_1214";"Last_1214";"customer_1214@email.com";"Larissa";"Greece";"2021-02-27";"Platinum";463
1215;"First_1215";"Last_1215";"customer_1215@email.com";"Ioannina";"Germany";"2022-09-07";"Silver";303
1216;"First_1216";"Last_1216";"customer_1216@email.com";"Chalkida";"Greece";"2019-09-12";"Gold";322
1217;"First_1217";"Last_1217";"customer_1217@email.com";"Athens";"Greece";"2019-02-18";"Platinum";391
1218;"First_1218";"Last_1218";"customer_1218@email.com";"Chalkida";"Greece";"2022-12-24";"Silver";768
1219;"First_1219";"Last_1219";"customer_1219@email.com";"Larissa";"Greece";"2020-12-30";"Silver";454
1220;"First_1220";"Last_1220";"customer_1220@email.com";"Chalkida";"Greece";"2021-11-28";"Bronze";506
1221;"First_1221";"Last_1221";"customer_1221@email.com";"Thessaloniki";"Greece";"2022-05-05";"Bronze";380
1222;"First_1222";"Last_1222";"customer_1222@email.com";"Volos";"Italy";"2022-06-19";"Bronze";782
1223;"First_1223";"Last_1223";"customer_1223@email.com";"Athens";"Greece";"2022-12-20";"Bronze";706
1224;"First_1224";"Last_1224";"customer_1224@email.com";"Patras";"Greece";"2021-11-21";"Bronze";402
1225;"First_1225";"Last_1225";"customer_1225@email.com";"Larissa";"Greece";"2018-12-03";"Bronze";539
1226;"First_1226";"Last_1226";"customer_1226@email.com";"Heraklion";"Germany";"2022-07-26";"Bronze";564
1227;"First_1227";"Last_1227";"customer_1227@email.com";"Patras";"Greece";"2022-03-09";"Bronze";332
1228;"First_1228";"Last_1228";"customer_1228@email.com";"Chalkida";"Italy";"2020-06-28";"Bronze";334
1229;"First_1229";"Last_1229";"customer_1229@email.com";"Larissa";"France";"2018-10-03";"Bronze";548
1230;"First_1230";"Last_1230";"customer_1230@email.com";"Chania";"Greece";"2020-06-10";"Silver";349
1231;"First_1231";"Last_1231";"customer_1231@email.com";"Heraklion";"Germany";"2018-01-13";"Silver";579
1232;"First_1232";"Last_1232";"customer_1232@email.com";"Athens";"Greece";"2020-10-23";"Bronze";451
1233;"First_1233";"Last_1233";"customer_1233@email.com";"Ioannina";"Greece";"2020-09-04";"Silver";836
1234;"First_1234";"Last_1234";"customer_1234@email.com";"Chania";"UK";"2021-06-01";"Gold";529
1235;"First_1235";"Last_1235";"customer_1235@email.com";"Patras";"Greece";"2020-08-31";"Bronze";587
1236;"First_1236";"Last_1236";"customer_1236@email.com";"Volos";"Greece";"2018-06-24";"Silver";694
1237;"First_1237";"Last_1237";"customer_1237@email.com";"Thessaloniki";"Greece";"2021-11-09";"Platinum";752
1238;"First_1238";"Last_1238";"customer_1238@email.com";"Ioannina";"Greece";"2022-06-14";"Gold";332
1239;"First_1239";"Last_1239";"customer_1239@email.com";"Chania";"Italy";"2018-08-29";"Bronze";662
1240;"First_1240";"Last_1240";"customer_1240@email.com";"Volos";"Greece";"2019-07-01";"Silver";410
1241;"First_1241";"Last_1241";"customer_1241@email.com";"Volos";"UK";"2018-01-14";"Bronze";420
1242;"First_1242";"Last_1242";"customer_1242@email.com";"Larissa";"Greece";"2021-05-03";"Silver";315
1243;"First_1243";"Last_1243";"customer_1243@email.com";"Chania";"UK";"2021-11-21";"Platinum";822
1244;"First_1244";"Last_1244";"customer_1244@email.com";"Athens";"Greece";"2021-12-25";"Silver";397
1245;"First_1245";"Last_1245";"customer_1245@email.com";"Chalkida";"Greece";"2021-08-22";"Gold";415
1246;"First_1246";"Last_1246";"customer_1246@email.com";"Heraklion";"France";"2021-09-19";"Bronze";770
1247;"First_1247";"Last_1247";"customer_1247@email.com";"Heraklion";"Greece";"2019-12-26";"Platinum";738
1248;"First_1248";"Last_1248";"customer_1248@email.com";"Patras";"Greece";"2021-12-04";"Silver";580
1249;"First_1249";"Last_1249";"customer_1249@email.com";"Patras";"Greece";"2018-01-03";"Bronze";648
1250;"First_1250";"Last_1250";"customer_1250@email.com";"Heraklion";"UK";"2019-11-22";"Silver";531
1251;"First_1251";"Last_1251";"customer_1251@email.com";"Athens";"Greece";"2022-04-25";"Bronze";410
1252;"First_1252";"Last_1252";"customer_1252@email.com";"Thessaloniki";"Italy";"2022-01-15";"Bronze";651
1253;"First_1253";"Last_1253";"customer_1253@email.com";"Rhodes";"Greece";"2022-08-27";"Gold";311
1254;"First_1254";"Last_1254";"customer_1254@email.com";"Chalkida";"Greece";"2020-01-17";"Bronze";787
1255;"First_1255";"Last_1255";"customer_1255@email.com";"Thessaloniki";"UK";"2020-02-08";"Silver";832
1256;"First_1256";"Last_1256";"customer_1256@email.com";"Larissa";"Germany";"2020-05-21";"Bronze";584
1257;"First_1257";"Last_1257";"customer_1257@email.com";"Rhodes";"France";"2019-05-10";"Bronze";844
1258;"First_1258";"Last_1258";"customer_1258@email.com";"Rhodes";"Italy";"2019-02-21";"Platinum";691
1259;"First_1259";"Last_1259";"customer_1259@email.com";"Chania";"Greece";"2021-11-15";"Bronze";469
1260;"First_1260";"Last_1260";"customer_1260@email.com";"Athens";"Greece";"2021-10-28";"Silver";376
1261;"First_1261";"Last_1261";"customer_1261@email.com";"Athens";"Greece";"2019-09-20";"Silver";596
1262;"First_1262";"Last_1262";"customer_1262@email.com";"Rhodes";"UK";"2020-12-11";"Silver";629
1263;"First_1263";"Last_1263";"customer_1263@email.com";"Chania";"France";"2021-10-31";"Gold";362
1264;"First_1264";"Last_1264";"customer_1264@email.com";"Chalkida";"Greece";"2021-11-19";"Silver";569
1265;"First_1265";"Last_1265";"customer_1265@email.com";"Rhodes";"Greece";"2020-10-17";"Bronze";515
1266;"First_1266";"Last_1266";"customer_1266@email.com";"Ioannina";"Greece";"2018-05-22";"Gold";489
1267;"First_1267";"Last_1267";"customer_1267@email.com";"Patras";"France";"2021-01-14";"Bronze";374
1268;"First_1268";"Last_1268";"customer_1268@email.com";"Patras";"Greece";"2022-01-27";"Silver";809
1269;"First_1269";"Last_1269";"customer_1269@email.com";"Thessaloniki";"Greece";"2018-02-15";"Platinum";392
1270;"First_1270";"Last_1270";"customer_1270@email.com";"Larissa";"Greece";"2020-04-23";"Silver";352
1271;"First_1271";"Last_1271";"customer_1271@email.com";"Patras";"France";"2020-10-05";"Gold";795
1272;"First_1272";"Last_1272";"customer_1272@email.com";"Volos";"Germany";"2021-06-15";"Silver";393
1273;"First_1273";"Last_1273";"customer_1273@email.com";"Thessaloniki";"Germany";"2018-01-10";"Gold";528
1274;"First_1274";"Last_1274";"customer_1274@email.com";"Patras";"Greece";"2019-10-26";"Gold";549
1275;"First_1275";"Last_1275";"customer_1275@email.com";"Larissa";"Greece";"2019-07-27";"Bronze";690
1276;"First_1276";"Last_1276";"customer_1276@email.com";"Athens";"UK";"2022-04-03";"Bronze";481
1277;"First_1277";"Last_1277";"customer_1277@email.com";"Athens";"Italy";"2022-06-10";"Bronze";566
1278;"First_1278";"Last_1278";"customer_1278@email.com";"Chalkida";"Greece";"2019-10-11";"Silver";580
1279;"First_1279";"Last_1279";"customer_1279@email.com";"Rhodes";"Greece";"2020-07-01";"Bronze";382
1280;"First_1280";"Last_1280";"customer_1280@email.com";"Ioannina";"Greece";"2022-11-01";"Bronze";485
1281;"First_1281";"Last_1281";"customer_1281@email.com";"Athens";"Greece";"2019-10-02";"Bronze";830
1282;"First_1282";"Last_1282";"customer_1282@email.com";"Chania";"France";"2019-09-08";"Platinum";647
1283;"First_1283";"Last_1283";"customer_1283@email.com";"Patras";"Greece";"2019-11-29";"Silver";722
1284;"First_1284";"Last_1284";"customer_1284@email.com";"Chania";"Greece";"2020-06-27";"Bronze";753
1285;"First_1285";"Last_1285";"customer_1285@email.com";"Larissa";"Greece";"2018-06-27";"Bronze";566
1286;"First_1286";"Last_1286";"customer_1286@email.com";"Athens";"Greece";"2020-05-18";"Bronze";806
1287;"First_1287";"Last_1287";"customer_1287@email.com";"Ioannina";"Greece";"2020-10-26";"Bronze";441
1288;"First_1288";"Last_1288";"customer_1288@email.com";"Larissa";"Greece";"2020-05-02";"Bronze";615
1289;"First_1289";"Last_1289";"customer_1289@email.com";"Volos";"Greece";"2018-11-03";"Gold";531
1290;"First_1290";"Last_1290";"customer_1290@email.com";"Volos";"UK";"2019-07-02";"Platinum";596
1291;"First_1291";"Last_1291";"customer_1291@email.com";"Chania";"Greece";"2018-11-23";"Bronze";321
1292;"First_1292";"Last_1292";"customer_1292@email.com";"Rhodes";"Greece";"2021-10-11";"Bronze";683
1293;"First_1293";"Last_1293";"customer_1293@email.com";"Thessaloniki";"Italy";"2022-12-22";"Bronze";425
1294;"First_1294";"Last_1294";"customer_1294@email.com";"Rhodes";"Germany";"2019-01-30";"Bronze";402
1295;"First_1295";"Last_1295";"customer_1295@email.com";"Chalkida";"UK";"2018-10-27";"Bronze";409
1296;"First_1296";"Last_1296";"customer_1296@email.com";"Rhodes";"Greece";"2022-03-30";"Bronze";771
1297;"First_1297";"Last_1297";"customer_1297@email.com";"Chalkida";"Greece";"2020-01-19";"Bronze";364
1298;"First_1298";"Last_1298";"customer_1298@email.com";"Chalkida";"Greece";"2018-10-12";"Silver";771
1299;"First_1299";"Last_1299";"customer_1299@email.com";"Ioannina";"Greece";"2018-11-26";"Silver";375
1300;"First_1300";"Last_1300";"customer_1300@email.com";"Athens";"Greece";"2018-02-19";"Silver";318
1301;"First_1301";"Last_1301";"customer_1301@email.com";"Ioannina";"Italy";"2020-02-12";"Bronze";683
1302;"First_1302";"Last_1302";"customer_1302@email.com";"Chalkida";"Greece";"2022-07-04";"Gold";489
1303;"First_1303";"Last_1303";"customer_1303@email.com";"Larissa";"Greece";"2022-09-29";"Platinum";659
1304;"First_1304";"Last_1304";"customer_1304@email.com";"Volos";"Greece";"2019-01-13";"Bronze";751
1305;"First_1305";"Last_1305";"customer_1305@email.com";"Chalkida";"Greece";"2022-11-23";"Bronze";378
1306;"First_1306";"Last_1306";"customer_1306@email.com";"Ioannina";"Germany";"2022-06-12";"Silver";471
1307;"First_1307";"Last_1307";"customer_1307@email.com";"Larissa";"Greece";"2020-09-26";"Bronze";511
1308;"First_1308";"Last_1308";"customer_1308@email.com";"Ioannina";"UK";"2022-04-11";"Bronze";744
1309;"First_1309";"Last_1309";"customer_1309@email.com";"Rhodes";"Italy";"2020-02-13";"Silver";448
1310;"First_1310";"Last_1310";"customer_1310@email.com";"Patras";"Greece";"2021-03-13";"Silver";309
1311;"First_1311";"Last_1311";"customer_1311@email.com";"Chania";"Greece";"2020-12-19";"Bronze";841
1312;"First_1312";"Last_1312";"customer_1312@email.com";"Thessaloniki";"Italy";"2020-05-17";"Silver";354
1313;"First_1313";"Last_1313";"customer_1313@email.com";"Ioannina";"UK";"2022-12-09";"Platinum";479
1314;"First_1314";"Last_1314";"customer_1314@email.com";"Thessaloniki";"Greece";"2021-01-03";"Bronze";680
1315;"First_1315";"Last_1315";"customer_1315@email.com";"Heraklion";"Italy";"2018-01-03";"Silver";721
1316;"First_1316";"Last_1316";"customer_1316@email.com";"Ioannina";"Greece";"2022-05-18";"Bronze";750
1317;"First_1317";"Last_1317";"customer_1317@email.com";"Patras";"Italy";"2020-01-18";"Bronze";392
1318;"First_1318";"Last_1318";"customer_1318@email.com";"Thessaloniki";"Greece";"2022-01-11";"Silver";819
1319;"First_1319";"Last_1319";"customer_1319@email.com";"Chalkida";"Greece";"2022-10-31";"Bronze";712
1320;"First_1320";"Last_1320";"customer_1320@email.com";"Ioannina";"France";"2018-10-02";"Bronze";693
1321;"First_1321";"Last_1321";"customer_1321@email.com";"Athens";"Greece";"2022-04-03";"Bronze";630
1322;"First_1322";"Last_1322";"customer_1322@email.com";"Chania";"Greece";"2022-06-04";"Silver";732
1323;"First_1323";"Last_1323";"customer_1323@email.com";"Patras";"Greece";"2018-08-03";"Silver";462
1324;"First_1324";"Last_1324";"customer_1324@email.com";"Thessaloniki";"Italy";"2022-09-03";"Bronze";339
1325;"First_1325";"Last_1325";"customer_1325@email.com";"Patras";"France";"2022-02-17";"Silver";384
1326;"First_1326";"Last_1326";"customer_1326@email.com";"Larissa";"UK";"2018-11-25";"Bronze";390
1327;"First_1327";"Last_1327";"customer_1327@email.com";"Chania";"Greece";"2018-09-12";"Silver";783
1328;"First_1328";"Last_1328";"customer_1328@email.com";"Chalkida";"France";"2021-11-11";"Bronze";684
1329;"First_1329";"Last_1329";"customer_1329@email.com";"Ioannina";"Greece";"2018-05-06";"Silver";492
1330;"First_1330";"Last_1330";"customer_1330@email.com";"Ioannina";"Greece";"2020-02-06";"Platinum";552
1331;"First_1331";"Last_1331";"customer_1331@email.com";"Ioannina";"UK";"2022-05-27";"Gold";543
1332;"First_1332";"Last_1332";"customer_1332@email.com";"Chania";"Greece";"2022-04-23";"Bronze";569
1333;"First_1333";"Last_1333";"customer_1333@email.com";"Athens";"Greece";"2021-09-09";"Gold";318
1334;"First_1334";"Last_1334";"customer_1334@email.com";"Heraklion";"Greece";"2021-05-12";"Bronze";339
1335;"First_1335";"Last_1335";"customer_1335@email.com";"Volos";"Greece";"2021-04-10";"Platinum";815
1336;"First_1336";"Last_1336";"customer_1336@email.com";"Rhodes";"France";"2022-10-25";"Bronze";332
1337;"First_1337";"Last_1337";"customer_1337@email.com";"Thessaloniki";"Greece";"2018-08-05";"Bronze";749
1338;"First_1338";"Last_1338";"customer_1338@email.com";"Athens";"UK";"2021-06-22";"Bronze";838
1339;"First_1339";"Last_1339";"customer_1339@email.com";"Chalkida";"Greece";"2021-09-21";"Bronze";618
1340;"First_1340";"Last_1340";"customer_1340@email.com";"Thessaloniki";"Greece";"2022-09-23";"Silver";423
1341;"First_1341";"Last_1341";"customer_1341@email.com";"Ioannina";"Greece";"2021-08-14";"Gold";671
1342;"First_1342";"Last_1342";"customer_1342@email.com";"Patras";"UK";"2020-04-11";"Silver";650
1343;"First_1343";"Last_1343";"customer_1343@email.com";"Chalkida";"Germany";"2018-07-01";"Silver";622
1344;"First_1344";"Last_1344";"customer_1344@email.com";"Thessaloniki";"Italy";"2018-11-30";"Silver";787
1345;"First_1345";"Last_1345";"customer_1345@email.com";"Ioannina";"Germany";"2019-05-26";"Bronze";750
1346;"First_1346";"Last_1346";"customer_1346@email.com";"Thessaloniki";"Greece";"2019-01-18";"Bronze";652
1347;"First_1347";"Last_1347";"customer_1347@email.com";"Patras";"Germany";"2022-10-07";"Bronze";415
1348;"First_1348";"Last_1348";"customer_1348@email.com";"Ioannina";"Italy";"2021-05-07";"Bronze";312
1349;"First_1349";"Last_1349";"customer_1349@email.com";"Heraklion";"UK";"2018-11-28";"Bronze";619
1350;"First_1350";"Last_1350";"customer_1350@email.com";"Athens";"Greece";"2021-04-03";"Bronze";464
1351;"First_1351";"Last_1351";"customer_1351@email.com";"Larissa";"Greece";"2021-06-19";"Bronze";384
1352;"First_1352";"Last_1352";"customer_1352@email.com";"Rhodes";"Germany";"2020-06-18";"Bronze";547
1353;"First_1353";"Last_1353";"customer_1353@email.com";"Chania";"UK";"2019-10-04";"Gold";731
1354;"First_1354";"Last_1354";"customer_1354@email.com";"Rhodes";"Greece";"2021-06-04";"Bronze";778
1355;"First_1355";"Last_1355";"customer_1355@email.com";"Chalkida";"France";"2019-09-26";"Silver";667
1356;"First_1356";"Last_1356";"customer_1356@email.com";"Rhodes";"Italy";"2022-04-29";"Silver";656
1357;"First_1357";"Last_1357";"customer_1357@email.com";"Ioannina";"Greece";"2019-03-27";"Silver";707
1358;"First_1358";"Last_1358";"customer_1358@email.com";"Heraklion";"France";"2018-07-15";"Bronze";644
1359;"First_1359";"Last_1359";"customer_1359@email.com";"Larissa";"Greece";"2021-05-12";"Bronze";478
1360;"First_1360";"Last_1360";"customer_1360@email.com";"Athens";"Greece";"2019-04-03";"Bronze";724
1361;"First_1361";"Last_1361";"customer_1361@email.com";"Athens";"Greece";"2020-04-09";"Bronze";840
1362;"First_1362";"Last_1362";"customer_1362@email.com";"Patras";"Greece";"2018-09-14";"Bronze";742
1363;"First_1363";"Last_1363";"customer_1363@email.com";"Chania";"France";"2022-04-02";"Silver";605
1364;"First_1364";"Last_1364";"customer_1364@email.com";"Thessaloniki";"Greece";"2021-07-19";"Silver";666
1365;"First_1365";"Last_1365";"customer_1365@email.com";"Heraklion";"Greece";"2018-01-09";"Silver";335
1366;"First_1366";"Last_1366";"customer_1366@email.com";"Thessaloniki";"Greece";"2020-01-31";"Bronze";762
1367;"First_1367";"Last_1367";"customer_1367@email.com";"Larissa";"Greece";"2020-08-06";"Bronze";445
1368;"First_1368";"Last_1368";"customer_1368@email.com";"Rhodes";"Greece";"2021-05-09";"Gold";445
1369;"First_1369";"Last_1369";"customer_1369@email.com";"Athens";"Germany";"2020-12-18";"Bronze";679
1370;"First_1370";"Last_1370";"customer_1370@email.com";"Larissa";"Greece";"2020-06-05";"Silver";467
1371;"First_1371";"Last_1371";"customer_1371@email.com";"Rhodes";"France";"2019-01-28";"Silver";574
1372;"First_1372";"Last_1372";"customer_1372@email.com";"Athens";"France";"2022-08-03";"Bronze";386
1373;"First_1373";"Last_1373";"customer_1373@email.com";"Rhodes";"Greece";"2021-02-16";"Bronze";453
1374;"First_1374";"Last_1374";"customer_1374@email.com";"Chania";"France";"2022-04-26";"Bronze";796
1375;"First_1375";"Last_1375";"customer_1375@email.com";"Heraklion";"Greece";"2019-02-03";"Bronze";614
1376;"First_1376";"Last_1376";"customer_1376@email.com";"Chalkida";"Greece";"2018-11-27";"Bronze";573
1377;"First_1377";"Last_1377";"customer_1377@email.com";"Larissa";"Greece";"2021-07-14";"Bronze";561
1378;"First_1378";"Last_1378";"customer_1378@email.com";"Larissa";"Greece";"2022-03-24";"Bronze";786
1379;"First_1379";"Last_1379";"customer_1379@email.com";"Volos";"Greece";"2022-09-15";"Silver";753
1380;"First_1380";"Last_1380";"customer_1380@email.com";"Ioannina";"UK";"2019-04-25";"Gold";742
1381;"First_1381";"Last_1381";"customer_1381@email.com";"Chania";"Greece";"2018-05-14";"Bronze";561
1382;"First_1382";"Last_1382";"customer_1382@email.com";"Chania";"UK";"2022-09-13";"Gold";842
1383;"First_1383";"Last_1383";"customer_1383@email.com";"Thessaloniki";"Greece";"2020-07-04";"Platinum";404
1384;"First_1384";"Last_1384";"customer_1384@email.com";"Rhodes";"UK";"2020-07-23";"Platinum";649
1385;"First_1385";"Last_1385";"customer_1385@email.com";"Ioannina";"Greece";"2018-12-21";"Gold";737
1386;"First_1386";"Last_1386";"customer_1386@email.com";"Heraklion";"Greece";"2019-08-07";"Bronze";468
1387;"First_1387";"Last_1387";"customer_1387@email.com";"Heraklion";"Greece";"2022-03-02";"Bronze";642
1388;"First_1388";"Last_1388";"customer_1388@email.com";"Chania";"Greece";"2019-09-17";"Silver";529
1389;"First_1389";"Last_1389";"customer_1389@email.com";"Heraklion";"Greece";"2021-02-04";"Silver";322
1390;"First_1390";"Last_1390";"customer_1390@email.com";"Volos";"France";"2018-10-17";"Gold";580
1391;"First_1391";"Last_1391";"customer_1391@email.com";"Larissa";"Greece";"2020-04-04";"Platinum";818
1392;"First_1392";"Last_1392";"customer_1392@email.com";"Patras";"UK";"2019-09-21";"Silver";552
1393;"First_1393";"Last_1393";"customer_1393@email.com";"Chalkida";"Germany";"2020-10-15";"Bronze";703
1394;"First_1394";"Last_1394";"customer_1394@email.com";"Thessaloniki";"France";"2019-09-24";"Bronze";432
1395;"First_1395";"Last_1395";"customer_1395@email.com";"Rhodes";"Greece";"2021-03-16";"Bronze";573
1396;"First_1396";"Last_1396";"customer_1396@email.com";"Chalkida";"Greece";"2018-11-23";"Silver";531
1397;"First_1397";"Last_1397";"customer_1397@email.com";"Rhodes";"Italy";"2021-12-09";"Silver";844
1398;"First_1398";"Last_1398";"customer_1398@email.com";"Athens";"Germany";"2018-07-29";"Gold";378
1399;"First_1399";"Last_1399";"customer_1399@email.com";"Chalkida";"Greece";"2021-08-12";"Silver";334
1400;"First_1400";"Last_1400";"customer_1400@email.com";"Patras";"Greece";"2021-11-22";"Gold";794
1401;"First_1401";"Last_1401";"customer_1401@email.com";"Chania";"Greece";"2021-01-31";"Silver";409
1402;"First_1402";"Last_1402";"customer_1402@email.com";"Volos";"Greece";"2019-09-28";"Gold";620
1403;"First_1403";"Last_1403";"customer_1403@email.com";"Larissa";"UK";"2022-11-16";"Bronze";627
1404;"First_1404";"Last_1404";"customer_1404@email.com";"Larissa";"Greece";"2022-03-12";"Gold";683
1405;"First_1405";"Last_1405";"customer_1405@email.com";"Volos";"Greece";"2020-05-17";"Silver";663
1406;"First_1406";"Last_1406";"customer_1406@email.com";"Ioannina";"Greece";"2021-05-17";"Bronze";531
1407;"First_1407";"Last_1407";"customer_1407@email.com";"Athens";"Greece";"2019-03-04";"Bronze";713
1408;"First_1408";"Last_1408";"customer_1408@email.com";"Rhodes";"Germany";"2019-01-28";"Gold";593
1409;"First_1409";"Last_1409";"customer_1409@email.com";"Patras";"France";"2020-04-05";"Bronze";846
1410;"First_1410";"Last_1410";"customer_1410@email.com";"Heraklion";"Greece";"2020-07-04";"Bronze";473
1411;"First_1411";"Last_1411";"customer_1411@email.com";"Chalkida";"France";"2021-02-06";"Bronze";691
1412;"First_1412";"Last_1412";"customer_1412@email.com";"Athens";"Greece";"2018-12-14";"Silver";401
1413;"First_1413";"Last_1413";"customer_1413@email.com";"Chalkida";"Greece";"2018-02-19";"Gold";592
1414;"First_1414";"Last_1414";"customer_1414@email.com";"Patras";"Greece";"2020-07-04";"Bronze";384
1415;"First_1415";"Last_1415";"customer_1415@email.com";"Thessaloniki";"Greece";"2021-02-02";"Bronze";500
1416;"First_1416";"Last_1416";"customer_1416@email.com";"Thessaloniki";"Greece";"2021-12-14";"Platinum";840
1417;"First_1417";"Last_1417";"customer_1417@email.com";"Athens";"Greece";"2021-10-28";"Silver";596
1418;"First_1418";"Last_1418";"customer_1418@email.com";"Chania";"France";"2020-11-16";"Gold";355
1419;"First_1419";"Last_1419";"customer_1419@email.com";"Patras";"Greece";"2020-08-25";"Bronze";771
1420;"First_1420";"Last_1420";"customer_1420@email.com";"Patras";"UK";"2020-03-10";"Bronze";315
1421;"First_1421";"Last_1421";"customer_1421@email.com";"Volos";"Greece";"2022-11-28";"Bronze";365
1422;"First_1422";"Last_1422";"customer_1422@email.com";"Chania";"Italy";"2021-07-20";"Silver";771
1423;"First_1423";"Last_1423";"customer_1423@email.com";"Rhodes";"UK";"2020-10-13";"Bronze";322
1424;"First_1424";"Last_1424";"customer_1424@email.com";"Rhodes";"Greece";"2019-10-11";"Bronze";785
1425;"First_1425";"Last_1425";"customer_1425@email.com";"Heraklion";"UK";"2021-09-25";"Bronze";714
1426;"First_1426";"Last_1426";"customer_1426@email.com";"Larissa";"Greece";"2018-10-28";"Bronze";604
1427;"First_1427";"Last_1427";"customer_1427@email.com";"Thessaloniki";"UK";"2022-02-12";"Gold";476
1428;"First_1428";"Last_1428";"customer_1428@email.com";"Rhodes";"Greece";"2022-04-17";"Bronze";494
1429;"First_1429";"Last_1429";"customer_1429@email.com";"Chania";"Germany";"2022-04-30";"Silver";312
1430;"First_1430";"Last_1430";"customer_1430@email.com";"Patras";"UK";"2021-07-12";"Gold";465
1431;"First_1431";"Last_1431";"customer_1431@email.com";"Rhodes";"Greece";"2022-04-15";"Bronze";449
1432;"First_1432";"Last_1432";"customer_1432@email.com";"Patras";"Greece";"2022-06-08";"Silver";640
1433;"First_1433";"Last_1433";"customer_1433@email.com";"Rhodes";"France";"2018-06-15";"Platinum";473
1434;"First_1434";"Last_1434";"customer_1434@email.com";"Thessaloniki";"Greece";"2018-11-12";"Platinum";466
1435;"First_1435";"Last_1435";"customer_1435@email.com";"Chalkida";"Greece";"2018-01-01";"Bronze";396
1436;"First_1436";"Last_1436";"customer_1436@email.com";"Rhodes";"Greece";"2020-10-16";"Bronze";703
1437;"First_1437";"Last_1437";"customer_1437@email.com";"Chania";"Greece";"2022-11-20";"Bronze";376
1438;"First_1438";"Last_1438";"customer_1438@email.com";"Rhodes";"Italy";"2021-07-08";"Silver";536
1439;"First_1439";"Last_1439";"customer_1439@email.com";"Larissa";"Greece";"2018-03-04";"Silver";590
1440;"First_1440";"Last_1440";"customer_1440@email.com";"Thessaloniki";"Greece";"2019-04-28";"Silver";435
1441;"First_1441";"Last_1441";"customer_1441@email.com";"Chania";"Germany";"2022-08-27";"Bronze";666
1442;"First_1442";"Last_1442";"customer_1442@email.com";"Volos";"France";"2021-09-06";"Bronze";847
1443;"First_1443";"Last_1443";"customer_1443@email.com";"Chania";"Greece";"2021-05-09";"Silver";547
1444;"First_1444";"Last_1444";"customer_1444@email.com";"Larissa";"Greece";"2018-08-10";"Bronze";513
1445;"First_1445";"Last_1445";"customer_1445@email.com";"Chalkida";"Italy";"2018-06-01";"Silver";369
1446;"First_1446";"Last_1446";"customer_1446@email.com";"Thessaloniki";"Germany";"2019-10-06";"Bronze";628
1447;"First_1447";"Last_1447";"customer_1447@email.com";"Volos";"Greece";"2019-09-18";"Bronze";315
1448;"First_1448";"Last_1448";"customer_1448@email.com";"Larissa";"Greece";"2022-01-25";"Bronze";786
1449;"First_1449";"Last_1449";"customer_1449@email.com";"Larissa";"Greece";"2018-08-05";"Bronze";473
1450;"First_1450";"Last_1450";"customer_1450@email.com";"Athens";"Greece";"2018-07-15";"Bronze";573
1451;"First_1451";"Last_1451";"customer_1451@email.com";"Thessaloniki";"Greece";"2022-12-22";"Bronze";823
1452;"First_1452";"Last_1452";"customer_1452@email.com";"Chania";"France";"2021-05-10";"Bronze";518
1453;"First_1453";"Last_1453";"customer_1453@email.com";"Patras";"Greece";"2020-09-21";"Bronze";812
1454;"First_1454";"Last_1454";"customer_1454@email.com";"Chalkida";"UK";"2020-10-11";"Bronze";698
1455;"First_1455";"Last_1455";"customer_1455@email.com";"Patras";"Greece";"2019-10-09";"Silver";410
1456;"First_1456";"Last_1456";"customer_1456@email.com";"Chania";"UK";"2021-06-11";"Bronze";763
1457;"First_1457";"Last_1457";"customer_1457@email.com";"Chania";"UK";"2021-03-10";"Silver";392
1458;"First_1458";"Last_1458";"customer_1458@email.com";"Thessaloniki";"Greece";"2019-12-09";"Silver";750
1459;"First_1459";"Last_1459";"customer_1459@email.com";"Chania";"Greece";"2022-03-02";"Silver";695
1460;"First_1460";"Last_1460";"customer_1460@email.com";"Athens";"Greece";"2022-04-28";"Platinum";778
1461;"First_1461";"Last_1461";"customer_1461@email.com";"Volos";"France";"2020-12-16";"Bronze";615
1462;"First_1462";"Last_1462";"customer_1462@email.com";"Chania";"France";"2022-03-08";"Silver";652
1463;"First_1463";"Last_1463";"customer_1463@email.com";"Patras";"Greece";"2021-03-11";"Platinum";538
1464;"First_1464";"Last_1464";"customer_1464@email.com";"Chania";"Greece";"2019-12-23";"Gold";403
1465;"First_1465";"Last_1465";"customer_1465@email.com";"Athens";"Greece";"2022-05-27";"Bronze";328
1466;"First_1466";"Last_1466";"customer_1466@email.com";"Rhodes";"UK";"2022-10-26";"Bronze";388
1467;"First_1467";"Last_1467";"customer_1467@email.com";"Rhodes";"Greece";"2022-04-12";"Bronze";674
1468;"First_1468";"Last_1468";"customer_1468@email.com";"Larissa";"Greece";"2019-10-02";"Silver";696
1469;"First_1469";"Last_1469";"customer_1469@email.com";"Chalkida";"Greece";"2018-04-16";"Silver";663
1470;"First_1470";"Last_1470";"customer_1470@email.com";"Heraklion";"Greece";"2018-06-14";"Bronze";446
1471;"First_1471";"Last_1471";"customer_1471@email.com";"Volos";"UK";"2018-08-03";"Silver";613
1472;"First_1472";"Last_1472";"customer_1472@email.com";"Ioannina";"Greece";"2020-12-30";"Silver";847
1473;"First_1473";"Last_1473";"customer_1473@email.com";"Larissa";"Germany";"2022-10-06";"Bronze";751
1474;"First_1474";"Last_1474";"customer_1474@email.com";"Chalkida";"Greece";"2022-08-16";"Gold";805
1475;"First_1475";"Last_1475";"customer_1475@email.com";"Rhodes";"Greece";"2022-05-22";"Silver";785
1476;"First_1476";"Last_1476";"customer_1476@email.com";"Patras";"Germany";"2018-03-31";"Bronze";400
1477;"First_1477";"Last_1477";"customer_1477@email.com";"Ioannina";"Italy";"2022-12-01";"Silver";406
1478;"First_1478";"Last_1478";"customer_1478@email.com";"Chalkida";"UK";"2020-05-23";"Bronze";590
1479;"First_1479";"Last_1479";"customer_1479@email.com";"Chalkida";"Greece";"2021-06-05";"Silver";648
1480;"First_1480";"Last_1480";"customer_1480@email.com";"Larissa";"Greece";"2021-01-07";"Platinum";526
1481;"First_1481";"Last_1481";"customer_1481@email.com";"Ioannina";"France";"2019-08-31";"Gold";349
1482;"First_1482";"Last_1482";"customer_1482@email.com";"Thessaloniki";"Greece";"2018-12-15";"Bronze";457
1483;"First_1483";"Last_1483";"customer_1483@email.com";"Heraklion";"Greece";"2020-06-12";"Bronze";627
1484;"First_1484";"Last_1484";"customer_1484@email.com";"Thessaloniki";"France";"2018-09-03";"Bronze";376
1485;"First_1485";"Last_1485";"customer_1485@email.com";"Ioannina";"France";"2018-09-29";"Silver";753
1486;"First_1486";"Last_1486";"customer_1486@email.com";"Thessaloniki";"Italy";"2019-02-07";"Bronze";609
1487;"First_1487";"Last_1487";"customer_1487@email.com";"Athens";"Italy";"2022-08-20";"Silver";626
1488;"First_1488";"Last_1488";"customer_1488@email.com";"Rhodes";"France";"2021-02-13";"Bronze";807
1489;"First_1489";"Last_1489";"customer_1489@email.com";"Athens";"Greece";"2021-12-29";"Bronze";406
1490;"First_1490";"Last_1490";"customer_1490@email.com";"Chania";"Greece";"2022-04-03";"Bronze";540
1491;"First_1491";"Last_1491";"customer_1491@email.com";"Thessaloniki";"Greece";"2022-01-05";"Platinum";734
1492;"First_1492";"Last_1492";"customer_1492@email.com";"Chania";"Greece";"2021-04-10";"Silver";327
1493;"First_1493";"Last_1493";"customer_1493@email.com";"Patras";"Greece";"2020-11-05";"Bronze";548
1494;"First_1494";"Last_1494";"customer_1494@email.com";"Volos";"Greece";"2020-08-18";"Bronze";663
1495;"First_1495";"Last_1495";"customer_1495@email.com";"Patras";"Greece";"2022-11-11";"Silver";832
1496;"First_1496";"Last_1496";"customer_1496@email.com";"Ioannina";"Greece";"2020-06-16";"Bronze";771
1497;"First_1497";"Last_1497";"customer_1497@email.com";"Chalkida";"Greece";"2020-12-15";"Silver";838
1498;"First_1498";"Last_1498";"customer_1498@email.com";"Rhodes";"Greece";"2022-06-03";"Gold";712
1499;"First_1499";"Last_1499";"customer_1499@email.com";"Thessaloniki";"Greece";"2021-01-31";"Silver";464
1500;"First_1500";"Last_1500";"customer_1500@email.com";"Larissa";"UK";"2018-10-11";"Silver";347
1501;"First_1501";"Last_1501";"customer_1501@email.com";"Volos";"Greece";"2022-09-25";"Silver";783
1502;"First_1502";"Last_1502";"customer_1502@email.com";"Heraklion";"Greece";"2019-06-01";"Gold";457
1503;"First_1503";"Last_1503";"customer_1503@email.com";"Heraklion";"UK";"2019-09-10";"Gold";450
1504;"First_1504";"Last_1504";"customer_1504@email.com";"Heraklion";"Greece";"2021-07-25";"Silver";524
1505;"First_1505";"Last_1505";"customer_1505@email.com";"Thessaloniki";"Greece";"2019-09-04";"Bronze";559
1506;"First_1506";"Last_1506";"customer_1506@email.com";"Heraklion";"Greece";"2020-01-20";"Bronze";686
1507;"First_1507";"Last_1507";"customer_1507@email.com";"Athens";"Greece";"2021-07-16";"Bronze";555
1508;"First_1508";"Last_1508";"customer_1508@email.com";"Volos";"Italy";"2019-02-04";"Silver";360
1509;"First_1509";"Last_1509";"customer_1509@email.com";"Athens";"Greece";"2022-03-07";"Silver";695
1510;"First_1510";"Last_1510";"customer_1510@email.com";"Chalkida";"Germany";"2018-03-27";"Bronze";696
1511;"First_1511";"Last_1511";"customer_1511@email.com";"Volos";"Greece";"2018-11-16";"Bronze";461
1512;"First_1512";"Last_1512";"customer_1512@email.com";"Athens";"Greece";"2020-11-21";"Bronze";679
1513;"First_1513";"Last_1513";"customer_1513@email.com";"Volos";"Greece";"2018-12-02";"Gold";742
1514;"First_1514";"Last_1514";"customer_1514@email.com";"Chalkida";"Greece";"2018-02-20";"Silver";648
1515;"First_1515";"Last_1515";"customer_1515@email.com";"Chania";"Greece";"2021-01-07";"Silver";330
1516;"First_1516";"Last_1516";"customer_1516@email.com";"Thessaloniki";"Greece";"2022-09-18";"Bronze";370
1517;"First_1517";"Last_1517";"customer_1517@email.com";"Thessaloniki";"Greece";"2018-06-23";"Silver";696
1518;"First_1518";"Last_1518";"customer_1518@email.com";"Heraklion";"Germany";"2022-06-30";"Bronze";737
1519;"First_1519";"Last_1519";"customer_1519@email.com";"Patras";"Greece";"2019-05-16";"Silver";301
1520;"First_1520";"Last_1520";"customer_1520@email.com";"Heraklion";"France";"2022-05-18";"Bronze";434
1521;"First_1521";"Last_1521";"customer_1521@email.com";"Ioannina";"Germany";"2018-03-17";"Bronze";445
1522;"First_1522";"Last_1522";"customer_1522@email.com";"Athens";"Greece";"2018-11-12";"Bronze";478
1523;"First_1523";"Last_1523";"customer_1523@email.com";"Volos";"Greece";"2021-10-28";"Bronze";563
1524;"First_1524";"Last_1524";"customer_1524@email.com";"Patras";"Greece";"2021-01-09";"Platinum";610
1525;"First_1525";"Last_1525";"customer_1525@email.com";"Chalkida";"UK";"2022-07-22";"Bronze";503
1526;"First_1526";"Last_1526";"customer_1526@email.com";"Ioannina";"Greece";"2022-09-15";"Bronze";329
1527;"First_1527";"Last_1527";"customer_1527@email.com";"Chalkida";"France";"2022-11-14";"Silver";358
1528;"First_1528";"Last_1528";"customer_1528@email.com";"Thessaloniki";"Greece";"2019-11-28";"Gold";308
1529;"First_1529";"Last_1529";"customer_1529@email.com";"Thessaloniki";"France";"2020-10-06";"Bronze";623
1530;"First_1530";"Last_1530";"customer_1530@email.com";"Heraklion";"Greece";"2020-01-02";"Silver";466
1531;"First_1531";"Last_1531";"customer_1531@email.com";"Athens";"France";"2020-12-30";"Gold";636
1532;"First_1532";"Last_1532";"customer_1532@email.com";"Patras";"Greece";"2020-08-26";"Bronze";678
1533;"First_1533";"Last_1533";"customer_1533@email.com";"Rhodes";"Greece";"2020-05-03";"Bronze";541
1534;"First_1534";"Last_1534";"customer_1534@email.com";"Ioannina";"Greece";"2019-10-28";"Bronze";459
1535;"First_1535";"Last_1535";"customer_1535@email.com";"Ioannina";"Greece";"2022-11-16";"Gold";534
1536;"First_1536";"Last_1536";"customer_1536@email.com";"Heraklion";"Italy";"2019-10-14";"Bronze";752
1537;"First_1537";"Last_1537";"customer_1537@email.com";"Thessaloniki";"Greece";"2020-12-30";"Bronze";498
1538;"First_1538";"Last_1538";"customer_1538@email.com";"Heraklion";"Greece";"2018-02-15";"Silver";776
1539;"First_1539";"Last_1539";"customer_1539@email.com";"Volos";"Greece";"2020-12-06";"Silver";332
1540;"First_1540";"Last_1540";"customer_1540@email.com";"Patras";"Greece";"2022-06-03";"Bronze";707
1541;"First_1541";"Last_1541";"customer_1541@email.com";"Athens";"Greece";"2021-12-16";"Silver";388
1542;"First_1542";"Last_1542";"customer_1542@email.com";"Chania";"Germany";"2018-05-29";"Bronze";520
1543;"First_1543";"Last_1543";"customer_1543@email.com";"Larissa";"Greece";"2020-06-28";"Bronze";368
1544;"First_1544";"Last_1544";"customer_1544@email.com";"Larissa";"Italy";"2021-02-27";"Silver";593
1545;"First_1545";"Last_1545";"customer_1545@email.com";"Heraklion";"Greece";"2019-04-01";"Gold";536
1546;"First_1546";"Last_1546";"customer_1546@email.com";"Volos";"Greece";"2022-07-21";"Bronze";459
1547;"First_1547";"Last_1547";"customer_1547@email.com";"Patras";"UK";"2020-05-26";"Gold";589
1548;"First_1548";"Last_1548";"customer_1548@email.com";"Rhodes";"Germany";"2022-07-13";"Silver";832
1549;"First_1549";"Last_1549";"customer_1549@email.com";"Larissa";"Greece";"2020-08-23";"Bronze";634
1550;"First_1550";"Last_1550";"customer_1550@email.com";"Patras";"Germany";"2020-05-18";"Silver";801
1551;"First_1551";"Last_1551";"customer_1551@email.com";"Athens";"Greece";"2022-03-09";"Bronze";545
1552;"First_1552";"Last_1552";"customer_1552@email.com";"Chalkida";"Greece";"2020-07-17";"Platinum";622
1553;"First_1553";"Last_1553";"customer_1553@email.com";"Volos";"France";"2020-10-20";"Gold";628
1554;"First_1554";"Last_1554";"customer_1554@email.com";"Thessaloniki";"Greece";"2020-09-27";"Bronze";846
1555;"First_1555";"Last_1555";"customer_1555@email.com";"Patras";"Greece";"2020-02-13";"Bronze";638
1556;"First_1556";"Last_1556";"customer_1556@email.com";"Athens";"France";"2018-09-01";"Bronze";470
1557;"First_1557";"Last_1557";"customer_1557@email.com";"Rhodes";"Italy";"2019-04-19";"Bronze";409
1558;"First_1558";"Last_1558";"customer_1558@email.com";"Chania";"Greece";"2019-01-17";"Bronze";309
1559;"First_1559";"Last_1559";"customer_1559@email.com";"Thessaloniki";"Greece";"2021-01-31";"Bronze";501
1560;"First_1560";"Last_1560";"customer_1560@email.com";"Chania";"Greece";"2019-05-04";"Silver";556
1561;"First_1561";"Last_1561";"customer_1561@email.com";"Rhodes";"Italy";"2020-11-26";"Bronze";561
1562;"First_1562";"Last_1562";"customer_1562@email.com";"Athens";"France";"2022-08-05";"Gold";729
1563;"First_1563";"Last_1563";"customer_1563@email.com";"Larissa";"Greece";"2022-04-22";"Gold";806
1564;"First_1564";"Last_1564";"customer_1564@email.com";"Chania";"Greece";"2022-03-24";"Bronze";365
1565;"First_1565";"Last_1565";"customer_1565@email.com";"Thessaloniki";"Greece";"2022-11-02";"Gold";334
1566;"First_1566";"Last_1566";"customer_1566@email.com";"Heraklion";"UK";"2021-09-18";"Bronze";790
1567;"First_1567";"Last_1567";"customer_1567@email.com";"Ioannina";"Germany";"2019-02-01";"Bronze";553
1568;"First_1568";"Last_1568";"customer_1568@email.com";"Patras";"Germany";"2018-10-23";"Silver";316
1569;"First_1569";"Last_1569";"customer_1569@email.com";"Larissa";"Italy";"2018-04-17";"Bronze";560
1570;"First_1570";"Last_1570";"customer_1570@email.com";"Chania";"Greece";"2020-05-09";"Silver";555
1571;"First_1571";"Last_1571";"customer_1571@email.com";"Chalkida";"Greece";"2020-08-11";"Gold";723
1572;"First_1572";"Last_1572";"customer_1572@email.com";"Patras";"Greece";"2019-06-14";"Platinum";800
1573;"First_1573";"Last_1573";"customer_1573@email.com";"Heraklion";"Greece";"2021-01-11";"Silver";585
1574;"First_1574";"Last_1574";"customer_1574@email.com";"Rhodes";"Greece";"2020-07-22";"Silver";306
1575;"First_1575";"Last_1575";"customer_1575@email.com";"Ioannina";"Greece";"2018-10-15";"Bronze";796
1576;"First_1576";"Last_1576";"customer_1576@email.com";"Athens";"Germany";"2019-12-07";"Bronze";498
1577;"First_1577";"Last_1577";"customer_1577@email.com";"Heraklion";"France";"2022-01-24";"Silver";717
1578;"First_1578";"Last_1578";"customer_1578@email.com";"Heraklion";"Greece";"2018-08-03";"Bronze";351
1579;"First_1579";"Last_1579";"customer_1579@email.com";"Rhodes";"Greece";"2021-07-28";"Bronze";542
1580;"First_1580";"Last_1580";"customer_1580@email.com";"Volos";"Greece";"2020-01-02";"Bronze";518
1581;"First_1581";"Last_1581";"customer_1581@email.com";"Rhodes";"UK";"2022-01-22";"Silver";817
1582;"First_1582";"Last_1582";"customer_1582@email.com";"Volos";"UK";"2022-12-30";"Bronze";408
1583;"First_1583";"Last_1583";"customer_1583@email.com";"Volos";"Greece";"2018-12-10";"Silver";650
1584;"First_1584";"Last_1584";"customer_1584@email.com";"Larissa";"Greece";"2018-07-13";"Bronze";365
1585;"First_1585";"Last_1585";"customer_1585@email.com";"Larissa";"Greece";"2018-06-07";"Bronze";309
1586;"First_1586";"Last_1586";"customer_1586@email.com";"Thessaloniki";"Greece";"2019-04-10";"Bronze";501
1587;"First_1587";"Last_1587";"customer_1587@email.com";"Chania";"Greece";"2018-04-14";"Bronze";513
1588;"First_1588";"Last_1588";"customer_1588@email.com";"Chania";"France";"2018-02-03";"Gold";367
1589;"First_1589";"Last_1589";"customer_1589@email.com";"Athens";"France";"2021-01-30";"Bronze";626
1590;"First_1590";"Last_1590";"customer_1590@email.com";"Chania";"Greece";"2019-10-01";"Bronze";349
1591;"First_1591";"Last_1591";"customer_1591@email.com";"Larissa";"UK";"2022-10-16";"Silver";316
1592;"First_1592";"Last_1592";"customer_1592@email.com";"Thessaloniki";"Italy";"2018-11-21";"Bronze";822
1593;"First_1593";"Last_1593";"customer_1593@email.com";"Thessaloniki";"Greece";"2019-11-22";"Bronze";605
1594;"First_1594";"Last_1594";"customer_1594@email.com";"Volos";"Greece";"2019-08-15";"Bronze";691
1595;"First_1595";"Last_1595";"customer_1595@email.com";"Rhodes";"Italy";"2018-05-21";"Platinum";423
1596;"First_1596";"Last_1596";"customer_1596@email.com";"Athens";"Greece";"2019-04-19";"Silver";803
1597;"First_1597";"Last_1597";"customer_1597@email.com";"Volos";"Italy";"2020-11-20";"Bronze";524
1598;"First_1598";"Last_1598";"customer_1598@email.com";"Rhodes";"Italy";"2020-06-02";"Bronze";617
1599;"First_1599";"Last_1599";"customer_1599@email.com";"Chania";"Germany";"2018-03-04";"Bronze";772
1600;"First_1600";"Last_1600";"customer_1600@email.com";"Volos";"France";"2022-05-03";"Bronze";840
1601;"First_1601";"Last_1601";"customer_1601@email.com";"Patras";"UK";"2021-01-15";"Silver";657
1602;"First_1602";"Last_1602";"customer_1602@email.com";"Chania";"Germany";"2018-10-31";"Gold";782
1603;"First_1603";"Last_1603";"customer_1603@email.com";"Rhodes";"Greece";"2020-12-20";"Bronze";728
1604;"First_1604";"Last_1604";"customer_1604@email.com";"Athens";"Greece";"2019-01-31";"Gold";796
1605;"First_1605";"Last_1605";"customer_1605@email.com";"Rhodes";"Greece";"2018-11-30";"Bronze";771
1606;"First_1606";"Last_1606";"customer_1606@email.com";"Volos";"Germany";"2020-02-25";"Bronze";599
1607;"First_1607";"Last_1607";"customer_1607@email.com";"Volos";"Greece";"2019-02-15";"Bronze";383
1608;"First_1608";"Last_1608";"customer_1608@email.com";"Heraklion";"Greece";"2018-10-11";"Bronze";676
1609;"First_1609";"Last_1609";"customer_1609@email.com";"Athens";"Greece";"2019-04-11";"Gold";612
1610;"First_1610";"Last_1610";"customer_1610@email.com";"Chalkida";"UK";"2018-03-21";"Bronze";619
1611;"First_1611";"Last_1611";"customer_1611@email.com";"Chania";"Italy";"2022-09-12";"Bronze";503
1612;"First_1612";"Last_1612";"customer_1612@email.com";"Thessaloniki";"Italy";"2020-02-23";"Platinum";654
1613;"First_1613";"Last_1613";"customer_1613@email.com";"Athens";"Greece";"2021-01-05";"Gold";593
1614;"First_1614";"Last_1614";"customer_1614@email.com";"Thessaloniki";"France";"2020-01-03";"Silver";803
1615;"First_1615";"Last_1615";"customer_1615@email.com";"Athens";"UK";"2022-12-23";"Gold";444
1616;"First_1616";"Last_1616";"customer_1616@email.com";"Athens";"Greece";"2022-04-13";"Bronze";838
1617;"First_1617";"Last_1617";"customer_1617@email.com";"Rhodes";"Greece";"2021-10-16";"Gold";316
1618;"First_1618";"Last_1618";"customer_1618@email.com";"Athens";"Greece";"2018-03-18";"Silver";338
1619;"First_1619";"Last_1619";"customer_1619@email.com";"Heraklion";"Italy";"2019-05-24";"Gold";429
1620;"First_1620";"Last_1620";"customer_1620@email.com";"Chalkida";"Greece";"2021-04-02";"Silver";414
1621;"First_1621";"Last_1621";"customer_1621@email.com";"Volos";"Greece";"2020-10-29";"Bronze";749
1622;"First_1622";"Last_1622";"customer_1622@email.com";"Ioannina";"Germany";"2021-04-13";"Silver";344
1623;"First_1623";"Last_1623";"customer_1623@email.com";"Thessaloniki";"Greece";"2019-04-07";"Bronze";515
1624;"First_1624";"Last_1624";"customer_1624@email.com";"Volos";"Greece";"2021-08-23";"Bronze";714
1625;"First_1625";"Last_1625";"customer_1625@email.com";"Ioannina";"Germany";"2022-05-31";"Bronze";564
1626;"First_1626";"Last_1626";"customer_1626@email.com";"Chalkida";"Greece";"2018-09-02";"Gold";739
1627;"First_1627";"Last_1627";"customer_1627@email.com";"Chalkida";"UK";"2018-05-02";"Bronze";680
1628;"First_1628";"Last_1628";"customer_1628@email.com";"Thessaloniki";"Greece";"2018-07-04";"Silver";600
1629;"First_1629";"Last_1629";"customer_1629@email.com";"Thessaloniki";"Germany";"2018-02-01";"Bronze";470
1630;"First_1630";"Last_1630";"customer_1630@email.com";"Chalkida";"Germany";"2020-09-24";"Platinum";705
1631;"First_1631";"Last_1631";"customer_1631@email.com";"Ioannina";"Greece";"2020-02-01";"Bronze";654
1632;"First_1632";"Last_1632";"customer_1632@email.com";"Athens";"Greece";"2019-07-23";"Silver";460
1633;"First_1633";"Last_1633";"customer_1633@email.com";"Chania";"Germany";"2018-11-06";"Gold";325
1634;"First_1634";"Last_1634";"customer_1634@email.com";"Patras";"UK";"2021-10-27";"Bronze";382
1635;"First_1635";"Last_1635";"customer_1635@email.com";"Volos";"UK";"2022-08-07";"Bronze";472
1636;"First_1636";"Last_1636";"customer_1636@email.com";"Rhodes";"France";"2020-04-09";"Silver";369
1637;"First_1637";"Last_1637";"customer_1637@email.com";"Volos";"Greece";"2022-06-08";"Gold";305
1638;"First_1638";"Last_1638";"customer_1638@email.com";"Rhodes";"Greece";"2020-09-18";"Silver";494
1639;"First_1639";"Last_1639";"customer_1639@email.com";"Ioannina";"Italy";"2020-12-15";"Bronze";824
1640;"First_1640";"Last_1640";"customer_1640@email.com";"Rhodes";"Greece";"2020-03-01";"Gold";362
1641;"First_1641";"Last_1641";"customer_1641@email.com";"Thessaloniki";"Greece";"2021-07-20";"Bronze";312
1642;"First_1642";"Last_1642";"customer_1642@email.com";"Chania";"Greece";"2019-04-09";"Silver";504
1643;"First_1643";"Last_1643";"customer_1643@email.com";"Chania";"Greece";"2019-11-09";"Gold";339
1644;"First_1644";"Last_1644";"customer_1644@email.com";"Thessaloniki";"Greece";"2022-01-19";"Bronze";464
1645;"First_1645";"Last_1645";"customer_1645@email.com";"Heraklion";"Italy";"2020-09-05";"Silver";330
1646;"First_1646";"Last_1646";"customer_1646@email.com";"Ioannina";"Greece";"2019-11-01";"Silver";828
1647;"First_1647";"Last_1647";"customer_1647@email.com";"Heraklion";"Greece";"2021-06-26";"Gold";697
1648;"First_1648";"Last_1648";"customer_1648@email.com";"Heraklion";"Italy";"2019-11-29";"Bronze";758
1649;"First_1649";"Last_1649";"customer_1649@email.com";"Volos";"Italy";"2020-09-20";"Bronze";522
1650;"First_1650";"Last_1650";"customer_1650@email.com";"Chalkida";"Greece";"2018-03-19";"Gold";377
1651;"First_1651";"Last_1651";"customer_1651@email.com";"Volos";"Greece";"2019-06-18";"Bronze";727
1652;"First_1652";"Last_1652";"customer_1652@email.com";"Chalkida";"France";"2018-04-18";"Bronze";724
1653;"First_1653";"Last_1653";"customer_1653@email.com";"Patras";"UK";"2021-07-20";"Platinum";686
1654;"First_1654";"Last_1654";"customer_1654@email.com";"Rhodes";"Germany";"2020-02-03";"Bronze";538
1655;"First_1655";"Last_1655";"customer_1655@email.com";"Chalkida";"France";"2018-01-15";"Platinum";389
1656;"First_1656";"Last_1656";"customer_1656@email.com";"Thessaloniki";"Germany";"2019-01-05";"Bronze";684
1657;"First_1657";"Last_1657";"customer_1657@email.com";"Volos";"Greece";"2021-08-20";"Bronze";438
1658;"First_1658";"Last_1658";"customer_1658@email.com";"Ioannina";"Germany";"2022-08-23";"Silver";823
1659;"First_1659";"Last_1659";"customer_1659@email.com";"Rhodes";"Greece";"2018-07-24";"Silver";543
1660;"First_1660";"Last_1660";"customer_1660@email.com";"Patras";"UK";"2021-02-10";"Silver";804
1661;"First_1661";"Last_1661";"customer_1661@email.com";"Chalkida";"Germany";"2022-08-31";"Silver";721
1662;"First_1662";"Last_1662";"customer_1662@email.com";"Patras";"Greece";"2020-05-14";"Gold";481
1663;"First_1663";"Last_1663";"customer_1663@email.com";"Ioannina";"Greece";"2021-06-30";"Bronze";494
1664;"First_1664";"Last_1664";"customer_1664@email.com";"Heraklion";"Greece";"2019-03-17";"Bronze";352
1665;"First_1665";"Last_1665";"customer_1665@email.com";"Chania";"Greece";"2021-04-24";"Bronze";478
1666;"First_1666";"Last_1666";"customer_1666@email.com";"Ioannina";"Germany";"2020-05-08";"Silver";592
1667;"First_1667";"Last_1667";"customer_1667@email.com";"Larissa";"Greece";"2018-08-15";"Bronze";674
1668;"First_1668";"Last_1668";"customer_1668@email.com";"Ioannina";"UK";"2019-06-12";"Bronze";358
1669;"First_1669";"Last_1669";"customer_1669@email.com";"Patras";"Greece";"2022-08-19";"Bronze";353
1670;"First_1670";"Last_1670";"customer_1670@email.com";"Thessaloniki";"Germany";"2018-12-20";"Bronze";544
1671;"First_1671";"Last_1671";"customer_1671@email.com";"Volos";"France";"2019-09-15";"Bronze";448
1672;"First_1672";"Last_1672";"customer_1672@email.com";"Thessaloniki";"Germany";"2020-10-21";"Silver";667
1673;"First_1673";"Last_1673";"customer_1673@email.com";"Patras";"Greece";"2022-04-26";"Bronze";315
1674;"First_1674";"Last_1674";"customer_1674@email.com";"Volos";"Italy";"2022-05-03";"Gold";475
1675;"First_1675";"Last_1675";"customer_1675@email.com";"Larissa";"Greece";"2020-07-15";"Silver";839
1676;"First_1676";"Last_1676";"customer_1676@email.com";"Chania";"Greece";"2021-12-14";"Bronze";705
1677;"First_1677";"Last_1677";"customer_1677@email.com";"Rhodes";"Greece";"2022-07-02";"Silver";766
1678;"First_1678";"Last_1678";"customer_1678@email.com";"Patras";"Greece";"2021-03-30";"Bronze";428
1679;"First_1679";"Last_1679";"customer_1679@email.com";"Chalkida";"Italy";"2018-06-10";"Silver";522
1680;"First_1680";"Last_1680";"customer_1680@email.com";"Patras";"Greece";"2020-05-20";"Platinum";543
1681;"First_1681";"Last_1681";"customer_1681@email.com";"Patras";"UK";"2021-02-25";"Silver";725
1682;"First_1682";"Last_1682";"customer_1682@email.com";"Volos";"UK";"2022-10-12";"Silver";653
1683;"First_1683";"Last_1683";"customer_1683@email.com";"Athens";"Greece";"2021-03-20";"Bronze";625
1684;"First_1684";"Last_1684";"customer_1684@email.com";"Ioannina";"Germany";"2019-03-20";"Bronze";302
1685;"First_1685";"Last_1685";"customer_1685@email.com";"Athens";"Greece";"2022-11-26";"Gold";778
1686;"First_1686";"Last_1686";"customer_1686@email.com";"Larissa";"Greece";"2022-02-03";"Bronze";380
1687;"First_1687";"Last_1687";"customer_1687@email.com";"Chalkida";"Greece";"2019-04-08";"Bronze";343
1688;"First_1688";"Last_1688";"customer_1688@email.com";"Chania";"Italy";"2022-10-20";"Bronze";454
1689;"First_1689";"Last_1689";"customer_1689@email.com";"Heraklion";"Italy";"2020-11-19";"Silver";835
1690;"First_1690";"Last_1690";"customer_1690@email.com";"Larissa";"Greece";"2019-04-18";"Bronze";398
1691;"First_1691";"Last_1691";"customer_1691@email.com";"Heraklion";"Greece";"2019-07-11";"Gold";696
1692;"First_1692";"Last_1692";"customer_1692@email.com";"Heraklion";"UK";"2018-03-21";"Bronze";470
1693;"First_1693";"Last_1693";"customer_1693@email.com";"Chania";"Greece";"2020-11-28";"Bronze";447
1694;"First_1694";"Last_1694";"customer_1694@email.com";"Thessaloniki";"France";"2018-08-28";"Silver";422
1695;"First_1695";"Last_1695";"customer_1695@email.com";"Athens";"Greece";"2019-07-11";"Bronze";411
1696;"First_1696";"Last_1696";"customer_1696@email.com";"Patras";"Greece";"2019-08-13";"Silver";429
1697;"First_1697";"Last_1697";"customer_1697@email.com";"Rhodes";"France";"2021-09-22";"Bronze";367
1698;"First_1698";"Last_1698";"customer_1698@email.com";"Heraklion";"Greece";"2022-12-29";"Bronze";844
1699;"First_1699";"Last_1699";"customer_1699@email.com";"Chalkida";"Italy";"2021-07-27";"Bronze";585
1700;"First_1700";"Last_1700";"customer_1700@email.com";"Larissa";"Italy";"2021-02-13";"Gold";304
1701;"First_1701";"Last_1701";"customer_1701@email.com";"Thessaloniki";"Greece";"2018-09-26";"Silver";417
1702;"First_1702";"Last_1702";"customer_1702@email.com";"Heraklion";"Greece";"2018-12-01";"Silver";529
1703;"First_1703";"Last_1703";"customer_1703@email.com";"Thessaloniki";"Italy";"2018-11-08";"Bronze";459
1704;"First_1704";"Last_1704";"customer_1704@email.com";"Thessaloniki";"Italy";"2020-12-12";"Silver";593
1705;"First_1705";"Last_1705";"customer_1705@email.com";"Heraklion";"Greece";"2020-12-27";"Bronze";485
1706;"First_1706";"Last_1706";"customer_1706@email.com";"Volos";"France";"2019-11-25";"Gold";523
1707;"First_1707";"Last_1707";"customer_1707@email.com";"Ioannina";"Greece";"2018-02-03";"Silver";451
1708;"First_1708";"Last_1708";"customer_1708@email.com";"Chalkida";"Greece";"2022-12-25";"Silver";439
1709;"First_1709";"Last_1709";"customer_1709@email.com";"Patras";"France";"2019-01-21";"Bronze";666
1710;"First_1710";"Last_1710";"customer_1710@email.com";"Patras";"Greece";"2018-09-06";"Silver";427
1711;"First_1711";"Last_1711";"customer_1711@email.com";"Chalkida";"Italy";"2021-02-08";"Bronze";650
1712;"First_1712";"Last_1712";"customer_1712@email.com";"Volos";"Greece";"2021-01-22";"Gold";446
1713;"First_1713";"Last_1713";"customer_1713@email.com";"Patras";"Germany";"2021-12-04";"Bronze";584
1714;"First_1714";"Last_1714";"customer_1714@email.com";"Thessaloniki";"Greece";"2021-04-17";"Bronze";768
1715;"First_1715";"Last_1715";"customer_1715@email.com";"Chania";"Greece";"2020-12-06";"Bronze";517
1716;"First_1716";"Last_1716";"customer_1716@email.com";"Larissa";"Germany";"2020-03-04";"Bronze";735
1717;"First_1717";"Last_1717";"customer_1717@email.com";"Athens";"Greece";"2020-05-01";"Bronze";444
1718;"First_1718";"Last_1718";"customer_1718@email.com";"Patras";"Greece";"2020-05-23";"Gold";576
1719;"First_1719";"Last_1719";"customer_1719@email.com";"Chalkida";"Greece";"2022-06-16";"Silver";359
1720;"First_1720";"Last_1720";"customer_1720@email.com";"Chania";"Greece";"2019-01-11";"Gold";674
1721;"First_1721";"Last_1721";"customer_1721@email.com";"Heraklion";"France";"2019-12-25";"Gold";703
1722;"First_1722";"Last_1722";"customer_1722@email.com";"Ioannina";"Greece";"2022-05-30";"Bronze";413
1723;"First_1723";"Last_1723";"customer_1723@email.com";"Chalkida";"Greece";"2018-07-21";"Silver";794
1724;"First_1724";"Last_1724";"customer_1724@email.com";"Thessaloniki";"Greece";"2019-03-21";"Bronze";635
1725;"First_1725";"Last_1725";"customer_1725@email.com";"Ioannina";"Greece";"2018-10-24";"Gold";584
1726;"First_1726";"Last_1726";"customer_1726@email.com";"Larissa";"Greece";"2021-08-24";"Bronze";428
1727;"First_1727";"Last_1727";"customer_1727@email.com";"Larissa";"Greece";"2022-10-13";"Bronze";614
1728;"First_1728";"Last_1728";"customer_1728@email.com";"Volos";"Greece";"2019-05-08";"Bronze";370
1729;"First_1729";"Last_1729";"customer_1729@email.com";"Rhodes";"UK";"2018-12-04";"Bronze";644
1730;"First_1730";"Last_1730";"customer_1730@email.com";"Volos";"France";"2020-07-11";"Bronze";397
1731;"First_1731";"Last_1731";"customer_1731@email.com";"Chania";"Greece";"2022-07-28";"Bronze";599
1732;"First_1732";"Last_1732";"customer_1732@email.com";"Ioannina";"Greece";"2020-12-25";"Silver";475
1733;"First_1733";"Last_1733";"customer_1733@email.com";"Rhodes";"Greece";"2020-03-02";"Gold";374
1734;"First_1734";"Last_1734";"customer_1734@email.com";"Heraklion";"Greece";"2021-12-16";"Bronze";442
1735;"First_1735";"Last_1735";"customer_1735@email.com";"Thessaloniki";"Greece";"2022-04-13";"Bronze";322
1736;"First_1736";"Last_1736";"customer_1736@email.com";"Ioannina";"Greece";"2022-07-11";"Gold";480
1737;"First_1737";"Last_1737";"customer_1737@email.com";"Volos";"Greece";"2022-02-25";"Bronze";344
1738;"First_1738";"Last_1738";"customer_1738@email.com";"Athens";"Greece";"2020-08-19";"Gold";768
1739;"First_1739";"Last_1739";"customer_1739@email.com";"Rhodes";"Greece";"2018-11-13";"Bronze";391
1740;"First_1740";"Last_1740";"customer_1740@email.com";"Rhodes";"Greece";"2020-07-30";"Silver";568
1741;"First_1741";"Last_1741";"customer_1741@email.com";"Thessaloniki";"Greece";"2019-09-18";"Silver";333
1742;"First_1742";"Last_1742";"customer_1742@email.com";"Patras";"Greece";"2018-03-16";"Silver";663
1743;"First_1743";"Last_1743";"customer_1743@email.com";"Larissa";"Greece";"2022-10-04";"Gold";432
1744;"First_1744";"Last_1744";"customer_1744@email.com";"Larissa";"Greece";"2020-07-27";"Bronze";681
1745;"First_1745";"Last_1745";"customer_1745@email.com";"Athens";"Greece";"2018-02-28";"Bronze";576
1746;"First_1746";"Last_1746";"customer_1746@email.com";"Chania";"Greece";"2019-01-21";"Silver";455
1747;"First_1747";"Last_1747";"customer_1747@email.com";"Chania";"Greece";"2018-01-15";"Gold";686
1748;"First_1748";"Last_1748";"customer_1748@email.com";"Heraklion";"Greece";"2021-06-08";"Bronze";834
1749;"First_1749";"Last_1749";"customer_1749@email.com";"Ioannina";"Greece";"2022-06-29";"Gold";499
1750;"First_1750";"Last_1750";"customer_1750@email.com";"Chalkida";"Greece";"2022-08-28";"Bronze";574
1751;"First_1751";"Last_1751";"customer_1751@email.com";"Patras";"Germany";"2018-07-18";"Bronze";800
1752;"First_1752";"Last_1752";"customer_1752@email.com";"Volos";"Greece";"2021-10-09";"Silver";758
1753;"First_1753";"Last_1753";"customer_1753@email.com";"Chalkida";"Greece";"2018-02-04";"Bronze";349
1754;"First_1754";"Last_1754";"customer_1754@email.com";"Chalkida";"France";"2018-06-11";"Silver";831
1755;"First_1755";"Last_1755";"customer_1755@email.com";"Rhodes";"Greece";"2022-11-16";"Bronze";391
1756;"First_1756";"Last_1756";"customer_1756@email.com";"Athens";"Greece";"2020-09-08";"Bronze";755
1757;"First_1757";"Last_1757";"customer_1757@email.com";"Larissa";"France";"2020-03-09";"Silver";638
1758;"First_1758";"Last_1758";"customer_1758@email.com";"Heraklion";"France";"2020-06-13";"Silver";352
1759;"First_1759";"Last_1759";"customer_1759@email.com";"Chania";"Greece";"2019-04-16";"Bronze";795
1760;"First_1760";"Last_1760";"customer_1760@email.com";"Athens";"Greece";"2019-06-15";"Bronze";303
1761;"First_1761";"Last_1761";"customer_1761@email.com";"Rhodes";"Greece";"2020-03-02";"Bronze";580
1762;"First_1762";"Last_1762";"customer_1762@email.com";"Volos";"Greece";"2020-05-01";"Bronze";589
1763;"First_1763";"Last_1763";"customer_1763@email.com";"Heraklion";"Greece";"2021-12-17";"Platinum";372
1764;"First_1764";"Last_1764";"customer_1764@email.com";"Rhodes";"Greece";"2018-12-14";"Gold";436
1765;"First_1765";"Last_1765";"customer_1765@email.com";"Larissa";"Greece";"2019-11-25";"Bronze";692
1766;"First_1766";"Last_1766";"customer_1766@email.com";"Larissa";"Italy";"2020-07-23";"Bronze";507
1767;"First_1767";"Last_1767";"customer_1767@email.com";"Larissa";"Italy";"2020-07-01";"Gold";559
1768;"First_1768";"Last_1768";"customer_1768@email.com";"Athens";"Greece";"2018-05-27";"Silver";562
1769;"First_1769";"Last_1769";"customer_1769@email.com";"Athens";"Germany";"2021-10-29";"Silver";804
1770;"First_1770";"Last_1770";"customer_1770@email.com";"Chania";"Greece";"2022-09-08";"Silver";849
1771;"First_1771";"Last_1771";"customer_1771@email.com";"Chania";"France";"2019-11-06";"Bronze";502
1772;"First_1772";"Last_1772";"customer_1772@email.com";"Volos";"Greece";"2021-12-10";"Bronze";646
1773;"First_1773";"Last_1773";"customer_1773@email.com";"Heraklion";"Greece";"2019-11-18";"Platinum";351
1774;"First_1774";"Last_1774";"customer_1774@email.com";"Thessaloniki";"Greece";"2022-02-26";"Silver";655
1775;"First_1775";"Last_1775";"customer_1775@email.com";"Thessaloniki";"Greece";"2022-05-02";"Bronze";818
1776;"First_1776";"Last_1776";"customer_1776@email.com";"Rhodes";"Greece";"2021-07-03";"Bronze";662
1777;"First_1777";"Last_1777";"customer_1777@email.com";"Larissa";"UK";"2020-08-17";"Bronze";344
1778;"First_1778";"Last_1778";"customer_1778@email.com";"Heraklion";"Germany";"2019-11-17";"Silver";677
1779;"First_1779";"Last_1779";"customer_1779@email.com";"Chalkida";"Greece";"2021-01-31";"Bronze";711
1780;"First_1780";"Last_1780";"customer_1780@email.com";"Athens";"Greece";"2018-05-01";"Bronze";441
1781;"First_1781";"Last_1781";"customer_1781@email.com";"Ioannina";"Greece";"2019-02-23";"Gold";557
1782;"First_1782";"Last_1782";"customer_1782@email.com";"Patras";"France";"2018-12-16";"Bronze";336
1783;"First_1783";"Last_1783";"customer_1783@email.com";"Volos";"Italy";"2022-08-08";"Bronze";344
1784;"First_1784";"Last_1784";"customer_1784@email.com";"Larissa";"Italy";"2018-02-11";"Bronze";345
1785;"First_1785";"Last_1785";"customer_1785@email.com";"Larissa";"France";"2021-10-22";"Bronze";600
1786;"First_1786";"Last_1786";"customer_1786@email.com";"Larissa";"Greece";"2018-01-29";"Bronze";587
1787;"First_1787";"Last_1787";"customer_1787@email.com";"Athens";"Greece";"2020-08-23";"Gold";568
1788;"First_1788";"Last_1788";"customer_1788@email.com";"Athens";"Greece";"2020-02-24";"Gold";361
1789;"First_1789";"Last_1789";"customer_1789@email.com";"Patras";"Italy";"2018-01-14";"Bronze";541
1790;"First_1790";"Last_1790";"customer_1790@email.com";"Chalkida";"Greece";"2020-07-08";"Bronze";653
1791;"First_1791";"Last_1791";"customer_1791@email.com";"Heraklion";"Greece";"2020-03-28";"Silver";370
1792;"First_1792";"Last_1792";"customer_1792@email.com";"Larissa";"France";"2020-04-04";"Bronze";712
1793;"First_1793";"Last_1793";"customer_1793@email.com";"Thessaloniki";"Greece";"2022-02-17";"Bronze";360
1794;"First_1794";"Last_1794";"customer_1794@email.com";"Chania";"Greece";"2021-04-27";"Gold";751
1795;"First_1795";"Last_1795";"customer_1795@email.com";"Thessaloniki";"Germany";"2020-05-21";"Bronze";692
1796;"First_1796";"Last_1796";"customer_1796@email.com";"Rhodes";"Greece";"2018-10-22";"Bronze";828
1797;"First_1797";"Last_1797";"customer_1797@email.com";"Thessaloniki";"Greece";"2021-04-21";"Bronze";604
1798;"First_1798";"Last_1798";"customer_1798@email.com";"Rhodes";"UK";"2020-05-13";"Bronze";490
1799;"First_1799";"Last_1799";"customer_1799@email.com";"Ioannina";"Germany";"2019-07-02";"Bronze";377
1800;"First_1800";"Last_1800";"customer_1800@email.com";"Chania";"Italy";"2020-11-26";"Bronze";824
1801;"First_1801";"Last_1801";"customer_1801@email.com";"Thessaloniki";"Greece";"2020-10-04";"Bronze";600
1802;"First_1802";"Last_1802";"customer_1802@email.com";"Ioannina";"Greece";"2020-11-03";"Silver";316
1803;"First_1803";"Last_1803";"customer_1803@email.com";"Volos";"UK";"2019-09-27";"Bronze";733
1804;"First_1804";"Last_1804";"customer_1804@email.com";"Heraklion";"Greece";"2019-08-18";"Bronze";342
1805;"First_1805";"Last_1805";"customer_1805@email.com";"Ioannina";"Greece";"2021-03-28";"Silver";367
1806;"First_1806";"Last_1806";"customer_1806@email.com";"Heraklion";"UK";"2022-02-26";"Gold";679
1807;"First_1807";"Last_1807";"customer_1807@email.com";"Thessaloniki";"Greece";"2021-09-14";"Bronze";511
1808;"First_1808";"Last_1808";"customer_1808@email.com";"Chalkida";"Greece";"2019-09-06";"Bronze";502
1809;"First_1809";"Last_1809";"customer_1809@email.com";"Ioannina";"Greece";"2021-01-11";"Bronze";408
1810;"First_1810";"Last_1810";"customer_1810@email.com";"Chania";"Greece";"2022-04-29";"Silver";583
1811;"First_1811";"Last_1811";"customer_1811@email.com";"Thessaloniki";"Greece";"2022-05-23";"Bronze";524
1812;"First_1812";"Last_1812";"customer_1812@email.com";"Larissa";"Greece";"2022-05-03";"Bronze";417
1813;"First_1813";"Last_1813";"customer_1813@email.com";"Athens";"UK";"2022-05-12";"Bronze";639
1814;"First_1814";"Last_1814";"customer_1814@email.com";"Ioannina";"Italy";"2022-05-30";"Bronze";580
1815;"First_1815";"Last_1815";"customer_1815@email.com";"Chania";"Greece";"2020-11-11";"Bronze";790
1816;"First_1816";"Last_1816";"customer_1816@email.com";"Volos";"Greece";"2021-03-01";"Bronze";318
1817;"First_1817";"Last_1817";"customer_1817@email.com";"Larissa";"Greece";"2019-04-10";"Gold";474
1818;"First_1818";"Last_1818";"customer_1818@email.com";"Volos";"Greece";"2022-01-19";"Silver";768
1819;"First_1819";"Last_1819";"customer_1819@email.com";"Thessaloniki";"Germany";"2021-08-18";"Bronze";441
1820;"First_1820";"Last_1820";"customer_1820@email.com";"Athens";"UK";"2020-08-12";"Bronze";762
1821;"First_1821";"Last_1821";"customer_1821@email.com";"Ioannina";"UK";"2020-07-18";"Bronze";597
1822;"First_1822";"Last_1822";"customer_1822@email.com";"Ioannina";"Greece";"2021-07-14";"Bronze";769
1823;"First_1823";"Last_1823";"customer_1823@email.com";"Chalkida";"Greece";"2020-03-09";"Gold";672
1824;"First_1824";"Last_1824";"customer_1824@email.com";"Chalkida";"Greece";"2019-01-30";"Platinum";767
1825;"First_1825";"Last_1825";"customer_1825@email.com";"Thessaloniki";"Greece";"2021-02-17";"Bronze";737
1826;"First_1826";"Last_1826";"customer_1826@email.com";"Thessaloniki";"Germany";"2018-09-03";"Bronze";742
1827;"First_1827";"Last_1827";"customer_1827@email.com";"Athens";"Italy";"2019-07-22";"Bronze";755
1828;"First_1828";"Last_1828";"customer_1828@email.com";"Chalkida";"Greece";"2018-02-07";"Silver";547
1829;"First_1829";"Last_1829";"customer_1829@email.com";"Chania";"UK";"2018-09-02";"Silver";441
1830;"First_1830";"Last_1830";"customer_1830@email.com";"Chania";"Greece";"2018-01-21";"Gold";701
1831;"First_1831";"Last_1831";"customer_1831@email.com";"Athens";"Greece";"2021-02-07";"Silver";521
1832;"First_1832";"Last_1832";"customer_1832@email.com";"Chania";"Greece";"2022-06-18";"Bronze";483
1833;"First_1833";"Last_1833";"customer_1833@email.com";"Rhodes";"Greece";"2019-01-29";"Silver";663
1834;"First_1834";"Last_1834";"customer_1834@email.com";"Heraklion";"Greece";"2021-12-04";"Silver";487
1835;"First_1835";"Last_1835";"customer_1835@email.com";"Athens";"Germany";"2020-09-13";"Silver";412
1836;"First_1836";"Last_1836";"customer_1836@email.com";"Athens";"France";"2022-07-30";"Bronze";480
1837;"First_1837";"Last_1837";"customer_1837@email.com";"Patras";"Greece";"2022-11-02";"Silver";498
1838;"First_1838";"Last_1838";"customer_1838@email.com";"Larissa";"Greece";"2018-01-08";"Silver";369
1839;"First_1839";"Last_1839";"customer_1839@email.com";"Larissa";"France";"2022-01-07";"Silver";784
1840;"First_1840";"Last_1840";"customer_1840@email.com";"Rhodes";"France";"2018-11-24";"Silver";698
1841;"First_1841";"Last_1841";"customer_1841@email.com";"Chalkida";"UK";"2018-10-17";"Silver";309
1842;"First_1842";"Last_1842";"customer_1842@email.com";"Thessaloniki";"Greece";"2022-11-22";"Silver";302
1843;"First_1843";"Last_1843";"customer_1843@email.com";"Thessaloniki";"Italy";"2019-05-26";"Silver";777
1844;"First_1844";"Last_1844";"customer_1844@email.com";"Volos";"Greece";"2020-06-30";"Silver";366
1845;"First_1845";"Last_1845";"customer_1845@email.com";"Rhodes";"Germany";"2018-12-27";"Bronze";396
1846;"First_1846";"Last_1846";"customer_1846@email.com";"Athens";"Greece";"2022-06-11";"Bronze";830
1847;"First_1847";"Last_1847";"customer_1847@email.com";"Rhodes";"Germany";"2019-12-17";"Bronze";617
1848;"First_1848";"Last_1848";"customer_1848@email.com";"Rhodes";"Greece";"2018-08-07";"Silver";397
1849;"First_1849";"Last_1849";"customer_1849@email.com";"Rhodes";"Greece";"2019-02-10";"Silver";356
1850;"First_1850";"Last_1850";"customer_1850@email.com";"Larissa";"Greece";"2020-01-23";"Platinum";406
1851;"First_1851";"Last_1851";"customer_1851@email.com";"Rhodes";"Greece";"2020-07-11";"Bronze";387
1852;"First_1852";"Last_1852";"customer_1852@email.com";"Heraklion";"Germany";"2020-04-11";"Bronze";670
1853;"First_1853";"Last_1853";"customer_1853@email.com";"Thessaloniki";"France";"2022-11-29";"Bronze";674
1854;"First_1854";"Last_1854";"customer_1854@email.com";"Volos";"Italy";"2022-07-03";"Bronze";351
1855;"First_1855";"Last_1855";"customer_1855@email.com";"Heraklion";"Greece";"2022-11-27";"Silver";340
1856;"First_1856";"Last_1856";"customer_1856@email.com";"Volos";"UK";"2020-03-04";"Bronze";390
1857;"First_1857";"Last_1857";"customer_1857@email.com";"Patras";"Germany";"2021-05-28";"Silver";338
1858;"First_1858";"Last_1858";"customer_1858@email.com";"Volos";"Greece";"2019-08-18";"Silver";312
1859;"First_1859";"Last_1859";"customer_1859@email.com";"Thessaloniki";"Greece";"2018-04-17";"Bronze";403
1860;"First_1860";"Last_1860";"customer_1860@email.com";"Thessaloniki";"Germany";"2019-08-04";"Gold";342
1861;"First_1861";"Last_1861";"customer_1861@email.com";"Rhodes";"Italy";"2019-09-01";"Bronze";508
1862;"First_1862";"Last_1862";"customer_1862@email.com";"Ioannina";"Germany";"2022-10-14";"Bronze";775
1863;"First_1863";"Last_1863";"customer_1863@email.com";"Patras";"Greece";"2021-08-02";"Gold";408
1864;"First_1864";"Last_1864";"customer_1864@email.com";"Athens";"Greece";"2022-11-08";"Gold";513
1865;"First_1865";"Last_1865";"customer_1865@email.com";"Chania";"Greece";"2018-01-08";"Bronze";708
1866;"First_1866";"Last_1866";"customer_1866@email.com";"Volos";"UK";"2020-03-16";"Bronze";376
1867;"First_1867";"Last_1867";"customer_1867@email.com";"Ioannina";"UK";"2018-07-08";"Bronze";394
1868;"First_1868";"Last_1868";"customer_1868@email.com";"Rhodes";"Greece";"2018-03-22";"Bronze";568
1869;"First_1869";"Last_1869";"customer_1869@email.com";"Larissa";"France";"2018-04-18";"Platinum";660
1870;"First_1870";"Last_1870";"customer_1870@email.com";"Athens";"Greece";"2021-09-06";"Silver";829
1871;"First_1871";"Last_1871";"customer_1871@email.com";"Chalkida";"Italy";"2022-05-22";"Bronze";461
1872;"First_1872";"Last_1872";"customer_1872@email.com";"Ioannina";"Greece";"2019-11-17";"Gold";764
1873;"First_1873";"Last_1873";"customer_1873@email.com";"Larissa";"Greece";"2018-12-12";"Bronze";847
1874;"First_1874";"Last_1874";"customer_1874@email.com";"Patras";"Greece";"2018-11-24";"Bronze";486
1875;"First_1875";"Last_1875";"customer_1875@email.com";"Rhodes";"Greece";"2019-07-09";"Gold";351
1876;"First_1876";"Last_1876";"customer_1876@email.com";"Athens";"Greece";"2022-09-19";"Gold";787
1877;"First_1877";"Last_1877";"customer_1877@email.com";"Athens";"Greece";"2018-10-29";"Gold";830
1878;"First_1878";"Last_1878";"customer_1878@email.com";"Athens";"Greece";"2018-07-19";"Silver";695
1879;"First_1879";"Last_1879";"customer_1879@email.com";"Patras";"UK";"2020-06-11";"Silver";391
1880;"First_1880";"Last_1880";"customer_1880@email.com";"Volos";"Greece";"2021-12-13";"Bronze";656
1881;"First_1881";"Last_1881";"customer_1881@email.com";"Chalkida";"Greece";"2020-11-28";"Silver";443
1882;"First_1882";"Last_1882";"customer_1882@email.com";"Patras";"Greece";"2022-10-22";"Platinum";498
1883;"First_1883";"Last_1883";"customer_1883@email.com";"Chania";"UK";"2018-11-03";"Bronze";622
1884;"First_1884";"Last_1884";"customer_1884@email.com";"Chalkida";"Greece";"2020-10-24";"Silver";631
1885;"First_1885";"Last_1885";"customer_1885@email.com";"Thessaloniki";"Italy";"2022-07-15";"Bronze";563
1886;"First_1886";"Last_1886";"customer_1886@email.com";"Rhodes";"UK";"2021-01-05";"Bronze";516
1887;"First_1887";"Last_1887";"customer_1887@email.com";"Patras";"Greece";"2019-04-13";"Silver";733
1888;"First_1888";"Last_1888";"customer_1888@email.com";"Larissa";"Greece";"2018-06-28";"Bronze";759
1889;"First_1889";"Last_1889";"customer_1889@email.com";"Chalkida";"Greece";"2019-10-07";"Silver";802
1890;"First_1890";"Last_1890";"customer_1890@email.com";"Chania";"Greece";"2022-10-31";"Bronze";768
1891;"First_1891";"Last_1891";"customer_1891@email.com";"Thessaloniki";"France";"2018-10-03";"Gold";665
1892;"First_1892";"Last_1892";"customer_1892@email.com";"Volos";"Italy";"2021-03-21";"Bronze";538
1893;"First_1893";"Last_1893";"customer_1893@email.com";"Larissa";"Greece";"2021-04-02";"Bronze";695
1894;"First_1894";"Last_1894";"customer_1894@email.com";"Chalkida";"Greece";"2021-08-06";"Bronze";694
1895;"First_1895";"Last_1895";"customer_1895@email.com";"Rhodes";"UK";"2021-11-02";"Gold";374
1896;"First_1896";"Last_1896";"customer_1896@email.com";"Larissa";"Germany";"2019-09-13";"Silver";397
1897;"First_1897";"Last_1897";"customer_1897@email.com";"Thessaloniki";"Greece";"2019-09-30";"Silver";682
1898;"First_1898";"Last_1898";"customer_1898@email.com";"Larissa";"Greece";"2022-11-11";"Bronze";669
1899;"First_1899";"Last_1899";"customer_1899@email.com";"Heraklion";"Greece";"2021-08-26";"Bronze";584
1900;"First_1900";"Last_1900";"customer_1900@email.com";"Ioannina";"France";"2020-07-18";"Bronze";555
1901;"First_1901";"Last_1901";"customer_1901@email.com";"Volos";"Greece";"2021-11-13";"Silver";608
1902;"First_1902";"Last_1902";"customer_1902@email.com";"Thessaloniki";"Greece";"2022-08-09";"Bronze";475
1903;"First_1903";"Last_1903";"customer_1903@email.com";"Larissa";"Italy";"2022-11-23";"Platinum";527
1904;"First_1904";"Last_1904";"customer_1904@email.com";"Ioannina";"Germany";"2018-07-02";"Silver";646
1905;"First_1905";"Last_1905";"customer_1905@email.com";"Ioannina";"France";"2021-08-22";"Bronze";641
1906;"First_1906";"Last_1906";"customer_1906@email.com";"Larissa";"Greece";"2018-03-13";"Bronze";538
1907;"First_1907";"Last_1907";"customer_1907@email.com";"Rhodes";"Greece";"2021-05-27";"Silver";649
1908;"First_1908";"Last_1908";"customer_1908@email.com";"Heraklion";"Italy";"2019-12-20";"Bronze";754
1909;"First_1909";"Last_1909";"customer_1909@email.com";"Patras";"Greece";"2021-04-11";"Bronze";740
1910;"First_1910";"Last_1910";"customer_1910@email.com";"Heraklion";"Greece";"2022-08-04";"Bronze";814
1911;"First_1911";"Last_1911";"customer_1911@email.com";"Larissa";"Greece";"2021-07-19";"Silver";380
1912;"First_1912";"Last_1912";"customer_1912@email.com";"Volos";"Greece";"2019-12-27";"Silver";660
1913;"First_1913";"Last_1913";"customer_1913@email.com";"Patras";"Greece";"2022-01-31";"Bronze";587
1914;"First_1914";"Last_1914";"customer_1914@email.com";"Thessaloniki";"France";"2018-09-26";"Bronze";307
1915;"First_1915";"Last_1915";"customer_1915@email.com";"Heraklion";"Italy";"2020-11-09";"Bronze";386
1916;"First_1916";"Last_1916";"customer_1916@email.com";"Larissa";"Italy";"2019-08-01";"Silver";585
1917;"First_1917";"Last_1917";"customer_1917@email.com";"Heraklion";"Greece";"2020-09-21";"Bronze";698
1918;"First_1918";"Last_1918";"customer_1918@email.com";"Patras";"Greece";"2020-03-25";"Bronze";373
1919;"First_1919";"Last_1919";"customer_1919@email.com";"Chania";"Greece";"2022-03-07";"Gold";738
1920;"First_1920";"Last_1920";"customer_1920@email.com";"Chalkida";"France";"2018-05-27";"Platinum";422
1921;"First_1921";"Last_1921";"customer_1921@email.com";"Heraklion";"Greece";"2021-12-23";"Platinum";676
1922;"First_1922";"Last_1922";"customer_1922@email.com";"Thessaloniki";"Germany";"2021-04-03";"Gold";442
1923;"First_1923";"Last_1923";"customer_1923@email.com";"Thessaloniki";"UK";"2020-06-08";"Bronze";457
1924;"First_1924";"Last_1924";"customer_1924@email.com";"Athens";"Greece";"2018-11-06";"Bronze";729
1925;"First_1925";"Last_1925";"customer_1925@email.com";"Heraklion";"Greece";"2019-06-02";"Bronze";747
1926;"First_1926";"Last_1926";"customer_1926@email.com";"Chalkida";"Italy";"2018-01-14";"Bronze";709
1927;"First_1927";"Last_1927";"customer_1927@email.com";"Rhodes";"Italy";"2018-05-12";"Platinum";670
1928;"First_1928";"Last_1928";"customer_1928@email.com";"Ioannina";"Greece";"2020-01-25";"Silver";408
1929;"First_1929";"Last_1929";"customer_1929@email.com";"Chalkida";"Greece";"2019-03-15";"Silver";335
1930;"First_1930";"Last_1930";"customer_1930@email.com";"Ioannina";"Italy";"2020-01-13";"Bronze";389
1931;"First_1931";"Last_1931";"customer_1931@email.com";"Ioannina";"Greece";"2020-01-10";"Gold";714
1932;"First_1932";"Last_1932";"customer_1932@email.com";"Chania";"Greece";"2022-08-25";"Gold";595
1933;"First_1933";"Last_1933";"customer_1933@email.com";"Athens";"Greece";"2020-03-05";"Bronze";345
1934;"First_1934";"Last_1934";"customer_1934@email.com";"Chalkida";"Greece";"2018-09-20";"Gold";787
1935;"First_1935";"Last_1935";"customer_1935@email.com";"Chalkida";"Greece";"2019-10-05";"Bronze";469
1936;"First_1936";"Last_1936";"customer_1936@email.com";"Chania";"Greece";"2021-06-02";"Bronze";445
1937;"First_1937";"Last_1937";"customer_1937@email.com";"Heraklion";"Greece";"2018-09-15";"Silver";719
1938;"First_1938";"Last_1938";"customer_1938@email.com";"Heraklion";"Greece";"2021-06-11";"Silver";302
1939;"First_1939";"Last_1939";"customer_1939@email.com";"Heraklion";"Italy";"2021-09-21";"Bronze";562
1940;"First_1940";"Last_1940";"customer_1940@email.com";"Volos";"France";"2019-02-13";"Bronze";620
1941;"First_1941";"Last_1941";"customer_1941@email.com";"Ioannina";"France";"2020-09-01";"Platinum";545
1942;"First_1942";"Last_1942";"customer_1942@email.com";"Volos";"Germany";"2020-11-13";"Silver";776
1943;"First_1943";"Last_1943";"customer_1943@email.com";"Athens";"Greece";"2018-09-28";"Silver";558
1944;"First_1944";"Last_1944";"customer_1944@email.com";"Chania";"Greece";"2021-01-23";"Bronze";392
1945;"First_1945";"Last_1945";"customer_1945@email.com";"Chalkida";"Italy";"2018-05-22";"Bronze";832
1946;"First_1946";"Last_1946";"customer_1946@email.com";"Ioannina";"Greece";"2022-09-14";"Bronze";638
1947;"First_1947";"Last_1947";"customer_1947@email.com";"Volos";"Greece";"2022-10-08";"Bronze";559
1948;"First_1948";"Last_1948";"customer_1948@email.com";"Volos";"UK";"2020-06-20";"Bronze";536
1949;"First_1949";"Last_1949";"customer_1949@email.com";"Larissa";"Greece";"2020-08-31";"Bronze";440
1950;"First_1950";"Last_1950";"customer_1950@email.com";"Volos";"Greece";"2021-01-09";"Silver";779
1951;"First_1951";"Last_1951";"customer_1951@email.com";"Rhodes";"Italy";"2018-10-01";"Bronze";649
1952;"First_1952";"Last_1952";"customer_1952@email.com";"Chalkida";"France";"2018-10-03";"Gold";429
1953;"First_1953";"Last_1953";"customer_1953@email.com";"Rhodes";"Greece";"2019-04-10";"Bronze";836
1954;"First_1954";"Last_1954";"customer_1954@email.com";"Chalkida";"Italy";"2021-05-16";"Bronze";310
1955;"First_1955";"Last_1955";"customer_1955@email.com";"Chania";"Germany";"2021-08-12";"Bronze";556
1956;"First_1956";"Last_1956";"customer_1956@email.com";"Chalkida";"UK";"2020-11-28";"Bronze";668
1957;"First_1957";"Last_1957";"customer_1957@email.com";"Rhodes";"Greece";"2018-10-15";"Bronze";693
1958;"First_1958";"Last_1958";"customer_1958@email.com";"Chalkida";"Greece";"2021-02-21";"Platinum";718
1959;"First_1959";"Last_1959";"customer_1959@email.com";"Chania";"Germany";"2020-05-25";"Silver";318
1960;"First_1960";"Last_1960";"customer_1960@email.com";"Chania";"France";"2021-07-30";"Bronze";409
1961;"First_1961";"Last_1961";"customer_1961@email.com";"Athens";"Germany";"2020-05-27";"Bronze";736
1962;"First_1962";"Last_1962";"customer_1962@email.com";"Chalkida";"Greece";"2018-06-29";"Silver";804
1963;"First_1963";"Last_1963";"customer_1963@email.com";"Larissa";"Greece";"2021-01-25";"Silver";333
1964;"First_1964";"Last_1964";"customer_1964@email.com";"Heraklion";"France";"2021-04-29";"Bronze";587
1965;"First_1965";"Last_1965";"customer_1965@email.com";"Thessaloniki";"Greece";"2021-01-02";"Silver";554
1966;"First_1966";"Last_1966";"customer_1966@email.com";"Chania";"Greece";"2019-03-23";"Gold";433
1967;"First_1967";"Last_1967";"customer_1967@email.com";"Patras";"Greece";"2020-02-24";"Silver";798
1968;"First_1968";"Last_1968";"customer_1968@email.com";"Heraklion";"Greece";"2022-03-01";"Gold";696
1969;"First_1969";"Last_1969";"customer_1969@email.com";"Ioannina";"Germany";"2019-07-15";"Gold";786
1970;"First_1970";"Last_1970";"customer_1970@email.com";"Chalkida";"Germany";"2019-04-29";"Gold";512
1971;"First_1971";"Last_1971";"customer_1971@email.com";"Rhodes";"Greece";"2020-04-28";"Bronze";649
1972;"First_1972";"Last_1972";"customer_1972@email.com";"Thessaloniki";"Greece";"2019-12-23";"Silver";318
1973;"First_1973";"Last_1973";"customer_1973@email.com";"Patras";"France";"2018-04-26";"Silver";418
1974;"First_1974";"Last_1974";"customer_1974@email.com";"Heraklion";"Greece";"2019-06-19";"Silver";601
1975;"First_1975";"Last_1975";"customer_1975@email.com";"Chalkida";"Greece";"2021-01-26";"Platinum";584
1976;"First_1976";"Last_1976";"customer_1976@email.com";"Athens";"Italy";"2021-09-13";"Bronze";526
1977;"First_1977";"Last_1977";"customer_1977@email.com";"Ioannina";"Greece";"2019-02-11";"Bronze";806
1978;"First_1978";"Last_1978";"customer_1978@email.com";"Thessaloniki";"Italy";"2021-08-29";"Bronze";800
1979;"First_1979";"Last_1979";"customer_1979@email.com";"Larissa";"Greece";"2022-09-22";"Bronze";511
1980;"First_1980";"Last_1980";"customer_1980@email.com";"Athens";"Greece";"2019-11-25";"Bronze";655
1981;"First_1981";"Last_1981";"customer_1981@email.com";"Patras";"Greece";"2021-03-17";"Silver";786
1982;"First_1982";"Last_1982";"customer_1982@email.com";"Thessaloniki";"Italy";"2021-09-27";"Bronze";620
1983;"First_1983";"Last_1983";"customer_1983@email.com";"Athens";"Greece";"2019-05-10";"Silver";522
1984;"First_1984";"Last_1984";"customer_1984@email.com";"Ioannina";"Greece";"2020-08-05";"Silver";490
1985;"First_1985";"Last_1985";"customer_1985@email.com";"Larissa";"Italy";"2018-01-23";"Bronze";799
1986;"First_1986";"Last_1986";"customer_1986@email.com";"Athens";"Greece";"2021-02-02";"Bronze";794
1987;"First_1987";"Last_1987";"customer_1987@email.com";"Volos";"Greece";"2022-08-26";"Silver";536
1988;"First_1988";"Last_1988";"customer_1988@email.com";"Larissa";"Greece";"2022-05-22";"Silver";321
1989;"First_1989";"Last_1989";"customer_1989@email.com";"Patras";"UK";"2022-12-30";"Gold";626
1990;"First_1990";"Last_1990";"customer_1990@email.com";"Ioannina";"Greece";"2019-07-12";"Gold";844
1991;"First_1991";"Last_1991";"customer_1991@email.com";"Chalkida";"Greece";"2022-06-05";"Platinum";426
1992;"First_1992";"Last_1992";"customer_1992@email.com";"Rhodes";"Greece";"2020-07-29";"Silver";664
1993;"First_1993";"Last_1993";"customer_1993@email.com";"Rhodes";"Greece";"2022-08-10";"Gold";343
1994;"First_1994";"Last_1994";"customer_1994@email.com";"Rhodes";"Italy";"2021-05-30";"Gold";818
1995;"First_1995";"Last_1995";"customer_1995@email.com";"Thessaloniki";"Italy";"2020-05-04";"Gold";427
1996;"First_1996";"Last_1996";"customer_1996@email.com";"Patras";"UK";"2020-11-04";"Bronze";429
1997;"First_1997";"Last_1997";"customer_1997@email.com";"Ioannina";"France";"2020-06-09";"Platinum";828
1998;"First_1998";"Last_1998";"customer_1998@email.com";"Larissa";"Germany";"2022-07-15";"Bronze";620
1999;"First_1999";"Last_1999";"customer_1999@email.com";"Thessaloniki";"Greece";"2018-03-19";"Silver";485
2000;"First_2000";"Last_2000";"customer_2000@email.com";"Patras";"UK";"2021-09-07";"Bronze";647
2001;"First_2001";"Last_2001";"customer_2001@email.com";"Chalkida";"Greece";"2020-03-17";"Bronze";780
2002;"First_2002";"Last_2002";"customer_2002@email.com";"Volos";"Greece";"2021-06-18";"Bronze";660
2003;"First_2003";"Last_2003";"customer_2003@email.com";"Ioannina";"France";"2020-11-07";"Bronze";586
2004;"First_2004";"Last_2004";"customer_2004@email.com";"Rhodes";"Greece";"2020-02-07";"Bronze";481
2005;"First_2005";"Last_2005";"customer_2005@email.com";"Athens";"France";"2019-03-30";"Gold";750
2006;"First_2006";"Last_2006";"customer_2006@email.com";"Ioannina";"Greece";"2022-01-06";"Bronze";396
2007;"First_2007";"Last_2007";"customer_2007@email.com";"Chania";"Germany";"2020-07-16";"Bronze";613
2008;"First_2008";"Last_2008";"customer_2008@email.com";"Patras";"Greece";"2018-10-04";"Bronze";845
2009;"First_2009";"Last_2009";"customer_2009@email.com";"Heraklion";"Germany";"2021-12-18";"Silver";320
2010;"First_2010";"Last_2010";"customer_2010@email.com";"Chalkida";"UK";"2022-02-08";"Bronze";796
2011;"First_2011";"Last_2011";"customer_2011@email.com";"Volos";"Greece";"2020-11-16";"Bronze";702
2012;"First_2012";"Last_2012";"customer_2012@email.com";"Chalkida";"Greece";"2019-05-29";"Bronze";423
2013;"First_2013";"Last_2013";"customer_2013@email.com";"Ioannina";"Greece";"2019-04-09";"Silver";418
2014;"First_2014";"Last_2014";"customer_2014@email.com";"Heraklion";"Greece";"2020-03-17";"Bronze";776
2015;"First_2015";"Last_2015";"customer_2015@email.com";"Chania";"Germany";"2020-04-03";"Bronze";402
2016;"First_2016";"Last_2016";"customer_2016@email.com";"Larissa";"Italy";"2018-12-29";"Bronze";632
2017;"First_2017";"Last_2017";"customer_2017@email.com";"Athens";"Greece";"2021-11-07";"Platinum";758
2018;"First_2018";"Last_2018";"customer_2018@email.com";"Heraklion";"UK";"2020-01-21";"Bronze";429
2019;"First_2019";"Last_2019";"customer_2019@email.com";"Patras";"France";"2019-06-09";"Silver";433
2020;"First_2020";"Last_2020";"customer_2020@email.com";"Rhodes";"Greece";"2021-11-06";"Bronze";456
2021;"First_2021";"Last_2021";"customer_2021@email.com";"Chania";"Germany";"2021-04-22";"Bronze";724
2022;"First_2022";"Last_2022";"customer_2022@email.com";"Athens";"France";"2021-05-02";"Bronze";734
2023;"First_2023";"Last_2023";"customer_2023@email.com";"Volos";"Greece";"2022-01-25";"Bronze";688
2024;"First_2024";"Last_2024";"customer_2024@email.com";"Rhodes";"Greece";"2018-02-25";"Bronze";617
2025;"First_2025";"Last_2025";"customer_2025@email.com";"Ioannina";"Greece";"2021-06-07";"Bronze";804
2026;"First_2026";"Last_2026";"customer_2026@email.com";"Heraklion";"Italy";"2019-05-04";"Bronze";489
2027;"First_2027";"Last_2027";"customer_2027@email.com";"Athens";"Italy";"2020-11-17";"Silver";710
2028;"First_2028";"Last_2028";"customer_2028@email.com";"Thessaloniki";"UK";"2022-05-26";"Platinum";351
2029;"First_2029";"Last_2029";"customer_2029@email.com";"Larissa";"Greece";"2019-12-23";"Bronze";745
2030;"First_2030";"Last_2030";"customer_2030@email.com";"Larissa";"Greece";"2021-04-22";"Silver";743
2031;"First_2031";"Last_2031";"customer_2031@email.com";"Chania";"Greece";"2021-12-19";"Platinum";681
2032;"First_2032";"Last_2032";"customer_2032@email.com";"Volos";"Greece";"2021-10-30";"Gold";673
2033;"First_2033";"Last_2033";"customer_2033@email.com";"Chania";"Germany";"2018-02-10";"Bronze";674
2034;"First_2034";"Last_2034";"customer_2034@email.com";"Thessaloniki";"Italy";"2022-02-16";"Silver";688
2035;"First_2035";"Last_2035";"customer_2035@email.com";"Patras";"Italy";"2020-09-30";"Bronze";778
2036;"First_2036";"Last_2036";"customer_2036@email.com";"Volos";"Germany";"2018-09-17";"Silver";703
2037;"First_2037";"Last_2037";"customer_2037@email.com";"Chalkida";"Greece";"2019-03-17";"Bronze";767
2038;"First_2038";"Last_2038";"customer_2038@email.com";"Patras";"Greece";"2020-07-14";"Bronze";804
2039;"First_2039";"Last_2039";"customer_2039@email.com";"Volos";"Greece";"2020-05-05";"Bronze";382
2040;"First_2040";"Last_2040";"customer_2040@email.com";"Volos";"UK";"2018-03-25";"Bronze";618
2041;"First_2041";"Last_2041";"customer_2041@email.com";"Thessaloniki";"France";"2018-02-15";"Silver";366
2042;"First_2042";"Last_2042";"customer_2042@email.com";"Ioannina";"Greece";"2019-03-16";"Bronze";713
2043;"First_2043";"Last_2043";"customer_2043@email.com";"Thessaloniki";"Greece";"2022-08-22";"Silver";752
2044;"First_2044";"Last_2044";"customer_2044@email.com";"Volos";"Greece";"2022-03-23";"Bronze";497
2045;"First_2045";"Last_2045";"customer_2045@email.com";"Athens";"Greece";"2020-09-12";"Bronze";558
2046;"First_2046";"Last_2046";"customer_2046@email.com";"Patras";"Greece";"2022-01-01";"Silver";597
2047;"First_2047";"Last_2047";"customer_2047@email.com";"Thessaloniki";"Greece";"2018-05-16";"Platinum";579
2048;"First_2048";"Last_2048";"customer_2048@email.com";"Ioannina";"Greece";"2021-04-21";"Bronze";599
2049;"First_2049";"Last_2049";"customer_2049@email.com";"Heraklion";"France";"2022-09-29";"Bronze";428
2050;"First_2050";"Last_2050";"customer_2050@email.com";"Chania";"Greece";"2021-04-10";"Gold";797
2051;"First_2051";"Last_2051";"customer_2051@email.com";"Volos";"Greece";"2020-06-27";"Bronze";737
2052;"First_2052";"Last_2052";"customer_2052@email.com";"Chalkida";"Greece";"2020-05-10";"Gold";591
2053;"First_2053";"Last_2053";"customer_2053@email.com";"Heraklion";"Greece";"2020-02-27";"Silver";506
2054;"First_2054";"Last_2054";"customer_2054@email.com";"Larissa";"Greece";"2019-08-13";"Bronze";593
2055;"First_2055";"Last_2055";"customer_2055@email.com";"Rhodes";"Greece";"2020-08-13";"Bronze";328
2056;"First_2056";"Last_2056";"customer_2056@email.com";"Ioannina";"Greece";"2019-11-21";"Bronze";478
2057;"First_2057";"Last_2057";"customer_2057@email.com";"Chalkida";"Greece";"2019-06-23";"Bronze";340
2058;"First_2058";"Last_2058";"customer_2058@email.com";"Rhodes";"UK";"2021-02-17";"Gold";769
2059;"First_2059";"Last_2059";"customer_2059@email.com";"Ioannina";"Greece";"2021-07-28";"Silver";491
2060;"First_2060";"Last_2060";"customer_2060@email.com";"Athens";"France";"2021-08-24";"Silver";643
2061;"First_2061";"Last_2061";"customer_2061@email.com";"Chania";"Greece";"2019-12-09";"Silver";577
2062;"First_2062";"Last_2062";"customer_2062@email.com";"Heraklion";"Greece";"2021-07-24";"Bronze";654
2063;"First_2063";"Last_2063";"customer_2063@email.com";"Patras";"Greece";"2022-04-03";"Silver";828
2064;"First_2064";"Last_2064";"customer_2064@email.com";"Ioannina";"Greece";"2018-10-22";"Bronze";385
2065;"First_2065";"Last_2065";"customer_2065@email.com";"Patras";"Italy";"2022-12-12";"Silver";616
2066;"First_2066";"Last_2066";"customer_2066@email.com";"Chania";"UK";"2018-02-22";"Bronze";636
2067;"First_2067";"Last_2067";"customer_2067@email.com";"Volos";"Italy";"2020-03-16";"Silver";444
2068;"First_2068";"Last_2068";"customer_2068@email.com";"Larissa";"Italy";"2021-12-26";"Gold";614
2069;"First_2069";"Last_2069";"customer_2069@email.com";"Heraklion";"Germany";"2018-02-21";"Bronze";524
2070;"First_2070";"Last_2070";"customer_2070@email.com";"Chania";"Greece";"2019-12-29";"Bronze";722
2071;"First_2071";"Last_2071";"customer_2071@email.com";"Chania";"Greece";"2018-03-13";"Silver";353
2072;"First_2072";"Last_2072";"customer_2072@email.com";"Athens";"Italy";"2018-01-28";"Bronze";367
2073;"First_2073";"Last_2073";"customer_2073@email.com";"Rhodes";"UK";"2019-04-14";"Silver";633
2074;"First_2074";"Last_2074";"customer_2074@email.com";"Larissa";"Greece";"2020-02-03";"Platinum";376
2075;"First_2075";"Last_2075";"customer_2075@email.com";"Heraklion";"UK";"2020-06-04";"Bronze";838
2076;"First_2076";"Last_2076";"customer_2076@email.com";"Volos";"Greece";"2020-06-30";"Bronze";454
2077;"First_2077";"Last_2077";"customer_2077@email.com";"Volos";"Greece";"2019-07-01";"Silver";371
2078;"First_2078";"Last_2078";"customer_2078@email.com";"Thessaloniki";"Greece";"2021-11-25";"Bronze";800
2079;"First_2079";"Last_2079";"customer_2079@email.com";"Chania";"Germany";"2018-07-20";"Bronze";746
2080;"First_2080";"Last_2080";"customer_2080@email.com";"Ioannina";"France";"2022-11-20";"Gold";658
2081;"First_2081";"Last_2081";"customer_2081@email.com";"Athens";"Greece";"2022-06-23";"Silver";576
2082;"First_2082";"Last_2082";"customer_2082@email.com";"Larissa";"Greece";"2020-03-30";"Bronze";612
2083;"First_2083";"Last_2083";"customer_2083@email.com";"Volos";"Greece";"2022-01-29";"Bronze";404
2084;"First_2084";"Last_2084";"customer_2084@email.com";"Heraklion";"Germany";"2022-08-03";"Silver";394
2085;"First_2085";"Last_2085";"customer_2085@email.com";"Thessaloniki";"Greece";"2022-06-07";"Silver";518
2086;"First_2086";"Last_2086";"customer_2086@email.com";"Heraklion";"Greece";"2019-07-14";"Gold";427
2087;"First_2087";"Last_2087";"customer_2087@email.com";"Athens";"Greece";"2022-12-19";"Bronze";499
2088;"First_2088";"Last_2088";"customer_2088@email.com";"Ioannina";"Greece";"2019-01-14";"Gold";631
2089;"First_2089";"Last_2089";"customer_2089@email.com";"Thessaloniki";"Greece";"2022-11-19";"Silver";846
2090;"First_2090";"Last_2090";"customer_2090@email.com";"Thessaloniki";"UK";"2021-04-15";"Silver";591
2091;"First_2091";"Last_2091";"customer_2091@email.com";"Rhodes";"Greece";"2020-12-11";"Silver";365
2092;"First_2092";"Last_2092";"customer_2092@email.com";"Larissa";"Germany";"2018-03-20";"Bronze";703
2093;"First_2093";"Last_2093";"customer_2093@email.com";"Thessaloniki";"Greece";"2021-11-09";"Platinum";445
2094;"First_2094";"Last_2094";"customer_2094@email.com";"Rhodes";"Greece";"2020-04-13";"Bronze";829
2095;"First_2095";"Last_2095";"customer_2095@email.com";"Rhodes";"Greece";"2022-05-19";"Bronze";701
2096;"First_2096";"Last_2096";"customer_2096@email.com";"Athens";"UK";"2020-10-28";"Gold";424
2097;"First_2097";"Last_2097";"customer_2097@email.com";"Patras";"Italy";"2021-05-22";"Silver";813
2098;"First_2098";"Last_2098";"customer_2098@email.com";"Heraklion";"Italy";"2018-01-25";"Gold";631
2099;"First_2099";"Last_2099";"customer_2099@email.com";"Ioannina";"Greece";"2019-03-26";"Silver";779
2100;"First_2100";"Last_2100";"customer_2100@email.com";"Chalkida";"Greece";"2020-02-07";"Bronze";697
2101;"First_2101";"Last_2101";"customer_2101@email.com";"Heraklion";"France";"2020-01-25";"Gold";329
2102;"First_2102";"Last_2102";"customer_2102@email.com";"Thessaloniki";"Germany";"2022-01-20";"Bronze";355
2103;"First_2103";"Last_2103";"customer_2103@email.com";"Ioannina";"Greece";"2022-01-24";"Gold";431
2104;"First_2104";"Last_2104";"customer_2104@email.com";"Volos";"France";"2018-07-17";"Bronze";530
2105;"First_2105";"Last_2105";"customer_2105@email.com";"Patras";"Greece";"2021-01-22";"Gold";694
2106;"First_2106";"Last_2106";"customer_2106@email.com";"Volos";"Greece";"2022-10-09";"Bronze";451
2107;"First_2107";"Last_2107";"customer_2107@email.com";"Volos";"Greece";"2019-03-13";"Silver";801
2108;"First_2108";"Last_2108";"customer_2108@email.com";"Larissa";"Greece";"2022-03-31";"Gold";805
2109;"First_2109";"Last_2109";"customer_2109@email.com";"Heraklion";"Greece";"2019-11-21";"Bronze";685
2110;"First_2110";"Last_2110";"customer_2110@email.com";"Chalkida";"Greece";"2021-11-02";"Silver";832
2111;"First_2111";"Last_2111";"customer_2111@email.com";"Athens";"Greece";"2019-08-10";"Gold";747
2112;"First_2112";"Last_2112";"customer_2112@email.com";"Chalkida";"Greece";"2018-04-14";"Silver";425
2113;"First_2113";"Last_2113";"customer_2113@email.com";"Volos";"Greece";"2022-08-31";"Gold";788
2114;"First_2114";"Last_2114";"customer_2114@email.com";"Thessaloniki";"UK";"2019-09-19";"Bronze";745
2115;"First_2115";"Last_2115";"customer_2115@email.com";"Patras";"Greece";"2020-11-28";"Bronze";769
2116;"First_2116";"Last_2116";"customer_2116@email.com";"Chania";"Greece";"2019-04-03";"Bronze";648
2117;"First_2117";"Last_2117";"customer_2117@email.com";"Chalkida";"Greece";"2018-12-30";"Bronze";807
2118;"First_2118";"Last_2118";"customer_2118@email.com";"Volos";"Italy";"2022-12-14";"Bronze";756
2119;"First_2119";"Last_2119";"customer_2119@email.com";"Patras";"Greece";"2018-05-15";"Silver";684
2120;"First_2120";"Last_2120";"customer_2120@email.com";"Ioannina";"Greece";"2019-01-09";"Bronze";747
2121;"First_2121";"Last_2121";"customer_2121@email.com";"Heraklion";"Greece";"2021-06-09";"Bronze";414
2122;"First_2122";"Last_2122";"customer_2122@email.com";"Rhodes";"UK";"2018-02-08";"Bronze";751
2123;"First_2123";"Last_2123";"customer_2123@email.com";"Larissa";"Greece";"2020-03-29";"Gold";418
2124;"First_2124";"Last_2124";"customer_2124@email.com";"Patras";"Greece";"2018-02-16";"Silver";392
2125;"First_2125";"Last_2125";"customer_2125@email.com";"Thessaloniki";"Greece";"2018-02-05";"Bronze";820
2126;"First_2126";"Last_2126";"customer_2126@email.com";"Thessaloniki";"Greece";"2018-04-05";"Gold";837
2127;"First_2127";"Last_2127";"customer_2127@email.com";"Patras";"France";"2020-09-11";"Bronze";732
2128;"First_2128";"Last_2128";"customer_2128@email.com";"Thessaloniki";"France";"2021-10-16";"Platinum";444
2129;"First_2129";"Last_2129";"customer_2129@email.com";"Heraklion";"Germany";"2022-03-29";"Silver";367
2130;"First_2130";"Last_2130";"customer_2130@email.com";"Thessaloniki";"UK";"2021-03-15";"Bronze";430
2131;"First_2131";"Last_2131";"customer_2131@email.com";"Chalkida";"Greece";"2019-01-03";"Silver";580
2132;"First_2132";"Last_2132";"customer_2132@email.com";"Rhodes";"Greece";"2018-03-06";"Silver";812
2133;"First_2133";"Last_2133";"customer_2133@email.com";"Thessaloniki";"Germany";"2021-06-05";"Bronze";300
2134;"First_2134";"Last_2134";"customer_2134@email.com";"Rhodes";"Greece";"2020-01-24";"Gold";731
2135;"First_2135";"Last_2135";"customer_2135@email.com";"Volos";"France";"2022-03-24";"Bronze";690
2136;"First_2136";"Last_2136";"customer_2136@email.com";"Athens";"Greece";"2020-03-26";"Bronze";565
2137;"First_2137";"Last_2137";"customer_2137@email.com";"Heraklion";"Greece";"2022-04-28";"Bronze";698
2138;"First_2138";"Last_2138";"customer_2138@email.com";"Athens";"Germany";"2020-01-26";"Bronze";555
2139;"First_2139";"Last_2139";"customer_2139@email.com";"Volos";"Germany";"2018-06-30";"Bronze";694
2140;"First_2140";"Last_2140";"customer_2140@email.com";"Heraklion";"Germany";"2022-03-05";"Gold";473
2141;"First_2141";"Last_2141";"customer_2141@email.com";"Patras";"Greece";"2019-08-20";"Bronze";344
2142;"First_2142";"Last_2142";"customer_2142@email.com";"Patras";"France";"2021-03-24";"Bronze";440
2143;"First_2143";"Last_2143";"customer_2143@email.com";"Rhodes";"Greece";"2020-02-26";"Silver";838
2144;"First_2144";"Last_2144";"customer_2144@email.com";"Volos";"Greece";"2022-04-08";"Gold";349
2145;"First_2145";"Last_2145";"customer_2145@email.com";"Rhodes";"Italy";"2019-09-19";"Platinum";360
2146;"First_2146";"Last_2146";"customer_2146@email.com";"Larissa";"UK";"2021-12-29";"Silver";542
2147;"First_2147";"Last_2147";"customer_2147@email.com";"Thessaloniki";"Greece";"2021-01-27";"Platinum";568
2148;"First_2148";"Last_2148";"customer_2148@email.com";"Chania";"UK";"2019-09-08";"Silver";439
2149;"First_2149";"Last_2149";"customer_2149@email.com";"Larissa";"Greece";"2021-10-27";"Platinum";456
2150;"First_2150";"Last_2150";"customer_2150@email.com";"Thessaloniki";"Greece";"2022-05-06";"Silver";575
2151;"First_2151";"Last_2151";"customer_2151@email.com";"Heraklion";"Greece";"2021-10-17";"Bronze";330
2152;"First_2152";"Last_2152";"customer_2152@email.com";"Rhodes";"Italy";"2018-04-22";"Bronze";307
2153;"First_2153";"Last_2153";"customer_2153@email.com";"Heraklion";"Greece";"2019-03-29";"Silver";332
2154;"First_2154";"Last_2154";"customer_2154@email.com";"Heraklion";"Germany";"2020-01-26";"Bronze";751
2155;"First_2155";"Last_2155";"customer_2155@email.com";"Thessaloniki";"Greece";"2021-04-07";"Bronze";748
2156;"First_2156";"Last_2156";"customer_2156@email.com";"Volos";"UK";"2019-08-07";"Silver";336
2157;"First_2157";"Last_2157";"customer_2157@email.com";"Thessaloniki";"Greece";"2018-05-19";"Gold";333
2158;"First_2158";"Last_2158";"customer_2158@email.com";"Ioannina";"Germany";"2018-08-19";"Bronze";754
2159;"First_2159";"Last_2159";"customer_2159@email.com";"Patras";"Greece";"2021-06-16";"Silver";743
2160;"First_2160";"Last_2160";"customer_2160@email.com";"Patras";"UK";"2020-09-10";"Silver";536
2161;"First_2161";"Last_2161";"customer_2161@email.com";"Larissa";"Italy";"2018-09-10";"Platinum";511
2162;"First_2162";"Last_2162";"customer_2162@email.com";"Patras";"Germany";"2021-12-30";"Gold";439
2163;"First_2163";"Last_2163";"customer_2163@email.com";"Thessaloniki";"Greece";"2019-07-15";"Silver";660
2164;"First_2164";"Last_2164";"customer_2164@email.com";"Chalkida";"Italy";"2021-12-16";"Silver";603
2165;"First_2165";"Last_2165";"customer_2165@email.com";"Rhodes";"Greece";"2021-08-19";"Bronze";595
2166;"First_2166";"Last_2166";"customer_2166@email.com";"Thessaloniki";"UK";"2018-03-13";"Silver";451
2167;"First_2167";"Last_2167";"customer_2167@email.com";"Thessaloniki";"France";"2021-07-10";"Silver";522
2168;"First_2168";"Last_2168";"customer_2168@email.com";"Chania";"Greece";"2018-08-10";"Gold";495
2169;"First_2169";"Last_2169";"customer_2169@email.com";"Rhodes";"Greece";"2021-01-05";"Silver";598
2170;"First_2170";"Last_2170";"customer_2170@email.com";"Ioannina";"Greece";"2018-03-03";"Bronze";828
2171;"First_2171";"Last_2171";"customer_2171@email.com";"Patras";"Greece";"2022-02-03";"Silver";787
2172;"First_2172";"Last_2172";"customer_2172@email.com";"Rhodes";"Germany";"2021-03-26";"Bronze";510
2173;"First_2173";"Last_2173";"customer_2173@email.com";"Patras";"Greece";"2020-03-16";"Bronze";531
2174;"First_2174";"Last_2174";"customer_2174@email.com";"Larissa";"Greece";"2018-05-05";"Bronze";666
2175;"First_2175";"Last_2175";"customer_2175@email.com";"Rhodes";"Greece";"2020-01-11";"Bronze";780
2176;"First_2176";"Last_2176";"customer_2176@email.com";"Patras";"Greece";"2018-06-10";"Gold";478
2177;"First_2177";"Last_2177";"customer_2177@email.com";"Ioannina";"Greece";"2019-06-25";"Bronze";783
2178;"First_2178";"Last_2178";"customer_2178@email.com";"Athens";"France";"2019-09-18";"Bronze";794
2179;"First_2179";"Last_2179";"customer_2179@email.com";"Heraklion";"Greece";"2022-06-03";"Platinum";846
2180;"First_2180";"Last_2180";"customer_2180@email.com";"Heraklion";"France";"2022-04-08";"Bronze";315
2181;"First_2181";"Last_2181";"customer_2181@email.com";"Ioannina";"Greece";"2018-04-16";"Bronze";765
2182;"First_2182";"Last_2182";"customer_2182@email.com";"Chania";"Greece";"2021-02-28";"Bronze";701
2183;"First_2183";"Last_2183";"customer_2183@email.com";"Athens";"UK";"2021-10-12";"Bronze";593
2184;"First_2184";"Last_2184";"customer_2184@email.com";"Larissa";"Greece";"2022-09-05";"Bronze";470
2185;"First_2185";"Last_2185";"customer_2185@email.com";"Ioannina";"Greece";"2020-02-15";"Bronze";331
2186;"First_2186";"Last_2186";"customer_2186@email.com";"Heraklion";"Greece";"2022-12-26";"Silver";562
2187;"First_2187";"Last_2187";"customer_2187@email.com";"Heraklion";"Greece";"2018-01-02";"Bronze";514
2188;"First_2188";"Last_2188";"customer_2188@email.com";"Heraklion";"Greece";"2018-08-21";"Bronze";488
2189;"First_2189";"Last_2189";"customer_2189@email.com";"Volos";"Greece";"2019-01-04";"Gold";560
2190;"First_2190";"Last_2190";"customer_2190@email.com";"Ioannina";"Greece";"2021-06-28";"Bronze";481
2191;"First_2191";"Last_2191";"customer_2191@email.com";"Thessaloniki";"Greece";"2020-08-03";"Gold";804
2192;"First_2192";"Last_2192";"customer_2192@email.com";"Larissa";"Greece";"2021-02-05";"Bronze";641
2193;"First_2193";"Last_2193";"customer_2193@email.com";"Heraklion";"Greece";"2021-07-23";"Bronze";321
2194;"First_2194";"Last_2194";"customer_2194@email.com";"Patras";"Greece";"2018-06-29";"Silver";373
2195;"First_2195";"Last_2195";"customer_2195@email.com";"Ioannina";"Greece";"2022-10-15";"Bronze";465
2196;"First_2196";"Last_2196";"customer_2196@email.com";"Volos";"Italy";"2018-10-20";"Bronze";533
2197;"First_2197";"Last_2197";"customer_2197@email.com";"Ioannina";"Greece";"2019-08-07";"Silver";674
2198;"First_2198";"Last_2198";"customer_2198@email.com";"Larissa";"Germany";"2020-03-05";"Bronze";732
2199;"First_2199";"Last_2199";"customer_2199@email.com";"Volos";"Greece";"2018-06-24";"Silver";633
2200;"First_2200";"Last_2200";"customer_2200@email.com";"Larissa";"Italy";"2018-05-03";"Gold";839
2201;"First_2201";"Last_2201";"customer_2201@email.com";"Ioannina";"Greece";"2018-08-15";"Bronze";334
2202;"First_2202";"Last_2202";"customer_2202@email.com";"Thessaloniki";"Italy";"2019-03-20";"Silver";743
2203;"First_2203";"Last_2203";"customer_2203@email.com";"Larissa";"Germany";"2019-03-04";"Silver";530
2204;"First_2204";"Last_2204";"customer_2204@email.com";"Volos";"Greece";"2021-01-11";"Platinum";617
2205;"First_2205";"Last_2205";"customer_2205@email.com";"Volos";"France";"2020-02-04";"Gold";642
2206;"First_2206";"Last_2206";"customer_2206@email.com";"Larissa";"Greece";"2022-08-09";"Gold";729
2207;"First_2207";"Last_2207";"customer_2207@email.com";"Chalkida";"Greece";"2019-09-24";"Bronze";765
2208;"First_2208";"Last_2208";"customer_2208@email.com";"Ioannina";"UK";"2018-03-06";"Silver";378
2209;"First_2209";"Last_2209";"customer_2209@email.com";"Chalkida";"Italy";"2021-07-28";"Bronze";748
2210;"First_2210";"Last_2210";"customer_2210@email.com";"Chania";"Greece";"2022-12-24";"Bronze";581
2211;"First_2211";"Last_2211";"customer_2211@email.com";"Ioannina";"Greece";"2021-11-15";"Gold";356
2212;"First_2212";"Last_2212";"customer_2212@email.com";"Larissa";"UK";"2019-03-04";"Bronze";490
2213;"First_2213";"Last_2213";"customer_2213@email.com";"Athens";"Germany";"2019-09-10";"Platinum";762
2214;"First_2214";"Last_2214";"customer_2214@email.com";"Larissa";"France";"2020-07-13";"Bronze";341
2215;"First_2215";"Last_2215";"customer_2215@email.com";"Chalkida";"Germany";"2020-03-22";"Gold";785
2216;"First_2216";"Last_2216";"customer_2216@email.com";"Thessaloniki";"Greece";"2018-04-17";"Bronze";472
2217;"First_2217";"Last_2217";"customer_2217@email.com";"Larissa";"Italy";"2022-04-21";"Bronze";549
2218;"First_2218";"Last_2218";"customer_2218@email.com";"Larissa";"Greece";"2019-10-21";"Bronze";809
2219;"First_2219";"Last_2219";"customer_2219@email.com";"Thessaloniki";"Greece";"2021-07-09";"Silver";801
2220;"First_2220";"Last_2220";"customer_2220@email.com";"Larissa";"Greece";"2021-03-28";"Bronze";492
2221;"First_2221";"Last_2221";"customer_2221@email.com";"Heraklion";"Greece";"2018-09-22";"Silver";464
2222;"First_2222";"Last_2222";"customer_2222@email.com";"Athens";"Greece";"2022-01-31";"Bronze";389
2223;"First_2223";"Last_2223";"customer_2223@email.com";"Patras";"UK";"2021-05-10";"Bronze";357
2224;"First_2224";"Last_2224";"customer_2224@email.com";"Athens";"Greece";"2018-06-04";"Bronze";562
2225;"First_2225";"Last_2225";"customer_2225@email.com";"Larissa";"Greece";"2020-11-02";"Bronze";542
2226;"First_2226";"Last_2226";"customer_2226@email.com";"Heraklion";"France";"2021-08-13";"Gold";518
2227;"First_2227";"Last_2227";"customer_2227@email.com";"Ioannina";"Greece";"2020-06-14";"Gold";308
2228;"First_2228";"Last_2228";"customer_2228@email.com";"Larissa";"Greece";"2022-03-02";"Bronze";729
2229;"First_2229";"Last_2229";"customer_2229@email.com";"Chalkida";"Greece";"2022-06-09";"Silver";312
2230;"First_2230";"Last_2230";"customer_2230@email.com";"Heraklion";"Italy";"2020-09-19";"Silver";524
2231;"First_2231";"Last_2231";"customer_2231@email.com";"Thessaloniki";"Greece";"2022-12-21";"Bronze";366
2232;"First_2232";"Last_2232";"customer_2232@email.com";"Heraklion";"Greece";"2018-09-02";"Bronze";802
2233;"First_2233";"Last_2233";"customer_2233@email.com";"Thessaloniki";"Greece";"2021-08-16";"Silver";483
2234;"First_2234";"Last_2234";"customer_2234@email.com";"Chania";"Greece";"2021-10-17";"Bronze";507
2235;"First_2235";"Last_2235";"customer_2235@email.com";"Patras";"Greece";"2021-10-09";"Bronze";827
2236;"First_2236";"Last_2236";"customer_2236@email.com";"Rhodes";"Greece";"2022-03-25";"Bronze";599
2237;"First_2237";"Last_2237";"customer_2237@email.com";"Heraklion";"Greece";"2019-01-21";"Silver";540
2238;"First_2238";"Last_2238";"customer_2238@email.com";"Volos";"Italy";"2020-01-29";"Bronze";754
2239;"First_2239";"Last_2239";"customer_2239@email.com";"Chalkida";"Greece";"2021-08-28";"Bronze";829
2240;"First_2240";"Last_2240";"customer_2240@email.com";"Larissa";"Greece";"2019-02-18";"Bronze";543
2241;"First_2241";"Last_2241";"customer_2241@email.com";"Chalkida";"Greece";"2021-07-25";"Bronze";537
2242;"First_2242";"Last_2242";"customer_2242@email.com";"Athens";"Greece";"2022-11-09";"Bronze";545
2243;"First_2243";"Last_2243";"customer_2243@email.com";"Rhodes";"Germany";"2019-12-16";"Gold";644
2244;"First_2244";"Last_2244";"customer_2244@email.com";"Athens";"Greece";"2020-01-29";"Bronze";783
2245;"First_2245";"Last_2245";"customer_2245@email.com";"Chania";"Greece";"2020-01-17";"Silver";609
2246;"First_2246";"Last_2246";"customer_2246@email.com";"Rhodes";"UK";"2019-08-16";"Bronze";583
2247;"First_2247";"Last_2247";"customer_2247@email.com";"Rhodes";"Greece";"2021-10-11";"Silver";337
2248;"First_2248";"Last_2248";"customer_2248@email.com";"Athens";"Greece";"2022-03-29";"Silver";331
2249;"First_2249";"Last_2249";"customer_2249@email.com";"Thessaloniki";"Greece";"2020-04-18";"Bronze";542
2250;"First_2250";"Last_2250";"customer_2250@email.com";"Athens";"Greece";"2018-01-16";"Gold";591
2251;"First_2251";"Last_2251";"customer_2251@email.com";"Chalkida";"Greece";"2020-09-19";"Bronze";591
2252;"First_2252";"Last_2252";"customer_2252@email.com";"Thessaloniki";"Greece";"2020-12-04";"Gold";681
2253;"First_2253";"Last_2253";"customer_2253@email.com";"Chalkida";"Greece";"2021-09-06";"Bronze";437
2254;"First_2254";"Last_2254";"customer_2254@email.com";"Chania";"France";"2019-10-13";"Platinum";499
2255;"First_2255";"Last_2255";"customer_2255@email.com";"Larissa";"Greece";"2021-09-11";"Silver";634
2256;"First_2256";"Last_2256";"customer_2256@email.com";"Ioannina";"Greece";"2018-05-28";"Platinum";746
2257;"First_2257";"Last_2257";"customer_2257@email.com";"Thessaloniki";"Greece";"2018-12-21";"Silver";647
2258;"First_2258";"Last_2258";"customer_2258@email.com";"Chania";"Greece";"2021-06-13";"Bronze";577
2259;"First_2259";"Last_2259";"customer_2259@email.com";"Volos";"Greece";"2019-12-04";"Silver";831
2260;"First_2260";"Last_2260";"customer_2260@email.com";"Chania";"Italy";"2019-09-05";"Gold";698
2261;"First_2261";"Last_2261";"customer_2261@email.com";"Athens";"Germany";"2018-04-15";"Platinum";690
2262;"First_2262";"Last_2262";"customer_2262@email.com";"Athens";"Italy";"2022-02-06";"Bronze";309
2263;"First_2263";"Last_2263";"customer_2263@email.com";"Ioannina";"France";"2022-11-21";"Silver";848
2264;"First_2264";"Last_2264";"customer_2264@email.com";"Chania";"Greece";"2019-01-31";"Bronze";358
2265;"First_2265";"Last_2265";"customer_2265@email.com";"Patras";"Greece";"2022-01-09";"Silver";387
2266;"First_2266";"Last_2266";"customer_2266@email.com";"Larissa";"Greece";"2019-08-29";"Bronze";758
2267;"First_2267";"Last_2267";"customer_2267@email.com";"Athens";"Greece";"2021-05-28";"Bronze";403
2268;"First_2268";"Last_2268";"customer_2268@email.com";"Ioannina";"Italy";"2020-04-30";"Gold";403
2269;"First_2269";"Last_2269";"customer_2269@email.com";"Larissa";"Greece";"2019-03-18";"Bronze";553
2270;"First_2270";"Last_2270";"customer_2270@email.com";"Chania";"France";"2022-07-27";"Silver";634
2271;"First_2271";"Last_2271";"customer_2271@email.com";"Chania";"Greece";"2020-05-22";"Silver";762
2272;"First_2272";"Last_2272";"customer_2272@email.com";"Rhodes";"France";"2019-10-29";"Bronze";848
2273;"First_2273";"Last_2273";"customer_2273@email.com";"Ioannina";"Italy";"2020-11-17";"Bronze";600
2274;"First_2274";"Last_2274";"customer_2274@email.com";"Athens";"Germany";"2020-03-04";"Silver";640
2275;"First_2275";"Last_2275";"customer_2275@email.com";"Patras";"Germany";"2019-04-20";"Bronze";791
2276;"First_2276";"Last_2276";"customer_2276@email.com";"Chania";"Greece";"2019-09-20";"Gold";383
2277;"First_2277";"Last_2277";"customer_2277@email.com";"Patras";"France";"2021-08-21";"Platinum";558
2278;"First_2278";"Last_2278";"customer_2278@email.com";"Chania";"Italy";"2022-11-05";"Bronze";659
2279;"First_2279";"Last_2279";"customer_2279@email.com";"Athens";"UK";"2021-11-29";"Bronze";386
2280;"First_2280";"Last_2280";"customer_2280@email.com";"Larissa";"Germany";"2022-03-17";"Bronze";727
2281;"First_2281";"Last_2281";"customer_2281@email.com";"Heraklion";"Germany";"2019-05-17";"Silver";666
2282;"First_2282";"Last_2282";"customer_2282@email.com";"Larissa";"France";"2018-12-14";"Bronze";642
2283;"First_2283";"Last_2283";"customer_2283@email.com";"Chania";"Greece";"2021-06-17";"Bronze";646
2284;"First_2284";"Last_2284";"customer_2284@email.com";"Chalkida";"France";"2020-10-14";"Silver";395
2285;"First_2285";"Last_2285";"customer_2285@email.com";"Heraklion";"Greece";"2019-07-24";"Platinum";554
2286;"First_2286";"Last_2286";"customer_2286@email.com";"Heraklion";"Greece";"2019-11-26";"Bronze";435
2287;"First_2287";"Last_2287";"customer_2287@email.com";"Patras";"Greece";"2021-09-22";"Bronze";547
2288;"First_2288";"Last_2288";"customer_2288@email.com";"Ioannina";"Greece";"2018-01-26";"Platinum";798
2289;"First_2289";"Last_2289";"customer_2289@email.com";"Patras";"Greece";"2021-12-03";"Silver";785
2290;"First_2290";"Last_2290";"customer_2290@email.com";"Patras";"Greece";"2021-01-05";"Silver";701
2291;"First_2291";"Last_2291";"customer_2291@email.com";"Chalkida";"Greece";"2018-08-05";"Silver";711
2292;"First_2292";"Last_2292";"customer_2292@email.com";"Larissa";"Greece";"2021-09-13";"Platinum";747
2293;"First_2293";"Last_2293";"customer_2293@email.com";"Larissa";"Greece";"2020-04-16";"Silver";546
2294;"First_2294";"Last_2294";"customer_2294@email.com";"Volos";"UK";"2020-02-13";"Gold";720
2295;"First_2295";"Last_2295";"customer_2295@email.com";"Chania";"Italy";"2020-11-12";"Silver";423
2296;"First_2296";"Last_2296";"customer_2296@email.com";"Chalkida";"UK";"2022-11-15";"Silver";559
2297;"First_2297";"Last_2297";"customer_2297@email.com";"Volos";"Italy";"2019-11-01";"Bronze";468
2298;"First_2298";"Last_2298";"customer_2298@email.com";"Athens";"Germany";"2019-12-19";"Bronze";410
2299;"First_2299";"Last_2299";"customer_2299@email.com";"Chania";"Greece";"2018-11-06";"Silver";589
2300;"First_2300";"Last_2300";"customer_2300@email.com";"Chania";"Germany";"2019-08-22";"Bronze";312
2301;"First_2301";"Last_2301";"customer_2301@email.com";"Rhodes";"UK";"2018-09-24";"Silver";562
2302;"First_2302";"Last_2302";"customer_2302@email.com";"Rhodes";"Greece";"2021-12-09";"Bronze";322
2303;"First_2303";"Last_2303";"customer_2303@email.com";"Thessaloniki";"Greece";"2019-10-08";"Gold";499
2304;"First_2304";"Last_2304";"customer_2304@email.com";"Thessaloniki";"UK";"2021-07-14";"Bronze";541
2305;"First_2305";"Last_2305";"customer_2305@email.com";"Patras";"Greece";"2021-09-18";"Gold";538
2306;"First_2306";"Last_2306";"customer_2306@email.com";"Athens";"Germany";"2020-10-19";"Silver";602
2307;"First_2307";"Last_2307";"customer_2307@email.com";"Heraklion";"Greece";"2022-12-09";"Bronze";464
2308;"First_2308";"Last_2308";"customer_2308@email.com";"Heraklion";"Greece";"2019-03-26";"Silver";475
2309;"First_2309";"Last_2309";"customer_2309@email.com";"Rhodes";"Greece";"2019-07-19";"Bronze";328
2310;"First_2310";"Last_2310";"customer_2310@email.com";"Rhodes";"Greece";"2022-06-23";"Bronze";834
2311;"First_2311";"Last_2311";"customer_2311@email.com";"Rhodes";"Greece";"2021-06-24";"Bronze";593
2312;"First_2312";"Last_2312";"customer_2312@email.com";"Chalkida";"Germany";"2020-11-25";"Bronze";776
2313;"First_2313";"Last_2313";"customer_2313@email.com";"Ioannina";"France";"2021-11-25";"Platinum";682
2314;"First_2314";"Last_2314";"customer_2314@email.com";"Thessaloniki";"France";"2018-01-28";"Bronze";595
2315;"First_2315";"Last_2315";"customer_2315@email.com";"Chalkida";"Greece";"2018-08-08";"Silver";633
2316;"First_2316";"Last_2316";"customer_2316@email.com";"Larissa";"UK";"2019-02-10";"Bronze";547
2317;"First_2317";"Last_2317";"customer_2317@email.com";"Heraklion";"Greece";"2022-06-26";"Silver";540
2318;"First_2318";"Last_2318";"customer_2318@email.com";"Chania";"Greece";"2022-12-04";"Bronze";405
2319;"First_2319";"Last_2319";"customer_2319@email.com";"Thessaloniki";"Greece";"2018-09-28";"Silver";422
2320;"First_2320";"Last_2320";"customer_2320@email.com";"Volos";"Greece";"2022-10-26";"Silver";334
2321;"First_2321";"Last_2321";"customer_2321@email.com";"Larissa";"Greece";"2022-08-02";"Silver";715
2322;"First_2322";"Last_2322";"customer_2322@email.com";"Thessaloniki";"Greece";"2020-03-02";"Bronze";626
2323;"First_2323";"Last_2323";"customer_2323@email.com";"Chalkida";"Germany";"2022-03-15";"Silver";594
2324;"First_2324";"Last_2324";"customer_2324@email.com";"Athens";"UK";"2020-08-20";"Bronze";731
2325;"First_2325";"Last_2325";"customer_2325@email.com";"Chania";"Greece";"2021-08-02";"Bronze";646
2326;"First_2326";"Last_2326";"customer_2326@email.com";"Thessaloniki";"Greece";"2022-01-17";"Bronze";336
2327;"First_2327";"Last_2327";"customer_2327@email.com";"Ioannina";"Greece";"2022-11-21";"Bronze";811
2328;"First_2328";"Last_2328";"customer_2328@email.com";"Rhodes";"Greece";"2020-04-13";"Bronze";834
2329;"First_2329";"Last_2329";"customer_2329@email.com";"Rhodes";"Germany";"2018-11-13";"Silver";317
2330;"First_2330";"Last_2330";"customer_2330@email.com";"Chania";"Greece";"2022-06-02";"Bronze";326
2331;"First_2331";"Last_2331";"customer_2331@email.com";"Chalkida";"Germany";"2021-08-13";"Bronze";835
2332;"First_2332";"Last_2332";"customer_2332@email.com";"Rhodes";"France";"2018-12-04";"Bronze";328
2333;"First_2333";"Last_2333";"customer_2333@email.com";"Thessaloniki";"Greece";"2021-08-23";"Silver";416
2334;"First_2334";"Last_2334";"customer_2334@email.com";"Volos";"Italy";"2021-12-22";"Silver";431
2335;"First_2335";"Last_2335";"customer_2335@email.com";"Heraklion";"Greece";"2018-12-17";"Bronze";588
2336;"First_2336";"Last_2336";"customer_2336@email.com";"Heraklion";"Greece";"2019-05-26";"Silver";535
2337;"First_2337";"Last_2337";"customer_2337@email.com";"Larissa";"Greece";"2019-06-09";"Silver";341
2338;"First_2338";"Last_2338";"customer_2338@email.com";"Patras";"Greece";"2019-05-07";"Bronze";459
2339;"First_2339";"Last_2339";"customer_2339@email.com";"Athens";"Greece";"2022-06-06";"Silver";424
2340;"First_2340";"Last_2340";"customer_2340@email.com";"Chania";"Greece";"2018-01-09";"Silver";559
2341;"First_2341";"Last_2341";"customer_2341@email.com";"Larissa";"UK";"2022-03-01";"Silver";575
2342;"First_2342";"Last_2342";"customer_2342@email.com";"Patras";"Italy";"2022-10-15";"Bronze";512
2343;"First_2343";"Last_2343";"customer_2343@email.com";"Chalkida";"Germany";"2022-05-03";"Bronze";772
2344;"First_2344";"Last_2344";"customer_2344@email.com";"Ioannina";"Greece";"2019-07-15";"Bronze";730
2345;"First_2345";"Last_2345";"customer_2345@email.com";"Ioannina";"Germany";"2019-03-16";"Silver";379
2346;"First_2346";"Last_2346";"customer_2346@email.com";"Athens";"Germany";"2022-04-25";"Gold";527
2347;"First_2347";"Last_2347";"customer_2347@email.com";"Rhodes";"France";"2020-03-02";"Bronze";394
2348;"First_2348";"Last_2348";"customer_2348@email.com";"Thessaloniki";"France";"2022-10-28";"Bronze";723
2349;"First_2349";"Last_2349";"customer_2349@email.com";"Larissa";"France";"2021-02-05";"Silver";815
2350;"First_2350";"Last_2350";"customer_2350@email.com";"Larissa";"Greece";"2021-06-22";"Gold";464
2351;"First_2351";"Last_2351";"customer_2351@email.com";"Chania";"Germany";"2021-07-02";"Gold";725
2352;"First_2352";"Last_2352";"customer_2352@email.com";"Chania";"Greece";"2018-02-02";"Silver";341
2353;"First_2353";"Last_2353";"customer_2353@email.com";"Ioannina";"Italy";"2020-11-12";"Gold";702
2354;"First_2354";"Last_2354";"customer_2354@email.com";"Ioannina";"Greece";"2020-04-24";"Bronze";715
2355;"First_2355";"Last_2355";"customer_2355@email.com";"Volos";"Greece";"2019-07-20";"Bronze";599
2356;"First_2356";"Last_2356";"customer_2356@email.com";"Volos";"Greece";"2018-02-18";"Bronze";354
2357;"First_2357";"Last_2357";"customer_2357@email.com";"Rhodes";"UK";"2019-04-07";"Silver";635
2358;"First_2358";"Last_2358";"customer_2358@email.com";"Volos";"Greece";"2019-08-13";"Bronze";729
2359;"First_2359";"Last_2359";"customer_2359@email.com";"Thessaloniki";"Greece";"2018-12-02";"Bronze";633
2360;"First_2360";"Last_2360";"customer_2360@email.com";"Thessaloniki";"Italy";"2021-10-13";"Bronze";705
2361;"First_2361";"Last_2361";"customer_2361@email.com";"Larissa";"Italy";"2021-02-19";"Bronze";329
2362;"First_2362";"Last_2362";"customer_2362@email.com";"Heraklion";"Greece";"2022-01-07";"Gold";834
2363;"First_2363";"Last_2363";"customer_2363@email.com";"Thessaloniki";"Greece";"2018-12-25";"Bronze";816
2364;"First_2364";"Last_2364";"customer_2364@email.com";"Patras";"France";"2022-06-14";"Bronze";520
2365;"First_2365";"Last_2365";"customer_2365@email.com";"Ioannina";"Italy";"2018-12-12";"Silver";793
2366;"First_2366";"Last_2366";"customer_2366@email.com";"Chania";"Greece";"2018-07-12";"Bronze";552
2367;"First_2367";"Last_2367";"customer_2367@email.com";"Volos";"Germany";"2021-12-10";"Silver";620
2368;"First_2368";"Last_2368";"customer_2368@email.com";"Larissa";"Greece";"2021-11-01";"Gold";338
2369;"First_2369";"Last_2369";"customer_2369@email.com";"Athens";"France";"2022-01-26";"Gold";764
2370;"First_2370";"Last_2370";"customer_2370@email.com";"Chania";"Germany";"2020-01-26";"Gold";710
2371;"First_2371";"Last_2371";"customer_2371@email.com";"Patras";"Greece";"2022-08-12";"Bronze";711
2372;"First_2372";"Last_2372";"customer_2372@email.com";"Volos";"Greece";"2021-03-15";"Silver";791
2373;"First_2373";"Last_2373";"customer_2373@email.com";"Patras";"Italy";"2019-04-23";"Bronze";737
2374;"First_2374";"Last_2374";"customer_2374@email.com";"Ioannina";"Germany";"2020-04-07";"Bronze";778
2375;"First_2375";"Last_2375";"customer_2375@email.com";"Ioannina";"Greece";"2020-06-08";"Bronze";371
2376;"First_2376";"Last_2376";"customer_2376@email.com";"Rhodes";"Germany";"2019-10-15";"Bronze";519
2377;"First_2377";"Last_2377";"customer_2377@email.com";"Larissa";"Germany";"2019-02-12";"Gold";303
2378;"First_2378";"Last_2378";"customer_2378@email.com";"Chania";"Greece";"2018-10-13";"Bronze";589
2379;"First_2379";"Last_2379";"customer_2379@email.com";"Chalkida";"UK";"2020-04-30";"Silver";679
2380;"First_2380";"Last_2380";"customer_2380@email.com";"Chalkida";"Greece";"2018-04-21";"Bronze";654
2381;"First_2381";"Last_2381";"customer_2381@email.com";"Chania";"Italy";"2019-09-12";"Bronze";379
2382;"First_2382";"Last_2382";"customer_2382@email.com";"Athens";"Greece";"2020-03-03";"Platinum";365
2383;"First_2383";"Last_2383";"customer_2383@email.com";"Larissa";"Greece";"2018-02-19";"Bronze";435
2384;"First_2384";"Last_2384";"customer_2384@email.com";"Patras";"Greece";"2020-11-03";"Silver";698
2385;"First_2385";"Last_2385";"customer_2385@email.com";"Athens";"Germany";"2021-03-03";"Bronze";646
2386;"First_2386";"Last_2386";"customer_2386@email.com";"Heraklion";"Germany";"2019-08-11";"Bronze";358
2387;"First_2387";"Last_2387";"customer_2387@email.com";"Chania";"France";"2019-08-19";"Bronze";818
2388;"First_2388";"Last_2388";"customer_2388@email.com";"Patras";"UK";"2021-09-28";"Gold";536
2389;"First_2389";"Last_2389";"customer_2389@email.com";"Chalkida";"Greece";"2019-11-01";"Bronze";378
2390;"First_2390";"Last_2390";"customer_2390@email.com";"Thessaloniki";"Italy";"2021-08-02";"Bronze";414
2391;"First_2391";"Last_2391";"customer_2391@email.com";"Rhodes";"Greece";"2018-11-10";"Bronze";761
2392;"First_2392";"Last_2392";"customer_2392@email.com";"Chalkida";"France";"2019-08-29";"Silver";425
2393;"First_2393";"Last_2393";"customer_2393@email.com";"Larissa";"Greece";"2018-10-24";"Silver";799
2394;"First_2394";"Last_2394";"customer_2394@email.com";"Ioannina";"Germany";"2022-06-18";"Silver";401
2395;"First_2395";"Last_2395";"customer_2395@email.com";"Thessaloniki";"UK";"2019-07-23";"Bronze";473
2396;"First_2396";"Last_2396";"customer_2396@email.com";"Rhodes";"Germany";"2021-04-02";"Gold";751
2397;"First_2397";"Last_2397";"customer_2397@email.com";"Rhodes";"Greece";"2020-04-11";"Silver";391
2398;"First_2398";"Last_2398";"customer_2398@email.com";"Heraklion";"Greece";"2022-03-01";"Gold";684
2399;"First_2399";"Last_2399";"customer_2399@email.com";"Heraklion";"Greece";"2019-09-02";"Gold";504
2400;"First_2400";"Last_2400";"customer_2400@email.com";"Volos";"France";"2018-01-16";"Silver";662
2401;"First_2401";"Last_2401";"customer_2401@email.com";"Chalkida";"Greece";"2021-09-29";"Bronze";797
2402;"First_2402";"Last_2402";"customer_2402@email.com";"Chalkida";"Italy";"2021-01-06";"Gold";836
2403;"First_2403";"Last_2403";"customer_2403@email.com";"Chalkida";"Greece";"2021-10-01";"Gold";533
2404;"First_2404";"Last_2404";"customer_2404@email.com";"Volos";"Greece";"2018-03-13";"Bronze";315
2405;"First_2405";"Last_2405";"customer_2405@email.com";"Athens";"UK";"2018-09-27";"Bronze";440
2406;"First_2406";"Last_2406";"customer_2406@email.com";"Rhodes";"Greece";"2018-10-14";"Platinum";719
2407;"First_2407";"Last_2407";"customer_2407@email.com";"Thessaloniki";"Italy";"2018-03-07";"Bronze";755
2408;"First_2408";"Last_2408";"customer_2408@email.com";"Larissa";"Germany";"2020-05-29";"Gold";599
2409;"First_2409";"Last_2409";"customer_2409@email.com";"Rhodes";"Greece";"2018-03-09";"Bronze";638
2410;"First_2410";"Last_2410";"customer_2410@email.com";"Heraklion";"Greece";"2021-05-01";"Bronze";602
2411;"First_2411";"Last_2411";"customer_2411@email.com";"Patras";"Greece";"2020-12-14";"Bronze";375
2412;"First_2412";"Last_2412";"customer_2412@email.com";"Ioannina";"Greece";"2020-09-06";"Bronze";615
2413;"First_2413";"Last_2413";"customer_2413@email.com";"Volos";"UK";"2021-11-03";"Bronze";799
2414;"First_2414";"Last_2414";"customer_2414@email.com";"Chania";"Greece";"2020-08-31";"Bronze";374
2415;"First_2415";"Last_2415";"customer_2415@email.com";"Patras";"Greece";"2021-04-06";"Silver";665
2416;"First_2416";"Last_2416";"customer_2416@email.com";"Larissa";"Greece";"2021-12-03";"Platinum";845
2417;"First_2417";"Last_2417";"customer_2417@email.com";"Chalkida";"Greece";"2019-05-23";"Bronze";695
2418;"First_2418";"Last_2418";"customer_2418@email.com";"Heraklion";"Greece";"2022-04-10";"Silver";530
2419;"First_2419";"Last_2419";"customer_2419@email.com";"Heraklion";"France";"2022-07-25";"Silver";327
2420;"First_2420";"Last_2420";"customer_2420@email.com";"Heraklion";"UK";"2020-04-16";"Silver";774
2421;"First_2421";"Last_2421";"customer_2421@email.com";"Chalkida";"UK";"2021-01-30";"Silver";594
2422;"First_2422";"Last_2422";"customer_2422@email.com";"Chania";"UK";"2020-06-04";"Bronze";726
2423;"First_2423";"Last_2423";"customer_2423@email.com";"Volos";"Greece";"2020-03-04";"Bronze";390
2424;"First_2424";"Last_2424";"customer_2424@email.com";"Patras";"France";"2019-02-26";"Bronze";414
2425;"First_2425";"Last_2425";"customer_2425@email.com";"Chalkida";"Greece";"2020-02-14";"Bronze";458
2426;"First_2426";"Last_2426";"customer_2426@email.com";"Larissa";"Greece";"2019-04-23";"Silver";557
2427;"First_2427";"Last_2427";"customer_2427@email.com";"Volos";"Greece";"2020-07-14";"Bronze";672
2428;"First_2428";"Last_2428";"customer_2428@email.com";"Larissa";"Greece";"2018-04-30";"Gold";389
2429;"First_2429";"Last_2429";"customer_2429@email.com";"Volos";"UK";"2022-11-02";"Gold";597
2430;"First_2430";"Last_2430";"customer_2430@email.com";"Chania";"Greece";"2021-08-07";"Platinum";330
2431;"First_2431";"Last_2431";"customer_2431@email.com";"Ioannina";"UK";"2019-05-03";"Gold";657
2432;"First_2432";"Last_2432";"customer_2432@email.com";"Larissa";"Greece";"2021-03-30";"Bronze";769
2433;"First_2433";"Last_2433";"customer_2433@email.com";"Chalkida";"Greece";"2022-08-24";"Silver";427
2434;"First_2434";"Last_2434";"customer_2434@email.com";"Volos";"UK";"2018-03-19";"Bronze";569
2435;"First_2435";"Last_2435";"customer_2435@email.com";"Heraklion";"Greece";"2020-11-27";"Gold";797
2436;"First_2436";"Last_2436";"customer_2436@email.com";"Rhodes";"Greece";"2021-11-18";"Gold";712
2437;"First_2437";"Last_2437";"customer_2437@email.com";"Heraklion";"Greece";"2019-03-17";"Gold";508
2438;"First_2438";"Last_2438";"customer_2438@email.com";"Athens";"Germany";"2022-04-13";"Bronze";605
2439;"First_2439";"Last_2439";"customer_2439@email.com";"Ioannina";"Germany";"2019-04-07";"Silver";490
2440;"First_2440";"Last_2440";"customer_2440@email.com";"Ioannina";"Greece";"2019-09-04";"Bronze";656
2441;"First_2441";"Last_2441";"customer_2441@email.com";"Heraklion";"Italy";"2021-08-10";"Bronze";756
2442;"First_2442";"Last_2442";"customer_2442@email.com";"Patras";"France";"2021-11-24";"Silver";748
2443;"First_2443";"Last_2443";"customer_2443@email.com";"Chania";"UK";"2022-07-18";"Bronze";367
2444;"First_2444";"Last_2444";"customer_2444@email.com";"Larissa";"UK";"2020-07-05";"Platinum";766
2445;"First_2445";"Last_2445";"customer_2445@email.com";"Chalkida";"Greece";"2021-01-20";"Bronze";659
2446;"First_2446";"Last_2446";"customer_2446@email.com";"Ioannina";"Germany";"2022-11-26";"Gold";686
2447;"First_2447";"Last_2447";"customer_2447@email.com";"Heraklion";"Greece";"2019-09-01";"Bronze";427
2448;"First_2448";"Last_2448";"customer_2448@email.com";"Heraklion";"Greece";"2018-01-06";"Gold";784
2449;"First_2449";"Last_2449";"customer_2449@email.com";"Chania";"Italy";"2019-11-12";"Gold";543
2450;"First_2450";"Last_2450";"customer_2450@email.com";"Chania";"Germany";"2020-06-13";"Gold";318
2451;"First_2451";"Last_2451";"customer_2451@email.com";"Thessaloniki";"Greece";"2018-09-28";"Bronze";695
2452;"First_2452";"Last_2452";"customer_2452@email.com";"Thessaloniki";"Greece";"2022-07-02";"Gold";528
2453;"First_2453";"Last_2453";"customer_2453@email.com";"Patras";"Germany";"2020-03-21";"Bronze";667
2454;"First_2454";"Last_2454";"customer_2454@email.com";"Patras";"Greece";"2019-07-13";"Bronze";357
2455;"First_2455";"Last_2455";"customer_2455@email.com";"Athens";"Greece";"2018-04-09";"Bronze";580
2456;"First_2456";"Last_2456";"customer_2456@email.com";"Patras";"Greece";"2019-06-10";"Gold";401
2457;"First_2457";"Last_2457";"customer_2457@email.com";"Volos";"Greece";"2018-07-13";"Bronze";347
2458;"First_2458";"Last_2458";"customer_2458@email.com";"Chania";"Germany";"2021-03-26";"Gold";358
2459;"First_2459";"Last_2459";"customer_2459@email.com";"Chalkida";"Greece";"2022-08-17";"Silver";460
2460;"First_2460";"Last_2460";"customer_2460@email.com";"Volos";"UK";"2021-02-12";"Bronze";402
2461;"First_2461";"Last_2461";"customer_2461@email.com";"Larissa";"Greece";"2019-01-31";"Gold";711
2462;"First_2462";"Last_2462";"customer_2462@email.com";"Heraklion";"Germany";"2020-02-09";"Bronze";482
2463;"First_2463";"Last_2463";"customer_2463@email.com";"Patras";"Italy";"2022-08-08";"Gold";716
2464;"First_2464";"Last_2464";"customer_2464@email.com";"Heraklion";"Germany";"2020-10-20";"Bronze";415
2465;"First_2465";"Last_2465";"customer_2465@email.com";"Ioannina";"France";"2022-03-26";"Silver";698
2466;"First_2466";"Last_2466";"customer_2466@email.com";"Athens";"Italy";"2020-05-29";"Bronze";736
2467;"First_2467";"Last_2467";"customer_2467@email.com";"Ioannina";"Greece";"2021-05-22";"Bronze";617
2468;"First_2468";"Last_2468";"customer_2468@email.com";"Athens";"UK";"2020-01-15";"Bronze";549
2469;"First_2469";"Last_2469";"customer_2469@email.com";"Thessaloniki";"France";"2019-11-14";"Bronze";746
2470;"First_2470";"Last_2470";"customer_2470@email.com";"Heraklion";"Greece";"2022-04-06";"Bronze";796
2471;"First_2471";"Last_2471";"customer_2471@email.com";"Athens";"Greece";"2018-01-15";"Bronze";642
2472;"First_2472";"Last_2472";"customer_2472@email.com";"Rhodes";"Italy";"2021-12-13";"Bronze";726
2473;"First_2473";"Last_2473";"customer_2473@email.com";"Volos";"UK";"2019-01-03";"Silver";539
2474;"First_2474";"Last_2474";"customer_2474@email.com";"Athens";"Greece";"2019-09-30";"Silver";358
2475;"First_2475";"Last_2475";"customer_2475@email.com";"Athens";"Greece";"2020-05-02";"Gold";826
2476;"First_2476";"Last_2476";"customer_2476@email.com";"Volos";"UK";"2021-05-21";"Silver";502
2477;"First_2477";"Last_2477";"customer_2477@email.com";"Heraklion";"Greece";"2019-12-01";"Silver";765
2478;"First_2478";"Last_2478";"customer_2478@email.com";"Heraklion";"Germany";"2022-09-04";"Silver";595
2479;"First_2479";"Last_2479";"customer_2479@email.com";"Volos";"UK";"2022-11-18";"Bronze";586
2480;"First_2480";"Last_2480";"customer_2480@email.com";"Ioannina";"Germany";"2018-01-05";"Silver";372
2481;"First_2481";"Last_2481";"customer_2481@email.com";"Rhodes";"Greece";"2018-08-19";"Bronze";822
2482;"First_2482";"Last_2482";"customer_2482@email.com";"Chalkida";"UK";"2021-05-09";"Gold";636
2483;"First_2483";"Last_2483";"customer_2483@email.com";"Larissa";"UK";"2021-11-26";"Silver";617
2484;"First_2484";"Last_2484";"customer_2484@email.com";"Rhodes";"Germany";"2021-03-18";"Bronze";502
2485;"First_2485";"Last_2485";"customer_2485@email.com";"Heraklion";"Greece";"2022-05-27";"Silver";530
2486;"First_2486";"Last_2486";"customer_2486@email.com";"Chalkida";"Greece";"2022-02-24";"Bronze";356
2487;"First_2487";"Last_2487";"customer_2487@email.com";"Thessaloniki";"Italy";"2020-10-08";"Bronze";719
2488;"First_2488";"Last_2488";"customer_2488@email.com";"Patras";"Greece";"2021-06-03";"Bronze";579
2489;"First_2489";"Last_2489";"customer_2489@email.com";"Athens";"Greece";"2019-08-09";"Silver";604
2490;"First_2490";"Last_2490";"customer_2490@email.com";"Volos";"Greece";"2018-06-18";"Silver";765
2491;"First_2491";"Last_2491";"customer_2491@email.com";"Volos";"France";"2020-01-31";"Gold";473
2492;"First_2492";"Last_2492";"customer_2492@email.com";"Athens";"Greece";"2020-03-02";"Bronze";565
2493;"First_2493";"Last_2493";"customer_2493@email.com";"Patras";"Greece";"2020-09-26";"Silver";546
2494;"First_2494";"Last_2494";"customer_2494@email.com";"Larissa";"Greece";"2018-06-01";"Silver";377
2495;"First_2495";"Last_2495";"customer_2495@email.com";"Patras";"UK";"2020-10-12";"Bronze";552
2496;"First_2496";"Last_2496";"customer_2496@email.com";"Chalkida";"Greece";"2018-08-12";"Silver";774
2497;"First_2497";"Last_2497";"customer_2497@email.com";"Patras";"Greece";"2019-05-19";"Bronze";475
2498;"First_2498";"Last_2498";"customer_2498@email.com";"Chalkida";"Greece";"2022-10-27";"Bronze";720
2499;"First_2499";"Last_2499";"customer_2499@email.com";"Patras";"France";"2022-04-23";"Bronze";760
2500;"First_2500";"Last_2500";"customer_2500@email.com";"Larissa";"Greece";"2018-02-13";"Silver";553
2501;"First_2501";"Last_2501";"customer_2501@email.com";"Larissa";"Greece";"2019-11-28";"Bronze";819
2502;"First_2502";"Last_2502";"customer_2502@email.com";"Heraklion";"Greece";"2019-05-19";"Bronze";406
2503;"First_2503";"Last_2503";"customer_2503@email.com";"Athens";"Italy";"2021-06-18";"Bronze";470
2504;"First_2504";"Last_2504";"customer_2504@email.com";"Larissa";"Germany";"2020-07-18";"Bronze";357
2505;"First_2505";"Last_2505";"customer_2505@email.com";"Chalkida";"Italy";"2020-04-22";"Bronze";636
2506;"First_2506";"Last_2506";"customer_2506@email.com";"Larissa";"France";"2018-12-17";"Bronze";641
2507;"First_2507";"Last_2507";"customer_2507@email.com";"Heraklion";"Greece";"2022-10-12";"Silver";589
2508;"First_2508";"Last_2508";"customer_2508@email.com";"Volos";"Germany";"2018-01-23";"Bronze";383
2509;"First_2509";"Last_2509";"customer_2509@email.com";"Chalkida";"Greece";"2022-07-18";"Silver";416
2510;"First_2510";"Last_2510";"customer_2510@email.com";"Heraklion";"Greece";"2019-08-21";"Silver";833
2511;"First_2511";"Last_2511";"customer_2511@email.com";"Ioannina";"Greece";"2020-12-02";"Bronze";518
2512;"First_2512";"Last_2512";"customer_2512@email.com";"Ioannina";"Greece";"2019-04-11";"Bronze";401
2513;"First_2513";"Last_2513";"customer_2513@email.com";"Thessaloniki";"Italy";"2018-02-09";"Gold";755
2514;"First_2514";"Last_2514";"customer_2514@email.com";"Patras";"Greece";"2018-10-30";"Bronze";825
2515;"First_2515";"Last_2515";"customer_2515@email.com";"Athens";"France";"2022-09-01";"Bronze";565
2516;"First_2516";"Last_2516";"customer_2516@email.com";"Chania";"Greece";"2018-06-24";"Bronze";586
2517;"First_2517";"Last_2517";"customer_2517@email.com";"Rhodes";"Greece";"2020-09-25";"Silver";440
2518;"First_2518";"Last_2518";"customer_2518@email.com";"Heraklion";"France";"2022-04-05";"Silver";705
2519;"First_2519";"Last_2519";"customer_2519@email.com";"Volos";"Germany";"2022-01-24";"Platinum";592
2520;"First_2520";"Last_2520";"customer_2520@email.com";"Rhodes";"UK";"2019-09-13";"Gold";330
2521;"First_2521";"Last_2521";"customer_2521@email.com";"Volos";"Greece";"2021-05-01";"Bronze";470
2522;"First_2522";"Last_2522";"customer_2522@email.com";"Rhodes";"Greece";"2018-09-01";"Bronze";654
2523;"First_2523";"Last_2523";"customer_2523@email.com";"Heraklion";"UK";"2020-04-15";"Bronze";504
2524;"First_2524";"Last_2524";"customer_2524@email.com";"Chania";"Germany";"2018-10-07";"Bronze";777
2525;"First_2525";"Last_2525";"customer_2525@email.com";"Rhodes";"Greece";"2022-10-30";"Bronze";590
2526;"First_2526";"Last_2526";"customer_2526@email.com";"Heraklion";"Italy";"2020-11-25";"Bronze";410
2527;"First_2527";"Last_2527";"customer_2527@email.com";"Larissa";"Germany";"2019-07-11";"Bronze";367
2528;"First_2528";"Last_2528";"customer_2528@email.com";"Chania";"Italy";"2020-06-16";"Bronze";672
2529;"First_2529";"Last_2529";"customer_2529@email.com";"Chalkida";"UK";"2022-04-13";"Bronze";495
2530;"First_2530";"Last_2530";"customer_2530@email.com";"Volos";"UK";"2021-03-23";"Platinum";425
2531;"First_2531";"Last_2531";"customer_2531@email.com";"Ioannina";"Greece";"2020-11-12";"Silver";561
2532;"First_2532";"Last_2532";"customer_2532@email.com";"Patras";"Greece";"2019-12-20";"Platinum";454
2533;"First_2533";"Last_2533";"customer_2533@email.com";"Ioannina";"France";"2020-07-20";"Bronze";407
2534;"First_2534";"Last_2534";"customer_2534@email.com";"Chania";"Greece";"2018-04-01";"Bronze";722
2535;"First_2535";"Last_2535";"customer_2535@email.com";"Chalkida";"Greece";"2019-01-25";"Bronze";334
2536;"First_2536";"Last_2536";"customer_2536@email.com";"Volos";"Greece";"2021-10-14";"Bronze";343
2537;"First_2537";"Last_2537";"customer_2537@email.com";"Chalkida";"Greece";"2019-07-04";"Bronze";715
2538;"First_2538";"Last_2538";"customer_2538@email.com";"Rhodes";"Italy";"2020-07-19";"Gold";584
2539;"First_2539";"Last_2539";"customer_2539@email.com";"Volos";"France";"2021-06-05";"Platinum";746
2540;"First_2540";"Last_2540";"customer_2540@email.com";"Rhodes";"Greece";"2021-05-10";"Bronze";817
2541;"First_2541";"Last_2541";"customer_2541@email.com";"Heraklion";"Greece";"2021-10-05";"Bronze";326
2542;"First_2542";"Last_2542";"customer_2542@email.com";"Chania";"UK";"2022-11-25";"Bronze";526
2543;"First_2543";"Last_2543";"customer_2543@email.com";"Heraklion";"Germany";"2020-11-27";"Bronze";724
2544;"First_2544";"Last_2544";"customer_2544@email.com";"Thessaloniki";"Italy";"2020-01-03";"Bronze";667
2545;"First_2545";"Last_2545";"customer_2545@email.com";"Chalkida";"Greece";"2019-05-15";"Bronze";609
2546;"First_2546";"Last_2546";"customer_2546@email.com";"Rhodes";"Greece";"2022-09-19";"Bronze";404
2547;"First_2547";"Last_2547";"customer_2547@email.com";"Larissa";"Greece";"2020-12-02";"Bronze";317
2548;"First_2548";"Last_2548";"customer_2548@email.com";"Heraklion";"Italy";"2020-05-20";"Bronze";504
2549;"First_2549";"Last_2549";"customer_2549@email.com";"Thessaloniki";"Germany";"2022-07-08";"Bronze";342
2550;"First_2550";"Last_2550";"customer_2550@email.com";"Athens";"Germany";"2022-12-01";"Bronze";388
2551;"First_2551";"Last_2551";"customer_2551@email.com";"Ioannina";"Greece";"2019-06-01";"Platinum";456
2552;"First_2552";"Last_2552";"customer_2552@email.com";"Volos";"UK";"2018-03-09";"Bronze";565
2553;"First_2553";"Last_2553";"customer_2553@email.com";"Thessaloniki";"UK";"2022-10-30";"Gold";433
2554;"First_2554";"Last_2554";"customer_2554@email.com";"Chania";"Greece";"2018-05-03";"Gold";763
2555;"First_2555";"Last_2555";"customer_2555@email.com";"Heraklion";"Greece";"2022-09-05";"Platinum";431
2556;"First_2556";"Last_2556";"customer_2556@email.com";"Chania";"Greece";"2018-12-02";"Silver";333
2557;"First_2557";"Last_2557";"customer_2557@email.com";"Ioannina";"Greece";"2021-03-22";"Silver";382
2558;"First_2558";"Last_2558";"customer_2558@email.com";"Larissa";"Greece";"2020-08-31";"Gold";431
2559;"First_2559";"Last_2559";"customer_2559@email.com";"Chalkida";"Greece";"2020-02-18";"Bronze";727
2560;"First_2560";"Last_2560";"customer_2560@email.com";"Chalkida";"Greece";"2022-08-20";"Bronze";503
2561;"First_2561";"Last_2561";"customer_2561@email.com";"Chania";"Greece";"2021-03-31";"Platinum";635
2562;"First_2562";"Last_2562";"customer_2562@email.com";"Rhodes";"Greece";"2021-05-22";"Silver";796
2563;"First_2563";"Last_2563";"customer_2563@email.com";"Larissa";"France";"2021-10-31";"Platinum";741
2564;"First_2564";"Last_2564";"customer_2564@email.com";"Chalkida";"Greece";"2022-01-06";"Silver";557
2565;"First_2565";"Last_2565";"customer_2565@email.com";"Larissa";"Germany";"2019-02-27";"Gold";591
2566;"First_2566";"Last_2566";"customer_2566@email.com";"Thessaloniki";"Greece";"2022-04-11";"Silver";424
2567;"First_2567";"Last_2567";"customer_2567@email.com";"Larissa";"Germany";"2020-07-27";"Silver";474
2568;"First_2568";"Last_2568";"customer_2568@email.com";"Patras";"Greece";"2020-03-14";"Silver";791
2569;"First_2569";"Last_2569";"customer_2569@email.com";"Ioannina";"France";"2022-09-21";"Gold";379
2570;"First_2570";"Last_2570";"customer_2570@email.com";"Chalkida";"Greece";"2019-09-26";"Gold";604
2571;"First_2571";"Last_2571";"customer_2571@email.com";"Larissa";"Germany";"2021-06-07";"Gold";809
2572;"First_2572";"Last_2572";"customer_2572@email.com";"Chania";"Greece";"2020-12-18";"Silver";643
2573;"First_2573";"Last_2573";"customer_2573@email.com";"Athens";"UK";"2018-04-06";"Bronze";390
2574;"First_2574";"Last_2574";"customer_2574@email.com";"Patras";"Greece";"2021-07-09";"Bronze";468
2575;"First_2575";"Last_2575";"customer_2575@email.com";"Patras";"Greece";"2018-12-20";"Gold";633
2576;"First_2576";"Last_2576";"customer_2576@email.com";"Rhodes";"Greece";"2021-08-28";"Silver";535
2577;"First_2577";"Last_2577";"customer_2577@email.com";"Larissa";"Germany";"2021-03-05";"Bronze";698
2578;"First_2578";"Last_2578";"customer_2578@email.com";"Rhodes";"Italy";"2022-12-24";"Bronze";776
2579;"First_2579";"Last_2579";"customer_2579@email.com";"Rhodes";"France";"2020-08-24";"Gold";834
2580;"First_2580";"Last_2580";"customer_2580@email.com";"Athens";"Greece";"2020-07-11";"Gold";387
2581;"First_2581";"Last_2581";"customer_2581@email.com";"Thessaloniki";"Greece";"2019-04-18";"Gold";552
2582;"First_2582";"Last_2582";"customer_2582@email.com";"Larissa";"Italy";"2022-07-14";"Silver";657
2583;"First_2583";"Last_2583";"customer_2583@email.com";"Heraklion";"Greece";"2019-03-06";"Bronze";357
2584;"First_2584";"Last_2584";"customer_2584@email.com";"Chalkida";"Germany";"2020-09-01";"Bronze";698
2585;"First_2585";"Last_2585";"customer_2585@email.com";"Rhodes";"Italy";"2019-06-21";"Bronze";820
2586;"First_2586";"Last_2586";"customer_2586@email.com";"Ioannina";"France";"2021-03-15";"Gold";824
2587;"First_2587";"Last_2587";"customer_2587@email.com";"Volos";"Greece";"2022-03-28";"Bronze";716
2588;"First_2588";"Last_2588";"customer_2588@email.com";"Ioannina";"Greece";"2018-03-28";"Silver";692
2589;"First_2589";"Last_2589";"customer_2589@email.com";"Athens";"Greece";"2018-04-19";"Silver";521
2590;"First_2590";"Last_2590";"customer_2590@email.com";"Athens";"UK";"2021-12-17";"Silver";628
2591;"First_2591";"Last_2591";"customer_2591@email.com";"Chania";"Greece";"2021-09-30";"Gold";671
2592;"First_2592";"Last_2592";"customer_2592@email.com";"Thessaloniki";"Greece";"2021-07-13";"Bronze";810
2593;"First_2593";"Last_2593";"customer_2593@email.com";"Chalkida";"Greece";"2022-10-24";"Silver";452
2594;"First_2594";"Last_2594";"customer_2594@email.com";"Rhodes";"Greece";"2022-05-29";"Bronze";779
2595;"First_2595";"Last_2595";"customer_2595@email.com";"Ioannina";"Germany";"2020-09-20";"Bronze";319
2596;"First_2596";"Last_2596";"customer_2596@email.com";"Volos";"Germany";"2022-02-26";"Bronze";527
2597;"First_2597";"Last_2597";"customer_2597@email.com";"Athens";"Greece";"2021-09-18";"Bronze";645
2598;"First_2598";"Last_2598";"customer_2598@email.com";"Athens";"Greece";"2020-04-01";"Silver";318
2599;"First_2599";"Last_2599";"customer_2599@email.com";"Thessaloniki";"Italy";"2021-12-07";"Silver";743
2600;"First_2600";"Last_2600";"customer_2600@email.com";"Volos";"Greece";"2022-06-26";"Bronze";667
2601;"First_2601";"Last_2601";"customer_2601@email.com";"Volos";"UK";"2020-07-25";"Bronze";446
2602;"First_2602";"Last_2602";"customer_2602@email.com";"Thessaloniki";"Italy";"2020-10-01";"Silver";803
2603;"First_2603";"Last_2603";"customer_2603@email.com";"Athens";"Greece";"2019-10-11";"Gold";729
2604;"First_2604";"Last_2604";"customer_2604@email.com";"Chalkida";"Greece";"2018-07-10";"Bronze";739
2605;"First_2605";"Last_2605";"customer_2605@email.com";"Larissa";"Italy";"2020-07-21";"Silver";497
2606;"First_2606";"Last_2606";"customer_2606@email.com";"Larissa";"Greece";"2018-05-22";"Silver";586
2607;"First_2607";"Last_2607";"customer_2607@email.com";"Thessaloniki";"Greece";"2021-01-01";"Silver";668
2608;"First_2608";"Last_2608";"customer_2608@email.com";"Volos";"Greece";"2020-04-19";"Bronze";539
2609;"First_2609";"Last_2609";"customer_2609@email.com";"Rhodes";"Greece";"2021-04-05";"Silver";586
2610;"First_2610";"Last_2610";"customer_2610@email.com";"Thessaloniki";"France";"2018-06-17";"Silver";694
2611;"First_2611";"Last_2611";"customer_2611@email.com";"Chalkida";"France";"2019-07-20";"Silver";817
2612;"First_2612";"Last_2612";"customer_2612@email.com";"Thessaloniki";"UK";"2021-07-06";"Silver";359
2613;"First_2613";"Last_2613";"customer_2613@email.com";"Patras";"Greece";"2022-01-02";"Platinum";844
2614;"First_2614";"Last_2614";"customer_2614@email.com";"Ioannina";"Greece";"2021-02-08";"Bronze";602
2615;"First_2615";"Last_2615";"customer_2615@email.com";"Volos";"Germany";"2020-01-14";"Platinum";543
2616;"First_2616";"Last_2616";"customer_2616@email.com";"Chania";"Greece";"2019-11-04";"Silver";506
2617;"First_2617";"Last_2617";"customer_2617@email.com";"Chania";"Germany";"2020-05-13";"Silver";674
2618;"First_2618";"Last_2618";"customer_2618@email.com";"Volos";"Greece";"2020-04-18";"Bronze";582
2619;"First_2619";"Last_2619";"customer_2619@email.com";"Chalkida";"Germany";"2019-06-15";"Bronze";777
2620;"First_2620";"Last_2620";"customer_2620@email.com";"Patras";"Greece";"2021-08-06";"Silver";321
2621;"First_2621";"Last_2621";"customer_2621@email.com";"Patras";"Greece";"2020-08-31";"Silver";648
2622;"First_2622";"Last_2622";"customer_2622@email.com";"Athens";"Greece";"2019-07-16";"Bronze";788
2623;"First_2623";"Last_2623";"customer_2623@email.com";"Ioannina";"Greece";"2022-03-14";"Silver";557
2624;"First_2624";"Last_2624";"customer_2624@email.com";"Larissa";"Greece";"2018-06-24";"Bronze";346
2625;"First_2625";"Last_2625";"customer_2625@email.com";"Heraklion";"Germany";"2018-10-29";"Platinum";326
2626;"First_2626";"Last_2626";"customer_2626@email.com";"Chalkida";"UK";"2022-09-16";"Gold";326
2627;"First_2627";"Last_2627";"customer_2627@email.com";"Heraklion";"UK";"2018-07-04";"Bronze";696
2628;"First_2628";"Last_2628";"customer_2628@email.com";"Heraklion";"Italy";"2021-09-24";"Gold";444
2629;"First_2629";"Last_2629";"customer_2629@email.com";"Volos";"Greece";"2019-05-25";"Gold";821
2630;"First_2630";"Last_2630";"customer_2630@email.com";"Chania";"Greece";"2020-03-29";"Bronze";420
2631;"First_2631";"Last_2631";"customer_2631@email.com";"Chania";"Greece";"2021-08-26";"Silver";761
2632;"First_2632";"Last_2632";"customer_2632@email.com";"Larissa";"UK";"2022-03-11";"Bronze";681
2633;"First_2633";"Last_2633";"customer_2633@email.com";"Volos";"Greece";"2021-10-01";"Silver";717
2634;"First_2634";"Last_2634";"customer_2634@email.com";"Heraklion";"France";"2021-01-09";"Bronze";626
2635;"First_2635";"Last_2635";"customer_2635@email.com";"Rhodes";"Greece";"2021-10-29";"Bronze";690
2636;"First_2636";"Last_2636";"customer_2636@email.com";"Chania";"Italy";"2018-06-05";"Bronze";596
2637;"First_2637";"Last_2637";"customer_2637@email.com";"Chalkida";"Italy";"2020-02-26";"Bronze";383
2638;"First_2638";"Last_2638";"customer_2638@email.com";"Chalkida";"Greece";"2020-03-05";"Gold";445
2639;"First_2639";"Last_2639";"customer_2639@email.com";"Athens";"Greece";"2019-03-08";"Bronze";470
2640;"First_2640";"Last_2640";"customer_2640@email.com";"Thessaloniki";"Germany";"2022-03-04";"Bronze";633
2641;"First_2641";"Last_2641";"customer_2641@email.com";"Rhodes";"Greece";"2020-01-31";"Gold";723
2642;"First_2642";"Last_2642";"customer_2642@email.com";"Chania";"Greece";"2018-05-27";"Bronze";608
2643;"First_2643";"Last_2643";"customer_2643@email.com";"Patras";"Germany";"2019-04-26";"Silver";825
2644;"First_2644";"Last_2644";"customer_2644@email.com";"Chania";"Greece";"2019-03-11";"Platinum";646
2645;"First_2645";"Last_2645";"customer_2645@email.com";"Athens";"Germany";"2022-03-23";"Gold";601
2646;"First_2646";"Last_2646";"customer_2646@email.com";"Chalkida";"Germany";"2022-08-20";"Bronze";646
2647;"First_2647";"Last_2647";"customer_2647@email.com";"Heraklion";"Greece";"2022-09-03";"Bronze";707
2648;"First_2648";"Last_2648";"customer_2648@email.com";"Patras";"Greece";"2018-03-10";"Platinum";432
2649;"First_2649";"Last_2649";"customer_2649@email.com";"Volos";"Greece";"2022-06-18";"Bronze";405
2650;"First_2650";"Last_2650";"customer_2650@email.com";"Ioannina";"UK";"2020-05-24";"Bronze";470
2651;"First_2651";"Last_2651";"customer_2651@email.com";"Heraklion";"Greece";"2018-07-05";"Bronze";549
2652;"First_2652";"Last_2652";"customer_2652@email.com";"Ioannina";"France";"2020-06-22";"Bronze";843
2653;"First_2653";"Last_2653";"customer_2653@email.com";"Rhodes";"Greece";"2019-11-13";"Silver";561
2654;"First_2654";"Last_2654";"customer_2654@email.com";"Thessaloniki";"Greece";"2018-07-23";"Silver";793
2655;"First_2655";"Last_2655";"customer_2655@email.com";"Patras";"Greece";"2019-07-08";"Platinum";543
2656;"First_2656";"Last_2656";"customer_2656@email.com";"Larissa";"Greece";"2018-01-13";"Silver";750
2657;"First_2657";"Last_2657";"customer_2657@email.com";"Patras";"Greece";"2019-10-28";"Bronze";589
2658;"First_2658";"Last_2658";"customer_2658@email.com";"Chania";"Greece";"2021-07-21";"Bronze";562
2659;"First_2659";"Last_2659";"customer_2659@email.com";"Chalkida";"Greece";"2021-08-14";"Platinum";613
2660;"First_2660";"Last_2660";"customer_2660@email.com";"Chania";"Greece";"2018-02-20";"Bronze";384
2661;"First_2661";"Last_2661";"customer_2661@email.com";"Chania";"Greece";"2019-05-15";"Bronze";714
2662;"First_2662";"Last_2662";"customer_2662@email.com";"Rhodes";"UK";"2019-01-04";"Gold";628
2663;"First_2663";"Last_2663";"customer_2663@email.com";"Heraklion";"Greece";"2019-12-25";"Silver";344
2664;"First_2664";"Last_2664";"customer_2664@email.com";"Larissa";"Greece";"2022-08-07";"Bronze";632
2665;"First_2665";"Last_2665";"customer_2665@email.com";"Larissa";"France";"2018-12-23";"Gold";764
2666;"First_2666";"Last_2666";"customer_2666@email.com";"Chania";"Greece";"2020-10-23";"Platinum";499
2667;"First_2667";"Last_2667";"customer_2667@email.com";"Ioannina";"UK";"2021-07-01";"Bronze";500
2668;"First_2668";"Last_2668";"customer_2668@email.com";"Rhodes";"Greece";"2022-02-07";"Gold";628
2669;"First_2669";"Last_2669";"customer_2669@email.com";"Chania";"Greece";"2020-04-26";"Bronze";539
2670;"First_2670";"Last_2670";"customer_2670@email.com";"Thessaloniki";"Italy";"2022-03-10";"Silver";658
2671;"First_2671";"Last_2671";"customer_2671@email.com";"Chalkida";"Greece";"2018-09-13";"Gold";659
2672;"First_2672";"Last_2672";"customer_2672@email.com";"Heraklion";"UK";"2022-06-22";"Platinum";677
2673;"First_2673";"Last_2673";"customer_2673@email.com";"Volos";"Greece";"2022-09-05";"Bronze";684
2674;"First_2674";"Last_2674";"customer_2674@email.com";"Thessaloniki";"Germany";"2021-03-19";"Bronze";764
2675;"First_2675";"Last_2675";"customer_2675@email.com";"Ioannina";"France";"2022-02-20";"Bronze";521
2676;"First_2676";"Last_2676";"customer_2676@email.com";"Patras";"Greece";"2018-10-06";"Silver";664
2677;"First_2677";"Last_2677";"customer_2677@email.com";"Patras";"France";"2020-12-18";"Bronze";371
2678;"First_2678";"Last_2678";"customer_2678@email.com";"Thessaloniki";"Greece";"2019-03-22";"Bronze";539
2679;"First_2679";"Last_2679";"customer_2679@email.com";"Chania";"Germany";"2018-04-23";"Bronze";803
2680;"First_2680";"Last_2680";"customer_2680@email.com";"Volos";"Greece";"2020-04-15";"Bronze";713
2681;"First_2681";"Last_2681";"customer_2681@email.com";"Athens";"France";"2020-01-25";"Bronze";426
2682;"First_2682";"Last_2682";"customer_2682@email.com";"Athens";"Greece";"2022-05-12";"Gold";786
2683;"First_2683";"Last_2683";"customer_2683@email.com";"Ioannina";"Greece";"2022-02-21";"Bronze";826
2684;"First_2684";"Last_2684";"customer_2684@email.com";"Chania";"France";"2021-12-01";"Bronze";547
2685;"First_2685";"Last_2685";"customer_2685@email.com";"Larissa";"UK";"2019-01-02";"Gold";781
2686;"First_2686";"Last_2686";"customer_2686@email.com";"Larissa";"Greece";"2020-12-19";"Silver";611
2687;"First_2687";"Last_2687";"customer_2687@email.com";"Heraklion";"Greece";"2018-11-25";"Bronze";743
2688;"First_2688";"Last_2688";"customer_2688@email.com";"Volos";"Greece";"2019-12-29";"Bronze";582
2689;"First_2689";"Last_2689";"customer_2689@email.com";"Volos";"Greece";"2022-02-01";"Silver";301
2690;"First_2690";"Last_2690";"customer_2690@email.com";"Patras";"Greece";"2022-11-04";"Bronze";373
2691;"First_2691";"Last_2691";"customer_2691@email.com";"Rhodes";"Germany";"2020-10-02";"Silver";363
2692;"First_2692";"Last_2692";"customer_2692@email.com";"Ioannina";"Greece";"2022-05-10";"Bronze";646
2693;"First_2693";"Last_2693";"customer_2693@email.com";"Athens";"UK";"2019-12-21";"Bronze";623
2694;"First_2694";"Last_2694";"customer_2694@email.com";"Ioannina";"France";"2020-12-22";"Bronze";538
2695;"First_2695";"Last_2695";"customer_2695@email.com";"Larissa";"Greece";"2018-07-03";"Silver";696
2696;"First_2696";"Last_2696";"customer_2696@email.com";"Larissa";"Greece";"2020-10-19";"Gold";636
2697;"First_2697";"Last_2697";"customer_2697@email.com";"Thessaloniki";"Greece";"2018-11-07";"Bronze";640
2698;"First_2698";"Last_2698";"customer_2698@email.com";"Heraklion";"Greece";"2022-12-22";"Silver";578
2699;"First_2699";"Last_2699";"customer_2699@email.com";"Volos";"UK";"2022-04-11";"Bronze";652
2700;"First_2700";"Last_2700";"customer_2700@email.com";"Chalkida";"Greece";"2018-06-26";"Bronze";762
2701;"First_2701";"Last_2701";"customer_2701@email.com";"Ioannina";"Germany";"2022-05-18";"Gold";761
2702;"First_2702";"Last_2702";"customer_2702@email.com";"Larissa";"Greece";"2021-12-23";"Bronze";592
2703;"First_2703";"Last_2703";"customer_2703@email.com";"Rhodes";"Greece";"2021-01-01";"Gold";706
2704;"First_2704";"Last_2704";"customer_2704@email.com";"Patras";"Greece";"2020-04-26";"Silver";461
2705;"First_2705";"Last_2705";"customer_2705@email.com";"Athens";"Greece";"2021-04-05";"Gold";802
2706;"First_2706";"Last_2706";"customer_2706@email.com";"Heraklion";"Greece";"2021-06-02";"Silver";747
2707;"First_2707";"Last_2707";"customer_2707@email.com";"Rhodes";"Greece";"2022-05-20";"Bronze";754
2708;"First_2708";"Last_2708";"customer_2708@email.com";"Heraklion";"France";"2022-05-24";"Bronze";564
2709;"First_2709";"Last_2709";"customer_2709@email.com";"Thessaloniki";"UK";"2018-01-09";"Bronze";431
2710;"First_2710";"Last_2710";"customer_2710@email.com";"Chalkida";"Greece";"2018-08-24";"Bronze";419
2711;"First_2711";"Last_2711";"customer_2711@email.com";"Larissa";"Greece";"2019-12-11";"Bronze";518
2712;"First_2712";"Last_2712";"customer_2712@email.com";"Patras";"Greece";"2020-07-12";"Bronze";716
2713;"First_2713";"Last_2713";"customer_2713@email.com";"Rhodes";"Greece";"2019-11-16";"Platinum";804
2714;"First_2714";"Last_2714";"customer_2714@email.com";"Heraklion";"Greece";"2020-03-04";"Bronze";599
2715;"First_2715";"Last_2715";"customer_2715@email.com";"Volos";"Greece";"2020-11-17";"Silver";408
2716;"First_2716";"Last_2716";"customer_2716@email.com";"Thessaloniki";"Greece";"2020-03-18";"Gold";537
2717;"First_2717";"Last_2717";"customer_2717@email.com";"Volos";"Greece";"2022-07-28";"Gold";592
2718;"First_2718";"Last_2718";"customer_2718@email.com";"Patras";"Greece";"2018-01-27";"Bronze";486
2719;"First_2719";"Last_2719";"customer_2719@email.com";"Rhodes";"Greece";"2019-07-04";"Bronze";335
2720;"First_2720";"Last_2720";"customer_2720@email.com";"Thessaloniki";"UK";"2021-05-04";"Bronze";555
2721;"First_2721";"Last_2721";"customer_2721@email.com";"Rhodes";"Greece";"2021-05-11";"Bronze";734
2722;"First_2722";"Last_2722";"customer_2722@email.com";"Larissa";"Greece";"2018-03-26";"Bronze";307
2723;"First_2723";"Last_2723";"customer_2723@email.com";"Chania";"Greece";"2020-11-19";"Gold";477
2724;"First_2724";"Last_2724";"customer_2724@email.com";"Thessaloniki";"France";"2019-04-11";"Bronze";541
2725;"First_2725";"Last_2725";"customer_2725@email.com";"Volos";"France";"2021-01-27";"Silver";340
2726;"First_2726";"Last_2726";"customer_2726@email.com";"Patras";"UK";"2021-04-28";"Platinum";656
2727;"First_2727";"Last_2727";"customer_2727@email.com";"Chalkida";"Greece";"2018-01-12";"Bronze";412
2728;"First_2728";"Last_2728";"customer_2728@email.com";"Larissa";"Greece";"2022-06-15";"Bronze";465
2729;"First_2729";"Last_2729";"customer_2729@email.com";"Chania";"UK";"2020-10-09";"Silver";803
2730;"First_2730";"Last_2730";"customer_2730@email.com";"Chalkida";"Greece";"2020-11-19";"Bronze";377
2731;"First_2731";"Last_2731";"customer_2731@email.com";"Athens";"Greece";"2022-10-15";"Silver";495
2732;"First_2732";"Last_2732";"customer_2732@email.com";"Larissa";"France";"2020-11-27";"Bronze";701
2733;"First_2733";"Last_2733";"customer_2733@email.com";"Patras";"Greece";"2019-07-26";"Gold";363
2734;"First_2734";"Last_2734";"customer_2734@email.com";"Heraklion";"Greece";"2021-08-10";"Bronze";724
2735;"First_2735";"Last_2735";"customer_2735@email.com";"Thessaloniki";"Greece";"2021-10-15";"Bronze";341
2736;"First_2736";"Last_2736";"customer_2736@email.com";"Rhodes";"Greece";"2022-08-06";"Silver";672
2737;"First_2737";"Last_2737";"customer_2737@email.com";"Patras";"Greece";"2020-07-02";"Bronze";605
2738;"First_2738";"Last_2738";"customer_2738@email.com";"Thessaloniki";"Germany";"2018-06-29";"Bronze";508
2739;"First_2739";"Last_2739";"customer_2739@email.com";"Chalkida";"UK";"2020-03-07";"Bronze";766
2740;"First_2740";"Last_2740";"customer_2740@email.com";"Rhodes";"Greece";"2021-02-09";"Bronze";603
2741;"First_2741";"Last_2741";"customer_2741@email.com";"Ioannina";"France";"2022-11-01";"Silver";691
2742;"First_2742";"Last_2742";"customer_2742@email.com";"Volos";"Greece";"2022-01-07";"Silver";452
2743;"First_2743";"Last_2743";"customer_2743@email.com";"Athens";"Greece";"2020-11-10";"Silver";661
2744;"First_2744";"Last_2744";"customer_2744@email.com";"Larissa";"UK";"2021-03-14";"Silver";563
2745;"First_2745";"Last_2745";"customer_2745@email.com";"Patras";"UK";"2022-03-03";"Bronze";515
2746;"First_2746";"Last_2746";"customer_2746@email.com";"Athens";"Germany";"2021-03-15";"Bronze";842
2747;"First_2747";"Last_2747";"customer_2747@email.com";"Heraklion";"France";"2019-03-17";"Silver";823
2748;"First_2748";"Last_2748";"customer_2748@email.com";"Thessaloniki";"UK";"2020-06-05";"Gold";493
2749;"First_2749";"Last_2749";"customer_2749@email.com";"Thessaloniki";"France";"2019-02-25";"Bronze";326
2750;"First_2750";"Last_2750";"customer_2750@email.com";"Patras";"Greece";"2021-09-01";"Bronze";345
2751;"First_2751";"Last_2751";"customer_2751@email.com";"Chania";"UK";"2021-04-04";"Bronze";357
2752;"First_2752";"Last_2752";"customer_2752@email.com";"Chania";"Italy";"2022-08-03";"Silver";312
2753;"First_2753";"Last_2753";"customer_2753@email.com";"Ioannina";"UK";"2021-05-11";"Silver";348
2754;"First_2754";"Last_2754";"customer_2754@email.com";"Volos";"Greece";"2022-02-28";"Bronze";393
2755;"First_2755";"Last_2755";"customer_2755@email.com";"Rhodes";"Greece";"2022-11-15";"Silver";750
2756;"First_2756";"Last_2756";"customer_2756@email.com";"Heraklion";"Greece";"2022-07-07";"Bronze";678
2757;"First_2757";"Last_2757";"customer_2757@email.com";"Athens";"Greece";"2019-04-13";"Bronze";309
2758;"First_2758";"Last_2758";"customer_2758@email.com";"Chania";"Italy";"2019-12-14";"Gold";815
2759;"First_2759";"Last_2759";"customer_2759@email.com";"Ioannina";"Greece";"2019-01-20";"Bronze";523
2760;"First_2760";"Last_2760";"customer_2760@email.com";"Ioannina";"Greece";"2018-11-10";"Bronze";680
2761;"First_2761";"Last_2761";"customer_2761@email.com";"Patras";"Italy";"2020-02-10";"Platinum";840
2762;"First_2762";"Last_2762";"customer_2762@email.com";"Heraklion";"Greece";"2021-07-02";"Gold";601
2763;"First_2763";"Last_2763";"customer_2763@email.com";"Chalkida";"Greece";"2020-08-16";"Silver";502
2764;"First_2764";"Last_2764";"customer_2764@email.com";"Rhodes";"Greece";"2020-07-05";"Bronze";495
2765;"First_2765";"Last_2765";"customer_2765@email.com";"Volos";"Germany";"2018-01-23";"Bronze";621
2766;"First_2766";"Last_2766";"customer_2766@email.com";"Larissa";"Greece";"2022-11-17";"Gold";717
2767;"First_2767";"Last_2767";"customer_2767@email.com";"Patras";"Italy";"2018-12-05";"Silver";641
2768;"First_2768";"Last_2768";"customer_2768@email.com";"Rhodes";"Greece";"2022-02-25";"Gold";688
2769;"First_2769";"Last_2769";"customer_2769@email.com";"Larissa";"Greece";"2020-04-02";"Bronze";308
2770;"First_2770";"Last_2770";"customer_2770@email.com";"Larissa";"Greece";"2022-03-15";"Bronze";831
2771;"First_2771";"Last_2771";"customer_2771@email.com";"Heraklion";"Germany";"2019-01-01";"Platinum";448
2772;"First_2772";"Last_2772";"customer_2772@email.com";"Heraklion";"Greece";"2021-10-27";"Silver";682
2773;"First_2773";"Last_2773";"customer_2773@email.com";"Athens";"Greece";"2020-07-03";"Bronze";828
2774;"First_2774";"Last_2774";"customer_2774@email.com";"Ioannina";"Greece";"2022-06-11";"Bronze";311
2775;"First_2775";"Last_2775";"customer_2775@email.com";"Rhodes";"France";"2021-05-27";"Bronze";775
2776;"First_2776";"Last_2776";"customer_2776@email.com";"Patras";"Greece";"2019-04-20";"Bronze";352
2777;"First_2777";"Last_2777";"customer_2777@email.com";"Thessaloniki";"Germany";"2021-12-17";"Bronze";735
2778;"First_2778";"Last_2778";"customer_2778@email.com";"Patras";"France";"2021-10-11";"Bronze";505
2779;"First_2779";"Last_2779";"customer_2779@email.com";"Athens";"Greece";"2022-01-23";"Silver";353
2780;"First_2780";"Last_2780";"customer_2780@email.com";"Volos";"Greece";"2022-03-07";"Bronze";789
2781;"First_2781";"Last_2781";"customer_2781@email.com";"Ioannina";"Greece";"2018-01-27";"Platinum";643
2782;"First_2782";"Last_2782";"customer_2782@email.com";"Thessaloniki";"Greece";"2020-07-30";"Bronze";468
2783;"First_2783";"Last_2783";"customer_2783@email.com";"Chania";"Greece";"2020-03-12";"Silver";460
2784;"First_2784";"Last_2784";"customer_2784@email.com";"Volos";"Greece";"2020-03-11";"Bronze";826
2785;"First_2785";"Last_2785";"customer_2785@email.com";"Heraklion";"Greece";"2020-05-09";"Silver";826
2786;"First_2786";"Last_2786";"customer_2786@email.com";"Larissa";"Greece";"2021-05-31";"Platinum";586
2787;"First_2787";"Last_2787";"customer_2787@email.com";"Chania";"Greece";"2020-05-13";"Gold";711
2788;"First_2788";"Last_2788";"customer_2788@email.com";"Patras";"Greece";"2019-11-21";"Silver";821
2789;"First_2789";"Last_2789";"customer_2789@email.com";"Patras";"UK";"2021-03-17";"Bronze";498
2790;"First_2790";"Last_2790";"customer_2790@email.com";"Heraklion";"Italy";"2021-12-18";"Gold";460
2791;"First_2791";"Last_2791";"customer_2791@email.com";"Athens";"France";"2020-01-09";"Gold";688
2792;"First_2792";"Last_2792";"customer_2792@email.com";"Rhodes";"Greece";"2021-10-06";"Platinum";773
2793;"First_2793";"Last_2793";"customer_2793@email.com";"Chania";"Greece";"2021-04-24";"Bronze";680
2794;"First_2794";"Last_2794";"customer_2794@email.com";"Chania";"Greece";"2019-02-19";"Platinum";423
2795;"First_2795";"Last_2795";"customer_2795@email.com";"Chalkida";"Greece";"2020-09-08";"Bronze";371
2796;"First_2796";"Last_2796";"customer_2796@email.com";"Volos";"Greece";"2019-03-05";"Bronze";467
2797;"First_2797";"Last_2797";"customer_2797@email.com";"Ioannina";"Germany";"2018-02-10";"Bronze";583
2798;"First_2798";"Last_2798";"customer_2798@email.com";"Volos";"Greece";"2020-06-23";"Bronze";793
2799;"First_2799";"Last_2799";"customer_2799@email.com";"Rhodes";"Greece";"2020-10-08";"Silver";335
2800;"First_2800";"Last_2800";"customer_2800@email.com";"Patras";"Italy";"2021-11-17";"Gold";474
2801;"First_2801";"Last_2801";"customer_2801@email.com";"Patras";"Greece";"2019-12-04";"Silver";498
2802;"First_2802";"Last_2802";"customer_2802@email.com";"Patras";"Greece";"2018-03-20";"Silver";415
2803;"First_2803";"Last_2803";"customer_2803@email.com";"Chalkida";"Greece";"2019-12-18";"Silver";614
2804;"First_2804";"Last_2804";"customer_2804@email.com";"Patras";"Greece";"2022-12-19";"Silver";519
2805;"First_2805";"Last_2805";"customer_2805@email.com";"Rhodes";"Germany";"2022-12-13";"Bronze";433
2806;"First_2806";"Last_2806";"customer_2806@email.com";"Heraklion";"Greece";"2019-06-28";"Gold";421
2807;"First_2807";"Last_2807";"customer_2807@email.com";"Ioannina";"Greece";"2022-01-13";"Silver";720
2808;"First_2808";"Last_2808";"customer_2808@email.com";"Rhodes";"UK";"2019-04-19";"Silver";791
2809;"First_2809";"Last_2809";"customer_2809@email.com";"Ioannina";"France";"2021-03-11";"Silver";588
2810;"First_2810";"Last_2810";"customer_2810@email.com";"Rhodes";"Italy";"2021-06-28";"Gold";352
2811;"First_2811";"Last_2811";"customer_2811@email.com";"Patras";"France";"2018-10-21";"Bronze";504
2812;"First_2812";"Last_2812";"customer_2812@email.com";"Heraklion";"Greece";"2019-09-02";"Bronze";647
2813;"First_2813";"Last_2813";"customer_2813@email.com";"Chania";"Greece";"2018-05-16";"Silver";350
2814;"First_2814";"Last_2814";"customer_2814@email.com";"Volos";"Greece";"2019-04-29";"Bronze";339
2815;"First_2815";"Last_2815";"customer_2815@email.com";"Larissa";"Greece";"2022-12-18";"Gold";549
2816;"First_2816";"Last_2816";"customer_2816@email.com";"Heraklion";"Germany";"2021-08-28";"Bronze";517
2817;"First_2817";"Last_2817";"customer_2817@email.com";"Chania";"France";"2020-03-24";"Bronze";478
2818;"First_2818";"Last_2818";"customer_2818@email.com";"Athens";"Greece";"2019-07-09";"Gold";482
2819;"First_2819";"Last_2819";"customer_2819@email.com";"Rhodes";"Greece";"2022-07-14";"Bronze";463
2820;"First_2820";"Last_2820";"customer_2820@email.com";"Athens";"Greece";"2022-10-22";"Silver";676
2821;"First_2821";"Last_2821";"customer_2821@email.com";"Chania";"Italy";"2018-02-15";"Bronze";796
2822;"First_2822";"Last_2822";"customer_2822@email.com";"Heraklion";"Greece";"2021-06-13";"Bronze";760
2823;"First_2823";"Last_2823";"customer_2823@email.com";"Rhodes";"France";"2020-12-07";"Silver";773
2824;"First_2824";"Last_2824";"customer_2824@email.com";"Larissa";"France";"2018-07-17";"Bronze";336
2825;"First_2825";"Last_2825";"customer_2825@email.com";"Patras";"Italy";"2018-03-25";"Gold";618
2826;"First_2826";"Last_2826";"customer_2826@email.com";"Rhodes";"UK";"2019-06-27";"Silver";711
2827;"First_2827";"Last_2827";"customer_2827@email.com";"Rhodes";"UK";"2021-03-30";"Bronze";655
2828;"First_2828";"Last_2828";"customer_2828@email.com";"Heraklion";"Greece";"2021-12-22";"Silver";528
2829;"First_2829";"Last_2829";"customer_2829@email.com";"Heraklion";"Greece";"2018-03-12";"Silver";563
2830;"First_2830";"Last_2830";"customer_2830@email.com";"Chania";"Greece";"2019-06-04";"Bronze";786
2831;"First_2831";"Last_2831";"customer_2831@email.com";"Thessaloniki";"Greece";"2020-06-16";"Bronze";651
2832;"First_2832";"Last_2832";"customer_2832@email.com";"Rhodes";"Italy";"2020-07-01";"Bronze";741
2833;"First_2833";"Last_2833";"customer_2833@email.com";"Volos";"Greece";"2020-12-11";"Silver";758
2834;"First_2834";"Last_2834";"customer_2834@email.com";"Rhodes";"France";"2020-12-04";"Silver";324
2835;"First_2835";"Last_2835";"customer_2835@email.com";"Chania";"Greece";"2018-10-20";"Silver";430
2836;"First_2836";"Last_2836";"customer_2836@email.com";"Ioannina";"Greece";"2020-07-26";"Silver";669
2837;"First_2837";"Last_2837";"customer_2837@email.com";"Athens";"Italy";"2020-03-22";"Silver";735
2838;"First_2838";"Last_2838";"customer_2838@email.com";"Patras";"Greece";"2022-01-28";"Silver";523
2839;"First_2839";"Last_2839";"customer_2839@email.com";"Thessaloniki";"Greece";"2022-04-23";"Silver";651
2840;"First_2840";"Last_2840";"customer_2840@email.com";"Larissa";"Greece";"2020-05-16";"Bronze";784
2841;"First_2841";"Last_2841";"customer_2841@email.com";"Larissa";"Germany";"2019-01-15";"Gold";496
2842;"First_2842";"Last_2842";"customer_2842@email.com";"Larissa";"Greece";"2020-10-03";"Silver";408
2843;"First_2843";"Last_2843";"customer_2843@email.com";"Heraklion";"Greece";"2022-11-02";"Gold";519
2844;"First_2844";"Last_2844";"customer_2844@email.com";"Larissa";"Greece";"2022-02-10";"Silver";618
2845;"First_2845";"Last_2845";"customer_2845@email.com";"Patras";"UK";"2018-09-19";"Bronze";381
2846;"First_2846";"Last_2846";"customer_2846@email.com";"Athens";"UK";"2019-08-03";"Silver";836
2847;"First_2847";"Last_2847";"customer_2847@email.com";"Larissa";"Greece";"2021-04-17";"Bronze";731
2848;"First_2848";"Last_2848";"customer_2848@email.com";"Rhodes";"Greece";"2018-12-23";"Silver";307
2849;"First_2849";"Last_2849";"customer_2849@email.com";"Rhodes";"France";"2021-12-13";"Bronze";448
2850;"First_2850";"Last_2850";"customer_2850@email.com";"Heraklion";"Greece";"2019-11-29";"Gold";397
2851;"First_2851";"Last_2851";"customer_2851@email.com";"Patras";"Greece";"2021-05-09";"Silver";400
2852;"First_2852";"Last_2852";"customer_2852@email.com";"Athens";"Greece";"2020-11-02";"Silver";666
2853;"First_2853";"Last_2853";"customer_2853@email.com";"Thessaloniki";"France";"2019-03-19";"Bronze";761
2854;"First_2854";"Last_2854";"customer_2854@email.com";"Chania";"Greece";"2019-12-27";"Platinum";713
2855;"First_2855";"Last_2855";"customer_2855@email.com";"Athens";"Greece";"2022-10-22";"Gold";558
2856;"First_2856";"Last_2856";"customer_2856@email.com";"Chania";"Germany";"2018-10-13";"Silver";655
2857;"First_2857";"Last_2857";"customer_2857@email.com";"Ioannina";"Germany";"2022-11-15";"Bronze";310
2858;"First_2858";"Last_2858";"customer_2858@email.com";"Chania";"Greece";"2021-07-05";"Silver";715
2859;"First_2859";"Last_2859";"customer_2859@email.com";"Volos";"Greece";"2019-07-24";"Bronze";549
2860;"First_2860";"Last_2860";"customer_2860@email.com";"Rhodes";"UK";"2022-04-21";"Silver";849
2861;"First_2861";"Last_2861";"customer_2861@email.com";"Patras";"Italy";"2020-04-19";"Bronze";421
2862;"First_2862";"Last_2862";"customer_2862@email.com";"Chalkida";"Germany";"2022-02-22";"Silver";364
2863;"First_2863";"Last_2863";"customer_2863@email.com";"Heraklion";"Greece";"2019-05-13";"Silver";601
2864;"First_2864";"Last_2864";"customer_2864@email.com";"Volos";"Greece";"2019-12-06";"Bronze";424
2865;"First_2865";"Last_2865";"customer_2865@email.com";"Chania";"France";"2021-09-18";"Bronze";611
2866;"First_2866";"Last_2866";"customer_2866@email.com";"Larissa";"France";"2019-07-16";"Gold";490
2867;"First_2867";"Last_2867";"customer_2867@email.com";"Patras";"Greece";"2018-02-01";"Bronze";749
2868;"First_2868";"Last_2868";"customer_2868@email.com";"Volos";"Greece";"2022-06-22";"Silver";458
2869;"First_2869";"Last_2869";"customer_2869@email.com";"Heraklion";"UK";"2018-02-12";"Bronze";652
2870;"First_2870";"Last_2870";"customer_2870@email.com";"Rhodes";"Greece";"2021-10-06";"Bronze";562
2871;"First_2871";"Last_2871";"customer_2871@email.com";"Patras";"Greece";"2021-09-19";"Bronze";705
2872;"First_2872";"Last_2872";"customer_2872@email.com";"Heraklion";"Greece";"2019-07-13";"Silver";316
2873;"First_2873";"Last_2873";"customer_2873@email.com";"Ioannina";"Greece";"2018-09-27";"Bronze";559
2874;"First_2874";"Last_2874";"customer_2874@email.com";"Ioannina";"Greece";"2021-12-07";"Gold";654
2875;"First_2875";"Last_2875";"customer_2875@email.com";"Heraklion";"UK";"2020-07-31";"Silver";788
2876;"First_2876";"Last_2876";"customer_2876@email.com";"Volos";"Greece";"2022-05-18";"Bronze";513
2877;"First_2877";"Last_2877";"customer_2877@email.com";"Patras";"Greece";"2020-11-08";"Silver";538
2878;"First_2878";"Last_2878";"customer_2878@email.com";"Volos";"Greece";"2021-10-02";"Bronze";479
2879;"First_2879";"Last_2879";"customer_2879@email.com";"Thessaloniki";"Greece";"2022-06-25";"Silver";718
2880;"First_2880";"Last_2880";"customer_2880@email.com";"Chania";"Greece";"2018-02-06";"Bronze";442
2881;"First_2881";"Last_2881";"customer_2881@email.com";"Thessaloniki";"Greece";"2022-07-01";"Bronze";616
2882;"First_2882";"Last_2882";"customer_2882@email.com";"Ioannina";"UK";"2018-04-02";"Silver";543
2883;"First_2883";"Last_2883";"customer_2883@email.com";"Rhodes";"Greece";"2018-07-04";"Platinum";531
2884;"First_2884";"Last_2884";"customer_2884@email.com";"Athens";"Greece";"2019-12-29";"Bronze";602
2885;"First_2885";"Last_2885";"customer_2885@email.com";"Chania";"Greece";"2020-11-17";"Gold";630
2886;"First_2886";"Last_2886";"customer_2886@email.com";"Ioannina";"Greece";"2022-04-21";"Bronze";547
2887;"First_2887";"Last_2887";"customer_2887@email.com";"Volos";"France";"2019-01-07";"Gold";582
2888;"First_2888";"Last_2888";"customer_2888@email.com";"Volos";"Greece";"2020-04-11";"Silver";586
2889;"First_2889";"Last_2889";"customer_2889@email.com";"Volos";"Italy";"2022-04-03";"Bronze";331
2890;"First_2890";"Last_2890";"customer_2890@email.com";"Rhodes";"Greece";"2018-12-11";"Bronze";799
2891;"First_2891";"Last_2891";"customer_2891@email.com";"Thessaloniki";"France";"2021-12-13";"Bronze";829
2892;"First_2892";"Last_2892";"customer_2892@email.com";"Athens";"Greece";"2021-05-04";"Bronze";680
2893;"First_2893";"Last_2893";"customer_2893@email.com";"Volos";"Germany";"2018-03-19";"Bronze";362
2894;"First_2894";"Last_2894";"customer_2894@email.com";"Chalkida";"Greece";"2018-06-16";"Silver";427
2895;"First_2895";"Last_2895";"customer_2895@email.com";"Chania";"Greece";"2021-01-18";"Platinum";827
2896;"First_2896";"Last_2896";"customer_2896@email.com";"Patras";"France";"2018-09-21";"Bronze";462
2897;"First_2897";"Last_2897";"customer_2897@email.com";"Chalkida";"UK";"2022-02-04";"Silver";550
2898;"First_2898";"Last_2898";"customer_2898@email.com";"Athens";"Greece";"2021-05-16";"Silver";594
2899;"First_2899";"Last_2899";"customer_2899@email.com";"Rhodes";"Greece";"2019-12-25";"Gold";478
2900;"First_2900";"Last_2900";"customer_2900@email.com";"Athens";"Greece";"2021-07-18";"Silver";528
2901;"First_2901";"Last_2901";"customer_2901@email.com";"Patras";"France";"2021-07-10";"Silver";693
2902;"First_2902";"Last_2902";"customer_2902@email.com";"Chania";"Greece";"2022-03-10";"Bronze";695
2903;"First_2903";"Last_2903";"customer_2903@email.com";"Patras";"Greece";"2022-12-14";"Bronze";371
2904;"First_2904";"Last_2904";"customer_2904@email.com";"Heraklion";"Germany";"2019-05-27";"Bronze";617
2905;"First_2905";"Last_2905";"customer_2905@email.com";"Chania";"France";"2022-10-16";"Bronze";678
2906;"First_2906";"Last_2906";"customer_2906@email.com";"Athens";"Germany";"2019-07-30";"Bronze";435
2907;"First_2907";"Last_2907";"customer_2907@email.com";"Volos";"UK";"2022-03-28";"Silver";677
2908;"First_2908";"Last_2908";"customer_2908@email.com";"Athens";"UK";"2019-12-23";"Bronze";418
2909;"First_2909";"Last_2909";"customer_2909@email.com";"Athens";"Greece";"2021-08-28";"Silver";829
2910;"First_2910";"Last_2910";"customer_2910@email.com";"Chania";"Greece";"2021-04-12";"Bronze";822
2911;"First_2911";"Last_2911";"customer_2911@email.com";"Heraklion";"France";"2019-03-07";"Gold";686
2912;"First_2912";"Last_2912";"customer_2912@email.com";"Athens";"Greece";"2020-02-07";"Gold";568
2913;"First_2913";"Last_2913";"customer_2913@email.com";"Chalkida";"Italy";"2019-04-08";"Bronze";823
2914;"First_2914";"Last_2914";"customer_2914@email.com";"Ioannina";"Greece";"2018-04-11";"Bronze";846
2915;"First_2915";"Last_2915";"customer_2915@email.com";"Larissa";"Greece";"2020-11-05";"Silver";785
2916;"First_2916";"Last_2916";"customer_2916@email.com";"Larissa";"Italy";"2022-09-29";"Bronze";737
2917;"First_2917";"Last_2917";"customer_2917@email.com";"Athens";"Germany";"2021-07-05";"Bronze";410
2918;"First_2918";"Last_2918";"customer_2918@email.com";"Chalkida";"Greece";"2018-09-01";"Bronze";621
2919;"First_2919";"Last_2919";"customer_2919@email.com";"Volos";"UK";"2021-10-03";"Gold";826
2920;"First_2920";"Last_2920";"customer_2920@email.com";"Rhodes";"Germany";"2021-06-26";"Gold";476
2921;"First_2921";"Last_2921";"customer_2921@email.com";"Rhodes";"Greece";"2018-04-15";"Silver";837
2922;"First_2922";"Last_2922";"customer_2922@email.com";"Chania";"Greece";"2019-11-25";"Silver";772
2923;"First_2923";"Last_2923";"customer_2923@email.com";"Larissa";"France";"2022-08-18";"Gold";687
2924;"First_2924";"Last_2924";"customer_2924@email.com";"Athens";"France";"2021-08-03";"Gold";397
2925;"First_2925";"Last_2925";"customer_2925@email.com";"Rhodes";"Greece";"2021-04-07";"Platinum";710
2926;"First_2926";"Last_2926";"customer_2926@email.com";"Athens";"France";"2021-12-14";"Bronze";674
2927;"First_2927";"Last_2927";"customer_2927@email.com";"Chania";"France";"2020-12-06";"Bronze";469
2928;"First_2928";"Last_2928";"customer_2928@email.com";"Larissa";"Greece";"2020-12-02";"Silver";355
2929;"First_2929";"Last_2929";"customer_2929@email.com";"Patras";"Germany";"2021-09-06";"Silver";624
2930;"First_2930";"Last_2930";"customer_2930@email.com";"Ioannina";"Greece";"2020-03-28";"Bronze";559
2931;"First_2931";"Last_2931";"customer_2931@email.com";"Ioannina";"Greece";"2018-08-09";"Bronze";639
2932;"First_2932";"Last_2932";"customer_2932@email.com";"Rhodes";"UK";"2022-03-17";"Gold";703
2933;"First_2933";"Last_2933";"customer_2933@email.com";"Ioannina";"France";"2022-10-02";"Gold";831
2934;"First_2934";"Last_2934";"customer_2934@email.com";"Patras";"Germany";"2022-01-04";"Bronze";473
2935;"First_2935";"Last_2935";"customer_2935@email.com";"Athens";"Greece";"2018-05-24";"Gold";837
2936;"First_2936";"Last_2936";"customer_2936@email.com";"Chania";"Greece";"2020-06-08";"Silver";459
2937;"First_2937";"Last_2937";"customer_2937@email.com";"Patras";"Greece";"2020-11-17";"Gold";309
2938;"First_2938";"Last_2938";"customer_2938@email.com";"Chania";"Greece";"2020-02-29";"Bronze";555
2939;"First_2939";"Last_2939";"customer_2939@email.com";"Chania";"Greece";"2019-07-07";"Bronze";643
2940;"First_2940";"Last_2940";"customer_2940@email.com";"Larissa";"Greece";"2020-04-23";"Bronze";835
2941;"First_2941";"Last_2941";"customer_2941@email.com";"Athens";"Greece";"2019-10-21";"Bronze";672
2942;"First_2942";"Last_2942";"customer_2942@email.com";"Chalkida";"UK";"2022-09-10";"Silver";734
2943;"First_2943";"Last_2943";"customer_2943@email.com";"Ioannina";"Greece";"2020-04-16";"Bronze";345
2944;"First_2944";"Last_2944";"customer_2944@email.com";"Chalkida";"Greece";"2020-10-15";"Platinum";354
2945;"First_2945";"Last_2945";"customer_2945@email.com";"Larissa";"Greece";"2021-04-05";"Bronze";377
2946;"First_2946";"Last_2946";"customer_2946@email.com";"Chania";"Greece";"2022-07-17";"Bronze";790
2947;"First_2947";"Last_2947";"customer_2947@email.com";"Rhodes";"Greece";"2022-05-29";"Silver";571
2948;"First_2948";"Last_2948";"customer_2948@email.com";"Ioannina";"Greece";"2020-01-21";"Silver";849
2949;"First_2949";"Last_2949";"customer_2949@email.com";"Ioannina";"France";"2018-09-06";"Bronze";410
2950;"First_2950";"Last_2950";"customer_2950@email.com";"Athens";"Greece";"2020-02-14";"Silver";314
2951;"First_2951";"Last_2951";"customer_2951@email.com";"Heraklion";"UK";"2020-02-03";"Silver";377
2952;"First_2952";"Last_2952";"customer_2952@email.com";"Thessaloniki";"Italy";"2021-10-12";"Silver";800
2953;"First_2953";"Last_2953";"customer_2953@email.com";"Thessaloniki";"UK";"2021-02-08";"Silver";717
2954;"First_2954";"Last_2954";"customer_2954@email.com";"Thessaloniki";"Greece";"2019-11-23";"Bronze";574
2955;"First_2955";"Last_2955";"customer_2955@email.com";"Heraklion";"Italy";"2022-09-20";"Silver";793
2956;"First_2956";"Last_2956";"customer_2956@email.com";"Athens";"Greece";"2020-03-30";"Gold";496
2957;"First_2957";"Last_2957";"customer_2957@email.com";"Heraklion";"Greece";"2019-12-20";"Bronze";675
2958;"First_2958";"Last_2958";"customer_2958@email.com";"Thessaloniki";"France";"2018-08-22";"Bronze";362
2959;"First_2959";"Last_2959";"customer_2959@email.com";"Larissa";"Germany";"2018-01-24";"Gold";660
2960;"First_2960";"Last_2960";"customer_2960@email.com";"Patras";"Greece";"2020-11-15";"Bronze";843
2961;"First_2961";"Last_2961";"customer_2961@email.com";"Chania";"Greece";"2021-11-05";"Bronze";409
2962;"First_2962";"Last_2962";"customer_2962@email.com";"Heraklion";"Greece";"2022-10-20";"Platinum";493
2963;"First_2963";"Last_2963";"customer_2963@email.com";"Athens";"Greece";"2020-10-02";"Bronze";818
2964;"First_2964";"Last_2964";"customer_2964@email.com";"Athens";"Greece";"2021-10-01";"Bronze";758
2965;"First_2965";"Last_2965";"customer_2965@email.com";"Chalkida";"Italy";"2021-11-02";"Gold";600
2966;"First_2966";"Last_2966";"customer_2966@email.com";"Patras";"Italy";"2019-06-06";"Gold";795
2967;"First_2967";"Last_2967";"customer_2967@email.com";"Rhodes";"France";"2018-01-17";"Bronze";448
2968;"First_2968";"Last_2968";"customer_2968@email.com";"Ioannina";"Greece";"2018-09-02";"Silver";760
2969;"First_2969";"Last_2969";"customer_2969@email.com";"Thessaloniki";"Germany";"2019-12-19";"Gold";438
2970;"First_2970";"Last_2970";"customer_2970@email.com";"Rhodes";"Italy";"2020-02-09";"Silver";591
2971;"First_2971";"Last_2971";"customer_2971@email.com";"Chalkida";"France";"2022-07-06";"Bronze";634
2972;"First_2972";"Last_2972";"customer_2972@email.com";"Thessaloniki";"Greece";"2019-12-18";"Bronze";483
2973;"First_2973";"Last_2973";"customer_2973@email.com";"Patras";"Greece";"2022-04-12";"Bronze";606
2974;"First_2974";"Last_2974";"customer_2974@email.com";"Chalkida";"Greece";"2022-05-26";"Gold";561
2975;"First_2975";"Last_2975";"customer_2975@email.com";"Thessaloniki";"Greece";"2022-09-08";"Gold";609
2976;"First_2976";"Last_2976";"customer_2976@email.com";"Patras";"Germany";"2021-05-10";"Platinum";643
2977;"First_2977";"Last_2977";"customer_2977@email.com";"Volos";"France";"2021-06-25";"Gold";723
2978;"First_2978";"Last_2978";"customer_2978@email.com";"Rhodes";"Greece";"2018-04-28";"Silver";813
2979;"First_2979";"Last_2979";"customer_2979@email.com";"Rhodes";"Greece";"2018-01-09";"Bronze";823
2980;"First_2980";"Last_2980";"customer_2980@email.com";"Ioannina";"Greece";"2019-08-21";"Silver";560
2981;"First_2981";"Last_2981";"customer_2981@email.com";"Patras";"Greece";"2018-01-23";"Silver";661
2982;"First_2982";"Last_2982";"customer_2982@email.com";"Heraklion";"Greece";"2018-08-28";"Silver";468
2983;"First_2983";"Last_2983";"customer_2983@email.com";"Volos";"Germany";"2022-05-28";"Bronze";499
2984;"First_2984";"Last_2984";"customer_2984@email.com";"Larissa";"Greece";"2018-01-27";"Gold";684
2985;"First_2985";"Last_2985";"customer_2985@email.com";"Thessaloniki";"UK";"2020-09-10";"Bronze";611
2986;"First_2986";"Last_2986";"customer_2986@email.com";"Volos";"Greece";"2021-01-09";"Bronze";611
2987;"First_2987";"Last_2987";"customer_2987@email.com";"Patras";"Greece";"2022-06-08";"Silver";694
2988;"First_2988";"Last_2988";"customer_2988@email.com";"Chania";"Greece";"2018-07-18";"Silver";650
2989;"First_2989";"Last_2989";"customer_2989@email.com";"Thessaloniki";"France";"2022-04-28";"Bronze";327
2990;"First_2990";"Last_2990";"customer_2990@email.com";"Athens";"Greece";"2020-02-14";"Gold";432
2991;"First_2991";"Last_2991";"customer_2991@email.com";"Rhodes";"France";"2018-04-02";"Bronze";679
2992;"First_2992";"Last_2992";"customer_2992@email.com";"Patras";"Greece";"2020-04-30";"Bronze";827
2993;"First_2993";"Last_2993";"customer_2993@email.com";"Athens";"France";"2021-01-12";"Bronze";586
2994;"First_2994";"Last_2994";"customer_2994@email.com";"Ioannina";"France";"2018-10-27";"Silver";583
2995;"First_2995";"Last_2995";"customer_2995@email.com";"Chalkida";"Greece";"2018-10-23";"Platinum";526
2996;"First_2996";"Last_2996";"customer_2996@email.com";"Larissa";"Germany";"2019-10-09";"Gold";726
2997;"First_2997";"Last_2997";"customer_2997@email.com";"Larissa";"Greece";"2022-01-17";"Gold";326
2998;"First_2998";"Last_2998";"customer_2998@email.com";"Athens";"France";"2021-07-28";"Bronze";631
2999;"First_2999";"Last_2999";"customer_2999@email.com";"Rhodes";"Greece";"2020-09-27";"Bronze";416
3000;"First_3000";"Last_3000";"customer_3000@email.com";"Ioannina";"Greece";"2020-12-18";"Silver";388
3001;"First_3001";"Last_3001";"customer_3001@email.com";"Chania";"UK";"2020-06-27";"Bronze";421
3002;"First_3002";"Last_3002";"customer_3002@email.com";"Rhodes";"France";"2020-05-20";"Gold";332
3003;"First_3003";"Last_3003";"customer_3003@email.com";"Volos";"Greece";"2021-09-27";"Silver";697
3004;"First_3004";"Last_3004";"customer_3004@email.com";"Larissa";"Germany";"2020-01-23";"Platinum";824
3005;"First_3005";"Last_3005";"customer_3005@email.com";"Volos";"Greece";"2022-01-28";"Bronze";323
3006;"First_3006";"Last_3006";"customer_3006@email.com";"Thessaloniki";"Greece";"2018-12-08";"Bronze";624
3007;"First_3007";"Last_3007";"customer_3007@email.com";"Heraklion";"Germany";"2022-06-22";"Silver";333
3008;"First_3008";"Last_3008";"customer_3008@email.com";"Patras";"Greece";"2018-03-03";"Bronze";546
3009;"First_3009";"Last_3009";"customer_3009@email.com";"Ioannina";"Greece";"2020-02-15";"Silver";318
3010;"First_3010";"Last_3010";"customer_3010@email.com";"Rhodes";"France";"2019-09-17";"Bronze";329
3011;"First_3011";"Last_3011";"customer_3011@email.com";"Larissa";"Greece";"2021-12-23";"Bronze";348
3012;"First_3012";"Last_3012";"customer_3012@email.com";"Volos";"Germany";"2022-08-09";"Bronze";479
3013;"First_3013";"Last_3013";"customer_3013@email.com";"Chalkida";"Greece";"2022-10-18";"Bronze";669
3014;"First_3014";"Last_3014";"customer_3014@email.com";"Thessaloniki";"Greece";"2018-09-13";"Silver";694
3015;"First_3015";"Last_3015";"customer_3015@email.com";"Patras";"Greece";"2020-04-07";"Bronze";795
3016;"First_3016";"Last_3016";"customer_3016@email.com";"Patras";"Germany";"2020-10-10";"Bronze";730
3017;"First_3017";"Last_3017";"customer_3017@email.com";"Rhodes";"UK";"2022-11-29";"Bronze";506
3018;"First_3018";"Last_3018";"customer_3018@email.com";"Ioannina";"Greece";"2022-09-26";"Bronze";334
3019;"First_3019";"Last_3019";"customer_3019@email.com";"Chania";"Greece";"2021-10-02";"Bronze";712
3020;"First_3020";"Last_3020";"customer_3020@email.com";"Chalkida";"Italy";"2022-03-30";"Bronze";663
3021;"First_3021";"Last_3021";"customer_3021@email.com";"Rhodes";"Greece";"2021-08-20";"Silver";609
3022;"First_3022";"Last_3022";"customer_3022@email.com";"Volos";"France";"2019-09-07";"Silver";578
3023;"First_3023";"Last_3023";"customer_3023@email.com";"Heraklion";"Greece";"2018-09-02";"Silver";451
3024;"First_3024";"Last_3024";"customer_3024@email.com";"Athens";"UK";"2020-01-27";"Gold";526
3025;"First_3025";"Last_3025";"customer_3025@email.com";"Chania";"Greece";"2020-04-03";"Bronze";542
3026;"First_3026";"Last_3026";"customer_3026@email.com";"Ioannina";"France";"2020-02-19";"Silver";309
3027;"First_3027";"Last_3027";"customer_3027@email.com";"Thessaloniki";"UK";"2022-10-26";"Gold";691
3028;"First_3028";"Last_3028";"customer_3028@email.com";"Chania";"Greece";"2020-01-02";"Bronze";347
3029;"First_3029";"Last_3029";"customer_3029@email.com";"Larissa";"Greece";"2021-12-06";"Silver";503
3030;"First_3030";"Last_3030";"customer_3030@email.com";"Ioannina";"UK";"2020-05-27";"Bronze";456
3031;"First_3031";"Last_3031";"customer_3031@email.com";"Heraklion";"Germany";"2021-05-25";"Bronze";325
3032;"First_3032";"Last_3032";"customer_3032@email.com";"Larissa";"Greece";"2019-05-31";"Silver";720
3033;"First_3033";"Last_3033";"customer_3033@email.com";"Chania";"Greece";"2019-04-19";"Bronze";563
3034;"First_3034";"Last_3034";"customer_3034@email.com";"Athens";"France";"2018-02-05";"Bronze";828
3035;"First_3035";"Last_3035";"customer_3035@email.com";"Athens";"Greece";"2021-04-16";"Bronze";769
3036;"First_3036";"Last_3036";"customer_3036@email.com";"Heraklion";"Germany";"2021-11-11";"Bronze";553
3037;"First_3037";"Last_3037";"customer_3037@email.com";"Patras";"Greece";"2022-11-28";"Bronze";845
3038;"First_3038";"Last_3038";"customer_3038@email.com";"Chalkida";"France";"2020-11-06";"Silver";446
3039;"First_3039";"Last_3039";"customer_3039@email.com";"Thessaloniki";"Italy";"2022-10-01";"Silver";625
3040;"First_3040";"Last_3040";"customer_3040@email.com";"Patras";"Italy";"2020-04-09";"Silver";637
3041;"First_3041";"Last_3041";"customer_3041@email.com";"Athens";"Greece";"2020-12-07";"Bronze";417
3042;"First_3042";"Last_3042";"customer_3042@email.com";"Athens";"France";"2020-12-21";"Platinum";464
3043;"First_3043";"Last_3043";"customer_3043@email.com";"Volos";"Greece";"2020-12-28";"Silver";849
3044;"First_3044";"Last_3044";"customer_3044@email.com";"Larissa";"Greece";"2022-08-10";"Bronze";497
3045;"First_3045";"Last_3045";"customer_3045@email.com";"Chania";"Greece";"2019-01-01";"Gold";673
3046;"First_3046";"Last_3046";"customer_3046@email.com";"Thessaloniki";"Greece";"2021-03-31";"Silver";428
3047;"First_3047";"Last_3047";"customer_3047@email.com";"Heraklion";"Italy";"2022-10-29";"Silver";713
3048;"First_3048";"Last_3048";"customer_3048@email.com";"Chania";"Greece";"2020-08-02";"Bronze";679
3049;"First_3049";"Last_3049";"customer_3049@email.com";"Volos";"Germany";"2020-09-02";"Bronze";300
3050;"First_3050";"Last_3050";"customer_3050@email.com";"Athens";"UK";"2022-02-20";"Gold";466
3051;"First_3051";"Last_3051";"customer_3051@email.com";"Heraklion";"UK";"2019-03-07";"Silver";315
3052;"First_3052";"Last_3052";"customer_3052@email.com";"Athens";"Greece";"2020-05-08";"Silver";411
3053;"First_3053";"Last_3053";"customer_3053@email.com";"Thessaloniki";"Greece";"2022-02-21";"Silver";667
3054;"First_3054";"Last_3054";"customer_3054@email.com";"Larissa";"France";"2018-08-18";"Gold";401
3055;"First_3055";"Last_3055";"customer_3055@email.com";"Chania";"Greece";"2019-01-05";"Bronze";705
3056;"First_3056";"Last_3056";"customer_3056@email.com";"Chania";"Greece";"2018-06-27";"Silver";806
3057;"First_3057";"Last_3057";"customer_3057@email.com";"Patras";"Greece";"2021-12-04";"Bronze";339
3058;"First_3058";"Last_3058";"customer_3058@email.com";"Heraklion";"Greece";"2019-07-22";"Silver";847
3059;"First_3059";"Last_3059";"customer_3059@email.com";"Chalkida";"France";"2022-06-02";"Silver";680
3060;"First_3060";"Last_3060";"customer_3060@email.com";"Volos";"Greece";"2021-07-17";"Bronze";815
3061;"First_3061";"Last_3061";"customer_3061@email.com";"Chalkida";"Greece";"2021-05-14";"Silver";796
3062;"First_3062";"Last_3062";"customer_3062@email.com";"Patras";"Greece";"2020-03-03";"Bronze";580
3063;"First_3063";"Last_3063";"customer_3063@email.com";"Thessaloniki";"Greece";"2022-10-30";"Bronze";650
3064;"First_3064";"Last_3064";"customer_3064@email.com";"Volos";"Greece";"2020-06-18";"Bronze";633
3065;"First_3065";"Last_3065";"customer_3065@email.com";"Larissa";"Greece";"2022-11-10";"Bronze";823
3066;"First_3066";"Last_3066";"customer_3066@email.com";"Chalkida";"Greece";"2020-09-01";"Bronze";582
3067;"First_3067";"Last_3067";"customer_3067@email.com";"Larissa";"Germany";"2022-12-29";"Bronze";618
3068;"First_3068";"Last_3068";"customer_3068@email.com";"Chalkida";"Greece";"2018-03-23";"Silver";713
3069;"First_3069";"Last_3069";"customer_3069@email.com";"Larissa";"Greece";"2020-04-25";"Silver";313
3070;"First_3070";"Last_3070";"customer_3070@email.com";"Chalkida";"Greece";"2020-02-01";"Silver";355
3071;"First_3071";"Last_3071";"customer_3071@email.com";"Larissa";"Greece";"2021-05-01";"Bronze";702
3072;"First_3072";"Last_3072";"customer_3072@email.com";"Patras";"Italy";"2019-09-10";"Gold";641
3073;"First_3073";"Last_3073";"customer_3073@email.com";"Ioannina";"Greece";"2021-04-27";"Silver";498
3074;"First_3074";"Last_3074";"customer_3074@email.com";"Volos";"Greece";"2021-07-23";"Bronze";591
3075;"First_3075";"Last_3075";"customer_3075@email.com";"Heraklion";"Greece";"2021-01-02";"Gold";740
3076;"First_3076";"Last_3076";"customer_3076@email.com";"Thessaloniki";"Italy";"2020-10-30";"Bronze";377
3077;"First_3077";"Last_3077";"customer_3077@email.com";"Rhodes";"Greece";"2022-07-17";"Silver";411
3078;"First_3078";"Last_3078";"customer_3078@email.com";"Athens";"France";"2018-08-04";"Bronze";834
3079;"First_3079";"Last_3079";"customer_3079@email.com";"Heraklion";"Greece";"2018-10-17";"Bronze";674
3080;"First_3080";"Last_3080";"customer_3080@email.com";"Athens";"Italy";"2019-03-21";"Gold";415
3081;"First_3081";"Last_3081";"customer_3081@email.com";"Volos";"France";"2020-07-11";"Bronze";441
3082;"First_3082";"Last_3082";"customer_3082@email.com";"Heraklion";"Greece";"2019-07-06";"Bronze";496
3083;"First_3083";"Last_3083";"customer_3083@email.com";"Larissa";"Greece";"2018-07-12";"Gold";839
3084;"First_3084";"Last_3084";"customer_3084@email.com";"Larissa";"Greece";"2022-07-21";"Gold";598
3085;"First_3085";"Last_3085";"customer_3085@email.com";"Rhodes";"Greece";"2018-10-16";"Silver";375
3086;"First_3086";"Last_3086";"customer_3086@email.com";"Athens";"Greece";"2019-08-06";"Bronze";829
3087;"First_3087";"Last_3087";"customer_3087@email.com";"Thessaloniki";"Greece";"2022-07-31";"Bronze";399
3088;"First_3088";"Last_3088";"customer_3088@email.com";"Volos";"Greece";"2021-03-13";"Silver";778
3089;"First_3089";"Last_3089";"customer_3089@email.com";"Larissa";"Greece";"2021-11-13";"Bronze";767
3090;"First_3090";"Last_3090";"customer_3090@email.com";"Ioannina";"Greece";"2021-12-01";"Bronze";591
3091;"First_3091";"Last_3091";"customer_3091@email.com";"Patras";"Greece";"2021-10-25";"Silver";424
3092;"First_3092";"Last_3092";"customer_3092@email.com";"Patras";"Greece";"2020-05-06";"Bronze";818
3093;"First_3093";"Last_3093";"customer_3093@email.com";"Chalkida";"Italy";"2022-01-04";"Bronze";322
3094;"First_3094";"Last_3094";"customer_3094@email.com";"Thessaloniki";"Greece";"2020-02-20";"Bronze";461
3095;"First_3095";"Last_3095";"customer_3095@email.com";"Patras";"UK";"2020-06-14";"Bronze";805
3096;"First_3096";"Last_3096";"customer_3096@email.com";"Chalkida";"Greece";"2020-07-08";"Bronze";320
3097;"First_3097";"Last_3097";"customer_3097@email.com";"Athens";"Greece";"2022-08-02";"Bronze";763
3098;"First_3098";"Last_3098";"customer_3098@email.com";"Larissa";"Greece";"2019-07-18";"Bronze";782
3099;"First_3099";"Last_3099";"customer_3099@email.com";"Larissa";"Greece";"2022-04-02";"Silver";801
3100;"First_3100";"Last_3100";"customer_3100@email.com";"Ioannina";"France";"2022-08-28";"Gold";608
3101;"First_3101";"Last_3101";"customer_3101@email.com";"Heraklion";"Germany";"2018-01-13";"Bronze";502
3102;"First_3102";"Last_3102";"customer_3102@email.com";"Patras";"Greece";"2022-09-22";"Silver";715
3103;"First_3103";"Last_3103";"customer_3103@email.com";"Athens";"Italy";"2020-09-13";"Bronze";441
3104;"First_3104";"Last_3104";"customer_3104@email.com";"Chania";"Greece";"2018-12-06";"Bronze";406
3105;"First_3105";"Last_3105";"customer_3105@email.com";"Patras";"Italy";"2020-05-14";"Bronze";828
3106;"First_3106";"Last_3106";"customer_3106@email.com";"Thessaloniki";"Italy";"2022-12-05";"Silver";836
3107;"First_3107";"Last_3107";"customer_3107@email.com";"Heraklion";"Greece";"2018-11-08";"Silver";590
3108;"First_3108";"Last_3108";"customer_3108@email.com";"Patras";"Greece";"2020-01-03";"Silver";610
3109;"First_3109";"Last_3109";"customer_3109@email.com";"Athens";"Greece";"2021-02-01";"Bronze";684
3110;"First_3110";"Last_3110";"customer_3110@email.com";"Patras";"Germany";"2018-12-05";"Bronze";352
3111;"First_3111";"Last_3111";"customer_3111@email.com";"Thessaloniki";"Greece";"2021-05-06";"Silver";482
3112;"First_3112";"Last_3112";"customer_3112@email.com";"Chania";"Italy";"2018-10-27";"Bronze";668
3113;"First_3113";"Last_3113";"customer_3113@email.com";"Volos";"UK";"2022-01-07";"Silver";312
3114;"First_3114";"Last_3114";"customer_3114@email.com";"Rhodes";"Greece";"2018-12-25";"Silver";459
3115;"First_3115";"Last_3115";"customer_3115@email.com";"Chania";"Greece";"2021-10-23";"Silver";583
3116;"First_3116";"Last_3116";"customer_3116@email.com";"Chalkida";"Germany";"2018-06-18";"Gold";586
3117;"First_3117";"Last_3117";"customer_3117@email.com";"Patras";"Greece";"2021-03-18";"Gold";307
3118;"First_3118";"Last_3118";"customer_3118@email.com";"Larissa";"UK";"2020-01-31";"Silver";371
3119;"First_3119";"Last_3119";"customer_3119@email.com";"Ioannina";"Greece";"2020-02-07";"Silver";397
3120;"First_3120";"Last_3120";"customer_3120@email.com";"Larissa";"Greece";"2020-09-08";"Bronze";386
3121;"First_3121";"Last_3121";"customer_3121@email.com";"Chania";"Greece";"2018-02-11";"Gold";400
3122;"First_3122";"Last_3122";"customer_3122@email.com";"Larissa";"UK";"2018-07-21";"Bronze";580
3123;"First_3123";"Last_3123";"customer_3123@email.com";"Athens";"Greece";"2020-08-27";"Bronze";588
3124;"First_3124";"Last_3124";"customer_3124@email.com";"Larissa";"UK";"2021-06-21";"Bronze";495
3125;"First_3125";"Last_3125";"customer_3125@email.com";"Heraklion";"Greece";"2022-08-20";"Bronze";690
3126;"First_3126";"Last_3126";"customer_3126@email.com";"Volos";"UK";"2019-04-09";"Silver";749
3127;"First_3127";"Last_3127";"customer_3127@email.com";"Patras";"Greece";"2019-03-25";"Silver";667
3128;"First_3128";"Last_3128";"customer_3128@email.com";"Larissa";"Greece";"2020-07-01";"Bronze";729
3129;"First_3129";"Last_3129";"customer_3129@email.com";"Thessaloniki";"UK";"2020-03-08";"Bronze";395
3130;"First_3130";"Last_3130";"customer_3130@email.com";"Volos";"Greece";"2020-03-04";"Gold";560
3131;"First_3131";"Last_3131";"customer_3131@email.com";"Volos";"Greece";"2019-03-13";"Silver";811
3132;"First_3132";"Last_3132";"customer_3132@email.com";"Larissa";"Greece";"2022-11-09";"Gold";420
3133;"First_3133";"Last_3133";"customer_3133@email.com";"Volos";"UK";"2019-06-15";"Bronze";665
3134;"First_3134";"Last_3134";"customer_3134@email.com";"Ioannina";"Italy";"2019-07-19";"Silver";631
3135;"First_3135";"Last_3135";"customer_3135@email.com";"Larissa";"Greece";"2022-06-09";"Bronze";351
3136;"First_3136";"Last_3136";"customer_3136@email.com";"Athens";"Greece";"2021-07-20";"Bronze";695
3137;"First_3137";"Last_3137";"customer_3137@email.com";"Chania";"UK";"2021-12-24";"Bronze";617
3138;"First_3138";"Last_3138";"customer_3138@email.com";"Heraklion";"Greece";"2020-05-21";"Bronze";576
3139;"First_3139";"Last_3139";"customer_3139@email.com";"Rhodes";"Italy";"2018-08-01";"Bronze";493
3140;"First_3140";"Last_3140";"customer_3140@email.com";"Chalkida";"Greece";"2020-08-06";"Platinum";320
3141;"First_3141";"Last_3141";"customer_3141@email.com";"Volos";"Italy";"2021-02-01";"Bronze";698
3142;"First_3142";"Last_3142";"customer_3142@email.com";"Athens";"UK";"2018-07-11";"Bronze";501
3143;"First_3143";"Last_3143";"customer_3143@email.com";"Patras";"UK";"2022-09-09";"Bronze";765
3144;"First_3144";"Last_3144";"customer_3144@email.com";"Patras";"Germany";"2022-08-10";"Bronze";450
3145;"First_3145";"Last_3145";"customer_3145@email.com";"Chalkida";"Greece";"2021-11-04";"Silver";458
3146;"First_3146";"Last_3146";"customer_3146@email.com";"Heraklion";"Greece";"2021-01-09";"Bronze";609
3147;"First_3147";"Last_3147";"customer_3147@email.com";"Volos";"Greece";"2019-12-06";"Silver";803
3148;"First_3148";"Last_3148";"customer_3148@email.com";"Ioannina";"Germany";"2019-07-03";"Bronze";325
3149;"First_3149";"Last_3149";"customer_3149@email.com";"Chalkida";"Germany";"2021-11-01";"Silver";365
3150;"First_3150";"Last_3150";"customer_3150@email.com";"Heraklion";"France";"2018-06-03";"Silver";562
3151;"First_3151";"Last_3151";"customer_3151@email.com";"Volos";"Greece";"2022-07-24";"Gold";771
3152;"First_3152";"Last_3152";"customer_3152@email.com";"Athens";"Greece";"2019-07-25";"Gold";466
3153;"First_3153";"Last_3153";"customer_3153@email.com";"Chania";"Greece";"2022-10-26";"Silver";453
3154;"First_3154";"Last_3154";"customer_3154@email.com";"Ioannina";"Germany";"2022-11-20";"Bronze";642
3155;"First_3155";"Last_3155";"customer_3155@email.com";"Rhodes";"Greece";"2018-08-28";"Silver";712
3156;"First_3156";"Last_3156";"customer_3156@email.com";"Patras";"Greece";"2019-01-09";"Silver";483
3157;"First_3157";"Last_3157";"customer_3157@email.com";"Thessaloniki";"France";"2020-03-15";"Gold";493
3158;"First_3158";"Last_3158";"customer_3158@email.com";"Athens";"Greece";"2020-03-09";"Bronze";301
3159;"First_3159";"Last_3159";"customer_3159@email.com";"Patras";"Greece";"2021-05-12";"Bronze";514
3160;"First_3160";"Last_3160";"customer_3160@email.com";"Larissa";"Greece";"2019-09-03";"Silver";782
3161;"First_3161";"Last_3161";"customer_3161@email.com";"Thessaloniki";"UK";"2021-10-05";"Bronze";331
3162;"First_3162";"Last_3162";"customer_3162@email.com";"Patras";"Greece";"2019-11-19";"Bronze";314
3163;"First_3163";"Last_3163";"customer_3163@email.com";"Heraklion";"UK";"2020-02-13";"Bronze";617
3164;"First_3164";"Last_3164";"customer_3164@email.com";"Ioannina";"Greece";"2022-12-12";"Silver";542
3165;"First_3165";"Last_3165";"customer_3165@email.com";"Patras";"France";"2018-05-23";"Platinum";316
3166;"First_3166";"Last_3166";"customer_3166@email.com";"Rhodes";"Greece";"2021-04-27";"Bronze";833
3167;"First_3167";"Last_3167";"customer_3167@email.com";"Chania";"Greece";"2018-09-29";"Bronze";380
3168;"First_3168";"Last_3168";"customer_3168@email.com";"Heraklion";"Germany";"2022-04-05";"Bronze";735
3169;"First_3169";"Last_3169";"customer_3169@email.com";"Athens";"Germany";"2021-08-16";"Bronze";307
3170;"First_3170";"Last_3170";"customer_3170@email.com";"Athens";"Greece";"2019-03-02";"Silver";586
3171;"First_3171";"Last_3171";"customer_3171@email.com";"Athens";"UK";"2018-02-15";"Silver";485
3172;"First_3172";"Last_3172";"customer_3172@email.com";"Athens";"Greece";"2018-04-05";"Bronze";823
3173;"First_3173";"Last_3173";"customer_3173@email.com";"Chania";"Italy";"2018-03-05";"Silver";721
3174;"First_3174";"Last_3174";"customer_3174@email.com";"Patras";"France";"2019-02-17";"Silver";765
3175;"First_3175";"Last_3175";"customer_3175@email.com";"Volos";"Greece";"2022-07-25";"Bronze";382
3176;"First_3176";"Last_3176";"customer_3176@email.com";"Patras";"France";"2020-10-29";"Bronze";782
3177;"First_3177";"Last_3177";"customer_3177@email.com";"Larissa";"Greece";"2019-04-04";"Platinum";624
3178;"First_3178";"Last_3178";"customer_3178@email.com";"Ioannina";"Greece";"2022-10-05";"Bronze";718
3179;"First_3179";"Last_3179";"customer_3179@email.com";"Thessaloniki";"Italy";"2021-12-03";"Silver";350
3180;"First_3180";"Last_3180";"customer_3180@email.com";"Volos";"Germany";"2019-04-15";"Bronze";326
3181;"First_3181";"Last_3181";"customer_3181@email.com";"Volos";"Greece";"2020-03-20";"Silver";844
3182;"First_3182";"Last_3182";"customer_3182@email.com";"Patras";"Greece";"2019-05-21";"Silver";361
3183;"First_3183";"Last_3183";"customer_3183@email.com";"Volos";"Greece";"2022-09-06";"Silver";470
3184;"First_3184";"Last_3184";"customer_3184@email.com";"Chalkida";"Italy";"2021-01-01";"Gold";585
3185;"First_3185";"Last_3185";"customer_3185@email.com";"Chalkida";"Greece";"2018-03-25";"Gold";416
3186;"First_3186";"Last_3186";"customer_3186@email.com";"Larissa";"Greece";"2018-02-28";"Silver";303
3187;"First_3187";"Last_3187";"customer_3187@email.com";"Thessaloniki";"Greece";"2020-11-10";"Bronze";365
3188;"First_3188";"Last_3188";"customer_3188@email.com";"Rhodes";"Greece";"2022-01-21";"Bronze";359
3189;"First_3189";"Last_3189";"customer_3189@email.com";"Chania";"Greece";"2020-07-06";"Silver";801
3190;"First_3190";"Last_3190";"customer_3190@email.com";"Patras";"Greece";"2018-06-06";"Silver";528
3191;"First_3191";"Last_3191";"customer_3191@email.com";"Chania";"Greece";"2021-09-14";"Bronze";399
3192;"First_3192";"Last_3192";"customer_3192@email.com";"Rhodes";"Greece";"2022-05-16";"Bronze";418
3193;"First_3193";"Last_3193";"customer_3193@email.com";"Patras";"Italy";"2019-07-30";"Silver";368
3194;"First_3194";"Last_3194";"customer_3194@email.com";"Patras";"Greece";"2020-04-16";"Bronze";520
3195;"First_3195";"Last_3195";"customer_3195@email.com";"Thessaloniki";"UK";"2019-11-11";"Bronze";522
3196;"First_3196";"Last_3196";"customer_3196@email.com";"Chania";"UK";"2018-07-22";"Silver";803
3197;"First_3197";"Last_3197";"customer_3197@email.com";"Chalkida";"France";"2022-07-23";"Silver";510
3198;"First_3198";"Last_3198";"customer_3198@email.com";"Athens";"France";"2022-11-16";"Bronze";561
3199;"First_3199";"Last_3199";"customer_3199@email.com";"Chania";"Greece";"2021-02-03";"Bronze";817
3200;"First_3200";"Last_3200";"customer_3200@email.com";"Ioannina";"Greece";"2021-02-19";"Bronze";547
3201;"First_3201";"Last_3201";"customer_3201@email.com";"Ioannina";"Greece";"2018-11-14";"Bronze";556
3202;"First_3202";"Last_3202";"customer_3202@email.com";"Patras";"Greece";"2021-04-20";"Silver";362
3203;"First_3203";"Last_3203";"customer_3203@email.com";"Athens";"UK";"2022-06-27";"Silver";691
3204;"First_3204";"Last_3204";"customer_3204@email.com";"Heraklion";"Germany";"2021-09-01";"Bronze";839
3205;"First_3205";"Last_3205";"customer_3205@email.com";"Rhodes";"France";"2022-12-02";"Bronze";716
3206;"First_3206";"Last_3206";"customer_3206@email.com";"Larissa";"Greece";"2022-07-07";"Bronze";352
3207;"First_3207";"Last_3207";"customer_3207@email.com";"Athens";"Italy";"2019-02-10";"Platinum";337
3208;"First_3208";"Last_3208";"customer_3208@email.com";"Larissa";"Greece";"2020-09-12";"Bronze";607
3209;"First_3209";"Last_3209";"customer_3209@email.com";"Chania";"Greece";"2020-08-06";"Gold";352
3210;"First_3210";"Last_3210";"customer_3210@email.com";"Chania";"Greece";"2020-12-29";"Gold";751
3211;"First_3211";"Last_3211";"customer_3211@email.com";"Larissa";"UK";"2021-03-29";"Silver";760
3212;"First_3212";"Last_3212";"customer_3212@email.com";"Rhodes";"Greece";"2021-06-17";"Silver";785
3213;"First_3213";"Last_3213";"customer_3213@email.com";"Athens";"Italy";"2022-03-27";"Bronze";436
3214;"First_3214";"Last_3214";"customer_3214@email.com";"Heraklion";"Italy";"2021-03-07";"Silver";671
3215;"First_3215";"Last_3215";"customer_3215@email.com";"Patras";"France";"2019-05-10";"Bronze";555
3216;"First_3216";"Last_3216";"customer_3216@email.com";"Thessaloniki";"Greece";"2019-11-10";"Gold";694
3217;"First_3217";"Last_3217";"customer_3217@email.com";"Chania";"France";"2021-06-24";"Bronze";336
3218;"First_3218";"Last_3218";"customer_3218@email.com";"Ioannina";"UK";"2022-04-16";"Silver";446
3219;"First_3219";"Last_3219";"customer_3219@email.com";"Rhodes";"Greece";"2022-03-28";"Bronze";307
3220;"First_3220";"Last_3220";"customer_3220@email.com";"Thessaloniki";"Greece";"2021-06-20";"Gold";550
3221;"First_3221";"Last_3221";"customer_3221@email.com";"Heraklion";"Greece";"2022-07-02";"Bronze";746
3222;"First_3222";"Last_3222";"customer_3222@email.com";"Volos";"Greece";"2021-09-21";"Silver";562
3223;"First_3223";"Last_3223";"customer_3223@email.com";"Patras";"Greece";"2021-12-16";"Bronze";738
3224;"First_3224";"Last_3224";"customer_3224@email.com";"Chania";"Italy";"2020-04-14";"Bronze";558
3225;"First_3225";"Last_3225";"customer_3225@email.com";"Patras";"Greece";"2018-07-13";"Silver";622
3226;"First_3226";"Last_3226";"customer_3226@email.com";"Thessaloniki";"Greece";"2018-11-04";"Gold";829
3227;"First_3227";"Last_3227";"customer_3227@email.com";"Patras";"Italy";"2022-07-27";"Bronze";600
3228;"First_3228";"Last_3228";"customer_3228@email.com";"Volos";"Greece";"2019-05-21";"Gold";784
3229;"First_3229";"Last_3229";"customer_3229@email.com";"Thessaloniki";"France";"2018-10-08";"Silver";391
3230;"First_3230";"Last_3230";"customer_3230@email.com";"Chania";"Greece";"2019-11-06";"Gold";463
3231;"First_3231";"Last_3231";"customer_3231@email.com";"Athens";"Greece";"2022-12-19";"Bronze";634
3232;"First_3232";"Last_3232";"customer_3232@email.com";"Ioannina";"Greece";"2020-07-21";"Bronze";614
3233;"First_3233";"Last_3233";"customer_3233@email.com";"Thessaloniki";"Greece";"2022-01-02";"Gold";537
3234;"First_3234";"Last_3234";"customer_3234@email.com";"Chalkida";"Greece";"2019-12-16";"Bronze";382
3235;"First_3235";"Last_3235";"customer_3235@email.com";"Volos";"UK";"2019-08-31";"Silver";408
3236;"First_3236";"Last_3236";"customer_3236@email.com";"Thessaloniki";"Greece";"2019-04-28";"Bronze";477
3237;"First_3237";"Last_3237";"customer_3237@email.com";"Thessaloniki";"France";"2021-05-31";"Bronze";549
3238;"First_3238";"Last_3238";"customer_3238@email.com";"Chalkida";"Greece";"2022-11-08";"Silver";390
3239;"First_3239";"Last_3239";"customer_3239@email.com";"Chania";"Greece";"2018-04-27";"Silver";638
3240;"First_3240";"Last_3240";"customer_3240@email.com";"Thessaloniki";"Germany";"2020-08-25";"Silver";468
3241;"First_3241";"Last_3241";"customer_3241@email.com";"Ioannina";"Greece";"2018-07-11";"Bronze";438
3242;"First_3242";"Last_3242";"customer_3242@email.com";"Patras";"UK";"2020-02-27";"Bronze";816
3243;"First_3243";"Last_3243";"customer_3243@email.com";"Chania";"Italy";"2019-09-10";"Bronze";483
3244;"First_3244";"Last_3244";"customer_3244@email.com";"Ioannina";"UK";"2019-05-31";"Bronze";469
3245;"First_3245";"Last_3245";"customer_3245@email.com";"Chania";"Greece";"2022-04-03";"Gold";661
3246;"First_3246";"Last_3246";"customer_3246@email.com";"Ioannina";"Greece";"2018-11-03";"Silver";543
3247;"First_3247";"Last_3247";"customer_3247@email.com";"Volos";"Germany";"2019-06-16";"Bronze";437
3248;"First_3248";"Last_3248";"customer_3248@email.com";"Ioannina";"France";"2018-05-02";"Gold";327
3249;"First_3249";"Last_3249";"customer_3249@email.com";"Larissa";"Greece";"2019-10-11";"Bronze";818
3250;"First_3250";"Last_3250";"customer_3250@email.com";"Ioannina";"Greece";"2019-08-15";"Silver";697
3251;"First_3251";"Last_3251";"customer_3251@email.com";"Athens";"Greece";"2021-03-23";"Bronze";632
3252;"First_3252";"Last_3252";"customer_3252@email.com";"Athens";"Greece";"2020-05-19";"Silver";616
3253;"First_3253";"Last_3253";"customer_3253@email.com";"Rhodes";"Greece";"2022-04-10";"Bronze";725
3254;"First_3254";"Last_3254";"customer_3254@email.com";"Larissa";"Greece";"2022-01-15";"Bronze";435
3255;"First_3255";"Last_3255";"customer_3255@email.com";"Larissa";"France";"2021-04-07";"Bronze";566
3256;"First_3256";"Last_3256";"customer_3256@email.com";"Patras";"Italy";"2018-02-28";"Bronze";406
3257;"First_3257";"Last_3257";"customer_3257@email.com";"Larissa";"Germany";"2018-10-28";"Bronze";437
3258;"First_3258";"Last_3258";"customer_3258@email.com";"Patras";"Greece";"2019-07-07";"Bronze";346
3259;"First_3259";"Last_3259";"customer_3259@email.com";"Rhodes";"Greece";"2022-04-23";"Bronze";667
3260;"First_3260";"Last_3260";"customer_3260@email.com";"Rhodes";"Italy";"2021-02-14";"Silver";305
3261;"First_3261";"Last_3261";"customer_3261@email.com";"Volos";"Italy";"2022-12-16";"Bronze";822
3262;"First_3262";"Last_3262";"customer_3262@email.com";"Athens";"Italy";"2022-12-11";"Silver";828
3263;"First_3263";"Last_3263";"customer_3263@email.com";"Ioannina";"UK";"2021-02-24";"Bronze";571
3264;"First_3264";"Last_3264";"customer_3264@email.com";"Ioannina";"Greece";"2021-11-29";"Gold";365
3265;"First_3265";"Last_3265";"customer_3265@email.com";"Chalkida";"France";"2019-02-03";"Gold";719
3266;"First_3266";"Last_3266";"customer_3266@email.com";"Chalkida";"Greece";"2019-05-30";"Bronze";638
3267;"First_3267";"Last_3267";"customer_3267@email.com";"Heraklion";"Greece";"2020-03-15";"Silver";797
3268;"First_3268";"Last_3268";"customer_3268@email.com";"Chania";"UK";"2019-05-13";"Bronze";768
3269;"First_3269";"Last_3269";"customer_3269@email.com";"Volos";"Greece";"2020-07-30";"Gold";630
3270;"First_3270";"Last_3270";"customer_3270@email.com";"Heraklion";"Greece";"2019-06-12";"Silver";430
3271;"First_3271";"Last_3271";"customer_3271@email.com";"Heraklion";"Greece";"2019-02-02";"Bronze";829
3272;"First_3272";"Last_3272";"customer_3272@email.com";"Thessaloniki";"Greece";"2021-07-12";"Bronze";737
3273;"First_3273";"Last_3273";"customer_3273@email.com";"Thessaloniki";"France";"2022-11-10";"Bronze";542
3274;"First_3274";"Last_3274";"customer_3274@email.com";"Heraklion";"Greece";"2021-07-10";"Bronze";762
3275;"First_3275";"Last_3275";"customer_3275@email.com";"Larissa";"Greece";"2021-11-22";"Silver";649
3276;"First_3276";"Last_3276";"customer_3276@email.com";"Chania";"Greece";"2022-07-28";"Bronze";316
3277;"First_3277";"Last_3277";"customer_3277@email.com";"Volos";"Greece";"2022-10-15";"Bronze";765
3278;"First_3278";"Last_3278";"customer_3278@email.com";"Heraklion";"Greece";"2022-03-31";"Bronze";662
3279;"First_3279";"Last_3279";"customer_3279@email.com";"Ioannina";"Germany";"2019-03-12";"Bronze";509
3280;"First_3280";"Last_3280";"customer_3280@email.com";"Chania";"Greece";"2020-04-19";"Bronze";824
3281;"First_3281";"Last_3281";"customer_3281@email.com";"Thessaloniki";"UK";"2018-12-26";"Gold";719
3282;"First_3282";"Last_3282";"customer_3282@email.com";"Ioannina";"Italy";"2021-02-26";"Bronze";432
3283;"First_3283";"Last_3283";"customer_3283@email.com";"Thessaloniki";"Germany";"2020-05-13";"Silver";313
3284;"First_3284";"Last_3284";"customer_3284@email.com";"Thessaloniki";"Greece";"2019-09-26";"Bronze";343
3285;"First_3285";"Last_3285";"customer_3285@email.com";"Chania";"Greece";"2021-06-18";"Bronze";676
3286;"First_3286";"Last_3286";"customer_3286@email.com";"Thessaloniki";"France";"2022-07-09";"Silver";594
3287;"First_3287";"Last_3287";"customer_3287@email.com";"Rhodes";"Greece";"2022-09-29";"Bronze";695
3288;"First_3288";"Last_3288";"customer_3288@email.com";"Athens";"France";"2021-05-30";"Bronze";403
3289;"First_3289";"Last_3289";"customer_3289@email.com";"Rhodes";"France";"2018-08-02";"Silver";744
3290;"First_3290";"Last_3290";"customer_3290@email.com";"Athens";"Italy";"2020-07-04";"Bronze";361
3291;"First_3291";"Last_3291";"customer_3291@email.com";"Chalkida";"Italy";"2019-08-15";"Bronze";711
3292;"First_3292";"Last_3292";"customer_3292@email.com";"Chalkida";"Greece";"2022-12-04";"Silver";620
3293;"First_3293";"Last_3293";"customer_3293@email.com";"Thessaloniki";"Greece";"2018-05-15";"Silver";430
3294;"First_3294";"Last_3294";"customer_3294@email.com";"Volos";"Italy";"2020-01-24";"Bronze";498
3295;"First_3295";"Last_3295";"customer_3295@email.com";"Volos";"Greece";"2019-01-21";"Bronze";335
3296;"First_3296";"Last_3296";"customer_3296@email.com";"Athens";"Greece";"2021-08-19";"Bronze";515
3297;"First_3297";"Last_3297";"customer_3297@email.com";"Ioannina";"Germany";"2022-12-11";"Bronze";605
3298;"First_3298";"Last_3298";"customer_3298@email.com";"Chania";"Greece";"2021-08-03";"Silver";311
3299;"First_3299";"Last_3299";"customer_3299@email.com";"Thessaloniki";"France";"2022-05-05";"Gold";382
3300;"First_3300";"Last_3300";"customer_3300@email.com";"Chania";"Germany";"2021-04-27";"Gold";331
3301;"First_3301";"Last_3301";"customer_3301@email.com";"Rhodes";"Greece";"2021-08-13";"Bronze";707
3302;"First_3302";"Last_3302";"customer_3302@email.com";"Volos";"Italy";"2022-03-30";"Bronze";385
3303;"First_3303";"Last_3303";"customer_3303@email.com";"Larissa";"France";"2019-01-24";"Silver";710
3304;"First_3304";"Last_3304";"customer_3304@email.com";"Rhodes";"Germany";"2022-01-22";"Bronze";555
3305;"First_3305";"Last_3305";"customer_3305@email.com";"Rhodes";"Greece";"2020-01-14";"Silver";540
3306;"First_3306";"Last_3306";"customer_3306@email.com";"Athens";"Greece";"2021-07-08";"Silver";751
3307;"First_3307";"Last_3307";"customer_3307@email.com";"Patras";"Germany";"2019-12-05";"Gold";300
3308;"First_3308";"Last_3308";"customer_3308@email.com";"Rhodes";"Greece";"2020-07-13";"Bronze";581
3309;"First_3309";"Last_3309";"customer_3309@email.com";"Thessaloniki";"Greece";"2022-10-05";"Bronze";813
3310;"First_3310";"Last_3310";"customer_3310@email.com";"Heraklion";"UK";"2020-02-12";"Gold";418
3311;"First_3311";"Last_3311";"customer_3311@email.com";"Heraklion";"Greece";"2021-02-10";"Silver";804
3312;"First_3312";"Last_3312";"customer_3312@email.com";"Thessaloniki";"Greece";"2020-05-13";"Gold";379
3313;"First_3313";"Last_3313";"customer_3313@email.com";"Patras";"Greece";"2020-11-25";"Bronze";518
3314;"First_3314";"Last_3314";"customer_3314@email.com";"Patras";"Greece";"2018-03-20";"Silver";816
3315;"First_3315";"Last_3315";"customer_3315@email.com";"Athens";"UK";"2021-07-22";"Silver";765
3316;"First_3316";"Last_3316";"customer_3316@email.com";"Volos";"Greece";"2021-07-25";"Bronze";817
3317;"First_3317";"Last_3317";"customer_3317@email.com";"Chania";"Greece";"2019-11-05";"Silver";801
3318;"First_3318";"Last_3318";"customer_3318@email.com";"Patras";"Germany";"2018-11-08";"Silver";357
3319;"First_3319";"Last_3319";"customer_3319@email.com";"Larissa";"Italy";"2022-04-02";"Bronze";636
3320;"First_3320";"Last_3320";"customer_3320@email.com";"Athens";"Germany";"2018-07-23";"Bronze";809
3321;"First_3321";"Last_3321";"customer_3321@email.com";"Chalkida";"Greece";"2020-09-11";"Silver";725
3322;"First_3322";"Last_3322";"customer_3322@email.com";"Ioannina";"Greece";"2018-01-17";"Bronze";669
3323;"First_3323";"Last_3323";"customer_3323@email.com";"Chalkida";"France";"2022-10-04";"Gold";710
3324;"First_3324";"Last_3324";"customer_3324@email.com";"Athens";"Greece";"2019-04-21";"Bronze";731
3325;"First_3325";"Last_3325";"customer_3325@email.com";"Rhodes";"Germany";"2022-03-15";"Bronze";495
3326;"First_3326";"Last_3326";"customer_3326@email.com";"Chania";"Greece";"2020-10-13";"Platinum";676
3327;"First_3327";"Last_3327";"customer_3327@email.com";"Ioannina";"Greece";"2018-07-29";"Gold";664
3328;"First_3328";"Last_3328";"customer_3328@email.com";"Chalkida";"France";"2019-05-14";"Bronze";704
3329;"First_3329";"Last_3329";"customer_3329@email.com";"Ioannina";"UK";"2021-11-26";"Silver";791
3330;"First_3330";"Last_3330";"customer_3330@email.com";"Larissa";"Germany";"2019-03-05";"Bronze";365
3331;"First_3331";"Last_3331";"customer_3331@email.com";"Larissa";"Greece";"2021-01-06";"Bronze";690
3332;"First_3332";"Last_3332";"customer_3332@email.com";"Larissa";"Greece";"2022-05-11";"Bronze";382
3333;"First_3333";"Last_3333";"customer_3333@email.com";"Athens";"Greece";"2021-01-08";"Bronze";780
3334;"First_3334";"Last_3334";"customer_3334@email.com";"Chania";"Greece";"2021-08-22";"Gold";528
3335;"First_3335";"Last_3335";"customer_3335@email.com";"Athens";"Greece";"2018-02-27";"Silver";524
3336;"First_3336";"Last_3336";"customer_3336@email.com";"Heraklion";"Greece";"2022-04-03";"Platinum";412
3337;"First_3337";"Last_3337";"customer_3337@email.com";"Rhodes";"Greece";"2021-05-16";"Silver";484
3338;"First_3338";"Last_3338";"customer_3338@email.com";"Rhodes";"Italy";"2022-03-15";"Bronze";811
3339;"First_3339";"Last_3339";"customer_3339@email.com";"Larissa";"UK";"2021-03-04";"Silver";472
3340;"First_3340";"Last_3340";"customer_3340@email.com";"Heraklion";"Italy";"2020-09-20";"Platinum";822
3341;"First_3341";"Last_3341";"customer_3341@email.com";"Patras";"Greece";"2019-06-06";"Silver";504
3342;"First_3342";"Last_3342";"customer_3342@email.com";"Patras";"Italy";"2019-08-04";"Silver";837
3343;"First_3343";"Last_3343";"customer_3343@email.com";"Larissa";"Greece";"2020-06-17";"Gold";618
3344;"First_3344";"Last_3344";"customer_3344@email.com";"Chalkida";"Greece";"2021-01-11";"Bronze";458
3345;"First_3345";"Last_3345";"customer_3345@email.com";"Athens";"France";"2019-09-13";"Silver";577
3346;"First_3346";"Last_3346";"customer_3346@email.com";"Larissa";"Greece";"2020-12-03";"Gold";447
3347;"First_3347";"Last_3347";"customer_3347@email.com";"Volos";"Greece";"2022-02-15";"Platinum";382
3348;"First_3348";"Last_3348";"customer_3348@email.com";"Ioannina";"Greece";"2020-08-23";"Bronze";718
3349;"First_3349";"Last_3349";"customer_3349@email.com";"Rhodes";"Greece";"2020-06-28";"Silver";837
3350;"First_3350";"Last_3350";"customer_3350@email.com";"Patras";"Germany";"2022-07-26";"Silver";848
3351;"First_3351";"Last_3351";"customer_3351@email.com";"Thessaloniki";"Germany";"2019-05-08";"Bronze";691
3352;"First_3352";"Last_3352";"customer_3352@email.com";"Patras";"UK";"2019-05-14";"Silver";432
3353;"First_3353";"Last_3353";"customer_3353@email.com";"Rhodes";"Greece";"2020-11-07";"Bronze";541
3354;"First_3354";"Last_3354";"customer_3354@email.com";"Ioannina";"Germany";"2019-08-28";"Bronze";750
3355;"First_3355";"Last_3355";"customer_3355@email.com";"Rhodes";"Greece";"2020-08-05";"Bronze";499
3356;"First_3356";"Last_3356";"customer_3356@email.com";"Thessaloniki";"Greece";"2018-10-21";"Silver";416
3357;"First_3357";"Last_3357";"customer_3357@email.com";"Larissa";"Italy";"2021-03-17";"Bronze";518
3358;"First_3358";"Last_3358";"customer_3358@email.com";"Heraklion";"Greece";"2022-02-04";"Bronze";604
3359;"First_3359";"Last_3359";"customer_3359@email.com";"Thessaloniki";"Germany";"2018-06-21";"Bronze";542
3360;"First_3360";"Last_3360";"customer_3360@email.com";"Rhodes";"Greece";"2022-05-06";"Bronze";591
3361;"First_3361";"Last_3361";"customer_3361@email.com";"Rhodes";"UK";"2019-06-15";"Bronze";600
3362;"First_3362";"Last_3362";"customer_3362@email.com";"Volos";"UK";"2021-02-17";"Bronze";687
3363;"First_3363";"Last_3363";"customer_3363@email.com";"Volos";"Greece";"2022-10-27";"Silver";508
3364;"First_3364";"Last_3364";"customer_3364@email.com";"Chania";"Greece";"2018-03-07";"Silver";613
3365;"First_3365";"Last_3365";"customer_3365@email.com";"Volos";"Germany";"2018-05-21";"Bronze";325
3366;"First_3366";"Last_3366";"customer_3366@email.com";"Athens";"Greece";"2019-03-22";"Bronze";378
3367;"First_3367";"Last_3367";"customer_3367@email.com";"Heraklion";"Greece";"2022-03-10";"Silver";427
3368;"First_3368";"Last_3368";"customer_3368@email.com";"Ioannina";"UK";"2018-07-08";"Bronze";712
3369;"First_3369";"Last_3369";"customer_3369@email.com";"Thessaloniki";"Greece";"2018-06-07";"Platinum";436
3370;"First_3370";"Last_3370";"customer_3370@email.com";"Rhodes";"France";"2022-06-22";"Silver";633
3371;"First_3371";"Last_3371";"customer_3371@email.com";"Chania";"Greece";"2019-11-01";"Bronze";847
3372;"First_3372";"Last_3372";"customer_3372@email.com";"Chania";"Greece";"2018-09-03";"Bronze";687
3373;"First_3373";"Last_3373";"customer_3373@email.com";"Ioannina";"Germany";"2020-05-05";"Silver";529
3374;"First_3374";"Last_3374";"customer_3374@email.com";"Heraklion";"Greece";"2020-08-01";"Bronze";720
3375;"First_3375";"Last_3375";"customer_3375@email.com";"Thessaloniki";"Greece";"2020-01-18";"Bronze";423
3376;"First_3376";"Last_3376";"customer_3376@email.com";"Patras";"Greece";"2020-11-22";"Bronze";387
3377;"First_3377";"Last_3377";"customer_3377@email.com";"Volos";"Greece";"2021-10-16";"Silver";440
3378;"First_3378";"Last_3378";"customer_3378@email.com";"Larissa";"Greece";"2022-11-12";"Silver";350
3379;"First_3379";"Last_3379";"customer_3379@email.com";"Chania";"Greece";"2018-11-26";"Bronze";704
3380;"First_3380";"Last_3380";"customer_3380@email.com";"Volos";"Greece";"2019-05-27";"Silver";636
3381;"First_3381";"Last_3381";"customer_3381@email.com";"Volos";"Greece";"2020-04-29";"Bronze";665
3382;"First_3382";"Last_3382";"customer_3382@email.com";"Athens";"Germany";"2022-12-16";"Silver";557
3383;"First_3383";"Last_3383";"customer_3383@email.com";"Heraklion";"Germany";"2020-12-30";"Bronze";687
3384;"First_3384";"Last_3384";"customer_3384@email.com";"Larissa";"Greece";"2021-08-29";"Silver";344
3385;"First_3385";"Last_3385";"customer_3385@email.com";"Patras";"UK";"2022-10-18";"Platinum";568
3386;"First_3386";"Last_3386";"customer_3386@email.com";"Rhodes";"France";"2018-03-20";"Bronze";610
3387;"First_3387";"Last_3387";"customer_3387@email.com";"Athens";"Greece";"2018-06-18";"Bronze";577
3388;"First_3388";"Last_3388";"customer_3388@email.com";"Volos";"Germany";"2020-03-20";"Bronze";774
3389;"First_3389";"Last_3389";"customer_3389@email.com";"Volos";"Greece";"2020-09-09";"Bronze";444
3390;"First_3390";"Last_3390";"customer_3390@email.com";"Chalkida";"France";"2018-06-29";"Bronze";534
3391;"First_3391";"Last_3391";"customer_3391@email.com";"Larissa";"Greece";"2022-07-10";"Gold";435
3392;"First_3392";"Last_3392";"customer_3392@email.com";"Larissa";"Greece";"2018-09-17";"Gold";744
3393;"First_3393";"Last_3393";"customer_3393@email.com";"Chalkida";"UK";"2022-02-18";"Bronze";652
3394;"First_3394";"Last_3394";"customer_3394@email.com";"Larissa";"Greece";"2022-12-01";"Silver";693
3395;"First_3395";"Last_3395";"customer_3395@email.com";"Volos";"Greece";"2020-10-25";"Silver";574
3396;"First_3396";"Last_3396";"customer_3396@email.com";"Chania";"Greece";"2018-10-24";"Silver";683
3397;"First_3397";"Last_3397";"customer_3397@email.com";"Thessaloniki";"Greece";"2019-09-12";"Bronze";622
3398;"First_3398";"Last_3398";"customer_3398@email.com";"Volos";"UK";"2020-05-04";"Bronze";482
3399;"First_3399";"Last_3399";"customer_3399@email.com";"Athens";"France";"2018-12-26";"Bronze";739
3400;"First_3400";"Last_3400";"customer_3400@email.com";"Heraklion";"Greece";"2018-04-27";"Bronze";362
3401;"First_3401";"Last_3401";"customer_3401@email.com";"Chalkida";"Greece";"2018-12-23";"Silver";333
3402;"First_3402";"Last_3402";"customer_3402@email.com";"Patras";"Germany";"2020-08-14";"Silver";776
3403;"First_3403";"Last_3403";"customer_3403@email.com";"Rhodes";"Greece";"2019-03-15";"Bronze";386
3404;"First_3404";"Last_3404";"customer_3404@email.com";"Patras";"Germany";"2021-09-16";"Bronze";509
3405;"First_3405";"Last_3405";"customer_3405@email.com";"Volos";"Greece";"2022-03-29";"Gold";761
3406;"First_3406";"Last_3406";"customer_3406@email.com";"Athens";"Greece";"2022-08-05";"Silver";380
3407;"First_3407";"Last_3407";"customer_3407@email.com";"Volos";"Greece";"2021-04-26";"Gold";621
3408;"First_3408";"Last_3408";"customer_3408@email.com";"Heraklion";"Greece";"2021-07-28";"Bronze";714
3409;"First_3409";"Last_3409";"customer_3409@email.com";"Chania";"Greece";"2022-03-15";"Silver";489
3410;"First_3410";"Last_3410";"customer_3410@email.com";"Rhodes";"Greece";"2022-01-29";"Silver";532
3411;"First_3411";"Last_3411";"customer_3411@email.com";"Heraklion";"Greece";"2021-02-12";"Gold";691
3412;"First_3412";"Last_3412";"customer_3412@email.com";"Chalkida";"Greece";"2021-06-13";"Bronze";468
3413;"First_3413";"Last_3413";"customer_3413@email.com";"Chalkida";"Greece";"2021-09-23";"Bronze";742
3414;"First_3414";"Last_3414";"customer_3414@email.com";"Volos";"Greece";"2019-06-06";"Bronze";467
3415;"First_3415";"Last_3415";"customer_3415@email.com";"Athens";"Greece";"2018-07-18";"Gold";530
3416;"First_3416";"Last_3416";"customer_3416@email.com";"Heraklion";"Greece";"2022-11-23";"Gold";449
3417;"First_3417";"Last_3417";"customer_3417@email.com";"Ioannina";"Greece";"2020-12-09";"Platinum";849
3418;"First_3418";"Last_3418";"customer_3418@email.com";"Athens";"Germany";"2021-03-11";"Platinum";685
3419;"First_3419";"Last_3419";"customer_3419@email.com";"Chania";"France";"2022-12-12";"Bronze";680
3420;"First_3420";"Last_3420";"customer_3420@email.com";"Chalkida";"Greece";"2022-04-01";"Bronze";574
3421;"First_3421";"Last_3421";"customer_3421@email.com";"Volos";"Greece";"2022-03-18";"Bronze";361
3422;"First_3422";"Last_3422";"customer_3422@email.com";"Larissa";"Greece";"2019-11-01";"Bronze";766
3423;"First_3423";"Last_3423";"customer_3423@email.com";"Chalkida";"Germany";"2020-11-19";"Gold";827
3424;"First_3424";"Last_3424";"customer_3424@email.com";"Rhodes";"Greece";"2021-01-10";"Gold";449
3425;"First_3425";"Last_3425";"customer_3425@email.com";"Thessaloniki";"Greece";"2018-01-31";"Bronze";441
3426;"First_3426";"Last_3426";"customer_3426@email.com";"Larissa";"Germany";"2022-11-07";"Silver";415
3427;"First_3427";"Last_3427";"customer_3427@email.com";"Volos";"Greece";"2020-10-04";"Gold";364
3428;"First_3428";"Last_3428";"customer_3428@email.com";"Ioannina";"Greece";"2018-11-29";"Bronze";728
3429;"First_3429";"Last_3429";"customer_3429@email.com";"Larissa";"Greece";"2019-10-22";"Bronze";609
3430;"First_3430";"Last_3430";"customer_3430@email.com";"Rhodes";"UK";"2018-06-26";"Bronze";729
3431;"First_3431";"Last_3431";"customer_3431@email.com";"Athens";"Greece";"2019-01-05";"Bronze";460
3432;"First_3432";"Last_3432";"customer_3432@email.com";"Ioannina";"France";"2019-07-01";"Silver";605
3433;"First_3433";"Last_3433";"customer_3433@email.com";"Chalkida";"UK";"2019-06-19";"Bronze";660
3434;"First_3434";"Last_3434";"customer_3434@email.com";"Ioannina";"Greece";"2021-02-03";"Bronze";577
3435;"First_3435";"Last_3435";"customer_3435@email.com";"Heraklion";"Greece";"2018-04-07";"Platinum";595
3436;"First_3436";"Last_3436";"customer_3436@email.com";"Rhodes";"Greece";"2018-08-18";"Silver";468
3437;"First_3437";"Last_3437";"customer_3437@email.com";"Larissa";"France";"2018-08-15";"Bronze";758
3438;"First_3438";"Last_3438";"customer_3438@email.com";"Heraklion";"France";"2019-01-06";"Platinum";306
3439;"First_3439";"Last_3439";"customer_3439@email.com";"Ioannina";"Greece";"2021-01-28";"Bronze";431
3440;"First_3440";"Last_3440";"customer_3440@email.com";"Heraklion";"France";"2022-01-08";"Bronze";646
3441;"First_3441";"Last_3441";"customer_3441@email.com";"Patras";"Greece";"2022-01-31";"Gold";552
3442;"First_3442";"Last_3442";"customer_3442@email.com";"Rhodes";"Greece";"2018-02-24";"Bronze";709
3443;"First_3443";"Last_3443";"customer_3443@email.com";"Chania";"Italy";"2021-05-03";"Silver";842
3444;"First_3444";"Last_3444";"customer_3444@email.com";"Athens";"UK";"2022-03-24";"Bronze";654
3445;"First_3445";"Last_3445";"customer_3445@email.com";"Ioannina";"Greece";"2019-02-28";"Bronze";667
3446;"First_3446";"Last_3446";"customer_3446@email.com";"Rhodes";"UK";"2018-11-11";"Silver";810
3447;"First_3447";"Last_3447";"customer_3447@email.com";"Chania";"Italy";"2021-02-25";"Bronze";832
3448;"First_3448";"Last_3448";"customer_3448@email.com";"Chania";"UK";"2018-02-01";"Silver";827
3449;"First_3449";"Last_3449";"customer_3449@email.com";"Volos";"France";"2018-04-03";"Silver";827
3450;"First_3450";"Last_3450";"customer_3450@email.com";"Heraklion";"UK";"2019-06-03";"Gold";701
3451;"First_3451";"Last_3451";"customer_3451@email.com";"Chania";"Greece";"2021-07-05";"Silver";474
3452;"First_3452";"Last_3452";"customer_3452@email.com";"Patras";"France";"2020-05-02";"Bronze";377
3453;"First_3453";"Last_3453";"customer_3453@email.com";"Rhodes";"Greece";"2021-05-28";"Gold";739
3454;"First_3454";"Last_3454";"customer_3454@email.com";"Thessaloniki";"France";"2020-01-22";"Silver";848
3455;"First_3455";"Last_3455";"customer_3455@email.com";"Thessaloniki";"Greece";"2021-02-03";"Silver";531
3456;"First_3456";"Last_3456";"customer_3456@email.com";"Ioannina";"Germany";"2022-04-21";"Gold";699
3457;"First_3457";"Last_3457";"customer_3457@email.com";"Chalkida";"Greece";"2019-02-20";"Silver";512
3458;"First_3458";"Last_3458";"customer_3458@email.com";"Heraklion";"Greece";"2019-07-11";"Bronze";492
3459;"First_3459";"Last_3459";"customer_3459@email.com";"Chalkida";"Greece";"2021-08-25";"Silver";566
3460;"First_3460";"Last_3460";"customer_3460@email.com";"Chania";"Italy";"2019-01-01";"Bronze";425
3461;"First_3461";"Last_3461";"customer_3461@email.com";"Rhodes";"Italy";"2022-03-25";"Bronze";681
3462;"First_3462";"Last_3462";"customer_3462@email.com";"Ioannina";"Greece";"2022-01-22";"Silver";843
3463;"First_3463";"Last_3463";"customer_3463@email.com";"Larissa";"Italy";"2019-08-22";"Bronze";801
3464;"First_3464";"Last_3464";"customer_3464@email.com";"Chania";"France";"2021-10-25";"Bronze";702
3465;"First_3465";"Last_3465";"customer_3465@email.com";"Heraklion";"Germany";"2018-11-27";"Bronze";560
3466;"First_3466";"Last_3466";"customer_3466@email.com";"Thessaloniki";"Greece";"2019-11-20";"Silver";686
3467;"First_3467";"Last_3467";"customer_3467@email.com";"Volos";"Italy";"2022-07-24";"Bronze";711
3468;"First_3468";"Last_3468";"customer_3468@email.com";"Rhodes";"Greece";"2022-09-27";"Silver";645
3469;"First_3469";"Last_3469";"customer_3469@email.com";"Athens";"France";"2018-01-11";"Bronze";393
3470;"First_3470";"Last_3470";"customer_3470@email.com";"Chalkida";"France";"2020-03-28";"Bronze";627
3471;"First_3471";"Last_3471";"customer_3471@email.com";"Ioannina";"France";"2022-03-11";"Bronze";399
3472;"First_3472";"Last_3472";"customer_3472@email.com";"Chalkida";"Germany";"2019-02-23";"Silver";760
3473;"First_3473";"Last_3473";"customer_3473@email.com";"Rhodes";"Greece";"2021-02-19";"Bronze";614
3474;"First_3474";"Last_3474";"customer_3474@email.com";"Chalkida";"Greece";"2020-06-29";"Platinum";324
3475;"First_3475";"Last_3475";"customer_3475@email.com";"Rhodes";"Greece";"2021-06-12";"Gold";793
3476;"First_3476";"Last_3476";"customer_3476@email.com";"Chalkida";"Greece";"2021-09-16";"Gold";652
3477;"First_3477";"Last_3477";"customer_3477@email.com";"Patras";"Greece";"2022-04-16";"Gold";416
3478;"First_3478";"Last_3478";"customer_3478@email.com";"Larissa";"Germany";"2018-12-14";"Bronze";498
3479;"First_3479";"Last_3479";"customer_3479@email.com";"Chania";"France";"2020-08-15";"Silver";578
3480;"First_3480";"Last_3480";"customer_3480@email.com";"Chania";"Greece";"2019-02-16";"Silver";378
3481;"First_3481";"Last_3481";"customer_3481@email.com";"Heraklion";"Greece";"2021-06-01";"Silver";723
3482;"First_3482";"Last_3482";"customer_3482@email.com";"Athens";"Greece";"2018-06-02";"Gold";653
3483;"First_3483";"Last_3483";"customer_3483@email.com";"Athens";"Greece";"2021-05-20";"Silver";825
3484;"First_3484";"Last_3484";"customer_3484@email.com";"Heraklion";"Greece";"2018-04-02";"Platinum";840
3485;"First_3485";"Last_3485";"customer_3485@email.com";"Volos";"UK";"2018-11-27";"Bronze";776
3486;"First_3486";"Last_3486";"customer_3486@email.com";"Chania";"Greece";"2022-01-30";"Gold";309
3487;"First_3487";"Last_3487";"customer_3487@email.com";"Volos";"UK";"2022-07-23";"Silver";802
3488;"First_3488";"Last_3488";"customer_3488@email.com";"Rhodes";"Greece";"2020-08-12";"Silver";559
3489;"First_3489";"Last_3489";"customer_3489@email.com";"Rhodes";"France";"2022-09-29";"Bronze";823
3490;"First_3490";"Last_3490";"customer_3490@email.com";"Thessaloniki";"France";"2020-08-27";"Silver";305
3491;"First_3491";"Last_3491";"customer_3491@email.com";"Chalkida";"Italy";"2019-07-08";"Gold";334
3492;"First_3492";"Last_3492";"customer_3492@email.com";"Athens";"France";"2020-07-18";"Bronze";474
3493;"First_3493";"Last_3493";"customer_3493@email.com";"Thessaloniki";"Italy";"2021-06-05";"Silver";741
3494;"First_3494";"Last_3494";"customer_3494@email.com";"Larissa";"France";"2018-07-13";"Bronze";446
3495;"First_3495";"Last_3495";"customer_3495@email.com";"Heraklion";"Germany";"2019-06-14";"Platinum";492
3496;"First_3496";"Last_3496";"customer_3496@email.com";"Heraklion";"Greece";"2020-04-24";"Bronze";312
3497;"First_3497";"Last_3497";"customer_3497@email.com";"Rhodes";"Greece";"2021-06-20";"Bronze";829
3498;"First_3498";"Last_3498";"customer_3498@email.com";"Chania";"Greece";"2021-11-13";"Bronze";545
3499;"First_3499";"Last_3499";"customer_3499@email.com";"Volos";"Germany";"2021-07-23";"Silver";413
3500;"First_3500";"Last_3500";"customer_3500@email.com";"Athens";"Greece";"2022-01-13";"Bronze";532
3501;"First_3501";"Last_3501";"customer_3501@email.com";"Thessaloniki";"France";"2019-10-01";"Silver";621
3502;"First_3502";"Last_3502";"customer_3502@email.com";"Volos";"Italy";"2022-05-30";"Gold";837
3503;"First_3503";"Last_3503";"customer_3503@email.com";"Thessaloniki";"Greece";"2022-05-17";"Gold";425
3504;"First_3504";"Last_3504";"customer_3504@email.com";"Chalkida";"Greece";"2019-04-23";"Bronze";612
3505;"First_3505";"Last_3505";"customer_3505@email.com";"Larissa";"Italy";"2019-04-25";"Platinum";810
3506;"First_3506";"Last_3506";"customer_3506@email.com";"Larissa";"Greece";"2018-10-15";"Silver";783
3507;"First_3507";"Last_3507";"customer_3507@email.com";"Volos";"UK";"2019-11-29";"Bronze";580
3508;"First_3508";"Last_3508";"customer_3508@email.com";"Volos";"Greece";"2022-09-10";"Bronze";582
3509;"First_3509";"Last_3509";"customer_3509@email.com";"Volos";"Germany";"2022-08-29";"Bronze";691
3510;"First_3510";"Last_3510";"customer_3510@email.com";"Thessaloniki";"Greece";"2019-11-26";"Gold";822
3511;"First_3511";"Last_3511";"customer_3511@email.com";"Chalkida";"France";"2019-06-24";"Bronze";681
3512;"First_3512";"Last_3512";"customer_3512@email.com";"Patras";"Greece";"2018-11-26";"Bronze";515
3513;"First_3513";"Last_3513";"customer_3513@email.com";"Volos";"Greece";"2019-04-15";"Silver";841
3514;"First_3514";"Last_3514";"customer_3514@email.com";"Chania";"Greece";"2022-11-18";"Silver";415
3515;"First_3515";"Last_3515";"customer_3515@email.com";"Athens";"Greece";"2020-04-28";"Silver";808
3516;"First_3516";"Last_3516";"customer_3516@email.com";"Athens";"Italy";"2019-06-18";"Silver";799
3517;"First_3517";"Last_3517";"customer_3517@email.com";"Thessaloniki";"UK";"2019-04-12";"Bronze";570
3518;"First_3518";"Last_3518";"customer_3518@email.com";"Volos";"Greece";"2020-09-03";"Gold";739
3519;"First_3519";"Last_3519";"customer_3519@email.com";"Rhodes";"Greece";"2019-02-24";"Bronze";590
3520;"First_3520";"Last_3520";"customer_3520@email.com";"Heraklion";"Greece";"2022-06-20";"Silver";338
3521;"First_3521";"Last_3521";"customer_3521@email.com";"Patras";"UK";"2021-02-19";"Silver";323
3522;"First_3522";"Last_3522";"customer_3522@email.com";"Chania";"UK";"2020-02-01";"Bronze";342
3523;"First_3523";"Last_3523";"customer_3523@email.com";"Chalkida";"Greece";"2020-10-02";"Platinum";469
3524;"First_3524";"Last_3524";"customer_3524@email.com";"Rhodes";"UK";"2020-06-09";"Bronze";639
3525;"First_3525";"Last_3525";"customer_3525@email.com";"Larissa";"Germany";"2018-11-04";"Bronze";468
3526;"First_3526";"Last_3526";"customer_3526@email.com";"Rhodes";"Italy";"2020-07-12";"Gold";837
3527;"First_3527";"Last_3527";"customer_3527@email.com";"Thessaloniki";"Italy";"2018-11-30";"Silver";771
3528;"First_3528";"Last_3528";"customer_3528@email.com";"Patras";"UK";"2020-08-11";"Silver";442
3529;"First_3529";"Last_3529";"customer_3529@email.com";"Ioannina";"UK";"2021-12-14";"Silver";400
3530;"First_3530";"Last_3530";"customer_3530@email.com";"Ioannina";"Greece";"2021-09-11";"Gold";774
3531;"First_3531";"Last_3531";"customer_3531@email.com";"Volos";"France";"2020-10-18";"Bronze";610
3532;"First_3532";"Last_3532";"customer_3532@email.com";"Volos";"Greece";"2022-07-31";"Bronze";359
3533;"First_3533";"Last_3533";"customer_3533@email.com";"Thessaloniki";"Greece";"2020-02-28";"Bronze";328
3534;"First_3534";"Last_3534";"customer_3534@email.com";"Chalkida";"Greece";"2020-04-11";"Bronze";830
3535;"First_3535";"Last_3535";"customer_3535@email.com";"Volos";"France";"2020-04-23";"Silver";372
3536;"First_3536";"Last_3536";"customer_3536@email.com";"Heraklion";"Greece";"2022-05-16";"Bronze";693
3537;"First_3537";"Last_3537";"customer_3537@email.com";"Patras";"Greece";"2018-09-07";"Bronze";693
3538;"First_3538";"Last_3538";"customer_3538@email.com";"Thessaloniki";"Greece";"2021-01-23";"Bronze";780
3539;"First_3539";"Last_3539";"customer_3539@email.com";"Athens";"Greece";"2021-08-12";"Silver";772
3540;"First_3540";"Last_3540";"customer_3540@email.com";"Larissa";"Greece";"2018-07-03";"Gold";612
3541;"First_3541";"Last_3541";"customer_3541@email.com";"Thessaloniki";"France";"2021-07-07";"Bronze";737
3542;"First_3542";"Last_3542";"customer_3542@email.com";"Thessaloniki";"France";"2020-03-09";"Silver";623
3543;"First_3543";"Last_3543";"customer_3543@email.com";"Ioannina";"Greece";"2022-08-18";"Bronze";386
3544;"First_3544";"Last_3544";"customer_3544@email.com";"Chania";"France";"2018-07-05";"Silver";658
3545;"First_3545";"Last_3545";"customer_3545@email.com";"Chalkida";"UK";"2021-12-03";"Bronze";496
3546;"First_3546";"Last_3546";"customer_3546@email.com";"Chania";"Greece";"2020-12-28";"Bronze";684
3547;"First_3547";"Last_3547";"customer_3547@email.com";"Heraklion";"UK";"2020-04-17";"Silver";417
3548;"First_3548";"Last_3548";"customer_3548@email.com";"Athens";"Italy";"2022-12-02";"Gold";797
3549;"First_3549";"Last_3549";"customer_3549@email.com";"Ioannina";"Greece";"2019-09-19";"Bronze";761
3550;"First_3550";"Last_3550";"customer_3550@email.com";"Athens";"Greece";"2020-05-08";"Silver";795
3551;"First_3551";"Last_3551";"customer_3551@email.com";"Heraklion";"Italy";"2018-01-08";"Silver";546
3552;"First_3552";"Last_3552";"customer_3552@email.com";"Chania";"Germany";"2021-07-12";"Gold";533
3553;"First_3553";"Last_3553";"customer_3553@email.com";"Thessaloniki";"Greece";"2020-02-22";"Bronze";716
3554;"First_3554";"Last_3554";"customer_3554@email.com";"Volos";"Greece";"2022-02-16";"Bronze";766
3555;"First_3555";"Last_3555";"customer_3555@email.com";"Volos";"Greece";"2022-11-20";"Gold";781
3556;"First_3556";"Last_3556";"customer_3556@email.com";"Rhodes";"France";"2022-06-29";"Bronze";664
3557;"First_3557";"Last_3557";"customer_3557@email.com";"Larissa";"Greece";"2020-02-14";"Bronze";452
3558;"First_3558";"Last_3558";"customer_3558@email.com";"Chalkida";"Greece";"2022-10-26";"Bronze";571
3559;"First_3559";"Last_3559";"customer_3559@email.com";"Heraklion";"Germany";"2020-10-03";"Gold";691
3560;"First_3560";"Last_3560";"customer_3560@email.com";"Larissa";"Greece";"2021-10-26";"Bronze";846
3561;"First_3561";"Last_3561";"customer_3561@email.com";"Chalkida";"Greece";"2022-12-12";"Gold";729
3562;"First_3562";"Last_3562";"customer_3562@email.com";"Larissa";"Greece";"2019-11-08";"Bronze";488
3563;"First_3563";"Last_3563";"customer_3563@email.com";"Chania";"France";"2021-01-11";"Bronze";551
3564;"First_3564";"Last_3564";"customer_3564@email.com";"Chalkida";"Greece";"2022-07-28";"Bronze";694
3565;"First_3565";"Last_3565";"customer_3565@email.com";"Chania";"Germany";"2018-07-30";"Bronze";518
3566;"First_3566";"Last_3566";"customer_3566@email.com";"Thessaloniki";"Greece";"2021-08-29";"Silver";489
3567;"First_3567";"Last_3567";"customer_3567@email.com";"Ioannina";"Greece";"2022-06-16";"Silver";533
3568;"First_3568";"Last_3568";"customer_3568@email.com";"Chania";"Greece";"2021-09-22";"Bronze";531
3569;"First_3569";"Last_3569";"customer_3569@email.com";"Volos";"Greece";"2019-05-05";"Bronze";657
3570;"First_3570";"Last_3570";"customer_3570@email.com";"Larissa";"France";"2021-11-27";"Silver";777
3571;"First_3571";"Last_3571";"customer_3571@email.com";"Rhodes";"Greece";"2019-10-01";"Gold";728
3572;"First_3572";"Last_3572";"customer_3572@email.com";"Patras";"UK";"2018-07-10";"Silver";536
3573;"First_3573";"Last_3573";"customer_3573@email.com";"Chalkida";"Greece";"2019-11-02";"Gold";332
3574;"First_3574";"Last_3574";"customer_3574@email.com";"Heraklion";"Italy";"2020-04-22";"Bronze";512
3575;"First_3575";"Last_3575";"customer_3575@email.com";"Rhodes";"Germany";"2018-12-01";"Gold";678
3576;"First_3576";"Last_3576";"customer_3576@email.com";"Volos";"UK";"2022-03-26";"Bronze";301
3577;"First_3577";"Last_3577";"customer_3577@email.com";"Chania";"Greece";"2022-07-01";"Bronze";749
3578;"First_3578";"Last_3578";"customer_3578@email.com";"Ioannina";"Greece";"2021-01-15";"Gold";726
3579;"First_3579";"Last_3579";"customer_3579@email.com";"Thessaloniki";"Greece";"2019-08-02";"Gold";578
3580;"First_3580";"Last_3580";"customer_3580@email.com";"Patras";"Italy";"2018-03-03";"Silver";513
3581;"First_3581";"Last_3581";"customer_3581@email.com";"Athens";"Greece";"2019-01-22";"Bronze";584
3582;"First_3582";"Last_3582";"customer_3582@email.com";"Rhodes";"Germany";"2021-03-15";"Bronze";842
3583;"First_3583";"Last_3583";"customer_3583@email.com";"Ioannina";"UK";"2018-06-02";"Bronze";573
3584;"First_3584";"Last_3584";"customer_3584@email.com";"Athens";"Greece";"2019-09-11";"Gold";310
3585;"First_3585";"Last_3585";"customer_3585@email.com";"Patras";"UK";"2022-08-11";"Bronze";346
3586;"First_3586";"Last_3586";"customer_3586@email.com";"Heraklion";"Germany";"2019-11-29";"Gold";814
3587;"First_3587";"Last_3587";"customer_3587@email.com";"Heraklion";"UK";"2021-10-04";"Bronze";737
3588;"First_3588";"Last_3588";"customer_3588@email.com";"Larissa";"Greece";"2018-06-27";"Gold";726
3589;"First_3589";"Last_3589";"customer_3589@email.com";"Patras";"Greece";"2020-04-26";"Gold";731
3590;"First_3590";"Last_3590";"customer_3590@email.com";"Patras";"Greece";"2019-05-02";"Bronze";429
3591;"First_3591";"Last_3591";"customer_3591@email.com";"Athens";"France";"2022-12-07";"Bronze";321
3592;"First_3592";"Last_3592";"customer_3592@email.com";"Ioannina";"Germany";"2022-08-12";"Gold";688
3593;"First_3593";"Last_3593";"customer_3593@email.com";"Chalkida";"Greece";"2021-06-24";"Silver";434
3594;"First_3594";"Last_3594";"customer_3594@email.com";"Athens";"Italy";"2021-07-01";"Silver";831
3595;"First_3595";"Last_3595";"customer_3595@email.com";"Thessaloniki";"Greece";"2019-05-15";"Silver";519
3596;"First_3596";"Last_3596";"customer_3596@email.com";"Heraklion";"France";"2019-06-25";"Bronze";632
3597;"First_3597";"Last_3597";"customer_3597@email.com";"Heraklion";"Italy";"2021-10-07";"Gold";429
3598;"First_3598";"Last_3598";"customer_3598@email.com";"Larissa";"France";"2022-03-16";"Bronze";331
3599;"First_3599";"Last_3599";"customer_3599@email.com";"Thessaloniki";"France";"2022-12-07";"Gold";724
3600;"First_3600";"Last_3600";"customer_3600@email.com";"Heraklion";"Greece";"2018-01-13";"Bronze";597
3601;"First_3601";"Last_3601";"customer_3601@email.com";"Athens";"Greece";"2022-05-02";"Silver";803
3602;"First_3602";"Last_3602";"customer_3602@email.com";"Thessaloniki";"UK";"2018-05-31";"Bronze";656
3603;"First_3603";"Last_3603";"customer_3603@email.com";"Athens";"Greece";"2020-12-09";"Bronze";754
3604;"First_3604";"Last_3604";"customer_3604@email.com";"Chalkida";"Greece";"2021-05-23";"Bronze";700
3605;"First_3605";"Last_3605";"customer_3605@email.com";"Chalkida";"UK";"2020-09-17";"Silver";754
3606;"First_3606";"Last_3606";"customer_3606@email.com";"Heraklion";"Greece";"2019-10-06";"Silver";333
3607;"First_3607";"Last_3607";"customer_3607@email.com";"Heraklion";"Italy";"2019-01-07";"Gold";547
3608;"First_3608";"Last_3608";"customer_3608@email.com";"Ioannina";"France";"2021-02-10";"Bronze";341
3609;"First_3609";"Last_3609";"customer_3609@email.com";"Chalkida";"France";"2018-09-09";"Silver";422
3610;"First_3610";"Last_3610";"customer_3610@email.com";"Rhodes";"UK";"2021-09-26";"Silver";326
3611;"First_3611";"Last_3611";"customer_3611@email.com";"Rhodes";"France";"2018-02-22";"Bronze";761
3612;"First_3612";"Last_3612";"customer_3612@email.com";"Larissa";"France";"2021-02-27";"Bronze";446
3613;"First_3613";"Last_3613";"customer_3613@email.com";"Chalkida";"Germany";"2018-07-12";"Bronze";795
3614;"First_3614";"Last_3614";"customer_3614@email.com";"Athens";"Greece";"2019-08-14";"Bronze";785
3615;"First_3615";"Last_3615";"customer_3615@email.com";"Athens";"France";"2020-12-16";"Bronze";759
3616;"First_3616";"Last_3616";"customer_3616@email.com";"Volos";"France";"2018-04-07";"Silver";427
3617;"First_3617";"Last_3617";"customer_3617@email.com";"Thessaloniki";"Greece";"2018-07-17";"Bronze";675
3618;"First_3618";"Last_3618";"customer_3618@email.com";"Chania";"Greece";"2022-07-29";"Silver";382
3619;"First_3619";"Last_3619";"customer_3619@email.com";"Rhodes";"Germany";"2018-05-27";"Gold";834
3620;"First_3620";"Last_3620";"customer_3620@email.com";"Heraklion";"Greece";"2022-09-04";"Silver";822
3621;"First_3621";"Last_3621";"customer_3621@email.com";"Larissa";"Italy";"2022-05-18";"Silver";402
3622;"First_3622";"Last_3622";"customer_3622@email.com";"Chania";"Italy";"2022-05-20";"Bronze";818
3623;"First_3623";"Last_3623";"customer_3623@email.com";"Patras";"Greece";"2021-08-11";"Gold";661
3624;"First_3624";"Last_3624";"customer_3624@email.com";"Larissa";"Germany";"2019-12-24";"Bronze";555
3625;"First_3625";"Last_3625";"customer_3625@email.com";"Patras";"Greece";"2022-07-03";"Silver";546
3626;"First_3626";"Last_3626";"customer_3626@email.com";"Chalkida";"UK";"2022-12-23";"Platinum";491
3627;"First_3627";"Last_3627";"customer_3627@email.com";"Patras";"Greece";"2019-11-15";"Silver";834
3628;"First_3628";"Last_3628";"customer_3628@email.com";"Patras";"Germany";"2020-11-01";"Silver";613
3629;"First_3629";"Last_3629";"customer_3629@email.com";"Ioannina";"Greece";"2018-11-29";"Bronze";575
3630;"First_3630";"Last_3630";"customer_3630@email.com";"Ioannina";"Greece";"2021-05-28";"Bronze";672
3631;"First_3631";"Last_3631";"customer_3631@email.com";"Ioannina";"Greece";"2021-11-22";"Silver";743
3632;"First_3632";"Last_3632";"customer_3632@email.com";"Chalkida";"Greece";"2021-09-27";"Bronze";494
3633;"First_3633";"Last_3633";"customer_3633@email.com";"Chania";"Greece";"2022-12-27";"Silver";557
3634;"First_3634";"Last_3634";"customer_3634@email.com";"Larissa";"Greece";"2019-05-27";"Bronze";659
3635;"First_3635";"Last_3635";"customer_3635@email.com";"Larissa";"Greece";"2018-06-21";"Gold";847
3636;"First_3636";"Last_3636";"customer_3636@email.com";"Heraklion";"France";"2022-01-31";"Bronze";407
3637;"First_3637";"Last_3637";"customer_3637@email.com";"Ioannina";"France";"2022-11-07";"Silver";323
3638;"First_3638";"Last_3638";"customer_3638@email.com";"Chalkida";"France";"2021-04-04";"Silver";764
3639;"First_3639";"Last_3639";"customer_3639@email.com";"Heraklion";"Italy";"2022-09-19";"Bronze";321
3640;"First_3640";"Last_3640";"customer_3640@email.com";"Thessaloniki";"Greece";"2021-04-08";"Bronze";801
3641;"First_3641";"Last_3641";"customer_3641@email.com";"Heraklion";"Greece";"2019-07-18";"Bronze";800
3642;"First_3642";"Last_3642";"customer_3642@email.com";"Chania";"Greece";"2019-05-27";"Bronze";706
3643;"First_3643";"Last_3643";"customer_3643@email.com";"Rhodes";"France";"2021-04-27";"Bronze";629
3644;"First_3644";"Last_3644";"customer_3644@email.com";"Patras";"Italy";"2021-02-17";"Bronze";585
3645;"First_3645";"Last_3645";"customer_3645@email.com";"Ioannina";"Greece";"2018-04-15";"Silver";446
3646;"First_3646";"Last_3646";"customer_3646@email.com";"Rhodes";"Greece";"2019-11-05";"Bronze";683
3647;"First_3647";"Last_3647";"customer_3647@email.com";"Heraklion";"Greece";"2020-03-17";"Platinum";310
3648;"First_3648";"Last_3648";"customer_3648@email.com";"Chalkida";"UK";"2020-11-30";"Silver";575
3649;"First_3649";"Last_3649";"customer_3649@email.com";"Patras";"Germany";"2020-06-07";"Bronze";602
3650;"First_3650";"Last_3650";"customer_3650@email.com";"Larissa";"Greece";"2020-05-25";"Bronze";503
3651;"First_3651";"Last_3651";"customer_3651@email.com";"Athens";"Greece";"2019-11-08";"Gold";644
3652;"First_3652";"Last_3652";"customer_3652@email.com";"Patras";"Germany";"2018-11-17";"Bronze";565
3653;"First_3653";"Last_3653";"customer_3653@email.com";"Chania";"UK";"2018-12-01";"Silver";321
3654;"First_3654";"Last_3654";"customer_3654@email.com";"Chania";"Greece";"2021-03-29";"Silver";835
3655;"First_3655";"Last_3655";"customer_3655@email.com";"Heraklion";"France";"2018-09-21";"Bronze";395
3656;"First_3656";"Last_3656";"customer_3656@email.com";"Thessaloniki";"Greece";"2020-05-14";"Gold";744
3657;"First_3657";"Last_3657";"customer_3657@email.com";"Chania";"France";"2022-04-03";"Bronze";562
3658;"First_3658";"Last_3658";"customer_3658@email.com";"Chania";"France";"2022-09-05";"Bronze";682
3659;"First_3659";"Last_3659";"customer_3659@email.com";"Chalkida";"Greece";"2022-02-09";"Gold";849
3660;"First_3660";"Last_3660";"customer_3660@email.com";"Heraklion";"Greece";"2018-12-18";"Silver";691
3661;"First_3661";"Last_3661";"customer_3661@email.com";"Patras";"UK";"2022-04-18";"Gold";839
3662;"First_3662";"Last_3662";"customer_3662@email.com";"Thessaloniki";"Greece";"2022-12-02";"Silver";391
3663;"First_3663";"Last_3663";"customer_3663@email.com";"Rhodes";"France";"2021-05-18";"Silver";458
3664;"First_3664";"Last_3664";"customer_3664@email.com";"Athens";"UK";"2022-02-28";"Gold";527
3665;"First_3665";"Last_3665";"customer_3665@email.com";"Ioannina";"France";"2021-11-06";"Bronze";772
3666;"First_3666";"Last_3666";"customer_3666@email.com";"Larissa";"Greece";"2019-11-07";"Silver";671
3667;"First_3667";"Last_3667";"customer_3667@email.com";"Chania";"Greece";"2022-02-13";"Silver";675
3668;"First_3668";"Last_3668";"customer_3668@email.com";"Heraklion";"Germany";"2020-07-07";"Bronze";336
3669;"First_3669";"Last_3669";"customer_3669@email.com";"Ioannina";"Greece";"2018-01-05";"Silver";336
3670;"First_3670";"Last_3670";"customer_3670@email.com";"Larissa";"UK";"2018-02-03";"Bronze";400
3671;"First_3671";"Last_3671";"customer_3671@email.com";"Larissa";"France";"2022-12-21";"Silver";842
3672;"First_3672";"Last_3672";"customer_3672@email.com";"Rhodes";"Greece";"2021-03-14";"Silver";489
3673;"First_3673";"Last_3673";"customer_3673@email.com";"Rhodes";"UK";"2018-12-17";"Platinum";811
3674;"First_3674";"Last_3674";"customer_3674@email.com";"Rhodes";"Greece";"2019-08-06";"Bronze";389
3675;"First_3675";"Last_3675";"customer_3675@email.com";"Volos";"Greece";"2019-04-10";"Silver";305
3676;"First_3676";"Last_3676";"customer_3676@email.com";"Volos";"Italy";"2018-12-14";"Bronze";438
3677;"First_3677";"Last_3677";"customer_3677@email.com";"Larissa";"Italy";"2022-11-01";"Silver";394
3678;"First_3678";"Last_3678";"customer_3678@email.com";"Rhodes";"Greece";"2018-05-05";"Silver";685
3679;"First_3679";"Last_3679";"customer_3679@email.com";"Chalkida";"Italy";"2022-12-19";"Silver";422
3680;"First_3680";"Last_3680";"customer_3680@email.com";"Chania";"Greece";"2021-07-18";"Gold";584
3681;"First_3681";"Last_3681";"customer_3681@email.com";"Ioannina";"Greece";"2018-12-23";"Gold";665
3682;"First_3682";"Last_3682";"customer_3682@email.com";"Ioannina";"Greece";"2019-06-11";"Bronze";789
3683;"First_3683";"Last_3683";"customer_3683@email.com";"Volos";"Italy";"2022-11-13";"Bronze";624
3684;"First_3684";"Last_3684";"customer_3684@email.com";"Larissa";"Greece";"2019-05-13";"Silver";706
3685;"First_3685";"Last_3685";"customer_3685@email.com";"Heraklion";"Greece";"2021-03-22";"Bronze";818
3686;"First_3686";"Last_3686";"customer_3686@email.com";"Patras";"Greece";"2018-02-22";"Bronze";376
3687;"First_3687";"Last_3687";"customer_3687@email.com";"Patras";"UK";"2018-05-29";"Silver";533
3688;"First_3688";"Last_3688";"customer_3688@email.com";"Volos";"Greece";"2019-05-18";"Bronze";783
3689;"First_3689";"Last_3689";"customer_3689@email.com";"Heraklion";"Greece";"2020-05-19";"Bronze";763
3690;"First_3690";"Last_3690";"customer_3690@email.com";"Volos";"Greece";"2022-01-13";"Gold";570
3691;"First_3691";"Last_3691";"customer_3691@email.com";"Patras";"Germany";"2018-08-07";"Bronze";766
3692;"First_3692";"Last_3692";"customer_3692@email.com";"Heraklion";"UK";"2022-07-07";"Bronze";768
3693;"First_3693";"Last_3693";"customer_3693@email.com";"Rhodes";"Greece";"2022-12-29";"Bronze";846
3694;"First_3694";"Last_3694";"customer_3694@email.com";"Larissa";"UK";"2021-07-24";"Gold";569
3695;"First_3695";"Last_3695";"customer_3695@email.com";"Ioannina";"Greece";"2019-03-28";"Platinum";677
3696;"First_3696";"Last_3696";"customer_3696@email.com";"Chalkida";"France";"2021-12-22";"Silver";476
3697;"First_3697";"Last_3697";"customer_3697@email.com";"Thessaloniki";"Greece";"2018-03-24";"Bronze";573
3698;"First_3698";"Last_3698";"customer_3698@email.com";"Larissa";"Greece";"2021-05-26";"Gold";326
3699;"First_3699";"Last_3699";"customer_3699@email.com";"Rhodes";"Greece";"2020-01-08";"Silver";359
3700;"First_3700";"Last_3700";"customer_3700@email.com";"Patras";"France";"2022-12-11";"Gold";516
3701;"First_3701";"Last_3701";"customer_3701@email.com";"Rhodes";"France";"2019-06-11";"Silver";569
3702;"First_3702";"Last_3702";"customer_3702@email.com";"Volos";"Greece";"2019-02-08";"Bronze";415
3703;"First_3703";"Last_3703";"customer_3703@email.com";"Heraklion";"UK";"2018-10-17";"Bronze";544
3704;"First_3704";"Last_3704";"customer_3704@email.com";"Ioannina";"Greece";"2019-02-24";"Bronze";384
3705;"First_3705";"Last_3705";"customer_3705@email.com";"Chania";"Greece";"2018-12-05";"Bronze";749
3706;"First_3706";"Last_3706";"customer_3706@email.com";"Volos";"Greece";"2020-02-16";"Silver";835
3707;"First_3707";"Last_3707";"customer_3707@email.com";"Larissa";"Germany";"2019-12-12";"Gold";388
3708;"First_3708";"Last_3708";"customer_3708@email.com";"Volos";"UK";"2022-08-21";"Silver";848
3709;"First_3709";"Last_3709";"customer_3709@email.com";"Larissa";"Greece";"2020-09-13";"Bronze";806
3710;"First_3710";"Last_3710";"customer_3710@email.com";"Chania";"Greece";"2020-08-16";"Bronze";707
3711;"First_3711";"Last_3711";"customer_3711@email.com";"Athens";"Greece";"2021-12-13";"Bronze";570
3712;"First_3712";"Last_3712";"customer_3712@email.com";"Ioannina";"Greece";"2021-05-15";"Bronze";823
3713;"First_3713";"Last_3713";"customer_3713@email.com";"Chalkida";"Greece";"2019-11-17";"Bronze";793
3714;"First_3714";"Last_3714";"customer_3714@email.com";"Chalkida";"Greece";"2022-09-16";"Silver";747
3715;"First_3715";"Last_3715";"customer_3715@email.com";"Thessaloniki";"Greece";"2021-07-12";"Bronze";842
3716;"First_3716";"Last_3716";"customer_3716@email.com";"Rhodes";"Greece";"2022-11-17";"Platinum";649
3717;"First_3717";"Last_3717";"customer_3717@email.com";"Athens";"Greece";"2020-11-25";"Bronze";627
3718;"First_3718";"Last_3718";"customer_3718@email.com";"Chalkida";"Greece";"2019-01-08";"Gold";585
3719;"First_3719";"Last_3719";"customer_3719@email.com";"Volos";"Greece";"2022-02-20";"Silver";334
3720;"First_3720";"Last_3720";"customer_3720@email.com";"Rhodes";"Germany";"2021-07-06";"Bronze";832
3721;"First_3721";"Last_3721";"customer_3721@email.com";"Athens";"Greece";"2020-09-20";"Silver";787
3722;"First_3722";"Last_3722";"customer_3722@email.com";"Heraklion";"Germany";"2019-06-15";"Silver";786
3723;"First_3723";"Last_3723";"customer_3723@email.com";"Heraklion";"Greece";"2020-07-12";"Silver";444
3724;"First_3724";"Last_3724";"customer_3724@email.com";"Rhodes";"Greece";"2018-01-23";"Silver";823
3725;"First_3725";"Last_3725";"customer_3725@email.com";"Larissa";"Greece";"2018-04-14";"Bronze";445
3726;"First_3726";"Last_3726";"customer_3726@email.com";"Larissa";"Greece";"2018-08-29";"Silver";802
3727;"First_3727";"Last_3727";"customer_3727@email.com";"Volos";"Greece";"2020-10-01";"Gold";826
3728;"First_3728";"Last_3728";"customer_3728@email.com";"Athens";"Italy";"2020-06-21";"Bronze";571
3729;"First_3729";"Last_3729";"customer_3729@email.com";"Athens";"Greece";"2022-10-06";"Bronze";833
3730;"First_3730";"Last_3730";"customer_3730@email.com";"Rhodes";"Greece";"2021-06-30";"Gold";394
3731;"First_3731";"Last_3731";"customer_3731@email.com";"Patras";"UK";"2021-03-11";"Bronze";746
3732;"First_3732";"Last_3732";"customer_3732@email.com";"Heraklion";"Greece";"2020-03-24";"Silver";714
3733;"First_3733";"Last_3733";"customer_3733@email.com";"Athens";"France";"2019-10-17";"Silver";556
3734;"First_3734";"Last_3734";"customer_3734@email.com";"Rhodes";"Greece";"2022-01-14";"Silver";561
3735;"First_3735";"Last_3735";"customer_3735@email.com";"Chania";"Italy";"2020-02-22";"Bronze";386
3736;"First_3736";"Last_3736";"customer_3736@email.com";"Thessaloniki";"Greece";"2018-11-03";"Bronze";735
3737;"First_3737";"Last_3737";"customer_3737@email.com";"Chania";"Greece";"2022-03-04";"Bronze";407
3738;"First_3738";"Last_3738";"customer_3738@email.com";"Ioannina";"France";"2022-07-04";"Silver";318
3739;"First_3739";"Last_3739";"customer_3739@email.com";"Volos";"Greece";"2018-01-08";"Silver";664
3740;"First_3740";"Last_3740";"customer_3740@email.com";"Athens";"Greece";"2020-12-28";"Silver";678
3741;"First_3741";"Last_3741";"customer_3741@email.com";"Ioannina";"UK";"2022-09-22";"Silver";459
3742;"First_3742";"Last_3742";"customer_3742@email.com";"Chalkida";"Greece";"2022-09-11";"Bronze";399
3743;"First_3743";"Last_3743";"customer_3743@email.com";"Ioannina";"Greece";"2019-07-29";"Bronze";564
3744;"First_3744";"Last_3744";"customer_3744@email.com";"Rhodes";"Germany";"2020-12-27";"Gold";348
3745;"First_3745";"Last_3745";"customer_3745@email.com";"Athens";"Greece";"2022-10-08";"Bronze";714
3746;"First_3746";"Last_3746";"customer_3746@email.com";"Thessaloniki";"France";"2020-06-30";"Bronze";358
3747;"First_3747";"Last_3747";"customer_3747@email.com";"Rhodes";"Italy";"2021-12-02";"Bronze";482
3748;"First_3748";"Last_3748";"customer_3748@email.com";"Rhodes";"Greece";"2019-06-02";"Bronze";746
3749;"First_3749";"Last_3749";"customer_3749@email.com";"Volos";"Greece";"2021-02-16";"Bronze";600
3750;"First_3750";"Last_3750";"customer_3750@email.com";"Volos";"Greece";"2020-11-20";"Gold";653
3751;"First_3751";"Last_3751";"customer_3751@email.com";"Heraklion";"Greece";"2022-03-22";"Gold";512
3752;"First_3752";"Last_3752";"customer_3752@email.com";"Heraklion";"Italy";"2019-04-28";"Gold";488
3753;"First_3753";"Last_3753";"customer_3753@email.com";"Larissa";"Greece";"2018-07-26";"Gold";646
3754;"First_3754";"Last_3754";"customer_3754@email.com";"Patras";"Greece";"2019-10-31";"Gold";436
3755;"First_3755";"Last_3755";"customer_3755@email.com";"Athens";"France";"2019-08-02";"Silver";329
3756;"First_3756";"Last_3756";"customer_3756@email.com";"Athens";"France";"2019-01-22";"Bronze";445
3757;"First_3757";"Last_3757";"customer_3757@email.com";"Ioannina";"Greece";"2019-02-16";"Silver";767
3758;"First_3758";"Last_3758";"customer_3758@email.com";"Athens";"Greece";"2021-10-25";"Bronze";802
3759;"First_3759";"Last_3759";"customer_3759@email.com";"Athens";"Germany";"2021-10-08";"Bronze";490
3760;"First_3760";"Last_3760";"customer_3760@email.com";"Patras";"Italy";"2021-09-21";"Bronze";770
3761;"First_3761";"Last_3761";"customer_3761@email.com";"Chalkida";"Germany";"2020-06-09";"Silver";644
3762;"First_3762";"Last_3762";"customer_3762@email.com";"Heraklion";"Greece";"2020-06-24";"Bronze";300
3763;"First_3763";"Last_3763";"customer_3763@email.com";"Heraklion";"Greece";"2021-08-05";"Bronze";409
3764;"First_3764";"Last_3764";"customer_3764@email.com";"Thessaloniki";"Greece";"2020-08-20";"Bronze";363
3765;"First_3765";"Last_3765";"customer_3765@email.com";"Athens";"Greece";"2020-08-22";"Gold";352
3766;"First_3766";"Last_3766";"customer_3766@email.com";"Patras";"Italy";"2018-05-20";"Silver";561
3767;"First_3767";"Last_3767";"customer_3767@email.com";"Heraklion";"France";"2018-10-27";"Gold";828
3768;"First_3768";"Last_3768";"customer_3768@email.com";"Patras";"Italy";"2020-11-02";"Bronze";601
3769;"First_3769";"Last_3769";"customer_3769@email.com";"Chania";"Greece";"2019-10-26";"Bronze";533
3770;"First_3770";"Last_3770";"customer_3770@email.com";"Chalkida";"UK";"2021-12-22";"Silver";372
3771;"First_3771";"Last_3771";"customer_3771@email.com";"Athens";"France";"2020-04-04";"Bronze";656
3772;"First_3772";"Last_3772";"customer_3772@email.com";"Thessaloniki";"Germany";"2019-02-04";"Silver";783
3773;"First_3773";"Last_3773";"customer_3773@email.com";"Ioannina";"Greece";"2020-09-18";"Silver";305
3774;"First_3774";"Last_3774";"customer_3774@email.com";"Heraklion";"Greece";"2021-02-06";"Silver";436
3775;"First_3775";"Last_3775";"customer_3775@email.com";"Chania";"France";"2022-02-17";"Gold";703
3776;"First_3776";"Last_3776";"customer_3776@email.com";"Patras";"Greece";"2021-10-11";"Bronze";505
3777;"First_3777";"Last_3777";"customer_3777@email.com";"Volos";"Italy";"2018-05-29";"Bronze";709
3778;"First_3778";"Last_3778";"customer_3778@email.com";"Rhodes";"Greece";"2022-10-06";"Silver";335
3779;"First_3779";"Last_3779";"customer_3779@email.com";"Athens";"UK";"2018-11-03";"Bronze";529
3780;"First_3780";"Last_3780";"customer_3780@email.com";"Athens";"Germany";"2022-04-06";"Bronze";526
3781;"First_3781";"Last_3781";"customer_3781@email.com";"Chania";"UK";"2020-12-19";"Bronze";561
3782;"First_3782";"Last_3782";"customer_3782@email.com";"Patras";"Greece";"2019-03-11";"Bronze";430
3783;"First_3783";"Last_3783";"customer_3783@email.com";"Larissa";"Italy";"2018-01-21";"Bronze";747
3784;"First_3784";"Last_3784";"customer_3784@email.com";"Athens";"Germany";"2020-05-24";"Bronze";485
3785;"First_3785";"Last_3785";"customer_3785@email.com";"Larissa";"Greece";"2019-01-17";"Silver";485
3786;"First_3786";"Last_3786";"customer_3786@email.com";"Volos";"Germany";"2018-09-02";"Silver";573
3787;"First_3787";"Last_3787";"customer_3787@email.com";"Chania";"Greece";"2021-01-01";"Silver";651
3788;"First_3788";"Last_3788";"customer_3788@email.com";"Patras";"Greece";"2022-01-12";"Silver";712
3789;"First_3789";"Last_3789";"customer_3789@email.com";"Patras";"Greece";"2021-01-04";"Bronze";450
3790;"First_3790";"Last_3790";"customer_3790@email.com";"Chalkida";"France";"2019-11-29";"Bronze";683
3791;"First_3791";"Last_3791";"customer_3791@email.com";"Rhodes";"Greece";"2019-08-13";"Bronze";335
3792;"First_3792";"Last_3792";"customer_3792@email.com";"Heraklion";"Germany";"2019-01-25";"Gold";625
3793;"First_3793";"Last_3793";"customer_3793@email.com";"Heraklion";"Greece";"2022-05-20";"Silver";764
3794;"First_3794";"Last_3794";"customer_3794@email.com";"Ioannina";"Greece";"2021-09-27";"Bronze";765
3795;"First_3795";"Last_3795";"customer_3795@email.com";"Thessaloniki";"Italy";"2021-08-06";"Bronze";394
3796;"First_3796";"Last_3796";"customer_3796@email.com";"Chania";"Germany";"2019-07-22";"Platinum";433
3797;"First_3797";"Last_3797";"customer_3797@email.com";"Volos";"Italy";"2021-09-16";"Silver";461
3798;"First_3798";"Last_3798";"customer_3798@email.com";"Patras";"Greece";"2018-09-16";"Gold";599
3799;"First_3799";"Last_3799";"customer_3799@email.com";"Rhodes";"Greece";"2019-03-02";"Bronze";655
3800;"First_3800";"Last_3800";"customer_3800@email.com";"Larissa";"France";"2022-09-22";"Bronze";539
3801;"First_3801";"Last_3801";"customer_3801@email.com";"Chania";"Germany";"2020-10-26";"Silver";466
3802;"First_3802";"Last_3802";"customer_3802@email.com";"Ioannina";"Greece";"2018-01-06";"Silver";439
3803;"First_3803";"Last_3803";"customer_3803@email.com";"Chania";"Greece";"2018-07-10";"Silver";438
3804;"First_3804";"Last_3804";"customer_3804@email.com";"Ioannina";"France";"2018-05-28";"Silver";534
3805;"First_3805";"Last_3805";"customer_3805@email.com";"Patras";"Greece";"2019-02-09";"Silver";302
3806;"First_3806";"Last_3806";"customer_3806@email.com";"Thessaloniki";"Germany";"2018-09-15";"Silver";555
3807;"First_3807";"Last_3807";"customer_3807@email.com";"Ioannina";"Greece";"2019-12-31";"Bronze";670
3808;"First_3808";"Last_3808";"customer_3808@email.com";"Patras";"Greece";"2022-02-11";"Bronze";577
3809;"First_3809";"Last_3809";"customer_3809@email.com";"Patras";"Italy";"2018-03-31";"Gold";815
3810;"First_3810";"Last_3810";"customer_3810@email.com";"Thessaloniki";"Greece";"2020-04-03";"Bronze";511
3811;"First_3811";"Last_3811";"customer_3811@email.com";"Heraklion";"Greece";"2018-01-10";"Silver";515
3812;"First_3812";"Last_3812";"customer_3812@email.com";"Chania";"France";"2021-01-15";"Silver";569
3813;"First_3813";"Last_3813";"customer_3813@email.com";"Athens";"Greece";"2022-11-21";"Platinum";775
3814;"First_3814";"Last_3814";"customer_3814@email.com";"Athens";"Greece";"2020-04-17";"Bronze";827
3815;"First_3815";"Last_3815";"customer_3815@email.com";"Larissa";"Germany";"2021-03-20";"Bronze";363
3816;"First_3816";"Last_3816";"customer_3816@email.com";"Larissa";"Greece";"2020-09-14";"Gold";759
3817;"First_3817";"Last_3817";"customer_3817@email.com";"Athens";"Greece";"2019-09-17";"Gold";315
3818;"First_3818";"Last_3818";"customer_3818@email.com";"Volos";"Greece";"2018-01-30";"Silver";318
3819;"First_3819";"Last_3819";"customer_3819@email.com";"Athens";"Greece";"2018-05-08";"Bronze";624
3820;"First_3820";"Last_3820";"customer_3820@email.com";"Larissa";"Germany";"2021-01-06";"Bronze";392
3821;"First_3821";"Last_3821";"customer_3821@email.com";"Rhodes";"Germany";"2019-02-25";"Silver";316
3822;"First_3822";"Last_3822";"customer_3822@email.com";"Larissa";"Greece";"2020-12-14";"Gold";787
3823;"First_3823";"Last_3823";"customer_3823@email.com";"Volos";"Germany";"2022-02-12";"Gold";393
3824;"First_3824";"Last_3824";"customer_3824@email.com";"Chania";"Italy";"2018-11-01";"Bronze";309
3825;"First_3825";"Last_3825";"customer_3825@email.com";"Athens";"Greece";"2019-06-30";"Bronze";827
3826;"First_3826";"Last_3826";"customer_3826@email.com";"Thessaloniki";"UK";"2021-02-02";"Bronze";788
3827;"First_3827";"Last_3827";"customer_3827@email.com";"Rhodes";"Greece";"2021-04-10";"Platinum";443
3828;"First_3828";"Last_3828";"customer_3828@email.com";"Patras";"France";"2022-03-03";"Silver";814
3829;"First_3829";"Last_3829";"customer_3829@email.com";"Volos";"Italy";"2018-01-22";"Bronze";769
3830;"First_3830";"Last_3830";"customer_3830@email.com";"Larissa";"Greece";"2021-08-03";"Bronze";676
3831;"First_3831";"Last_3831";"customer_3831@email.com";"Thessaloniki";"Greece";"2019-01-26";"Silver";793
3832;"First_3832";"Last_3832";"customer_3832@email.com";"Ioannina";"Greece";"2019-09-09";"Bronze";783
3833;"First_3833";"Last_3833";"customer_3833@email.com";"Heraklion";"Greece";"2018-05-29";"Gold";751
3834;"First_3834";"Last_3834";"customer_3834@email.com";"Athens";"Greece";"2021-07-19";"Silver";835
3835;"First_3835";"Last_3835";"customer_3835@email.com";"Heraklion";"France";"2022-12-17";"Bronze";374
3836;"First_3836";"Last_3836";"customer_3836@email.com";"Volos";"Greece";"2018-10-26";"Bronze";339
3837;"First_3837";"Last_3837";"customer_3837@email.com";"Ioannina";"Greece";"2018-06-21";"Gold";601
3838;"First_3838";"Last_3838";"customer_3838@email.com";"Ioannina";"Germany";"2018-02-16";"Bronze";361
3839;"First_3839";"Last_3839";"customer_3839@email.com";"Ioannina";"Greece";"2019-09-18";"Bronze";802
3840;"First_3840";"Last_3840";"customer_3840@email.com";"Patras";"Italy";"2022-12-16";"Gold";544
3841;"First_3841";"Last_3841";"customer_3841@email.com";"Volos";"France";"2018-07-26";"Gold";317
3842;"First_3842";"Last_3842";"customer_3842@email.com";"Chania";"Greece";"2019-03-29";"Gold";697
3843;"First_3843";"Last_3843";"customer_3843@email.com";"Heraklion";"Greece";"2021-11-19";"Bronze";488
3844;"First_3844";"Last_3844";"customer_3844@email.com";"Chania";"Greece";"2020-07-13";"Bronze";403
3845;"First_3845";"Last_3845";"customer_3845@email.com";"Thessaloniki";"UK";"2020-01-24";"Bronze";643
3846;"First_3846";"Last_3846";"customer_3846@email.com";"Chalkida";"Greece";"2021-08-17";"Bronze";670
3847;"First_3847";"Last_3847";"customer_3847@email.com";"Rhodes";"Germany";"2019-12-09";"Silver";332
3848;"First_3848";"Last_3848";"customer_3848@email.com";"Rhodes";"France";"2020-10-05";"Bronze";673
3849;"First_3849";"Last_3849";"customer_3849@email.com";"Chania";"Greece";"2019-11-07";"Silver";477
3850;"First_3850";"Last_3850";"customer_3850@email.com";"Chalkida";"France";"2021-04-14";"Bronze";311
3851;"First_3851";"Last_3851";"customer_3851@email.com";"Chalkida";"Greece";"2020-05-04";"Bronze";755
3852;"First_3852";"Last_3852";"customer_3852@email.com";"Athens";"Italy";"2020-02-22";"Platinum";548
3853;"First_3853";"Last_3853";"customer_3853@email.com";"Thessaloniki";"Greece";"2021-02-07";"Bronze";747
3854;"First_3854";"Last_3854";"customer_3854@email.com";"Volos";"Germany";"2019-11-15";"Bronze";303
3855;"First_3855";"Last_3855";"customer_3855@email.com";"Chalkida";"Greece";"2020-08-20";"Bronze";535
3856;"First_3856";"Last_3856";"customer_3856@email.com";"Larissa";"France";"2020-05-13";"Bronze";472
3857;"First_3857";"Last_3857";"customer_3857@email.com";"Rhodes";"Greece";"2021-05-10";"Bronze";621
3858;"First_3858";"Last_3858";"customer_3858@email.com";"Larissa";"Greece";"2018-06-17";"Bronze";670
3859;"First_3859";"Last_3859";"customer_3859@email.com";"Thessaloniki";"Greece";"2022-06-26";"Silver";847
3860;"First_3860";"Last_3860";"customer_3860@email.com";"Chalkida";"Greece";"2018-03-27";"Gold";595
3861;"First_3861";"Last_3861";"customer_3861@email.com";"Heraklion";"Germany";"2022-08-05";"Silver";699
3862;"First_3862";"Last_3862";"customer_3862@email.com";"Rhodes";"France";"2020-04-28";"Bronze";357
3863;"First_3863";"Last_3863";"customer_3863@email.com";"Athens";"Greece";"2022-10-15";"Silver";829
3864;"First_3864";"Last_3864";"customer_3864@email.com";"Athens";"Greece";"2020-12-10";"Bronze";847
3865;"First_3865";"Last_3865";"customer_3865@email.com";"Ioannina";"Greece";"2021-02-09";"Silver";707
3866;"First_3866";"Last_3866";"customer_3866@email.com";"Patras";"Greece";"2022-01-26";"Silver";812
3867;"First_3867";"Last_3867";"customer_3867@email.com";"Chalkida";"Greece";"2019-03-18";"Bronze";363
3868;"First_3868";"Last_3868";"customer_3868@email.com";"Thessaloniki";"Greece";"2018-09-28";"Gold";719
3869;"First_3869";"Last_3869";"customer_3869@email.com";"Rhodes";"Greece";"2022-05-20";"Gold";445
3870;"First_3870";"Last_3870";"customer_3870@email.com";"Patras";"Greece";"2018-12-10";"Gold";571
3871;"First_3871";"Last_3871";"customer_3871@email.com";"Thessaloniki";"Italy";"2021-04-21";"Bronze";316
3872;"First_3872";"Last_3872";"customer_3872@email.com";"Chania";"Greece";"2019-05-18";"Silver";397
3873;"First_3873";"Last_3873";"customer_3873@email.com";"Chalkida";"Greece";"2020-10-30";"Gold";751
3874;"First_3874";"Last_3874";"customer_3874@email.com";"Volos";"UK";"2019-05-09";"Bronze";542
3875;"First_3875";"Last_3875";"customer_3875@email.com";"Volos";"UK";"2021-06-11";"Gold";778
3876;"First_3876";"Last_3876";"customer_3876@email.com";"Chalkida";"Greece";"2021-08-14";"Bronze";500
3877;"First_3877";"Last_3877";"customer_3877@email.com";"Ioannina";"Germany";"2018-09-01";"Bronze";772
3878;"First_3878";"Last_3878";"customer_3878@email.com";"Ioannina";"France";"2022-03-13";"Silver";478
3879;"First_3879";"Last_3879";"customer_3879@email.com";"Volos";"Greece";"2021-10-06";"Silver";807
3880;"First_3880";"Last_3880";"customer_3880@email.com";"Heraklion";"Greece";"2018-09-24";"Silver";752
3881;"First_3881";"Last_3881";"customer_3881@email.com";"Rhodes";"Greece";"2022-07-12";"Gold";569
3882;"First_3882";"Last_3882";"customer_3882@email.com";"Volos";"Greece";"2022-08-07";"Bronze";533
3883;"First_3883";"Last_3883";"customer_3883@email.com";"Heraklion";"Greece";"2020-06-11";"Bronze";785
3884;"First_3884";"Last_3884";"customer_3884@email.com";"Patras";"UK";"2018-07-20";"Gold";637
3885;"First_3885";"Last_3885";"customer_3885@email.com";"Heraklion";"Greece";"2018-08-27";"Bronze";747
3886;"First_3886";"Last_3886";"customer_3886@email.com";"Patras";"Greece";"2021-09-19";"Silver";656
3887;"First_3887";"Last_3887";"customer_3887@email.com";"Thessaloniki";"Greece";"2020-07-03";"Silver";348
3888;"First_3888";"Last_3888";"customer_3888@email.com";"Larissa";"Greece";"2021-12-09";"Bronze";795
3889;"First_3889";"Last_3889";"customer_3889@email.com";"Thessaloniki";"UK";"2020-08-26";"Bronze";645
3890;"First_3890";"Last_3890";"customer_3890@email.com";"Volos";"Greece";"2019-04-29";"Silver";592
3891;"First_3891";"Last_3891";"customer_3891@email.com";"Patras";"Italy";"2021-12-31";"Gold";449
3892;"First_3892";"Last_3892";"customer_3892@email.com";"Volos";"Greece";"2018-09-03";"Silver";844
3893;"First_3893";"Last_3893";"customer_3893@email.com";"Chalkida";"Greece";"2020-10-28";"Silver";559
3894;"First_3894";"Last_3894";"customer_3894@email.com";"Rhodes";"France";"2018-06-01";"Bronze";621
3895;"First_3895";"Last_3895";"customer_3895@email.com";"Athens";"Greece";"2021-11-16";"Bronze";376
3896;"First_3896";"Last_3896";"customer_3896@email.com";"Volos";"Greece";"2018-07-30";"Bronze";409
3897;"First_3897";"Last_3897";"customer_3897@email.com";"Rhodes";"UK";"2019-01-02";"Bronze";846
3898;"First_3898";"Last_3898";"customer_3898@email.com";"Heraklion";"Greece";"2020-08-01";"Bronze";722
3899;"First_3899";"Last_3899";"customer_3899@email.com";"Thessaloniki";"France";"2022-08-21";"Bronze";693
3900;"First_3900";"Last_3900";"customer_3900@email.com";"Heraklion";"Italy";"2022-05-13";"Bronze";534
3901;"First_3901";"Last_3901";"customer_3901@email.com";"Athens";"Greece";"2018-03-27";"Bronze";629
3902;"First_3902";"Last_3902";"customer_3902@email.com";"Patras";"Greece";"2020-12-14";"Bronze";624
3903;"First_3903";"Last_3903";"customer_3903@email.com";"Chalkida";"Greece";"2022-10-03";"Silver";450
3904;"First_3904";"Last_3904";"customer_3904@email.com";"Rhodes";"Greece";"2022-07-16";"Silver";845
3905;"First_3905";"Last_3905";"customer_3905@email.com";"Chalkida";"UK";"2019-03-22";"Bronze";331
3906;"First_3906";"Last_3906";"customer_3906@email.com";"Larissa";"UK";"2019-09-12";"Gold";571
3907;"First_3907";"Last_3907";"customer_3907@email.com";"Volos";"Greece";"2018-10-31";"Bronze";667
3908;"First_3908";"Last_3908";"customer_3908@email.com";"Patras";"Greece";"2018-05-12";"Gold";791
3909;"First_3909";"Last_3909";"customer_3909@email.com";"Larissa";"Greece";"2021-12-15";"Bronze";615
3910;"First_3910";"Last_3910";"customer_3910@email.com";"Chania";"Greece";"2020-06-22";"Gold";667
3911;"First_3911";"Last_3911";"customer_3911@email.com";"Volos";"France";"2021-11-09";"Bronze";379
3912;"First_3912";"Last_3912";"customer_3912@email.com";"Heraklion";"Greece";"2020-09-14";"Silver";471
3913;"First_3913";"Last_3913";"customer_3913@email.com";"Thessaloniki";"France";"2021-05-06";"Bronze";557
3914;"First_3914";"Last_3914";"customer_3914@email.com";"Rhodes";"Germany";"2018-02-16";"Silver";578
3915;"First_3915";"Last_3915";"customer_3915@email.com";"Athens";"UK";"2022-10-30";"Bronze";803
3916;"First_3916";"Last_3916";"customer_3916@email.com";"Athens";"Greece";"2020-01-27";"Bronze";790
3917;"First_3917";"Last_3917";"customer_3917@email.com";"Heraklion";"Germany";"2021-05-11";"Silver";636
3918;"First_3918";"Last_3918";"customer_3918@email.com";"Ioannina";"Germany";"2021-07-08";"Bronze";820
3919;"First_3919";"Last_3919";"customer_3919@email.com";"Athens";"UK";"2019-11-21";"Gold";625
3920;"First_3920";"Last_3920";"customer_3920@email.com";"Rhodes";"Greece";"2020-11-13";"Bronze";471
3921;"First_3921";"Last_3921";"customer_3921@email.com";"Heraklion";"Greece";"2019-11-18";"Bronze";383
3922;"First_3922";"Last_3922";"customer_3922@email.com";"Patras";"Germany";"2020-02-25";"Silver";823
3923;"First_3923";"Last_3923";"customer_3923@email.com";"Athens";"Greece";"2018-12-06";"Bronze";780
3924;"First_3924";"Last_3924";"customer_3924@email.com";"Chalkida";"Greece";"2019-02-16";"Bronze";843
3925;"First_3925";"Last_3925";"customer_3925@email.com";"Heraklion";"Italy";"2021-07-08";"Silver";717
3926;"First_3926";"Last_3926";"customer_3926@email.com";"Rhodes";"Greece";"2018-10-13";"Silver";638
3927;"First_3927";"Last_3927";"customer_3927@email.com";"Chalkida";"Greece";"2022-03-17";"Gold";619
3928;"First_3928";"Last_3928";"customer_3928@email.com";"Volos";"Greece";"2021-01-14";"Bronze";603
3929;"First_3929";"Last_3929";"customer_3929@email.com";"Volos";"Germany";"2020-04-29";"Silver";571
3930;"First_3930";"Last_3930";"customer_3930@email.com";"Athens";"Greece";"2019-03-06";"Bronze";413
3931;"First_3931";"Last_3931";"customer_3931@email.com";"Chalkida";"Germany";"2022-05-24";"Bronze";706
3932;"First_3932";"Last_3932";"customer_3932@email.com";"Thessaloniki";"Greece";"2018-01-31";"Silver";325
3933;"First_3933";"Last_3933";"customer_3933@email.com";"Volos";"Greece";"2022-09-30";"Bronze";536
3934;"First_3934";"Last_3934";"customer_3934@email.com";"Thessaloniki";"UK";"2019-08-26";"Bronze";609
3935;"First_3935";"Last_3935";"customer_3935@email.com";"Patras";"Greece";"2019-03-16";"Bronze";532
3936;"First_3936";"Last_3936";"customer_3936@email.com";"Heraklion";"Italy";"2020-09-11";"Silver";848
3937;"First_3937";"Last_3937";"customer_3937@email.com";"Larissa";"Greece";"2021-10-04";"Gold";564
3938;"First_3938";"Last_3938";"customer_3938@email.com";"Rhodes";"Greece";"2019-02-16";"Silver";312
3939;"First_3939";"Last_3939";"customer_3939@email.com";"Heraklion";"Greece";"2019-06-12";"Bronze";795
3940;"First_3940";"Last_3940";"customer_3940@email.com";"Rhodes";"Greece";"2018-11-06";"Silver";615
3941;"First_3941";"Last_3941";"customer_3941@email.com";"Chalkida";"Italy";"2020-08-06";"Silver";683
3942;"First_3942";"Last_3942";"customer_3942@email.com";"Patras";"France";"2021-11-20";"Bronze";615
3943;"First_3943";"Last_3943";"customer_3943@email.com";"Chania";"Greece";"2022-12-17";"Bronze";555
3944;"First_3944";"Last_3944";"customer_3944@email.com";"Athens";"Greece";"2021-09-23";"Bronze";740
3945;"First_3945";"Last_3945";"customer_3945@email.com";"Rhodes";"Germany";"2019-11-05";"Bronze";414
3946;"First_3946";"Last_3946";"customer_3946@email.com";"Rhodes";"Greece";"2019-03-13";"Gold";598
3947;"First_3947";"Last_3947";"customer_3947@email.com";"Chalkida";"Greece";"2019-12-05";"Bronze";423
3948;"First_3948";"Last_3948";"customer_3948@email.com";"Thessaloniki";"Italy";"2019-10-25";"Bronze";555
3949;"First_3949";"Last_3949";"customer_3949@email.com";"Heraklion";"Italy";"2018-12-31";"Gold";346
3950;"First_3950";"Last_3950";"customer_3950@email.com";"Chania";"Italy";"2020-07-11";"Gold";762
3951;"First_3951";"Last_3951";"customer_3951@email.com";"Ioannina";"UK";"2018-04-23";"Silver";649
3952;"First_3952";"Last_3952";"customer_3952@email.com";"Athens";"Germany";"2022-12-14";"Bronze";422
3953;"First_3953";"Last_3953";"customer_3953@email.com";"Larissa";"Greece";"2018-06-25";"Bronze";330
3954;"First_3954";"Last_3954";"customer_3954@email.com";"Ioannina";"Greece";"2021-03-18";"Bronze";354
3955;"First_3955";"Last_3955";"customer_3955@email.com";"Heraklion";"Greece";"2021-04-16";"Bronze";452
3956;"First_3956";"Last_3956";"customer_3956@email.com";"Athens";"Germany";"2020-07-24";"Bronze";755
3957;"First_3957";"Last_3957";"customer_3957@email.com";"Rhodes";"UK";"2019-01-17";"Silver";585
3958;"First_3958";"Last_3958";"customer_3958@email.com";"Larissa";"France";"2021-05-31";"Bronze";335
3959;"First_3959";"Last_3959";"customer_3959@email.com";"Thessaloniki";"Italy";"2021-07-06";"Bronze";555
3960;"First_3960";"Last_3960";"customer_3960@email.com";"Chania";"France";"2022-12-14";"Bronze";477
3961;"First_3961";"Last_3961";"customer_3961@email.com";"Thessaloniki";"Italy";"2021-04-27";"Silver";847
3962;"First_3962";"Last_3962";"customer_3962@email.com";"Patras";"Greece";"2018-11-02";"Silver";553
3963;"First_3963";"Last_3963";"customer_3963@email.com";"Chalkida";"UK";"2021-11-02";"Silver";807
3964;"First_3964";"Last_3964";"customer_3964@email.com";"Athens";"Greece";"2019-08-25";"Bronze";320
3965;"First_3965";"Last_3965";"customer_3965@email.com";"Thessaloniki";"Greece";"2018-12-09";"Bronze";374
3966;"First_3966";"Last_3966";"customer_3966@email.com";"Ioannina";"Italy";"2022-12-03";"Bronze";759
3967;"First_3967";"Last_3967";"customer_3967@email.com";"Chalkida";"France";"2018-06-05";"Bronze";477
3968;"First_3968";"Last_3968";"customer_3968@email.com";"Thessaloniki";"Greece";"2019-12-13";"Gold";681
3969;"First_3969";"Last_3969";"customer_3969@email.com";"Volos";"Greece";"2020-12-14";"Platinum";336
3970;"First_3970";"Last_3970";"customer_3970@email.com";"Patras";"Germany";"2022-11-25";"Silver";419
3971;"First_3971";"Last_3971";"customer_3971@email.com";"Heraklion";"Germany";"2022-01-05";"Gold";300
3972;"First_3972";"Last_3972";"customer_3972@email.com";"Chania";"Italy";"2022-09-05";"Silver";610
3973;"First_3973";"Last_3973";"customer_3973@email.com";"Patras";"Greece";"2021-05-08";"Bronze";507
3974;"First_3974";"Last_3974";"customer_3974@email.com";"Chalkida";"Greece";"2019-02-07";"Platinum";453
3975;"First_3975";"Last_3975";"customer_3975@email.com";"Volos";"Greece";"2019-09-06";"Bronze";614
3976;"First_3976";"Last_3976";"customer_3976@email.com";"Athens";"Greece";"2020-03-07";"Silver";606
3977;"First_3977";"Last_3977";"customer_3977@email.com";"Ioannina";"Greece";"2022-08-14";"Bronze";803
3978;"First_3978";"Last_3978";"customer_3978@email.com";"Chania";"Italy";"2019-09-15";"Bronze";819
3979;"First_3979";"Last_3979";"customer_3979@email.com";"Chania";"Greece";"2022-12-07";"Silver";396
3980;"First_3980";"Last_3980";"customer_3980@email.com";"Patras";"Greece";"2019-08-26";"Bronze";789
3981;"First_3981";"Last_3981";"customer_3981@email.com";"Chalkida";"Greece";"2018-06-26";"Bronze";306
3982;"First_3982";"Last_3982";"customer_3982@email.com";"Athens";"Greece";"2019-03-25";"Bronze";311
3983;"First_3983";"Last_3983";"customer_3983@email.com";"Rhodes";"France";"2020-01-13";"Bronze";813
3984;"First_3984";"Last_3984";"customer_3984@email.com";"Volos";"Germany";"2022-04-14";"Platinum";648
3985;"First_3985";"Last_3985";"customer_3985@email.com";"Rhodes";"UK";"2018-10-28";"Silver";306
3986;"First_3986";"Last_3986";"customer_3986@email.com";"Ioannina";"Greece";"2019-12-08";"Bronze";799
3987;"First_3987";"Last_3987";"customer_3987@email.com";"Athens";"Greece";"2018-11-03";"Bronze";774
3988;"First_3988";"Last_3988";"customer_3988@email.com";"Athens";"Greece";"2020-01-21";"Gold";823
3989;"First_3989";"Last_3989";"customer_3989@email.com";"Volos";"Greece";"2020-05-18";"Bronze";356
3990;"First_3990";"Last_3990";"customer_3990@email.com";"Larissa";"France";"2021-07-14";"Bronze";532
3991;"First_3991";"Last_3991";"customer_3991@email.com";"Rhodes";"Greece";"2018-08-02";"Bronze";329
3992;"First_3992";"Last_3992";"customer_3992@email.com";"Thessaloniki";"Germany";"2022-06-06";"Gold";666
3993;"First_3993";"Last_3993";"customer_3993@email.com";"Chania";"Greece";"2022-07-22";"Bronze";355
3994;"First_3994";"Last_3994";"customer_3994@email.com";"Larissa";"Germany";"2019-04-28";"Bronze";309
3995;"First_3995";"Last_3995";"customer_3995@email.com";"Thessaloniki";"Italy";"2021-07-09";"Bronze";446
3996;"First_3996";"Last_3996";"customer_3996@email.com";"Chalkida";"Germany";"2020-12-26";"Bronze";663
3997;"First_3997";"Last_3997";"customer_3997@email.com";"Volos";"Greece";"2022-05-17";"Silver";552
3998;"First_3998";"Last_3998";"customer_3998@email.com";"Chalkida";"Italy";"2018-05-13";"Bronze";552
3999;"First_3999";"Last_3999";"customer_3999@email.com";"Chania";"Germany";"2022-07-31";"Bronze";742
4000;"First_4000";"Last_4000";"customer_4000@email.com";"Heraklion";"Greece";"2022-04-13";"Bronze";639
4001;"First_4001";"Last_4001";"customer_4001@email.com";"Thessaloniki";"Greece";"2019-05-27";"Bronze";815
4002;"First_4002";"Last_4002";"customer_4002@email.com";"Larissa";"UK";"2018-07-30";"Gold";652
4003;"First_4003";"Last_4003";"customer_4003@email.com";"Thessaloniki";"UK";"2020-09-14";"Gold";622
4004;"First_4004";"Last_4004";"customer_4004@email.com";"Thessaloniki";"Greece";"2020-09-13";"Bronze";439
4005;"First_4005";"Last_4005";"customer_4005@email.com";"Volos";"Greece";"2019-12-18";"Bronze";744
4006;"First_4006";"Last_4006";"customer_4006@email.com";"Chalkida";"Italy";"2018-09-10";"Bronze";394
4007;"First_4007";"Last_4007";"customer_4007@email.com";"Rhodes";"Greece";"2018-02-07";"Silver";719
4008;"First_4008";"Last_4008";"customer_4008@email.com";"Heraklion";"Greece";"2020-12-02";"Silver";813
4009;"First_4009";"Last_4009";"customer_4009@email.com";"Volos";"Greece";"2019-09-21";"Bronze";449
4010;"First_4010";"Last_4010";"customer_4010@email.com";"Ioannina";"France";"2021-11-29";"Silver";650
4011;"First_4011";"Last_4011";"customer_4011@email.com";"Volos";"Greece";"2020-09-13";"Silver";415
4012;"First_4012";"Last_4012";"customer_4012@email.com";"Chania";"Germany";"2022-09-22";"Gold";536
4013;"First_4013";"Last_4013";"customer_4013@email.com";"Heraklion";"Greece";"2018-02-15";"Bronze";569
4014;"First_4014";"Last_4014";"customer_4014@email.com";"Athens";"Germany";"2022-01-17";"Bronze";590
4015;"First_4015";"Last_4015";"customer_4015@email.com";"Ioannina";"France";"2022-08-29";"Bronze";733
4016;"First_4016";"Last_4016";"customer_4016@email.com";"Patras";"Greece";"2018-11-01";"Gold";308
4017;"First_4017";"Last_4017";"customer_4017@email.com";"Volos";"Greece";"2022-10-05";"Silver";774
4018;"First_4018";"Last_4018";"customer_4018@email.com";"Thessaloniki";"Greece";"2018-08-21";"Silver";821
4019;"First_4019";"Last_4019";"customer_4019@email.com";"Rhodes";"Greece";"2018-09-02";"Bronze";836
4020;"First_4020";"Last_4020";"customer_4020@email.com";"Athens";"France";"2022-10-11";"Bronze";310
4021;"First_4021";"Last_4021";"customer_4021@email.com";"Volos";"Greece";"2020-01-30";"Bronze";626
4022;"First_4022";"Last_4022";"customer_4022@email.com";"Volos";"UK";"2021-08-11";"Silver";575
4023;"First_4023";"Last_4023";"customer_4023@email.com";"Larissa";"Greece";"2020-04-18";"Bronze";669
4024;"First_4024";"Last_4024";"customer_4024@email.com";"Larissa";"Greece";"2021-11-07";"Bronze";789
4025;"First_4025";"Last_4025";"customer_4025@email.com";"Athens";"Greece";"2018-06-07";"Silver";644
4026;"First_4026";"Last_4026";"customer_4026@email.com";"Chalkida";"Greece";"2021-11-29";"Bronze";667
4027;"First_4027";"Last_4027";"customer_4027@email.com";"Larissa";"Greece";"2020-10-21";"Bronze";610
4028;"First_4028";"Last_4028";"customer_4028@email.com";"Thessaloniki";"UK";"2018-08-05";"Bronze";784
4029;"First_4029";"Last_4029";"customer_4029@email.com";"Ioannina";"Greece";"2020-07-16";"Gold";314
4030;"First_4030";"Last_4030";"customer_4030@email.com";"Patras";"Greece";"2019-05-22";"Silver";303
4031;"First_4031";"Last_4031";"customer_4031@email.com";"Heraklion";"UK";"2020-01-31";"Gold";675
4032;"First_4032";"Last_4032";"customer_4032@email.com";"Patras";"France";"2020-06-22";"Bronze";668
4033;"First_4033";"Last_4033";"customer_4033@email.com";"Patras";"Greece";"2019-08-04";"Gold";764
4034;"First_4034";"Last_4034";"customer_4034@email.com";"Heraklion";"Germany";"2020-11-19";"Gold";832
4035;"First_4035";"Last_4035";"customer_4035@email.com";"Larissa";"Greece";"2019-09-19";"Silver";436
4036;"First_4036";"Last_4036";"customer_4036@email.com";"Athens";"UK";"2019-06-04";"Gold";662
4037;"First_4037";"Last_4037";"customer_4037@email.com";"Heraklion";"France";"2018-10-02";"Bronze";515
4038;"First_4038";"Last_4038";"customer_4038@email.com";"Chania";"France";"2019-05-07";"Bronze";667
4039;"First_4039";"Last_4039";"customer_4039@email.com";"Chalkida";"UK";"2020-04-06";"Bronze";416
4040;"First_4040";"Last_4040";"customer_4040@email.com";"Ioannina";"Greece";"2020-08-08";"Silver";478
4041;"First_4041";"Last_4041";"customer_4041@email.com";"Rhodes";"France";"2020-07-14";"Silver";545
4042;"First_4042";"Last_4042";"customer_4042@email.com";"Larissa";"Greece";"2020-04-26";"Silver";427
4043;"First_4043";"Last_4043";"customer_4043@email.com";"Chalkida";"Greece";"2020-11-25";"Bronze";657
4044;"First_4044";"Last_4044";"customer_4044@email.com";"Heraklion";"Greece";"2021-08-27";"Bronze";377
4045;"First_4045";"Last_4045";"customer_4045@email.com";"Chania";"Italy";"2020-12-03";"Bronze";592
4046;"First_4046";"Last_4046";"customer_4046@email.com";"Rhodes";"France";"2021-03-24";"Silver";381
4047;"First_4047";"Last_4047";"customer_4047@email.com";"Ioannina";"Greece";"2021-01-05";"Bronze";641
4048;"First_4048";"Last_4048";"customer_4048@email.com";"Ioannina";"UK";"2022-06-02";"Gold";637
4049;"First_4049";"Last_4049";"customer_4049@email.com";"Larissa";"France";"2022-06-25";"Bronze";395
4050;"First_4050";"Last_4050";"customer_4050@email.com";"Heraklion";"Greece";"2022-01-01";"Bronze";444
4051;"First_4051";"Last_4051";"customer_4051@email.com";"Chalkida";"Greece";"2021-12-26";"Gold";820
4052;"First_4052";"Last_4052";"customer_4052@email.com";"Athens";"UK";"2022-04-15";"Bronze";696
4053;"First_4053";"Last_4053";"customer_4053@email.com";"Chalkida";"Greece";"2018-02-08";"Bronze";656
4054;"First_4054";"Last_4054";"customer_4054@email.com";"Chalkida";"Greece";"2018-08-27";"Bronze";485
4055;"First_4055";"Last_4055";"customer_4055@email.com";"Ioannina";"UK";"2020-11-02";"Bronze";842
4056;"First_4056";"Last_4056";"customer_4056@email.com";"Athens";"Italy";"2018-05-02";"Platinum";450
4057;"First_4057";"Last_4057";"customer_4057@email.com";"Athens";"Germany";"2018-05-24";"Silver";618
4058;"First_4058";"Last_4058";"customer_4058@email.com";"Larissa";"UK";"2019-11-15";"Bronze";358
4059;"First_4059";"Last_4059";"customer_4059@email.com";"Rhodes";"Greece";"2019-03-31";"Silver";309
4060;"First_4060";"Last_4060";"customer_4060@email.com";"Volos";"Greece";"2019-01-03";"Bronze";423
4061;"First_4061";"Last_4061";"customer_4061@email.com";"Patras";"Germany";"2020-01-29";"Silver";655
4062;"First_4062";"Last_4062";"customer_4062@email.com";"Patras";"Greece";"2018-09-04";"Gold";645
4063;"First_4063";"Last_4063";"customer_4063@email.com";"Ioannina";"France";"2020-07-11";"Gold";536
4064;"First_4064";"Last_4064";"customer_4064@email.com";"Volos";"Greece";"2020-12-04";"Bronze";632
4065;"First_4065";"Last_4065";"customer_4065@email.com";"Rhodes";"Greece";"2020-02-04";"Bronze";316
4066;"First_4066";"Last_4066";"customer_4066@email.com";"Volos";"Greece";"2019-01-10";"Bronze";723
4067;"First_4067";"Last_4067";"customer_4067@email.com";"Larissa";"Italy";"2021-08-07";"Silver";623
4068;"First_4068";"Last_4068";"customer_4068@email.com";"Chalkida";"Greece";"2018-07-26";"Silver";322
4069;"First_4069";"Last_4069";"customer_4069@email.com";"Ioannina";"Greece";"2019-06-03";"Bronze";758
4070;"First_4070";"Last_4070";"customer_4070@email.com";"Athens";"Greece";"2018-08-30";"Gold";759
4071;"First_4071";"Last_4071";"customer_4071@email.com";"Ioannina";"France";"2022-07-04";"Bronze";820
4072;"First_4072";"Last_4072";"customer_4072@email.com";"Patras";"Greece";"2021-02-11";"Bronze";720
4073;"First_4073";"Last_4073";"customer_4073@email.com";"Rhodes";"Greece";"2020-03-29";"Bronze";702
4074;"First_4074";"Last_4074";"customer_4074@email.com";"Volos";"Greece";"2018-10-29";"Bronze";630
4075;"First_4075";"Last_4075";"customer_4075@email.com";"Rhodes";"UK";"2021-07-23";"Bronze";756
4076;"First_4076";"Last_4076";"customer_4076@email.com";"Larissa";"Greece";"2021-01-24";"Silver";782
4077;"First_4077";"Last_4077";"customer_4077@email.com";"Ioannina";"Greece";"2021-08-10";"Bronze";797
4078;"First_4078";"Last_4078";"customer_4078@email.com";"Heraklion";"Greece";"2019-12-02";"Bronze";326
4079;"First_4079";"Last_4079";"customer_4079@email.com";"Ioannina";"Greece";"2021-10-15";"Silver";696
4080;"First_4080";"Last_4080";"customer_4080@email.com";"Athens";"UK";"2018-10-15";"Bronze";487
4081;"First_4081";"Last_4081";"customer_4081@email.com";"Ioannina";"Greece";"2018-06-03";"Silver";439
4082;"First_4082";"Last_4082";"customer_4082@email.com";"Chania";"Italy";"2022-05-13";"Bronze";820
4083;"First_4083";"Last_4083";"customer_4083@email.com";"Larissa";"Italy";"2019-02-27";"Silver";391
4084;"First_4084";"Last_4084";"customer_4084@email.com";"Thessaloniki";"Greece";"2020-04-29";"Gold";376
4085;"First_4085";"Last_4085";"customer_4085@email.com";"Larissa";"UK";"2018-02-19";"Bronze";543
4086;"First_4086";"Last_4086";"customer_4086@email.com";"Volos";"UK";"2021-05-15";"Silver";387
4087;"First_4087";"Last_4087";"customer_4087@email.com";"Thessaloniki";"France";"2019-07-18";"Gold";593
4088;"First_4088";"Last_4088";"customer_4088@email.com";"Volos";"Greece";"2020-05-03";"Silver";394
4089;"First_4089";"Last_4089";"customer_4089@email.com";"Volos";"Greece";"2020-06-01";"Bronze";552
4090;"First_4090";"Last_4090";"customer_4090@email.com";"Athens";"Greece";"2019-10-24";"Bronze";698
4091;"First_4091";"Last_4091";"customer_4091@email.com";"Athens";"France";"2019-07-19";"Silver";353
4092;"First_4092";"Last_4092";"customer_4092@email.com";"Chalkida";"Greece";"2018-08-01";"Gold";542
4093;"First_4093";"Last_4093";"customer_4093@email.com";"Patras";"Greece";"2020-12-25";"Bronze";409
4094;"First_4094";"Last_4094";"customer_4094@email.com";"Chalkida";"Greece";"2021-06-09";"Bronze";520
4095;"First_4095";"Last_4095";"customer_4095@email.com";"Chalkida";"Greece";"2020-03-21";"Bronze";461
4096;"First_4096";"Last_4096";"customer_4096@email.com";"Patras";"Greece";"2020-04-29";"Bronze";334
4097;"First_4097";"Last_4097";"customer_4097@email.com";"Heraklion";"Greece";"2022-08-14";"Bronze";336
4098;"First_4098";"Last_4098";"customer_4098@email.com";"Thessaloniki";"Greece";"2022-10-07";"Bronze";669
4099;"First_4099";"Last_4099";"customer_4099@email.com";"Rhodes";"Italy";"2021-09-05";"Bronze";476
4100;"First_4100";"Last_4100";"customer_4100@email.com";"Chalkida";"Greece";"2022-11-26";"Bronze";820
4101;"First_4101";"Last_4101";"customer_4101@email.com";"Ioannina";"UK";"2021-03-06";"Gold";574
4102;"First_4102";"Last_4102";"customer_4102@email.com";"Ioannina";"Greece";"2020-05-30";"Bronze";404
4103;"First_4103";"Last_4103";"customer_4103@email.com";"Volos";"Greece";"2022-07-29";"Bronze";455
4104;"First_4104";"Last_4104";"customer_4104@email.com";"Patras";"France";"2022-05-09";"Bronze";635
4105;"First_4105";"Last_4105";"customer_4105@email.com";"Volos";"UK";"2020-12-24";"Gold";325
4106;"First_4106";"Last_4106";"customer_4106@email.com";"Chania";"Greece";"2022-03-18";"Silver";595
4107;"First_4107";"Last_4107";"customer_4107@email.com";"Chania";"Italy";"2021-03-01";"Silver";836
4108;"First_4108";"Last_4108";"customer_4108@email.com";"Rhodes";"Italy";"2018-11-30";"Bronze";654
4109;"First_4109";"Last_4109";"customer_4109@email.com";"Athens";"Italy";"2018-02-01";"Gold";368
4110;"First_4110";"Last_4110";"customer_4110@email.com";"Athens";"Greece";"2020-05-17";"Bronze";626
4111;"First_4111";"Last_4111";"customer_4111@email.com";"Patras";"Greece";"2020-06-16";"Bronze";450
4112;"First_4112";"Last_4112";"customer_4112@email.com";"Patras";"Germany";"2022-03-02";"Silver";619
4113;"First_4113";"Last_4113";"customer_4113@email.com";"Chalkida";"Germany";"2021-06-20";"Gold";751
4114;"First_4114";"Last_4114";"customer_4114@email.com";"Chania";"Greece";"2021-04-30";"Silver";411
4115;"First_4115";"Last_4115";"customer_4115@email.com";"Chalkida";"UK";"2021-03-11";"Gold";761
4116;"First_4116";"Last_4116";"customer_4116@email.com";"Athens";"Greece";"2022-08-11";"Gold";661
4117;"First_4117";"Last_4117";"customer_4117@email.com";"Thessaloniki";"Greece";"2019-08-24";"Bronze";502
4118;"First_4118";"Last_4118";"customer_4118@email.com";"Thessaloniki";"Greece";"2022-05-04";"Bronze";786
4119;"First_4119";"Last_4119";"customer_4119@email.com";"Patras";"UK";"2022-07-30";"Bronze";779
4120;"First_4120";"Last_4120";"customer_4120@email.com";"Volos";"Greece";"2020-09-14";"Gold";303
4121;"First_4121";"Last_4121";"customer_4121@email.com";"Athens";"France";"2021-04-29";"Bronze";428
4122;"First_4122";"Last_4122";"customer_4122@email.com";"Thessaloniki";"Greece";"2021-03-18";"Gold";325
4123;"First_4123";"Last_4123";"customer_4123@email.com";"Athens";"UK";"2019-08-22";"Bronze";326
4124;"First_4124";"Last_4124";"customer_4124@email.com";"Larissa";"Italy";"2021-12-10";"Bronze";341
4125;"First_4125";"Last_4125";"customer_4125@email.com";"Ioannina";"Germany";"2019-06-04";"Bronze";363
4126;"First_4126";"Last_4126";"customer_4126@email.com";"Chania";"Italy";"2022-10-25";"Bronze";324
4127;"First_4127";"Last_4127";"customer_4127@email.com";"Chalkida";"Greece";"2020-05-18";"Gold";371
4128;"First_4128";"Last_4128";"customer_4128@email.com";"Athens";"Greece";"2018-01-16";"Bronze";781
4129;"First_4129";"Last_4129";"customer_4129@email.com";"Ioannina";"Greece";"2021-02-03";"Bronze";567
4130;"First_4130";"Last_4130";"customer_4130@email.com";"Larissa";"Greece";"2018-10-10";"Bronze";394
4131;"First_4131";"Last_4131";"customer_4131@email.com";"Chalkida";"France";"2021-02-01";"Bronze";694
4132;"First_4132";"Last_4132";"customer_4132@email.com";"Athens";"Greece";"2018-12-27";"Bronze";663
4133;"First_4133";"Last_4133";"customer_4133@email.com";"Patras";"Greece";"2022-08-09";"Bronze";614
4134;"First_4134";"Last_4134";"customer_4134@email.com";"Ioannina";"Greece";"2020-11-24";"Gold";416
4135;"First_4135";"Last_4135";"customer_4135@email.com";"Chalkida";"Greece";"2018-04-23";"Bronze";463
4136;"First_4136";"Last_4136";"customer_4136@email.com";"Athens";"Greece";"2018-11-04";"Bronze";605
4137;"First_4137";"Last_4137";"customer_4137@email.com";"Ioannina";"UK";"2020-08-16";"Silver";499
4138;"First_4138";"Last_4138";"customer_4138@email.com";"Larissa";"Greece";"2020-12-12";"Bronze";479
4139;"First_4139";"Last_4139";"customer_4139@email.com";"Athens";"Greece";"2021-01-09";"Bronze";657
4140;"First_4140";"Last_4140";"customer_4140@email.com";"Athens";"Germany";"2022-06-28";"Silver";551
4141;"First_4141";"Last_4141";"customer_4141@email.com";"Athens";"Germany";"2020-04-13";"Bronze";598
4142;"First_4142";"Last_4142";"customer_4142@email.com";"Rhodes";"Greece";"2021-10-24";"Silver";729
4143;"First_4143";"Last_4143";"customer_4143@email.com";"Patras";"France";"2018-08-30";"Bronze";303
4144;"First_4144";"Last_4144";"customer_4144@email.com";"Larissa";"Greece";"2018-01-31";"Silver";553
4145;"First_4145";"Last_4145";"customer_4145@email.com";"Chalkida";"Greece";"2019-12-05";"Gold";395
4146;"First_4146";"Last_4146";"customer_4146@email.com";"Rhodes";"Greece";"2020-05-18";"Bronze";466
4147;"First_4147";"Last_4147";"customer_4147@email.com";"Volos";"Greece";"2021-10-16";"Bronze";630
4148;"First_4148";"Last_4148";"customer_4148@email.com";"Rhodes";"UK";"2018-08-21";"Bronze";361
4149;"First_4149";"Last_4149";"customer_4149@email.com";"Chania";"Greece";"2022-06-22";"Bronze";473
4150;"First_4150";"Last_4150";"customer_4150@email.com";"Chania";"Greece";"2020-11-23";"Gold";552
4151;"First_4151";"Last_4151";"customer_4151@email.com";"Athens";"UK";"2021-06-20";"Silver";760
4152;"First_4152";"Last_4152";"customer_4152@email.com";"Rhodes";"Greece";"2020-08-08";"Bronze";514
4153;"First_4153";"Last_4153";"customer_4153@email.com";"Volos";"Greece";"2018-02-28";"Silver";538
4154;"First_4154";"Last_4154";"customer_4154@email.com";"Rhodes";"Germany";"2020-02-10";"Bronze";714
4155;"First_4155";"Last_4155";"customer_4155@email.com";"Patras";"Greece";"2022-04-02";"Silver";425
4156;"First_4156";"Last_4156";"customer_4156@email.com";"Patras";"France";"2021-01-06";"Silver";552
4157;"First_4157";"Last_4157";"customer_4157@email.com";"Volos";"Greece";"2019-12-19";"Silver";496
4158;"First_4158";"Last_4158";"customer_4158@email.com";"Rhodes";"UK";"2018-10-29";"Bronze";712
4159;"First_4159";"Last_4159";"customer_4159@email.com";"Ioannina";"Greece";"2022-08-29";"Silver";755
4160;"First_4160";"Last_4160";"customer_4160@email.com";"Patras";"France";"2020-03-13";"Bronze";353
4161;"First_4161";"Last_4161";"customer_4161@email.com";"Patras";"Greece";"2020-06-15";"Silver";638
4162;"First_4162";"Last_4162";"customer_4162@email.com";"Thessaloniki";"Germany";"2018-04-22";"Bronze";658
4163;"First_4163";"Last_4163";"customer_4163@email.com";"Rhodes";"Greece";"2021-12-07";"Bronze";450
4164;"First_4164";"Last_4164";"customer_4164@email.com";"Patras";"Greece";"2018-11-13";"Silver";399
4165;"First_4165";"Last_4165";"customer_4165@email.com";"Larissa";"Greece";"2021-03-14";"Gold";533
4166;"First_4166";"Last_4166";"customer_4166@email.com";"Rhodes";"UK";"2019-10-30";"Bronze";843
4167;"First_4167";"Last_4167";"customer_4167@email.com";"Chania";"Italy";"2019-11-21";"Gold";361
4168;"First_4168";"Last_4168";"customer_4168@email.com";"Thessaloniki";"Greece";"2022-07-30";"Silver";495
4169;"First_4169";"Last_4169";"customer_4169@email.com";"Patras";"Greece";"2018-01-18";"Silver";841
4170;"First_4170";"Last_4170";"customer_4170@email.com";"Thessaloniki";"France";"2021-10-06";"Gold";405
4171;"First_4171";"Last_4171";"customer_4171@email.com";"Chania";"Greece";"2021-03-24";"Bronze";594
4172;"First_4172";"Last_4172";"customer_4172@email.com";"Volos";"Italy";"2022-12-13";"Gold";750
4173;"First_4173";"Last_4173";"customer_4173@email.com";"Volos";"Germany";"2022-03-10";"Bronze";833
4174;"First_4174";"Last_4174";"customer_4174@email.com";"Rhodes";"Germany";"2020-02-17";"Bronze";455
4175;"First_4175";"Last_4175";"customer_4175@email.com";"Chania";"Greece";"2018-12-26";"Silver";705
4176;"First_4176";"Last_4176";"customer_4176@email.com";"Heraklion";"Greece";"2018-11-28";"Gold";674
4177;"First_4177";"Last_4177";"customer_4177@email.com";"Heraklion";"Germany";"2019-06-12";"Gold";754
4178;"First_4178";"Last_4178";"customer_4178@email.com";"Rhodes";"Italy";"2018-01-12";"Silver";501
4179;"First_4179";"Last_4179";"customer_4179@email.com";"Athens";"Italy";"2021-01-03";"Silver";751
4180;"First_4180";"Last_4180";"customer_4180@email.com";"Thessaloniki";"Greece";"2018-07-31";"Bronze";486
4181;"First_4181";"Last_4181";"customer_4181@email.com";"Thessaloniki";"Greece";"2022-09-11";"Platinum";667
4182;"First_4182";"Last_4182";"customer_4182@email.com";"Volos";"Greece";"2019-10-03";"Bronze";639
4183;"First_4183";"Last_4183";"customer_4183@email.com";"Heraklion";"France";"2018-10-10";"Silver";561
4184;"First_4184";"Last_4184";"customer_4184@email.com";"Chalkida";"Greece";"2021-05-03";"Silver";842
4185;"First_4185";"Last_4185";"customer_4185@email.com";"Patras";"Greece";"2020-02-19";"Silver";605
4186;"First_4186";"Last_4186";"customer_4186@email.com";"Patras";"Greece";"2020-11-19";"Bronze";464
4187;"First_4187";"Last_4187";"customer_4187@email.com";"Patras";"Greece";"2020-10-29";"Platinum";387
4188;"First_4188";"Last_4188";"customer_4188@email.com";"Volos";"Italy";"2021-08-25";"Silver";499
4189;"First_4189";"Last_4189";"customer_4189@email.com";"Chania";"Greece";"2022-01-08";"Gold";570
4190;"First_4190";"Last_4190";"customer_4190@email.com";"Ioannina";"Greece";"2021-08-26";"Bronze";350
4191;"First_4191";"Last_4191";"customer_4191@email.com";"Heraklion";"Greece";"2019-11-08";"Silver";788
4192;"First_4192";"Last_4192";"customer_4192@email.com";"Heraklion";"Greece";"2019-12-06";"Silver";497
4193;"First_4193";"Last_4193";"customer_4193@email.com";"Chalkida";"Greece";"2019-03-02";"Silver";322
4194;"First_4194";"Last_4194";"customer_4194@email.com";"Thessaloniki";"Greece";"2022-12-01";"Gold";522
4195;"First_4195";"Last_4195";"customer_4195@email.com";"Athens";"Germany";"2022-09-24";"Bronze";520
4196;"First_4196";"Last_4196";"customer_4196@email.com";"Rhodes";"Greece";"2019-08-14";"Bronze";565
4197;"First_4197";"Last_4197";"customer_4197@email.com";"Thessaloniki";"Greece";"2022-09-11";"Bronze";372
4198;"First_4198";"Last_4198";"customer_4198@email.com";"Chania";"Greece";"2018-04-01";"Bronze";376
4199;"First_4199";"Last_4199";"customer_4199@email.com";"Rhodes";"UK";"2019-04-01";"Platinum";843
4200;"First_4200";"Last_4200";"customer_4200@email.com";"Heraklion";"Greece";"2019-03-20";"Bronze";734
4201;"First_4201";"Last_4201";"customer_4201@email.com";"Chania";"Germany";"2022-10-17";"Bronze";364
4202;"First_4202";"Last_4202";"customer_4202@email.com";"Rhodes";"Greece";"2018-03-20";"Bronze";656
4203;"First_4203";"Last_4203";"customer_4203@email.com";"Chalkida";"Germany";"2022-02-07";"Silver";317
4204;"First_4204";"Last_4204";"customer_4204@email.com";"Chalkida";"Greece";"2020-07-15";"Bronze";735
4205;"First_4205";"Last_4205";"customer_4205@email.com";"Larissa";"Italy";"2018-04-13";"Bronze";740
4206;"First_4206";"Last_4206";"customer_4206@email.com";"Ioannina";"Greece";"2019-09-15";"Bronze";308
4207;"First_4207";"Last_4207";"customer_4207@email.com";"Chalkida";"Greece";"2022-01-19";"Bronze";769
4208;"First_4208";"Last_4208";"customer_4208@email.com";"Heraklion";"UK";"2020-09-16";"Platinum";647
4209;"First_4209";"Last_4209";"customer_4209@email.com";"Athens";"Greece";"2021-08-30";"Bronze";671
4210;"First_4210";"Last_4210";"customer_4210@email.com";"Patras";"Italy";"2021-06-24";"Silver";474
4211;"First_4211";"Last_4211";"customer_4211@email.com";"Larissa";"Greece";"2018-08-22";"Platinum";814
4212;"First_4212";"Last_4212";"customer_4212@email.com";"Patras";"France";"2022-06-06";"Silver";429
4213;"First_4213";"Last_4213";"customer_4213@email.com";"Ioannina";"France";"2019-10-06";"Platinum";592
4214;"First_4214";"Last_4214";"customer_4214@email.com";"Rhodes";"Italy";"2021-06-12";"Platinum";652
4215;"First_4215";"Last_4215";"customer_4215@email.com";"Volos";"Italy";"2020-02-29";"Bronze";523
4216;"First_4216";"Last_4216";"customer_4216@email.com";"Chalkida";"France";"2019-01-22";"Silver";823
4217;"First_4217";"Last_4217";"customer_4217@email.com";"Athens";"UK";"2020-04-26";"Bronze";808
4218;"First_4218";"Last_4218";"customer_4218@email.com";"Ioannina";"Greece";"2022-06-23";"Bronze";667
4219;"First_4219";"Last_4219";"customer_4219@email.com";"Patras";"Greece";"2018-02-07";"Gold";799
4220;"First_4220";"Last_4220";"customer_4220@email.com";"Larissa";"Germany";"2021-03-30";"Silver";389
4221;"First_4221";"Last_4221";"customer_4221@email.com";"Chalkida";"Italy";"2022-01-25";"Silver";371
4222;"First_4222";"Last_4222";"customer_4222@email.com";"Heraklion";"UK";"2022-01-12";"Silver";732
4223;"First_4223";"Last_4223";"customer_4223@email.com";"Chalkida";"Italy";"2021-02-14";"Bronze";647
4224;"First_4224";"Last_4224";"customer_4224@email.com";"Larissa";"France";"2018-08-29";"Gold";562
4225;"First_4225";"Last_4225";"customer_4225@email.com";"Larissa";"Greece";"2020-11-15";"Bronze";570
4226;"First_4226";"Last_4226";"customer_4226@email.com";"Volos";"Greece";"2022-07-30";"Bronze";808
4227;"First_4227";"Last_4227";"customer_4227@email.com";"Chalkida";"Greece";"2019-07-16";"Gold";807
4228;"First_4228";"Last_4228";"customer_4228@email.com";"Chalkida";"Greece";"2020-03-16";"Bronze";719
4229;"First_4229";"Last_4229";"customer_4229@email.com";"Volos";"Greece";"2018-10-25";"Silver";371
4230;"First_4230";"Last_4230";"customer_4230@email.com";"Chania";"Italy";"2020-03-15";"Silver";373
4231;"First_4231";"Last_4231";"customer_4231@email.com";"Chania";"UK";"2018-06-03";"Bronze";802
4232;"First_4232";"Last_4232";"customer_4232@email.com";"Rhodes";"Greece";"2020-01-02";"Gold";445
4233;"First_4233";"Last_4233";"customer_4233@email.com";"Chania";"Greece";"2022-08-03";"Silver";345
4234;"First_4234";"Last_4234";"customer_4234@email.com";"Thessaloniki";"Greece";"2019-04-13";"Bronze";404
4235;"First_4235";"Last_4235";"customer_4235@email.com";"Chalkida";"Greece";"2018-02-18";"Bronze";408
4236;"First_4236";"Last_4236";"customer_4236@email.com";"Athens";"Greece";"2022-08-05";"Gold";616
4237;"First_4237";"Last_4237";"customer_4237@email.com";"Chalkida";"Greece";"2018-02-15";"Bronze";420
4238;"First_4238";"Last_4238";"customer_4238@email.com";"Thessaloniki";"Greece";"2022-08-26";"Gold";798
4239;"First_4239";"Last_4239";"customer_4239@email.com";"Thessaloniki";"Greece";"2021-08-01";"Bronze";342
4240;"First_4240";"Last_4240";"customer_4240@email.com";"Patras";"Italy";"2020-02-19";"Silver";398
4241;"First_4241";"Last_4241";"customer_4241@email.com";"Chalkida";"Greece";"2022-07-10";"Gold";610
4242;"First_4242";"Last_4242";"customer_4242@email.com";"Ioannina";"Greece";"2018-03-23";"Bronze";513
4243;"First_4243";"Last_4243";"customer_4243@email.com";"Thessaloniki";"Greece";"2020-12-03";"Silver";762
4244;"First_4244";"Last_4244";"customer_4244@email.com";"Athens";"Greece";"2022-09-26";"Silver";722
4245;"First_4245";"Last_4245";"customer_4245@email.com";"Volos";"Germany";"2022-11-29";"Silver";688
4246;"First_4246";"Last_4246";"customer_4246@email.com";"Rhodes";"UK";"2020-08-12";"Silver";411
4247;"First_4247";"Last_4247";"customer_4247@email.com";"Patras";"Greece";"2018-09-30";"Silver";571
4248;"First_4248";"Last_4248";"customer_4248@email.com";"Volos";"Germany";"2019-01-29";"Silver";401
4249;"First_4249";"Last_4249";"customer_4249@email.com";"Patras";"Greece";"2022-12-15";"Gold";509
4250;"First_4250";"Last_4250";"customer_4250@email.com";"Athens";"Germany";"2020-02-29";"Silver";321
4251;"First_4251";"Last_4251";"customer_4251@email.com";"Larissa";"Greece";"2019-08-18";"Bronze";458
4252;"First_4252";"Last_4252";"customer_4252@email.com";"Chalkida";"Greece";"2018-02-27";"Platinum";642
4253;"First_4253";"Last_4253";"customer_4253@email.com";"Heraklion";"UK";"2019-07-19";"Bronze";699
4254;"First_4254";"Last_4254";"customer_4254@email.com";"Ioannina";"France";"2018-01-01";"Bronze";753
4255;"First_4255";"Last_4255";"customer_4255@email.com";"Volos";"UK";"2018-08-04";"Bronze";442
4256;"First_4256";"Last_4256";"customer_4256@email.com";"Chalkida";"Greece";"2021-09-02";"Bronze";696
4257;"First_4257";"Last_4257";"customer_4257@email.com";"Ioannina";"Greece";"2021-06-05";"Bronze";835
4258;"First_4258";"Last_4258";"customer_4258@email.com";"Larissa";"Italy";"2022-02-05";"Bronze";440
4259;"First_4259";"Last_4259";"customer_4259@email.com";"Heraklion";"Greece";"2022-02-16";"Bronze";539
4260;"First_4260";"Last_4260";"customer_4260@email.com";"Ioannina";"Greece";"2020-02-05";"Silver";591
4261;"First_4261";"Last_4261";"customer_4261@email.com";"Ioannina";"Greece";"2019-11-02";"Bronze";381
4262;"First_4262";"Last_4262";"customer_4262@email.com";"Volos";"Greece";"2021-08-03";"Bronze";470
4263;"First_4263";"Last_4263";"customer_4263@email.com";"Chania";"Greece";"2019-05-26";"Bronze";825
4264;"First_4264";"Last_4264";"customer_4264@email.com";"Heraklion";"Greece";"2022-05-21";"Bronze";841
4265;"First_4265";"Last_4265";"customer_4265@email.com";"Chalkida";"Greece";"2020-07-03";"Bronze";409
4266;"First_4266";"Last_4266";"customer_4266@email.com";"Larissa";"Italy";"2022-01-21";"Silver";511
4267;"First_4267";"Last_4267";"customer_4267@email.com";"Heraklion";"Greece";"2018-04-05";"Platinum";737
4268;"First_4268";"Last_4268";"customer_4268@email.com";"Athens";"Greece";"2019-05-08";"Gold";621
4269;"First_4269";"Last_4269";"customer_4269@email.com";"Chania";"Greece";"2020-02-04";"Gold";383
4270;"First_4270";"Last_4270";"customer_4270@email.com";"Athens";"Germany";"2020-10-18";"Bronze";675
4271;"First_4271";"Last_4271";"customer_4271@email.com";"Larissa";"Greece";"2018-05-30";"Bronze";352
4272;"First_4272";"Last_4272";"customer_4272@email.com";"Volos";"France";"2020-11-12";"Bronze";795
4273;"First_4273";"Last_4273";"customer_4273@email.com";"Volos";"Greece";"2020-01-26";"Silver";555
4274;"First_4274";"Last_4274";"customer_4274@email.com";"Larissa";"France";"2021-05-23";"Bronze";519
4275;"First_4275";"Last_4275";"customer_4275@email.com";"Patras";"Greece";"2019-02-03";"Silver";399
4276;"First_4276";"Last_4276";"customer_4276@email.com";"Larissa";"Greece";"2019-02-14";"Bronze";428
4277;"First_4277";"Last_4277";"customer_4277@email.com";"Chania";"France";"2018-05-11";"Bronze";518
4278;"First_4278";"Last_4278";"customer_4278@email.com";"Thessaloniki";"Germany";"2020-05-04";"Platinum";776
4279;"First_4279";"Last_4279";"customer_4279@email.com";"Volos";"Greece";"2018-05-28";"Silver";757
4280;"First_4280";"Last_4280";"customer_4280@email.com";"Rhodes";"Greece";"2019-01-16";"Gold";321
4281;"First_4281";"Last_4281";"customer_4281@email.com";"Chania";"Greece";"2021-02-06";"Silver";628
4282;"First_4282";"Last_4282";"customer_4282@email.com";"Chania";"Germany";"2019-07-06";"Gold";779
4283;"First_4283";"Last_4283";"customer_4283@email.com";"Chania";"Greece";"2021-02-18";"Silver";638
4284;"First_4284";"Last_4284";"customer_4284@email.com";"Ioannina";"Greece";"2018-10-22";"Gold";478
4285;"First_4285";"Last_4285";"customer_4285@email.com";"Chania";"Greece";"2021-02-17";"Bronze";720
4286;"First_4286";"Last_4286";"customer_4286@email.com";"Volos";"UK";"2019-04-01";"Silver";781
4287;"First_4287";"Last_4287";"customer_4287@email.com";"Thessaloniki";"France";"2022-04-03";"Silver";348
4288;"First_4288";"Last_4288";"customer_4288@email.com";"Thessaloniki";"UK";"2018-06-18";"Bronze";329
4289;"First_4289";"Last_4289";"customer_4289@email.com";"Chania";"Greece";"2019-12-11";"Gold";384
4290;"First_4290";"Last_4290";"customer_4290@email.com";"Athens";"Italy";"2021-03-12";"Platinum";801
4291;"First_4291";"Last_4291";"customer_4291@email.com";"Volos";"Germany";"2018-02-06";"Bronze";845
4292;"First_4292";"Last_4292";"customer_4292@email.com";"Volos";"France";"2022-09-18";"Bronze";628
4293;"First_4293";"Last_4293";"customer_4293@email.com";"Heraklion";"Greece";"2021-07-08";"Bronze";733
4294;"First_4294";"Last_4294";"customer_4294@email.com";"Chalkida";"Greece";"2018-08-19";"Gold";548
4295;"First_4295";"Last_4295";"customer_4295@email.com";"Patras";"UK";"2018-09-11";"Silver";433
4296;"First_4296";"Last_4296";"customer_4296@email.com";"Patras";"Greece";"2018-11-25";"Bronze";664
4297;"First_4297";"Last_4297";"customer_4297@email.com";"Athens";"Greece";"2021-08-13";"Silver";724
4298;"First_4298";"Last_4298";"customer_4298@email.com";"Patras";"France";"2020-09-06";"Bronze";714
4299;"First_4299";"Last_4299";"customer_4299@email.com";"Heraklion";"France";"2018-01-10";"Silver";811
4300;"First_4300";"Last_4300";"customer_4300@email.com";"Larissa";"Italy";"2019-03-22";"Bronze";684
4301;"First_4301";"Last_4301";"customer_4301@email.com";"Patras";"Germany";"2020-07-10";"Bronze";687
4302;"First_4302";"Last_4302";"customer_4302@email.com";"Volos";"Greece";"2020-04-15";"Silver";748
4303;"First_4303";"Last_4303";"customer_4303@email.com";"Larissa";"Greece";"2021-06-07";"Bronze";602
4304;"First_4304";"Last_4304";"customer_4304@email.com";"Patras";"Greece";"2022-04-09";"Bronze";398
4305;"First_4305";"Last_4305";"customer_4305@email.com";"Volos";"Greece";"2018-03-19";"Bronze";605
4306;"First_4306";"Last_4306";"customer_4306@email.com";"Volos";"Greece";"2021-12-19";"Bronze";341
4307;"First_4307";"Last_4307";"customer_4307@email.com";"Chania";"Greece";"2018-07-12";"Bronze";767
4308;"First_4308";"Last_4308";"customer_4308@email.com";"Thessaloniki";"Greece";"2019-02-05";"Platinum";739
4309;"First_4309";"Last_4309";"customer_4309@email.com";"Athens";"UK";"2018-04-19";"Gold";626
4310;"First_4310";"Last_4310";"customer_4310@email.com";"Heraklion";"Italy";"2020-03-02";"Gold";332
4311;"First_4311";"Last_4311";"customer_4311@email.com";"Ioannina";"UK";"2018-09-20";"Gold";711
4312;"First_4312";"Last_4312";"customer_4312@email.com";"Chalkida";"UK";"2018-11-25";"Bronze";413
4313;"First_4313";"Last_4313";"customer_4313@email.com";"Patras";"Germany";"2018-12-29";"Bronze";807
4314;"First_4314";"Last_4314";"customer_4314@email.com";"Patras";"Italy";"2021-11-02";"Bronze";355
4315;"First_4315";"Last_4315";"customer_4315@email.com";"Larissa";"Germany";"2022-12-09";"Gold";651
4316;"First_4316";"Last_4316";"customer_4316@email.com";"Larissa";"France";"2021-09-26";"Silver";628
4317;"First_4317";"Last_4317";"customer_4317@email.com";"Chalkida";"Italy";"2018-09-16";"Bronze";845
4318;"First_4318";"Last_4318";"customer_4318@email.com";"Patras";"Italy";"2021-09-20";"Bronze";569
4319;"First_4319";"Last_4319";"customer_4319@email.com";"Rhodes";"Greece";"2018-03-26";"Silver";495
4320;"First_4320";"Last_4320";"customer_4320@email.com";"Heraklion";"Greece";"2022-03-26";"Silver";712
4321;"First_4321";"Last_4321";"customer_4321@email.com";"Patras";"Greece";"2022-12-30";"Gold";378
4322;"First_4322";"Last_4322";"customer_4322@email.com";"Thessaloniki";"Greece";"2022-05-14";"Bronze";382
4323;"First_4323";"Last_4323";"customer_4323@email.com";"Chalkida";"Greece";"2018-11-04";"Gold";436
4324;"First_4324";"Last_4324";"customer_4324@email.com";"Rhodes";"Greece";"2018-09-19";"Bronze";838
4325;"First_4325";"Last_4325";"customer_4325@email.com";"Heraklion";"Greece";"2020-03-07";"Silver";605
4326;"First_4326";"Last_4326";"customer_4326@email.com";"Patras";"Greece";"2019-09-23";"Gold";610
4327;"First_4327";"Last_4327";"customer_4327@email.com";"Ioannina";"UK";"2019-11-11";"Gold";687
4328;"First_4328";"Last_4328";"customer_4328@email.com";"Chania";"Greece";"2020-05-14";"Bronze";848
4329;"First_4329";"Last_4329";"customer_4329@email.com";"Thessaloniki";"Germany";"2022-09-21";"Bronze";805
4330;"First_4330";"Last_4330";"customer_4330@email.com";"Ioannina";"UK";"2022-01-15";"Bronze";687
4331;"First_4331";"Last_4331";"customer_4331@email.com";"Larissa";"Greece";"2021-06-28";"Bronze";592
4332;"First_4332";"Last_4332";"customer_4332@email.com";"Larissa";"Italy";"2018-11-20";"Silver";478
4333;"First_4333";"Last_4333";"customer_4333@email.com";"Patras";"Greece";"2020-07-13";"Gold";728
4334;"First_4334";"Last_4334";"customer_4334@email.com";"Larissa";"Greece";"2021-06-06";"Bronze";823
4335;"First_4335";"Last_4335";"customer_4335@email.com";"Thessaloniki";"Greece";"2022-09-22";"Bronze";611
4336;"First_4336";"Last_4336";"customer_4336@email.com";"Heraklion";"Greece";"2022-07-18";"Bronze";379
4337;"First_4337";"Last_4337";"customer_4337@email.com";"Volos";"Greece";"2022-06-08";"Gold";313
4338;"First_4338";"Last_4338";"customer_4338@email.com";"Athens";"Greece";"2021-08-13";"Platinum";353
4339;"First_4339";"Last_4339";"customer_4339@email.com";"Chalkida";"Greece";"2019-12-28";"Bronze";746
4340;"First_4340";"Last_4340";"customer_4340@email.com";"Heraklion";"Greece";"2021-06-14";"Bronze";364
4341;"First_4341";"Last_4341";"customer_4341@email.com";"Volos";"Greece";"2020-09-04";"Silver";671
4342;"First_4342";"Last_4342";"customer_4342@email.com";"Rhodes";"Germany";"2022-07-07";"Silver";802
4343;"First_4343";"Last_4343";"customer_4343@email.com";"Thessaloniki";"Greece";"2018-08-05";"Bronze";395
4344;"First_4344";"Last_4344";"customer_4344@email.com";"Ioannina";"Greece";"2021-06-23";"Gold";832
4345;"First_4345";"Last_4345";"customer_4345@email.com";"Volos";"Greece";"2019-03-24";"Platinum";559
4346;"First_4346";"Last_4346";"customer_4346@email.com";"Thessaloniki";"Greece";"2018-11-15";"Silver";547
4347;"First_4347";"Last_4347";"customer_4347@email.com";"Chania";"Greece";"2020-09-20";"Silver";426
4348;"First_4348";"Last_4348";"customer_4348@email.com";"Ioannina";"France";"2021-12-26";"Bronze";798
4349;"First_4349";"Last_4349";"customer_4349@email.com";"Larissa";"Greece";"2021-11-28";"Silver";345
4350;"First_4350";"Last_4350";"customer_4350@email.com";"Larissa";"UK";"2018-02-06";"Bronze";567
4351;"First_4351";"Last_4351";"customer_4351@email.com";"Ioannina";"France";"2022-05-19";"Bronze";841
4352;"First_4352";"Last_4352";"customer_4352@email.com";"Rhodes";"Greece";"2020-01-01";"Bronze";393
4353;"First_4353";"Last_4353";"customer_4353@email.com";"Rhodes";"Greece";"2021-09-27";"Bronze";615
4354;"First_4354";"Last_4354";"customer_4354@email.com";"Rhodes";"Italy";"2020-10-07";"Bronze";370
4355;"First_4355";"Last_4355";"customer_4355@email.com";"Volos";"France";"2021-11-13";"Silver";748
4356;"First_4356";"Last_4356";"customer_4356@email.com";"Chalkida";"Greece";"2020-11-23";"Silver";666
4357;"First_4357";"Last_4357";"customer_4357@email.com";"Volos";"UK";"2018-02-08";"Silver";709
4358;"First_4358";"Last_4358";"customer_4358@email.com";"Patras";"France";"2022-05-22";"Bronze";390
4359;"First_4359";"Last_4359";"customer_4359@email.com";"Athens";"Greece";"2018-07-28";"Bronze";808
4360;"First_4360";"Last_4360";"customer_4360@email.com";"Ioannina";"France";"2020-04-09";"Gold";827
4361;"First_4361";"Last_4361";"customer_4361@email.com";"Heraklion";"Greece";"2020-05-05";"Bronze";409
4362;"First_4362";"Last_4362";"customer_4362@email.com";"Athens";"Greece";"2021-03-21";"Platinum";388
4363;"First_4363";"Last_4363";"customer_4363@email.com";"Chania";"Italy";"2020-06-17";"Bronze";571
4364;"First_4364";"Last_4364";"customer_4364@email.com";"Volos";"France";"2021-10-20";"Silver";546
4365;"First_4365";"Last_4365";"customer_4365@email.com";"Volos";"Greece";"2021-05-07";"Bronze";660
4366;"First_4366";"Last_4366";"customer_4366@email.com";"Thessaloniki";"Greece";"2019-08-24";"Silver";677
4367;"First_4367";"Last_4367";"customer_4367@email.com";"Athens";"Germany";"2020-01-30";"Gold";505
4368;"First_4368";"Last_4368";"customer_4368@email.com";"Thessaloniki";"UK";"2021-01-07";"Gold";644
4369;"First_4369";"Last_4369";"customer_4369@email.com";"Heraklion";"Germany";"2022-02-09";"Platinum";754
4370;"First_4370";"Last_4370";"customer_4370@email.com";"Thessaloniki";"Italy";"2019-03-10";"Bronze";366
4371;"First_4371";"Last_4371";"customer_4371@email.com";"Athens";"France";"2022-12-26";"Silver";342
4372;"First_4372";"Last_4372";"customer_4372@email.com";"Ioannina";"Greece";"2020-04-21";"Bronze";528
4373;"First_4373";"Last_4373";"customer_4373@email.com";"Chania";"Greece";"2018-02-01";"Silver";743
4374;"First_4374";"Last_4374";"customer_4374@email.com";"Volos";"Greece";"2021-01-15";"Bronze";533
4375;"First_4375";"Last_4375";"customer_4375@email.com";"Heraklion";"Germany";"2022-04-24";"Gold";498
4376;"First_4376";"Last_4376";"customer_4376@email.com";"Volos";"Germany";"2019-01-28";"Gold";796
4377;"First_4377";"Last_4377";"customer_4377@email.com";"Patras";"Greece";"2022-06-25";"Bronze";331
4378;"First_4378";"Last_4378";"customer_4378@email.com";"Chania";"Greece";"2021-06-21";"Bronze";563
4379;"First_4379";"Last_4379";"customer_4379@email.com";"Chalkida";"Greece";"2021-06-09";"Bronze";412
4380;"First_4380";"Last_4380";"customer_4380@email.com";"Thessaloniki";"Greece";"2020-06-28";"Silver";758
4381;"First_4381";"Last_4381";"customer_4381@email.com";"Larissa";"Greece";"2022-05-23";"Bronze";575
4382;"First_4382";"Last_4382";"customer_4382@email.com";"Athens";"Greece";"2018-07-11";"Gold";445
4383;"First_4383";"Last_4383";"customer_4383@email.com";"Volos";"Greece";"2022-04-13";"Silver";656
4384;"First_4384";"Last_4384";"customer_4384@email.com";"Thessaloniki";"Greece";"2018-09-27";"Silver";305
4385;"First_4385";"Last_4385";"customer_4385@email.com";"Heraklion";"Greece";"2020-01-08";"Silver";639
4386;"First_4386";"Last_4386";"customer_4386@email.com";"Volos";"Greece";"2018-03-18";"Bronze";793
4387;"First_4387";"Last_4387";"customer_4387@email.com";"Chalkida";"France";"2020-01-05";"Gold";407
4388;"First_4388";"Last_4388";"customer_4388@email.com";"Chania";"Greece";"2020-06-02";"Silver";370
4389;"First_4389";"Last_4389";"customer_4389@email.com";"Chania";"Germany";"2021-04-05";"Platinum";639
4390;"First_4390";"Last_4390";"customer_4390@email.com";"Volos";"UK";"2018-10-11";"Silver";399
4391;"First_4391";"Last_4391";"customer_4391@email.com";"Heraklion";"Greece";"2022-09-24";"Silver";626
4392;"First_4392";"Last_4392";"customer_4392@email.com";"Chania";"Greece";"2021-01-17";"Bronze";332
4393;"First_4393";"Last_4393";"customer_4393@email.com";"Chania";"Italy";"2019-06-28";"Silver";442
4394;"First_4394";"Last_4394";"customer_4394@email.com";"Chalkida";"UK";"2019-10-11";"Silver";543
4395;"First_4395";"Last_4395";"customer_4395@email.com";"Athens";"Italy";"2021-03-25";"Silver";516
4396;"First_4396";"Last_4396";"customer_4396@email.com";"Heraklion";"UK";"2018-09-07";"Silver";733
4397;"First_4397";"Last_4397";"customer_4397@email.com";"Heraklion";"Greece";"2018-04-05";"Bronze";353
4398;"First_4398";"Last_4398";"customer_4398@email.com";"Ioannina";"Greece";"2018-01-17";"Platinum";450
4399;"First_4399";"Last_4399";"customer_4399@email.com";"Ioannina";"Greece";"2018-04-27";"Platinum";354
4400;"First_4400";"Last_4400";"customer_4400@email.com";"Chania";"Greece";"2020-09-09";"Bronze";816
4401;"First_4401";"Last_4401";"customer_4401@email.com";"Larissa";"Greece";"2018-11-29";"Gold";747
4402;"First_4402";"Last_4402";"customer_4402@email.com";"Ioannina";"France";"2022-03-26";"Bronze";334
4403;"First_4403";"Last_4403";"customer_4403@email.com";"Chania";"Greece";"2021-01-08";"Silver";418
4404;"First_4404";"Last_4404";"customer_4404@email.com";"Rhodes";"Greece";"2019-10-08";"Bronze";496
4405;"First_4405";"Last_4405";"customer_4405@email.com";"Patras";"France";"2021-12-26";"Platinum";813
4406;"First_4406";"Last_4406";"customer_4406@email.com";"Patras";"France";"2021-05-11";"Bronze";721
4407;"First_4407";"Last_4407";"customer_4407@email.com";"Heraklion";"Greece";"2018-04-26";"Bronze";816
4408;"First_4408";"Last_4408";"customer_4408@email.com";"Larissa";"France";"2020-08-20";"Bronze";438
4409;"First_4409";"Last_4409";"customer_4409@email.com";"Chalkida";"France";"2021-05-28";"Bronze";343
4410;"First_4410";"Last_4410";"customer_4410@email.com";"Athens";"Greece";"2021-06-30";"Silver";518
4411;"First_4411";"Last_4411";"customer_4411@email.com";"Ioannina";"Greece";"2021-04-07";"Bronze";557
4412;"First_4412";"Last_4412";"customer_4412@email.com";"Rhodes";"Greece";"2020-04-26";"Silver";812
4413;"First_4413";"Last_4413";"customer_4413@email.com";"Chania";"Greece";"2018-11-12";"Platinum";676
4414;"First_4414";"Last_4414";"customer_4414@email.com";"Larissa";"Greece";"2022-10-07";"Gold";588
4415;"First_4415";"Last_4415";"customer_4415@email.com";"Heraklion";"Italy";"2020-03-20";"Gold";769
4416;"First_4416";"Last_4416";"customer_4416@email.com";"Ioannina";"UK";"2019-01-07";"Bronze";402
4417;"First_4417";"Last_4417";"customer_4417@email.com";"Larissa";"UK";"2020-01-30";"Bronze";448
4418;"First_4418";"Last_4418";"customer_4418@email.com";"Ioannina";"Italy";"2020-05-26";"Silver";383
4419;"First_4419";"Last_4419";"customer_4419@email.com";"Athens";"France";"2020-09-03";"Bronze";325
4420;"First_4420";"Last_4420";"customer_4420@email.com";"Athens";"Greece";"2022-05-26";"Gold";474
4421;"First_4421";"Last_4421";"customer_4421@email.com";"Chalkida";"Greece";"2018-06-05";"Bronze";721
4422;"First_4422";"Last_4422";"customer_4422@email.com";"Patras";"UK";"2019-09-06";"Gold";645
4423;"First_4423";"Last_4423";"customer_4423@email.com";"Thessaloniki";"Greece";"2020-11-02";"Bronze";601
4424;"First_4424";"Last_4424";"customer_4424@email.com";"Thessaloniki";"Greece";"2019-05-23";"Gold";597
4425;"First_4425";"Last_4425";"customer_4425@email.com";"Ioannina";"Germany";"2019-04-10";"Bronze";434
4426;"First_4426";"Last_4426";"customer_4426@email.com";"Chalkida";"Italy";"2020-02-22";"Bronze";354
4427;"First_4427";"Last_4427";"customer_4427@email.com";"Thessaloniki";"Greece";"2020-03-14";"Silver";355
4428;"First_4428";"Last_4428";"customer_4428@email.com";"Heraklion";"UK";"2018-08-08";"Bronze";673
4429;"First_4429";"Last_4429";"customer_4429@email.com";"Thessaloniki";"Greece";"2018-01-15";"Silver";638
4430;"First_4430";"Last_4430";"customer_4430@email.com";"Volos";"Germany";"2022-11-09";"Silver";756
4431;"First_4431";"Last_4431";"customer_4431@email.com";"Chania";"Greece";"2018-04-27";"Bronze";654
4432;"First_4432";"Last_4432";"customer_4432@email.com";"Chalkida";"France";"2018-11-27";"Gold";431
4433;"First_4433";"Last_4433";"customer_4433@email.com";"Heraklion";"Greece";"2018-02-25";"Bronze";792
4434;"First_4434";"Last_4434";"customer_4434@email.com";"Larissa";"UK";"2021-10-06";"Silver";409
4435;"First_4435";"Last_4435";"customer_4435@email.com";"Heraklion";"Greece";"2021-03-01";"Silver";425
4436;"First_4436";"Last_4436";"customer_4436@email.com";"Patras";"Greece";"2021-06-03";"Silver";595
4437;"First_4437";"Last_4437";"customer_4437@email.com";"Larissa";"Greece";"2018-11-04";"Bronze";478
4438;"First_4438";"Last_4438";"customer_4438@email.com";"Rhodes";"Greece";"2022-02-07";"Bronze";496
4439;"First_4439";"Last_4439";"customer_4439@email.com";"Chania";"Greece";"2018-08-10";"Silver";400
4440;"First_4440";"Last_4440";"customer_4440@email.com";"Chania";"Greece";"2021-04-11";"Bronze";482
4441;"First_4441";"Last_4441";"customer_4441@email.com";"Chania";"UK";"2021-09-25";"Bronze";308
4442;"First_4442";"Last_4442";"customer_4442@email.com";"Chania";"Germany";"2020-03-07";"Silver";712
4443;"First_4443";"Last_4443";"customer_4443@email.com";"Ioannina";"Greece";"2022-03-10";"Silver";403
4444;"First_4444";"Last_4444";"customer_4444@email.com";"Chania";"UK";"2021-03-26";"Bronze";425
4445;"First_4445";"Last_4445";"customer_4445@email.com";"Chania";"Greece";"2018-05-31";"Bronze";845
4446;"First_4446";"Last_4446";"customer_4446@email.com";"Chania";"Greece";"2022-09-17";"Bronze";569
4447;"First_4447";"Last_4447";"customer_4447@email.com";"Chalkida";"Greece";"2021-04-16";"Bronze";765
4448;"First_4448";"Last_4448";"customer_4448@email.com";"Ioannina";"Greece";"2022-04-06";"Bronze";417
4449;"First_4449";"Last_4449";"customer_4449@email.com";"Athens";"Greece";"2018-04-22";"Bronze";391
4450;"First_4450";"Last_4450";"customer_4450@email.com";"Heraklion";"Italy";"2019-11-14";"Platinum";784
4451;"First_4451";"Last_4451";"customer_4451@email.com";"Heraklion";"Greece";"2021-03-07";"Silver";386
4452;"First_4452";"Last_4452";"customer_4452@email.com";"Larissa";"Greece";"2021-06-10";"Bronze";533
4453;"First_4453";"Last_4453";"customer_4453@email.com";"Chalkida";"Greece";"2018-11-28";"Bronze";423
4454;"First_4454";"Last_4454";"customer_4454@email.com";"Volos";"France";"2022-04-15";"Silver";502
4455;"First_4455";"Last_4455";"customer_4455@email.com";"Heraklion";"Germany";"2020-06-11";"Bronze";331
4456;"First_4456";"Last_4456";"customer_4456@email.com";"Thessaloniki";"UK";"2021-08-23";"Silver";656
4457;"First_4457";"Last_4457";"customer_4457@email.com";"Volos";"Italy";"2018-06-10";"Gold";762
4458;"First_4458";"Last_4458";"customer_4458@email.com";"Chania";"Italy";"2021-11-26";"Silver";393
4459;"First_4459";"Last_4459";"customer_4459@email.com";"Chania";"UK";"2022-06-02";"Bronze";821
4460;"First_4460";"Last_4460";"customer_4460@email.com";"Ioannina";"Greece";"2018-10-05";"Silver";707
4461;"First_4461";"Last_4461";"customer_4461@email.com";"Volos";"France";"2021-09-05";"Platinum";399
4462;"First_4462";"Last_4462";"customer_4462@email.com";"Thessaloniki";"Greece";"2022-04-06";"Silver";543
4463;"First_4463";"Last_4463";"customer_4463@email.com";"Ioannina";"UK";"2020-06-15";"Silver";357
4464;"First_4464";"Last_4464";"customer_4464@email.com";"Larissa";"Germany";"2019-05-12";"Bronze";656
4465;"First_4465";"Last_4465";"customer_4465@email.com";"Volos";"UK";"2021-10-18";"Bronze";790
4466;"First_4466";"Last_4466";"customer_4466@email.com";"Chalkida";"Greece";"2021-10-27";"Silver";619
4467;"First_4467";"Last_4467";"customer_4467@email.com";"Chania";"Germany";"2019-10-17";"Gold";318
4468;"First_4468";"Last_4468";"customer_4468@email.com";"Chania";"Italy";"2020-11-25";"Silver";656
4469;"First_4469";"Last_4469";"customer_4469@email.com";"Patras";"Greece";"2018-10-30";"Silver";416
4470;"First_4470";"Last_4470";"customer_4470@email.com";"Ioannina";"Greece";"2019-03-14";"Bronze";435
4471;"First_4471";"Last_4471";"customer_4471@email.com";"Athens";"Germany";"2019-12-27";"Bronze";595
4472;"First_4472";"Last_4472";"customer_4472@email.com";"Athens";"Italy";"2020-11-21";"Silver";824
4473;"First_4473";"Last_4473";"customer_4473@email.com";"Ioannina";"Greece";"2018-07-05";"Bronze";400
4474;"First_4474";"Last_4474";"customer_4474@email.com";"Chalkida";"Greece";"2021-04-12";"Silver";679
4475;"First_4475";"Last_4475";"customer_4475@email.com";"Rhodes";"Greece";"2022-05-09";"Bronze";454
4476;"First_4476";"Last_4476";"customer_4476@email.com";"Ioannina";"Greece";"2019-11-04";"Silver";404
4477;"First_4477";"Last_4477";"customer_4477@email.com";"Chalkida";"Italy";"2021-06-27";"Gold";825
4478;"First_4478";"Last_4478";"customer_4478@email.com";"Larissa";"UK";"2020-09-27";"Bronze";427
4479;"First_4479";"Last_4479";"customer_4479@email.com";"Chania";"Germany";"2022-11-22";"Bronze";700
4480;"First_4480";"Last_4480";"customer_4480@email.com";"Thessaloniki";"Greece";"2018-10-06";"Silver";828
4481;"First_4481";"Last_4481";"customer_4481@email.com";"Rhodes";"UK";"2019-11-14";"Platinum";849
4482;"First_4482";"Last_4482";"customer_4482@email.com";"Volos";"Greece";"2022-09-15";"Silver";423
4483;"First_4483";"Last_4483";"customer_4483@email.com";"Rhodes";"Greece";"2020-10-22";"Bronze";659
4484;"First_4484";"Last_4484";"customer_4484@email.com";"Thessaloniki";"Greece";"2021-05-02";"Bronze";363
4485;"First_4485";"Last_4485";"customer_4485@email.com";"Patras";"Greece";"2021-04-04";"Bronze";401
4486;"First_4486";"Last_4486";"customer_4486@email.com";"Chania";"Greece";"2022-11-18";"Bronze";576
4487;"First_4487";"Last_4487";"customer_4487@email.com";"Athens";"Greece";"2020-10-07";"Gold";526
4488;"First_4488";"Last_4488";"customer_4488@email.com";"Chalkida";"Greece";"2020-07-13";"Gold";322
4489;"First_4489";"Last_4489";"customer_4489@email.com";"Ioannina";"Greece";"2022-11-15";"Bronze";363
4490;"First_4490";"Last_4490";"customer_4490@email.com";"Ioannina";"UK";"2021-02-07";"Bronze";456
4491;"First_4491";"Last_4491";"customer_4491@email.com";"Athens";"Greece";"2019-01-15";"Bronze";689
4492;"First_4492";"Last_4492";"customer_4492@email.com";"Rhodes";"Italy";"2020-04-14";"Gold";448
4493;"First_4493";"Last_4493";"customer_4493@email.com";"Chania";"Greece";"2020-09-25";"Silver";662
4494;"First_4494";"Last_4494";"customer_4494@email.com";"Heraklion";"UK";"2022-05-26";"Silver";763
4495;"First_4495";"Last_4495";"customer_4495@email.com";"Chalkida";"France";"2022-08-27";"Bronze";698
4496;"First_4496";"Last_4496";"customer_4496@email.com";"Larissa";"Italy";"2018-10-12";"Silver";704
4497;"First_4497";"Last_4497";"customer_4497@email.com";"Thessaloniki";"France";"2019-02-25";"Bronze";431
4498;"First_4498";"Last_4498";"customer_4498@email.com";"Rhodes";"Greece";"2018-04-23";"Bronze";496
4499;"First_4499";"Last_4499";"customer_4499@email.com";"Volos";"Greece";"2020-10-14";"Silver";334
4500;"First_4500";"Last_4500";"customer_4500@email.com";"Patras";"Greece";"2018-08-16";"Silver";719
4501;"First_4501";"Last_4501";"customer_4501@email.com";"Ioannina";"Greece";"2022-02-03";"Bronze";676
4502;"First_4502";"Last_4502";"customer_4502@email.com";"Rhodes";"Greece";"2019-06-12";"Bronze";698
4503;"First_4503";"Last_4503";"customer_4503@email.com";"Patras";"France";"2019-05-11";"Bronze";519
4504;"First_4504";"Last_4504";"customer_4504@email.com";"Thessaloniki";"Greece";"2018-01-31";"Bronze";816
4505;"First_4505";"Last_4505";"customer_4505@email.com";"Ioannina";"Germany";"2018-06-11";"Silver";641
4506;"First_4506";"Last_4506";"customer_4506@email.com";"Ioannina";"Italy";"2019-12-06";"Gold";715
4507;"First_4507";"Last_4507";"customer_4507@email.com";"Heraklion";"Germany";"2019-12-23";"Bronze";755
4508;"First_4508";"Last_4508";"customer_4508@email.com";"Rhodes";"Germany";"2021-11-02";"Bronze";596
4509;"First_4509";"Last_4509";"customer_4509@email.com";"Chania";"UK";"2019-03-22";"Bronze";630
4510;"First_4510";"Last_4510";"customer_4510@email.com";"Athens";"Greece";"2020-01-14";"Silver";638
4511;"First_4511";"Last_4511";"customer_4511@email.com";"Athens";"Greece";"2019-03-03";"Bronze";597
4512;"First_4512";"Last_4512";"customer_4512@email.com";"Larissa";"Italy";"2022-09-16";"Silver";611
4513;"First_4513";"Last_4513";"customer_4513@email.com";"Volos";"Italy";"2019-05-19";"Bronze";354
4514;"First_4514";"Last_4514";"customer_4514@email.com";"Patras";"France";"2022-03-31";"Silver";833
4515;"First_4515";"Last_4515";"customer_4515@email.com";"Rhodes";"Greece";"2019-12-22";"Gold";404
4516;"First_4516";"Last_4516";"customer_4516@email.com";"Chalkida";"France";"2019-11-15";"Gold";474
4517;"First_4517";"Last_4517";"customer_4517@email.com";"Volos";"Greece";"2022-12-07";"Platinum";593
4518;"First_4518";"Last_4518";"customer_4518@email.com";"Heraklion";"Greece";"2022-04-05";"Silver";674
4519;"First_4519";"Last_4519";"customer_4519@email.com";"Ioannina";"Greece";"2019-08-05";"Gold";749
4520;"First_4520";"Last_4520";"customer_4520@email.com";"Chania";"Greece";"2022-03-24";"Bronze";744
4521;"First_4521";"Last_4521";"customer_4521@email.com";"Rhodes";"Greece";"2020-11-23";"Bronze";359
4522;"First_4522";"Last_4522";"customer_4522@email.com";"Volos";"Greece";"2020-01-06";"Bronze";691
4523;"First_4523";"Last_4523";"customer_4523@email.com";"Volos";"Greece";"2019-11-22";"Silver";689
4524;"First_4524";"Last_4524";"customer_4524@email.com";"Chania";"Greece";"2020-01-28";"Gold";511
4525;"First_4525";"Last_4525";"customer_4525@email.com";"Larissa";"UK";"2022-02-22";"Bronze";834
4526;"First_4526";"Last_4526";"customer_4526@email.com";"Patras";"Germany";"2022-12-01";"Silver";539
4527;"First_4527";"Last_4527";"customer_4527@email.com";"Patras";"Greece";"2022-07-02";"Silver";787
4528;"First_4528";"Last_4528";"customer_4528@email.com";"Volos";"Greece";"2020-01-24";"Gold";421
4529;"First_4529";"Last_4529";"customer_4529@email.com";"Thessaloniki";"Germany";"2021-12-17";"Silver";552
4530;"First_4530";"Last_4530";"customer_4530@email.com";"Volos";"Greece";"2022-01-31";"Platinum";440
4531;"First_4531";"Last_4531";"customer_4531@email.com";"Volos";"Greece";"2018-01-24";"Bronze";751
4532;"First_4532";"Last_4532";"customer_4532@email.com";"Chania";"Germany";"2021-05-24";"Bronze";452
4533;"First_4533";"Last_4533";"customer_4533@email.com";"Ioannina";"Italy";"2018-02-24";"Silver";607
4534;"First_4534";"Last_4534";"customer_4534@email.com";"Chania";"Greece";"2020-11-15";"Bronze";616
4535;"First_4535";"Last_4535";"customer_4535@email.com";"Rhodes";"Greece";"2021-07-28";"Bronze";828
4536;"First_4536";"Last_4536";"customer_4536@email.com";"Volos";"Greece";"2020-03-14";"Silver";595
4537;"First_4537";"Last_4537";"customer_4537@email.com";"Patras";"Greece";"2018-11-23";"Silver";644
4538;"First_4538";"Last_4538";"customer_4538@email.com";"Chalkida";"Greece";"2020-08-27";"Silver";581
4539;"First_4539";"Last_4539";"customer_4539@email.com";"Patras";"Greece";"2018-07-05";"Bronze";507
4540;"First_4540";"Last_4540";"customer_4540@email.com";"Athens";"Greece";"2019-05-10";"Silver";395
4541;"First_4541";"Last_4541";"customer_4541@email.com";"Larissa";"Italy";"2020-11-01";"Bronze";751
4542;"First_4542";"Last_4542";"customer_4542@email.com";"Heraklion";"UK";"2022-07-23";"Bronze";672
4543;"First_4543";"Last_4543";"customer_4543@email.com";"Rhodes";"Germany";"2019-03-10";"Silver";372
4544;"First_4544";"Last_4544";"customer_4544@email.com";"Rhodes";"France";"2018-07-27";"Bronze";632
4545;"First_4545";"Last_4545";"customer_4545@email.com";"Larissa";"Greece";"2018-05-13";"Bronze";692
4546;"First_4546";"Last_4546";"customer_4546@email.com";"Chalkida";"France";"2021-09-24";"Silver";405
4547;"First_4547";"Last_4547";"customer_4547@email.com";"Heraklion";"Greece";"2021-05-04";"Bronze";400
4548;"First_4548";"Last_4548";"customer_4548@email.com";"Ioannina";"Greece";"2021-07-09";"Platinum";658
4549;"First_4549";"Last_4549";"customer_4549@email.com";"Volos";"France";"2021-07-29";"Silver";628
4550;"First_4550";"Last_4550";"customer_4550@email.com";"Heraklion";"France";"2019-01-04";"Platinum";694
4551;"First_4551";"Last_4551";"customer_4551@email.com";"Chalkida";"France";"2021-01-31";"Bronze";334
4552;"First_4552";"Last_4552";"customer_4552@email.com";"Thessaloniki";"Greece";"2022-07-14";"Silver";456
4553;"First_4553";"Last_4553";"customer_4553@email.com";"Athens";"Italy";"2021-04-21";"Bronze";572
4554;"First_4554";"Last_4554";"customer_4554@email.com";"Heraklion";"Italy";"2019-02-27";"Gold";695
4555;"First_4555";"Last_4555";"customer_4555@email.com";"Heraklion";"Greece";"2020-10-29";"Bronze";506
4556;"First_4556";"Last_4556";"customer_4556@email.com";"Athens";"Greece";"2022-04-30";"Bronze";605
4557;"First_4557";"Last_4557";"customer_4557@email.com";"Volos";"Greece";"2018-09-01";"Gold";835
4558;"First_4558";"Last_4558";"customer_4558@email.com";"Heraklion";"Italy";"2020-02-21";"Bronze";761
4559;"First_4559";"Last_4559";"customer_4559@email.com";"Athens";"Greece";"2019-09-16";"Bronze";551
4560;"First_4560";"Last_4560";"customer_4560@email.com";"Athens";"Greece";"2019-07-21";"Bronze";566
4561;"First_4561";"Last_4561";"customer_4561@email.com";"Athens";"Greece";"2021-11-17";"Silver";508
4562;"First_4562";"Last_4562";"customer_4562@email.com";"Chania";"Greece";"2019-06-11";"Bronze";838
4563;"First_4563";"Last_4563";"customer_4563@email.com";"Chalkida";"Germany";"2018-02-06";"Bronze";802
4564;"First_4564";"Last_4564";"customer_4564@email.com";"Chania";"Greece";"2018-06-27";"Bronze";813
4565;"First_4565";"Last_4565";"customer_4565@email.com";"Thessaloniki";"Italy";"2019-10-01";"Silver";447
4566;"First_4566";"Last_4566";"customer_4566@email.com";"Ioannina";"Germany";"2022-07-11";"Silver";382
4567;"First_4567";"Last_4567";"customer_4567@email.com";"Chania";"UK";"2020-05-01";"Bronze";341
4568;"First_4568";"Last_4568";"customer_4568@email.com";"Chania";"Greece";"2018-03-13";"Bronze";455
4569;"First_4569";"Last_4569";"customer_4569@email.com";"Chalkida";"Greece";"2018-12-18";"Bronze";752
4570;"First_4570";"Last_4570";"customer_4570@email.com";"Ioannina";"Greece";"2019-09-15";"Bronze";583
4571;"First_4571";"Last_4571";"customer_4571@email.com";"Larissa";"Greece";"2021-03-18";"Bronze";487
4572;"First_4572";"Last_4572";"customer_4572@email.com";"Athens";"Greece";"2022-09-17";"Bronze";773
4573;"First_4573";"Last_4573";"customer_4573@email.com";"Rhodes";"Italy";"2018-04-15";"Silver";806
4574;"First_4574";"Last_4574";"customer_4574@email.com";"Ioannina";"Greece";"2022-08-10";"Gold";432
4575;"First_4575";"Last_4575";"customer_4575@email.com";"Thessaloniki";"Greece";"2018-08-09";"Bronze";570
4576;"First_4576";"Last_4576";"customer_4576@email.com";"Volos";"Greece";"2020-05-12";"Silver";372
4577;"First_4577";"Last_4577";"customer_4577@email.com";"Thessaloniki";"Greece";"2021-10-29";"Silver";735
4578;"First_4578";"Last_4578";"customer_4578@email.com";"Athens";"Italy";"2019-06-02";"Silver";592
4579;"First_4579";"Last_4579";"customer_4579@email.com";"Ioannina";"Greece";"2021-07-07";"Gold";736
4580;"First_4580";"Last_4580";"customer_4580@email.com";"Thessaloniki";"Greece";"2018-10-26";"Bronze";359
4581;"First_4581";"Last_4581";"customer_4581@email.com";"Thessaloniki";"Germany";"2020-05-10";"Bronze";626
4582;"First_4582";"Last_4582";"customer_4582@email.com";"Larissa";"Greece";"2018-02-11";"Silver";481
4583;"First_4583";"Last_4583";"customer_4583@email.com";"Larissa";"Greece";"2020-02-10";"Bronze";733
4584;"First_4584";"Last_4584";"customer_4584@email.com";"Ioannina";"Greece";"2020-06-15";"Bronze";818
4585;"First_4585";"Last_4585";"customer_4585@email.com";"Athens";"Greece";"2019-05-07";"Bronze";382
4586;"First_4586";"Last_4586";"customer_4586@email.com";"Chania";"Greece";"2022-01-02";"Bronze";327
4587;"First_4587";"Last_4587";"customer_4587@email.com";"Patras";"Greece";"2022-12-12";"Silver";565
4588;"First_4588";"Last_4588";"customer_4588@email.com";"Heraklion";"France";"2020-12-06";"Bronze";582
4589;"First_4589";"Last_4589";"customer_4589@email.com";"Rhodes";"Greece";"2018-03-26";"Bronze";696
4590;"First_4590";"Last_4590";"customer_4590@email.com";"Heraklion";"UK";"2022-09-06";"Bronze";682
4591;"First_4591";"Last_4591";"customer_4591@email.com";"Chalkida";"UK";"2020-12-17";"Bronze";618
4592;"First_4592";"Last_4592";"customer_4592@email.com";"Larissa";"Greece";"2020-09-17";"Platinum";492
4593;"First_4593";"Last_4593";"customer_4593@email.com";"Ioannina";"Greece";"2019-12-12";"Bronze";526
4594;"First_4594";"Last_4594";"customer_4594@email.com";"Heraklion";"Greece";"2018-07-28";"Platinum";750
4595;"First_4595";"Last_4595";"customer_4595@email.com";"Athens";"UK";"2021-06-25";"Silver";481
4596;"First_4596";"Last_4596";"customer_4596@email.com";"Rhodes";"Germany";"2021-05-19";"Silver";626
4597;"First_4597";"Last_4597";"customer_4597@email.com";"Heraklion";"Germany";"2018-02-08";"Bronze";502
4598;"First_4598";"Last_4598";"customer_4598@email.com";"Rhodes";"Greece";"2021-06-29";"Bronze";701
4599;"First_4599";"Last_4599";"customer_4599@email.com";"Volos";"Italy";"2022-07-25";"Gold";771
4600;"First_4600";"Last_4600";"customer_4600@email.com";"Athens";"Greece";"2020-07-14";"Gold";478
4601;"First_4601";"Last_4601";"customer_4601@email.com";"Patras";"Greece";"2020-02-01";"Bronze";317
4602;"First_4602";"Last_4602";"customer_4602@email.com";"Thessaloniki";"Greece";"2021-12-07";"Bronze";762
4603;"First_4603";"Last_4603";"customer_4603@email.com";"Rhodes";"Greece";"2020-08-03";"Bronze";845
4604;"First_4604";"Last_4604";"customer_4604@email.com";"Athens";"Greece";"2022-01-09";"Gold";702
4605;"First_4605";"Last_4605";"customer_4605@email.com";"Rhodes";"UK";"2018-02-21";"Bronze";692
4606;"First_4606";"Last_4606";"customer_4606@email.com";"Rhodes";"France";"2019-01-09";"Silver";599
4607;"First_4607";"Last_4607";"customer_4607@email.com";"Chania";"France";"2022-03-30";"Silver";650
4608;"First_4608";"Last_4608";"customer_4608@email.com";"Chania";"Greece";"2020-07-19";"Silver";486
4609;"First_4609";"Last_4609";"customer_4609@email.com";"Athens";"Germany";"2018-06-05";"Silver";646
4610;"First_4610";"Last_4610";"customer_4610@email.com";"Chania";"Greece";"2022-04-15";"Bronze";708
4611;"First_4611";"Last_4611";"customer_4611@email.com";"Chalkida";"Greece";"2021-01-18";"Platinum";370
4612;"First_4612";"Last_4612";"customer_4612@email.com";"Patras";"Greece";"2019-11-10";"Silver";626
4613;"First_4613";"Last_4613";"customer_4613@email.com";"Ioannina";"Greece";"2018-12-17";"Silver";511
4614;"First_4614";"Last_4614";"customer_4614@email.com";"Athens";"Greece";"2018-03-10";"Bronze";608
4615;"First_4615";"Last_4615";"customer_4615@email.com";"Athens";"Greece";"2021-04-01";"Silver";407
4616;"First_4616";"Last_4616";"customer_4616@email.com";"Chalkida";"Greece";"2021-06-19";"Bronze";476
4617;"First_4617";"Last_4617";"customer_4617@email.com";"Larissa";"Italy";"2022-02-27";"Bronze";726
4618;"First_4618";"Last_4618";"customer_4618@email.com";"Larissa";"Greece";"2021-11-07";"Silver";830
4619;"First_4619";"Last_4619";"customer_4619@email.com";"Chania";"Italy";"2020-12-11";"Silver";717
4620;"First_4620";"Last_4620";"customer_4620@email.com";"Ioannina";"UK";"2019-10-16";"Silver";547
4621;"First_4621";"Last_4621";"customer_4621@email.com";"Chania";"Greece";"2018-03-04";"Bronze";508
4622;"First_4622";"Last_4622";"customer_4622@email.com";"Volos";"Germany";"2019-05-24";"Silver";515
4623;"First_4623";"Last_4623";"customer_4623@email.com";"Volos";"Greece";"2018-10-19";"Bronze";737
4624;"First_4624";"Last_4624";"customer_4624@email.com";"Thessaloniki";"France";"2021-01-19";"Silver";610
4625;"First_4625";"Last_4625";"customer_4625@email.com";"Volos";"Greece";"2022-08-15";"Bronze";682
4626;"First_4626";"Last_4626";"customer_4626@email.com";"Larissa";"Italy";"2021-12-18";"Silver";570
4627;"First_4627";"Last_4627";"customer_4627@email.com";"Patras";"Germany";"2022-08-20";"Gold";420
4628;"First_4628";"Last_4628";"customer_4628@email.com";"Volos";"France";"2020-03-31";"Bronze";706
4629;"First_4629";"Last_4629";"customer_4629@email.com";"Chania";"UK";"2021-10-20";"Bronze";544
4630;"First_4630";"Last_4630";"customer_4630@email.com";"Rhodes";"Greece";"2018-05-30";"Silver";365
4631;"First_4631";"Last_4631";"customer_4631@email.com";"Athens";"Greece";"2021-07-18";"Silver";527
4632;"First_4632";"Last_4632";"customer_4632@email.com";"Patras";"Greece";"2020-05-30";"Silver";436
4633;"First_4633";"Last_4633";"customer_4633@email.com";"Patras";"Greece";"2022-05-24";"Silver";493
4634;"First_4634";"Last_4634";"customer_4634@email.com";"Chania";"Greece";"2021-02-13";"Bronze";788
4635;"First_4635";"Last_4635";"customer_4635@email.com";"Athens";"France";"2019-12-05";"Bronze";653
4636;"First_4636";"Last_4636";"customer_4636@email.com";"Larissa";"Greece";"2019-05-31";"Bronze";456
4637;"First_4637";"Last_4637";"customer_4637@email.com";"Patras";"Italy";"2022-05-30";"Bronze";775
4638;"First_4638";"Last_4638";"customer_4638@email.com";"Thessaloniki";"France";"2021-06-18";"Silver";315
4639;"First_4639";"Last_4639";"customer_4639@email.com";"Chania";"Greece";"2018-01-30";"Bronze";377
4640;"First_4640";"Last_4640";"customer_4640@email.com";"Patras";"Italy";"2021-03-12";"Gold";351
4641;"First_4641";"Last_4641";"customer_4641@email.com";"Ioannina";"Greece";"2018-11-22";"Gold";813
4642;"First_4642";"Last_4642";"customer_4642@email.com";"Athens";"France";"2022-09-15";"Gold";803
4643;"First_4643";"Last_4643";"customer_4643@email.com";"Volos";"Greece";"2020-08-06";"Gold";360
4644;"First_4644";"Last_4644";"customer_4644@email.com";"Patras";"Greece";"2018-01-16";"Bronze";431
4645;"First_4645";"Last_4645";"customer_4645@email.com";"Chania";"Greece";"2018-04-21";"Gold";681
4646;"First_4646";"Last_4646";"customer_4646@email.com";"Volos";"Greece";"2020-05-21";"Bronze";842
4647;"First_4647";"Last_4647";"customer_4647@email.com";"Thessaloniki";"Greece";"2019-12-14";"Bronze";709
4648;"First_4648";"Last_4648";"customer_4648@email.com";"Volos";"Greece";"2018-04-17";"Silver";454
4649;"First_4649";"Last_4649";"customer_4649@email.com";"Ioannina";"Greece";"2019-01-14";"Bronze";350
4650;"First_4650";"Last_4650";"customer_4650@email.com";"Larissa";"Italy";"2018-06-11";"Platinum";394
4651;"First_4651";"Last_4651";"customer_4651@email.com";"Patras";"Greece";"2018-10-10";"Silver";822
4652;"First_4652";"Last_4652";"customer_4652@email.com";"Heraklion";"Greece";"2018-09-26";"Silver";823
4653;"First_4653";"Last_4653";"customer_4653@email.com";"Heraklion";"Germany";"2019-04-29";"Bronze";654
4654;"First_4654";"Last_4654";"customer_4654@email.com";"Volos";"UK";"2019-10-29";"Silver";344
4655;"First_4655";"Last_4655";"customer_4655@email.com";"Chalkida";"Italy";"2021-01-01";"Bronze";504
4656;"First_4656";"Last_4656";"customer_4656@email.com";"Athens";"Greece";"2021-05-05";"Gold";730
4657;"First_4657";"Last_4657";"customer_4657@email.com";"Heraklion";"Greece";"2021-06-20";"Bronze";555
4658;"First_4658";"Last_4658";"customer_4658@email.com";"Chalkida";"Greece";"2019-08-21";"Silver";547
4659;"First_4659";"Last_4659";"customer_4659@email.com";"Heraklion";"Greece";"2020-03-09";"Bronze";832
4660;"First_4660";"Last_4660";"customer_4660@email.com";"Chalkida";"France";"2021-07-06";"Bronze";340
4661;"First_4661";"Last_4661";"customer_4661@email.com";"Athens";"Greece";"2020-03-08";"Bronze";758
4662;"First_4662";"Last_4662";"customer_4662@email.com";"Rhodes";"Italy";"2021-03-18";"Bronze";576
4663;"First_4663";"Last_4663";"customer_4663@email.com";"Heraklion";"Greece";"2019-01-25";"Silver";494
4664;"First_4664";"Last_4664";"customer_4664@email.com";"Ioannina";"Italy";"2019-02-20";"Bronze";370
4665;"First_4665";"Last_4665";"customer_4665@email.com";"Patras";"Greece";"2019-03-02";"Bronze";569
4666;"First_4666";"Last_4666";"customer_4666@email.com";"Chalkida";"France";"2020-09-23";"Silver";634
4667;"First_4667";"Last_4667";"customer_4667@email.com";"Patras";"Italy";"2022-09-22";"Bronze";607
4668;"First_4668";"Last_4668";"customer_4668@email.com";"Chania";"Italy";"2021-05-25";"Bronze";726
4669;"First_4669";"Last_4669";"customer_4669@email.com";"Chania";"Greece";"2020-05-16";"Gold";498
4670;"First_4670";"Last_4670";"customer_4670@email.com";"Athens";"Greece";"2018-03-27";"Bronze";375
4671;"First_4671";"Last_4671";"customer_4671@email.com";"Chalkida";"Germany";"2021-05-24";"Bronze";824
4672;"First_4672";"Last_4672";"customer_4672@email.com";"Thessaloniki";"Greece";"2019-02-27";"Bronze";529
4673;"First_4673";"Last_4673";"customer_4673@email.com";"Chania";"Greece";"2021-09-05";"Bronze";384
4674;"First_4674";"Last_4674";"customer_4674@email.com";"Athens";"Greece";"2018-04-28";"Silver";461
4675;"First_4675";"Last_4675";"customer_4675@email.com";"Chania";"Greece";"2020-08-16";"Bronze";696
4676;"First_4676";"Last_4676";"customer_4676@email.com";"Chania";"Greece";"2020-05-31";"Silver";670
4677;"First_4677";"Last_4677";"customer_4677@email.com";"Thessaloniki";"Greece";"2020-09-18";"Bronze";514
4678;"First_4678";"Last_4678";"customer_4678@email.com";"Heraklion";"Greece";"2019-02-19";"Bronze";300
4679;"First_4679";"Last_4679";"customer_4679@email.com";"Volos";"Greece";"2019-08-22";"Bronze";676
4680;"First_4680";"Last_4680";"customer_4680@email.com";"Rhodes";"Greece";"2018-02-09";"Silver";711
4681;"First_4681";"Last_4681";"customer_4681@email.com";"Chania";"Greece";"2021-03-30";"Platinum";499
4682;"First_4682";"Last_4682";"customer_4682@email.com";"Chania";"Greece";"2019-12-04";"Silver";482
4683;"First_4683";"Last_4683";"customer_4683@email.com";"Ioannina";"Italy";"2019-06-21";"Platinum";709
4684;"First_4684";"Last_4684";"customer_4684@email.com";"Rhodes";"Italy";"2019-02-24";"Bronze";697
4685;"First_4685";"Last_4685";"customer_4685@email.com";"Thessaloniki";"Italy";"2019-10-26";"Bronze";515
4686;"First_4686";"Last_4686";"customer_4686@email.com";"Patras";"France";"2018-04-05";"Bronze";648
4687;"First_4687";"Last_4687";"customer_4687@email.com";"Chalkida";"Greece";"2022-01-05";"Bronze";340
4688;"First_4688";"Last_4688";"customer_4688@email.com";"Chania";"Germany";"2022-05-01";"Bronze";302
4689;"First_4689";"Last_4689";"customer_4689@email.com";"Volos";"Greece";"2020-08-30";"Bronze";393
4690;"First_4690";"Last_4690";"customer_4690@email.com";"Chalkida";"Germany";"2019-10-12";"Bronze";358
4691;"First_4691";"Last_4691";"customer_4691@email.com";"Rhodes";"Greece";"2022-01-29";"Bronze";706
4692;"First_4692";"Last_4692";"customer_4692@email.com";"Chalkida";"Germany";"2018-10-15";"Bronze";317
4693;"First_4693";"Last_4693";"customer_4693@email.com";"Heraklion";"Greece";"2022-08-27";"Bronze";793
4694;"First_4694";"Last_4694";"customer_4694@email.com";"Chania";"Greece";"2019-02-16";"Gold";807
4695;"First_4695";"Last_4695";"customer_4695@email.com";"Chalkida";"UK";"2019-02-04";"Bronze";631
4696;"First_4696";"Last_4696";"customer_4696@email.com";"Patras";"Greece";"2019-06-12";"Silver";468
4697;"First_4697";"Last_4697";"customer_4697@email.com";"Patras";"Greece";"2020-11-07";"Silver";505
4698;"First_4698";"Last_4698";"customer_4698@email.com";"Chania";"Greece";"2018-05-16";"Bronze";820
4699;"First_4699";"Last_4699";"customer_4699@email.com";"Larissa";"Greece";"2022-01-27";"Bronze";804
4700;"First_4700";"Last_4700";"customer_4700@email.com";"Patras";"Greece";"2020-01-29";"Bronze";645
4701;"First_4701";"Last_4701";"customer_4701@email.com";"Chalkida";"Italy";"2021-06-25";"Silver";603
4702;"First_4702";"Last_4702";"customer_4702@email.com";"Athens";"Greece";"2020-04-22";"Bronze";414
4703;"First_4703";"Last_4703";"customer_4703@email.com";"Patras";"Greece";"2019-12-11";"Bronze";386
4704;"First_4704";"Last_4704";"customer_4704@email.com";"Rhodes";"Greece";"2020-10-21";"Bronze";394
4705;"First_4705";"Last_4705";"customer_4705@email.com";"Larissa";"Germany";"2022-09-22";"Gold";727
4706;"First_4706";"Last_4706";"customer_4706@email.com";"Chalkida";"UK";"2019-01-16";"Bronze";749
4707;"First_4707";"Last_4707";"customer_4707@email.com";"Thessaloniki";"Germany";"2019-05-24";"Silver";840
4708;"First_4708";"Last_4708";"customer_4708@email.com";"Ioannina";"UK";"2022-01-23";"Bronze";301
4709;"First_4709";"Last_4709";"customer_4709@email.com";"Thessaloniki";"Italy";"2022-03-09";"Gold";377
4710;"First_4710";"Last_4710";"customer_4710@email.com";"Heraklion";"France";"2020-03-16";"Silver";623
4711;"First_4711";"Last_4711";"customer_4711@email.com";"Ioannina";"Germany";"2019-04-21";"Bronze";397
4712;"First_4712";"Last_4712";"customer_4712@email.com";"Heraklion";"Greece";"2022-04-30";"Gold";409
4713;"First_4713";"Last_4713";"customer_4713@email.com";"Ioannina";"Germany";"2020-08-11";"Silver";756
4714;"First_4714";"Last_4714";"customer_4714@email.com";"Ioannina";"Greece";"2020-04-28";"Bronze";787
4715;"First_4715";"Last_4715";"customer_4715@email.com";"Athens";"UK";"2020-06-15";"Bronze";670
4716;"First_4716";"Last_4716";"customer_4716@email.com";"Volos";"France";"2018-02-01";"Silver";636
4717;"First_4717";"Last_4717";"customer_4717@email.com";"Rhodes";"UK";"2018-04-28";"Gold";321
4718;"First_4718";"Last_4718";"customer_4718@email.com";"Thessaloniki";"France";"2021-04-22";"Silver";604
4719;"First_4719";"Last_4719";"customer_4719@email.com";"Patras";"Greece";"2018-07-10";"Silver";571
4720;"First_4720";"Last_4720";"customer_4720@email.com";"Chalkida";"Greece";"2022-11-06";"Silver";789
4721;"First_4721";"Last_4721";"customer_4721@email.com";"Larissa";"Greece";"2022-11-09";"Bronze";745
4722;"First_4722";"Last_4722";"customer_4722@email.com";"Rhodes";"Italy";"2022-10-18";"Silver";577
4723;"First_4723";"Last_4723";"customer_4723@email.com";"Heraklion";"France";"2018-03-15";"Bronze";676
4724;"First_4724";"Last_4724";"customer_4724@email.com";"Athens";"Germany";"2019-09-15";"Platinum";531
4725;"First_4725";"Last_4725";"customer_4725@email.com";"Heraklion";"UK";"2021-01-31";"Silver";725
4726;"First_4726";"Last_4726";"customer_4726@email.com";"Volos";"UK";"2020-05-20";"Silver";354
4727;"First_4727";"Last_4727";"customer_4727@email.com";"Larissa";"Italy";"2019-08-09";"Bronze";740
4728;"First_4728";"Last_4728";"customer_4728@email.com";"Athens";"France";"2019-02-24";"Bronze";333
4729;"First_4729";"Last_4729";"customer_4729@email.com";"Heraklion";"Germany";"2019-04-18";"Bronze";628
4730;"First_4730";"Last_4730";"customer_4730@email.com";"Volos";"Germany";"2022-11-23";"Silver";753
4731;"First_4731";"Last_4731";"customer_4731@email.com";"Chalkida";"Greece";"2018-04-24";"Silver";687
4732;"First_4732";"Last_4732";"customer_4732@email.com";"Chalkida";"Germany";"2021-11-03";"Bronze";729
4733;"First_4733";"Last_4733";"customer_4733@email.com";"Heraklion";"Greece";"2021-08-29";"Silver";775
4734;"First_4734";"Last_4734";"customer_4734@email.com";"Rhodes";"Greece";"2018-11-26";"Gold";424
4735;"First_4735";"Last_4735";"customer_4735@email.com";"Larissa";"France";"2018-12-05";"Bronze";822
4736;"First_4736";"Last_4736";"customer_4736@email.com";"Chania";"Greece";"2018-08-26";"Bronze";781
4737;"First_4737";"Last_4737";"customer_4737@email.com";"Rhodes";"Italy";"2021-04-11";"Silver";616
4738;"First_4738";"Last_4738";"customer_4738@email.com";"Chalkida";"Greece";"2018-03-20";"Silver";421
4739;"First_4739";"Last_4739";"customer_4739@email.com";"Larissa";"Greece";"2019-04-09";"Silver";846
4740;"First_4740";"Last_4740";"customer_4740@email.com";"Volos";"Greece";"2019-08-28";"Silver";612
4741;"First_4741";"Last_4741";"customer_4741@email.com";"Athens";"Greece";"2022-03-05";"Platinum";786
4742;"First_4742";"Last_4742";"customer_4742@email.com";"Ioannina";"Greece";"2019-07-16";"Bronze";311
4743;"First_4743";"Last_4743";"customer_4743@email.com";"Heraklion";"Greece";"2018-10-12";"Bronze";424
4744;"First_4744";"Last_4744";"customer_4744@email.com";"Thessaloniki";"Greece";"2018-08-11";"Bronze";376
4745;"First_4745";"Last_4745";"customer_4745@email.com";"Larissa";"Greece";"2019-08-16";"Bronze";535
4746;"First_4746";"Last_4746";"customer_4746@email.com";"Patras";"Greece";"2021-07-13";"Bronze";553
4747;"First_4747";"Last_4747";"customer_4747@email.com";"Volos";"UK";"2022-08-18";"Bronze";705
4748;"First_4748";"Last_4748";"customer_4748@email.com";"Chania";"Greece";"2019-01-08";"Platinum";542
4749;"First_4749";"Last_4749";"customer_4749@email.com";"Ioannina";"Germany";"2021-06-10";"Gold";760
4750;"First_4750";"Last_4750";"customer_4750@email.com";"Patras";"UK";"2020-06-29";"Bronze";576
4751;"First_4751";"Last_4751";"customer_4751@email.com";"Chania";"Greece";"2020-04-07";"Silver";768
4752;"First_4752";"Last_4752";"customer_4752@email.com";"Thessaloniki";"Italy";"2018-08-24";"Silver";519
4753;"First_4753";"Last_4753";"customer_4753@email.com";"Chalkida";"UK";"2019-11-02";"Gold";524
4754;"First_4754";"Last_4754";"customer_4754@email.com";"Rhodes";"UK";"2020-04-07";"Silver";400
4755;"First_4755";"Last_4755";"customer_4755@email.com";"Heraklion";"Greece";"2020-02-02";"Bronze";806
4756;"First_4756";"Last_4756";"customer_4756@email.com";"Athens";"UK";"2021-08-30";"Silver";630
4757;"First_4757";"Last_4757";"customer_4757@email.com";"Chania";"France";"2019-01-15";"Silver";536
4758;"First_4758";"Last_4758";"customer_4758@email.com";"Ioannina";"Greece";"2020-03-04";"Silver";638
4759;"First_4759";"Last_4759";"customer_4759@email.com";"Larissa";"Greece";"2019-09-06";"Gold";805
4760;"First_4760";"Last_4760";"customer_4760@email.com";"Chalkida";"Greece";"2019-07-17";"Gold";464
4761;"First_4761";"Last_4761";"customer_4761@email.com";"Larissa";"UK";"2019-02-24";"Silver";517
4762;"First_4762";"Last_4762";"customer_4762@email.com";"Ioannina";"Greece";"2018-02-21";"Silver";675
4763;"First_4763";"Last_4763";"customer_4763@email.com";"Larissa";"UK";"2022-10-11";"Platinum";311
4764;"First_4764";"Last_4764";"customer_4764@email.com";"Chania";"Greece";"2020-03-29";"Bronze";731
4765;"First_4765";"Last_4765";"customer_4765@email.com";"Volos";"France";"2022-07-25";"Bronze";382
4766;"First_4766";"Last_4766";"customer_4766@email.com";"Larissa";"Greece";"2022-03-13";"Bronze";730
4767;"First_4767";"Last_4767";"customer_4767@email.com";"Rhodes";"Greece";"2022-12-11";"Gold";777
4768;"First_4768";"Last_4768";"customer_4768@email.com";"Thessaloniki";"Greece";"2018-07-24";"Silver";668
4769;"First_4769";"Last_4769";"customer_4769@email.com";"Athens";"Greece";"2020-09-27";"Bronze";440
4770;"First_4770";"Last_4770";"customer_4770@email.com";"Chania";"Greece";"2020-01-01";"Platinum";755
4771;"First_4771";"Last_4771";"customer_4771@email.com";"Patras";"Greece";"2018-09-14";"Silver";801
4772;"First_4772";"Last_4772";"customer_4772@email.com";"Ioannina";"Greece";"2018-07-04";"Gold";702
4773;"First_4773";"Last_4773";"customer_4773@email.com";"Chalkida";"Italy";"2018-05-25";"Bronze";587
4774;"First_4774";"Last_4774";"customer_4774@email.com";"Chania";"France";"2022-09-10";"Silver";654
4775;"First_4775";"Last_4775";"customer_4775@email.com";"Volos";"Greece";"2020-11-03";"Silver";642
4776;"First_4776";"Last_4776";"customer_4776@email.com";"Chalkida";"Greece";"2018-09-03";"Silver";448
4777;"First_4777";"Last_4777";"customer_4777@email.com";"Rhodes";"Greece";"2018-07-06";"Silver";509
4778;"First_4778";"Last_4778";"customer_4778@email.com";"Ioannina";"UK";"2021-09-22";"Gold";411
4779;"First_4779";"Last_4779";"customer_4779@email.com";"Chalkida";"Greece";"2021-07-06";"Bronze";835
4780;"First_4780";"Last_4780";"customer_4780@email.com";"Larissa";"Greece";"2020-05-15";"Gold";348
4781;"First_4781";"Last_4781";"customer_4781@email.com";"Chania";"Greece";"2018-02-09";"Bronze";630
4782;"First_4782";"Last_4782";"customer_4782@email.com";"Thessaloniki";"UK";"2019-08-24";"Bronze";664
4783;"First_4783";"Last_4783";"customer_4783@email.com";"Ioannina";"Greece";"2022-07-19";"Bronze";310
4784;"First_4784";"Last_4784";"customer_4784@email.com";"Heraklion";"France";"2020-08-19";"Bronze";487
4785;"First_4785";"Last_4785";"customer_4785@email.com";"Rhodes";"Greece";"2021-12-12";"Bronze";808
4786;"First_4786";"Last_4786";"customer_4786@email.com";"Athens";"Greece";"2020-09-12";"Gold";744
4787;"First_4787";"Last_4787";"customer_4787@email.com";"Ioannina";"Greece";"2021-10-06";"Silver";389
4788;"First_4788";"Last_4788";"customer_4788@email.com";"Volos";"Greece";"2018-01-09";"Bronze";747
4789;"First_4789";"Last_4789";"customer_4789@email.com";"Chania";"Greece";"2018-12-16";"Silver";331
4790;"First_4790";"Last_4790";"customer_4790@email.com";"Larissa";"Greece";"2018-03-25";"Bronze";626
4791;"First_4791";"Last_4791";"customer_4791@email.com";"Athens";"Greece";"2019-06-17";"Bronze";373
4792;"First_4792";"Last_4792";"customer_4792@email.com";"Athens";"Greece";"2020-09-15";"Silver";550
4793;"First_4793";"Last_4793";"customer_4793@email.com";"Rhodes";"Greece";"2022-12-22";"Silver";749
4794;"First_4794";"Last_4794";"customer_4794@email.com";"Chalkida";"Italy";"2018-12-24";"Silver";654
4795;"First_4795";"Last_4795";"customer_4795@email.com";"Volos";"Greece";"2019-01-13";"Bronze";832
4796;"First_4796";"Last_4796";"customer_4796@email.com";"Chalkida";"Germany";"2018-06-21";"Silver";595
4797;"First_4797";"Last_4797";"customer_4797@email.com";"Larissa";"Greece";"2020-11-14";"Silver";597
4798;"First_4798";"Last_4798";"customer_4798@email.com";"Athens";"Greece";"2019-01-28";"Platinum";627
4799;"First_4799";"Last_4799";"customer_4799@email.com";"Volos";"Greece";"2021-01-31";"Bronze";601
4800;"First_4800";"Last_4800";"customer_4800@email.com";"Volos";"Greece";"2019-12-03";"Silver";811
4801;"First_4801";"Last_4801";"customer_4801@email.com";"Patras";"Greece";"2021-06-13";"Silver";637
4802;"First_4802";"Last_4802";"customer_4802@email.com";"Chania";"Greece";"2021-12-04";"Platinum";673
4803;"First_4803";"Last_4803";"customer_4803@email.com";"Athens";"UK";"2019-07-03";"Bronze";393
4804;"First_4804";"Last_4804";"customer_4804@email.com";"Athens";"Greece";"2020-02-23";"Silver";431
4805;"First_4805";"Last_4805";"customer_4805@email.com";"Volos";"Greece";"2018-11-28";"Bronze";352
4806;"First_4806";"Last_4806";"customer_4806@email.com";"Chalkida";"Greece";"2022-08-15";"Silver";795
4807;"First_4807";"Last_4807";"customer_4807@email.com";"Athens";"Greece";"2020-03-04";"Bronze";528
4808;"First_4808";"Last_4808";"customer_4808@email.com";"Volos";"UK";"2022-04-05";"Bronze";511
4809;"First_4809";"Last_4809";"customer_4809@email.com";"Athens";"Greece";"2019-10-11";"Silver";803
4810;"First_4810";"Last_4810";"customer_4810@email.com";"Volos";"Greece";"2020-09-09";"Bronze";794
4811;"First_4811";"Last_4811";"customer_4811@email.com";"Patras";"Greece";"2020-11-18";"Bronze";532
4812;"First_4812";"Last_4812";"customer_4812@email.com";"Chania";"Greece";"2019-06-27";"Bronze";370
4813;"First_4813";"Last_4813";"customer_4813@email.com";"Volos";"Germany";"2020-11-08";"Bronze";488
4814;"First_4814";"Last_4814";"customer_4814@email.com";"Athens";"Germany";"2021-03-17";"Platinum";307
4815;"First_4815";"Last_4815";"customer_4815@email.com";"Larissa";"Greece";"2022-02-03";"Silver";631
4816;"First_4816";"Last_4816";"customer_4816@email.com";"Chania";"Greece";"2019-05-06";"Gold";315
4817;"First_4817";"Last_4817";"customer_4817@email.com";"Patras";"Germany";"2018-10-10";"Bronze";392
4818;"First_4818";"Last_4818";"customer_4818@email.com";"Volos";"Greece";"2020-05-11";"Gold";561
4819;"First_4819";"Last_4819";"customer_4819@email.com";"Larissa";"Greece";"2022-08-26";"Bronze";848
4820;"First_4820";"Last_4820";"customer_4820@email.com";"Volos";"UK";"2018-04-23";"Silver";460
4821;"First_4821";"Last_4821";"customer_4821@email.com";"Chalkida";"Greece";"2022-01-18";"Bronze";650
4822;"First_4822";"Last_4822";"customer_4822@email.com";"Athens";"Greece";"2022-08-13";"Silver";473
4823;"First_4823";"Last_4823";"customer_4823@email.com";"Ioannina";"Greece";"2021-09-15";"Silver";616
4824;"First_4824";"Last_4824";"customer_4824@email.com";"Rhodes";"Germany";"2021-07-02";"Bronze";317
4825;"First_4825";"Last_4825";"customer_4825@email.com";"Thessaloniki";"Greece";"2022-06-11";"Bronze";785
4826;"First_4826";"Last_4826";"customer_4826@email.com";"Chalkida";"Italy";"2021-11-23";"Silver";666
4827;"First_4827";"Last_4827";"customer_4827@email.com";"Larissa";"UK";"2020-05-11";"Bronze";650
4828;"First_4828";"Last_4828";"customer_4828@email.com";"Chalkida";"Greece";"2019-09-02";"Bronze";827
4829;"First_4829";"Last_4829";"customer_4829@email.com";"Heraklion";"Greece";"2019-05-23";"Bronze";734
4830;"First_4830";"Last_4830";"customer_4830@email.com";"Volos";"Greece";"2022-07-26";"Silver";569
4831;"First_4831";"Last_4831";"customer_4831@email.com";"Volos";"Greece";"2019-04-11";"Gold";367
4832;"First_4832";"Last_4832";"customer_4832@email.com";"Thessaloniki";"France";"2020-04-03";"Bronze";329
4833;"First_4833";"Last_4833";"customer_4833@email.com";"Thessaloniki";"Greece";"2021-12-01";"Bronze";615
4834;"First_4834";"Last_4834";"customer_4834@email.com";"Heraklion";"Greece";"2019-09-01";"Gold";463
4835;"First_4835";"Last_4835";"customer_4835@email.com";"Athens";"Germany";"2021-01-26";"Silver";619
4836;"First_4836";"Last_4836";"customer_4836@email.com";"Rhodes";"Greece";"2018-10-17";"Bronze";313
4837;"First_4837";"Last_4837";"customer_4837@email.com";"Ioannina";"UK";"2020-05-17";"Gold";578
4838;"First_4838";"Last_4838";"customer_4838@email.com";"Ioannina";"Germany";"2022-10-29";"Bronze";731
4839;"First_4839";"Last_4839";"customer_4839@email.com";"Patras";"Greece";"2022-08-08";"Bronze";562
4840;"First_4840";"Last_4840";"customer_4840@email.com";"Patras";"Greece";"2021-03-25";"Platinum";821
4841;"First_4841";"Last_4841";"customer_4841@email.com";"Athens";"UK";"2020-02-21";"Gold";471
4842;"First_4842";"Last_4842";"customer_4842@email.com";"Patras";"UK";"2018-06-11";"Bronze";657
4843;"First_4843";"Last_4843";"customer_4843@email.com";"Patras";"Greece";"2019-09-16";"Bronze";312
4844;"First_4844";"Last_4844";"customer_4844@email.com";"Heraklion";"Greece";"2022-09-17";"Bronze";531
4845;"First_4845";"Last_4845";"customer_4845@email.com";"Heraklion";"Greece";"2019-12-18";"Bronze";775
4846;"First_4846";"Last_4846";"customer_4846@email.com";"Patras";"Greece";"2021-01-25";"Bronze";770
4847;"First_4847";"Last_4847";"customer_4847@email.com";"Chalkida";"Greece";"2021-11-01";"Bronze";459
4848;"First_4848";"Last_4848";"customer_4848@email.com";"Chania";"Greece";"2019-07-21";"Gold";560
4849;"First_4849";"Last_4849";"customer_4849@email.com";"Chania";"Greece";"2022-01-13";"Gold";658
4850;"First_4850";"Last_4850";"customer_4850@email.com";"Athens";"Greece";"2020-09-20";"Silver";554
4851;"First_4851";"Last_4851";"customer_4851@email.com";"Ioannina";"Italy";"2021-02-14";"Silver";814
4852;"First_4852";"Last_4852";"customer_4852@email.com";"Thessaloniki";"Germany";"2022-06-17";"Bronze";579
4853;"First_4853";"Last_4853";"customer_4853@email.com";"Athens";"Greece";"2022-10-06";"Bronze";416
4854;"First_4854";"Last_4854";"customer_4854@email.com";"Patras";"Greece";"2022-12-23";"Bronze";461
4855;"First_4855";"Last_4855";"customer_4855@email.com";"Heraklion";"Greece";"2022-03-10";"Silver";597
4856;"First_4856";"Last_4856";"customer_4856@email.com";"Volos";"Greece";"2021-04-27";"Bronze";596
4857;"First_4857";"Last_4857";"customer_4857@email.com";"Chalkida";"Italy";"2022-02-08";"Gold";657
4858;"First_4858";"Last_4858";"customer_4858@email.com";"Larissa";"Greece";"2021-09-08";"Silver";817
4859;"First_4859";"Last_4859";"customer_4859@email.com";"Heraklion";"Italy";"2019-08-19";"Bronze";677
4860;"First_4860";"Last_4860";"customer_4860@email.com";"Chania";"Greece";"2021-04-18";"Bronze";725
4861;"First_4861";"Last_4861";"customer_4861@email.com";"Heraklion";"Germany";"2022-12-15";"Silver";836
4862;"First_4862";"Last_4862";"customer_4862@email.com";"Chalkida";"Greece";"2021-04-19";"Gold";468
4863;"First_4863";"Last_4863";"customer_4863@email.com";"Thessaloniki";"Greece";"2020-08-16";"Silver";814
4864;"First_4864";"Last_4864";"customer_4864@email.com";"Patras";"Greece";"2022-09-13";"Bronze";663
4865;"First_4865";"Last_4865";"customer_4865@email.com";"Volos";"France";"2020-10-09";"Silver";729
4866;"First_4866";"Last_4866";"customer_4866@email.com";"Chania";"UK";"2022-12-24";"Bronze";382
4867;"First_4867";"Last_4867";"customer_4867@email.com";"Chania";"France";"2021-08-03";"Platinum";629
4868;"First_4868";"Last_4868";"customer_4868@email.com";"Rhodes";"UK";"2019-04-20";"Silver";432
4869;"First_4869";"Last_4869";"customer_4869@email.com";"Ioannina";"France";"2019-09-10";"Silver";756
4870;"First_4870";"Last_4870";"customer_4870@email.com";"Thessaloniki";"Greece";"2019-10-03";"Bronze";652
4871;"First_4871";"Last_4871";"customer_4871@email.com";"Chania";"Greece";"2018-09-19";"Silver";643
4872;"First_4872";"Last_4872";"customer_4872@email.com";"Ioannina";"Germany";"2022-03-27";"Bronze";393
4873;"First_4873";"Last_4873";"customer_4873@email.com";"Chania";"Germany";"2018-06-11";"Bronze";681
4874;"First_4874";"Last_4874";"customer_4874@email.com";"Patras";"UK";"2022-02-19";"Bronze";594
4875;"First_4875";"Last_4875";"customer_4875@email.com";"Ioannina";"Greece";"2018-06-30";"Gold";497
4876;"First_4876";"Last_4876";"customer_4876@email.com";"Chalkida";"Greece";"2019-12-26";"Silver";378
4877;"First_4877";"Last_4877";"customer_4877@email.com";"Rhodes";"Italy";"2019-04-14";"Bronze";513
4878;"First_4878";"Last_4878";"customer_4878@email.com";"Patras";"Greece";"2022-12-15";"Gold";458
4879;"First_4879";"Last_4879";"customer_4879@email.com";"Chalkida";"Greece";"2018-01-21";"Bronze";500
4880;"First_4880";"Last_4880";"customer_4880@email.com";"Volos";"UK";"2021-07-22";"Bronze";321
4881;"First_4881";"Last_4881";"customer_4881@email.com";"Thessaloniki";"Italy";"2018-09-17";"Bronze";638
4882;"First_4882";"Last_4882";"customer_4882@email.com";"Thessaloniki";"Greece";"2021-09-18";"Silver";541
4883;"First_4883";"Last_4883";"customer_4883@email.com";"Larissa";"France";"2019-04-11";"Silver";537
4884;"First_4884";"Last_4884";"customer_4884@email.com";"Larissa";"Italy";"2021-02-13";"Bronze";448
4885;"First_4885";"Last_4885";"customer_4885@email.com";"Ioannina";"Italy";"2021-12-07";"Silver";306
4886;"First_4886";"Last_4886";"customer_4886@email.com";"Thessaloniki";"Italy";"2019-06-21";"Bronze";532
4887;"First_4887";"Last_4887";"customer_4887@email.com";"Ioannina";"Greece";"2020-08-09";"Silver";376
4888;"First_4888";"Last_4888";"customer_4888@email.com";"Larissa";"Greece";"2020-02-05";"Bronze";788
4889;"First_4889";"Last_4889";"customer_4889@email.com";"Volos";"Greece";"2020-08-16";"Silver";386
4890;"First_4890";"Last_4890";"customer_4890@email.com";"Chania";"Greece";"2022-10-13";"Silver";521
4891;"First_4891";"Last_4891";"customer_4891@email.com";"Chalkida";"Greece";"2020-07-22";"Silver";712
4892;"First_4892";"Last_4892";"customer_4892@email.com";"Heraklion";"Greece";"2020-04-30";"Bronze";501
4893;"First_4893";"Last_4893";"customer_4893@email.com";"Ioannina";"Greece";"2021-07-04";"Silver";575
4894;"First_4894";"Last_4894";"customer_4894@email.com";"Volos";"Greece";"2021-04-06";"Bronze";520
4895;"First_4895";"Last_4895";"customer_4895@email.com";"Chalkida";"Greece";"2019-06-17";"Gold";456
4896;"First_4896";"Last_4896";"customer_4896@email.com";"Thessaloniki";"France";"2022-06-10";"Bronze";480
4897;"First_4897";"Last_4897";"customer_4897@email.com";"Chania";"Greece";"2018-01-15";"Bronze";428
4898;"First_4898";"Last_4898";"customer_4898@email.com";"Chalkida";"Greece";"2018-02-19";"Silver";542
4899;"First_4899";"Last_4899";"customer_4899@email.com";"Rhodes";"Greece";"2020-09-25";"Silver";471
4900;"First_4900";"Last_4900";"customer_4900@email.com";"Larissa";"Greece";"2018-10-31";"Bronze";802
4901;"First_4901";"Last_4901";"customer_4901@email.com";"Chalkida";"Italy";"2022-02-19";"Gold";779
4902;"First_4902";"Last_4902";"customer_4902@email.com";"Heraklion";"Greece";"2019-02-20";"Platinum";569
4903;"First_4903";"Last_4903";"customer_4903@email.com";"Volos";"Greece";"2018-11-01";"Silver";720
4904;"First_4904";"Last_4904";"customer_4904@email.com";"Chania";"Greece";"2018-07-15";"Bronze";462
4905;"First_4905";"Last_4905";"customer_4905@email.com";"Patras";"Greece";"2020-03-23";"Silver";323
4906;"First_4906";"Last_4906";"customer_4906@email.com";"Chalkida";"Greece";"2020-03-10";"Bronze";796
4907;"First_4907";"Last_4907";"customer_4907@email.com";"Athens";"Greece";"2019-01-23";"Bronze";492
4908;"First_4908";"Last_4908";"customer_4908@email.com";"Heraklion";"Greece";"2020-01-27";"Gold";689
4909;"First_4909";"Last_4909";"customer_4909@email.com";"Heraklion";"France";"2019-03-31";"Platinum";796
4910;"First_4910";"Last_4910";"customer_4910@email.com";"Athens";"Germany";"2019-12-14";"Gold";428
4911;"First_4911";"Last_4911";"customer_4911@email.com";"Rhodes";"Greece";"2019-12-06";"Bronze";842
4912;"First_4912";"Last_4912";"customer_4912@email.com";"Patras";"Greece";"2020-04-27";"Bronze";335
4913;"First_4913";"Last_4913";"customer_4913@email.com";"Larissa";"Greece";"2022-08-09";"Bronze";756
4914;"First_4914";"Last_4914";"customer_4914@email.com";"Volos";"Greece";"2021-08-26";"Bronze";660
4915;"First_4915";"Last_4915";"customer_4915@email.com";"Chania";"Greece";"2021-02-24";"Bronze";514
4916;"First_4916";"Last_4916";"customer_4916@email.com";"Volos";"France";"2018-06-24";"Bronze";586
4917;"First_4917";"Last_4917";"customer_4917@email.com";"Patras";"Greece";"2021-03-03";"Silver";668
4918;"First_4918";"Last_4918";"customer_4918@email.com";"Volos";"France";"2020-12-25";"Silver";768
4919;"First_4919";"Last_4919";"customer_4919@email.com";"Athens";"Greece";"2021-11-17";"Silver";485
4920;"First_4920";"Last_4920";"customer_4920@email.com";"Heraklion";"Italy";"2021-10-20";"Gold";773
4921;"First_4921";"Last_4921";"customer_4921@email.com";"Volos";"Germany";"2018-10-06";"Bronze";360
4922;"First_4922";"Last_4922";"customer_4922@email.com";"Ioannina";"UK";"2020-01-28";"Bronze";561
4923;"First_4923";"Last_4923";"customer_4923@email.com";"Chalkida";"Greece";"2018-12-29";"Silver";410
4924;"First_4924";"Last_4924";"customer_4924@email.com";"Patras";"France";"2022-11-08";"Silver";440
4925;"First_4925";"Last_4925";"customer_4925@email.com";"Rhodes";"France";"2018-06-20";"Silver";834
4926;"First_4926";"Last_4926";"customer_4926@email.com";"Ioannina";"Germany";"2020-12-10";"Bronze";378
4927;"First_4927";"Last_4927";"customer_4927@email.com";"Athens";"Greece";"2021-09-13";"Bronze";793
4928;"First_4928";"Last_4928";"customer_4928@email.com";"Thessaloniki";"UK";"2019-10-27";"Silver";330
4929;"First_4929";"Last_4929";"customer_4929@email.com";"Athens";"Greece";"2019-08-15";"Gold";815
4930;"First_4930";"Last_4930";"customer_4930@email.com";"Rhodes";"Greece";"2020-07-19";"Gold";808
4931;"First_4931";"Last_4931";"customer_4931@email.com";"Rhodes";"France";"2021-03-14";"Silver";365
4932;"First_4932";"Last_4932";"customer_4932@email.com";"Ioannina";"Greece";"2018-10-01";"Silver";809
4933;"First_4933";"Last_4933";"customer_4933@email.com";"Chalkida";"Greece";"2021-03-24";"Gold";670
4934;"First_4934";"Last_4934";"customer_4934@email.com";"Patras";"Greece";"2019-05-23";"Silver";586
4935;"First_4935";"Last_4935";"customer_4935@email.com";"Larissa";"UK";"2018-12-29";"Silver";475
4936;"First_4936";"Last_4936";"customer_4936@email.com";"Heraklion";"Greece";"2021-09-10";"Gold";422
4937;"First_4937";"Last_4937";"customer_4937@email.com";"Ioannina";"Greece";"2020-04-27";"Silver";530
4938;"First_4938";"Last_4938";"customer_4938@email.com";"Rhodes";"Greece";"2019-10-17";"Gold";303
4939;"First_4939";"Last_4939";"customer_4939@email.com";"Thessaloniki";"UK";"2018-10-25";"Bronze";711
4940;"First_4940";"Last_4940";"customer_4940@email.com";"Chania";"Greece";"2019-05-09";"Silver";549
4941;"First_4941";"Last_4941";"customer_4941@email.com";"Rhodes";"Germany";"2019-06-30";"Gold";786
4942;"First_4942";"Last_4942";"customer_4942@email.com";"Chalkida";"Greece";"2018-10-31";"Bronze";644
4943;"First_4943";"Last_4943";"customer_4943@email.com";"Chalkida";"UK";"2022-01-30";"Silver";632
4944;"First_4944";"Last_4944";"customer_4944@email.com";"Rhodes";"Italy";"2020-06-22";"Bronze";752
4945;"First_4945";"Last_4945";"customer_4945@email.com";"Chalkida";"Greece";"2018-08-27";"Gold";457
4946;"First_4946";"Last_4946";"customer_4946@email.com";"Ioannina";"Greece";"2019-10-12";"Silver";569
4947;"First_4947";"Last_4947";"customer_4947@email.com";"Rhodes";"France";"2022-11-25";"Bronze";717
4948;"First_4948";"Last_4948";"customer_4948@email.com";"Rhodes";"Greece";"2022-03-21";"Bronze";739
4949;"First_4949";"Last_4949";"customer_4949@email.com";"Patras";"Greece";"2020-06-02";"Silver";328
4950;"First_4950";"Last_4950";"customer_4950@email.com";"Heraklion";"France";"2021-04-14";"Silver";634
4951;"First_4951";"Last_4951";"customer_4951@email.com";"Thessaloniki";"Italy";"2019-02-14";"Bronze";537
4952;"First_4952";"Last_4952";"customer_4952@email.com";"Chalkida";"Greece";"2019-12-27";"Gold";452
4953;"First_4953";"Last_4953";"customer_4953@email.com";"Patras";"Greece";"2021-10-19";"Silver";414
4954;"First_4954";"Last_4954";"customer_4954@email.com";"Larissa";"Greece";"2020-11-12";"Silver";698
4955;"First_4955";"Last_4955";"customer_4955@email.com";"Larissa";"Greece";"2018-11-14";"Bronze";331
4956;"First_4956";"Last_4956";"customer_4956@email.com";"Volos";"UK";"2019-06-09";"Gold";831
4957;"First_4957";"Last_4957";"customer_4957@email.com";"Ioannina";"UK";"2020-06-23";"Bronze";352
4958;"First_4958";"Last_4958";"customer_4958@email.com";"Ioannina";"France";"2022-11-12";"Silver";494
4959;"First_4959";"Last_4959";"customer_4959@email.com";"Athens";"Greece";"2021-07-23";"Gold";604
4960;"First_4960";"Last_4960";"customer_4960@email.com";"Thessaloniki";"Greece";"2020-10-20";"Bronze";644
4961;"First_4961";"Last_4961";"customer_4961@email.com";"Rhodes";"Greece";"2022-06-16";"Silver";381
4962;"First_4962";"Last_4962";"customer_4962@email.com";"Chalkida";"Greece";"2019-09-12";"Bronze";300
4963;"First_4963";"Last_4963";"customer_4963@email.com";"Thessaloniki";"UK";"2020-08-10";"Silver";466
4964;"First_4964";"Last_4964";"customer_4964@email.com";"Volos";"Greece";"2021-06-06";"Silver";616
4965;"First_4965";"Last_4965";"customer_4965@email.com";"Athens";"Germany";"2022-08-15";"Gold";482
4966;"First_4966";"Last_4966";"customer_4966@email.com";"Patras";"Germany";"2021-02-05";"Gold";572
4967;"First_4967";"Last_4967";"customer_4967@email.com";"Thessaloniki";"Italy";"2020-03-11";"Silver";672
4968;"First_4968";"Last_4968";"customer_4968@email.com";"Patras";"UK";"2020-07-04";"Silver";661
4969;"First_4969";"Last_4969";"customer_4969@email.com";"Larissa";"France";"2021-04-14";"Silver";500
4970;"First_4970";"Last_4970";"customer_4970@email.com";"Chalkida";"Greece";"2018-11-16";"Bronze";491
4971;"First_4971";"Last_4971";"customer_4971@email.com";"Volos";"Greece";"2021-08-02";"Silver";640
4972;"First_4972";"Last_4972";"customer_4972@email.com";"Rhodes";"Greece";"2020-05-25";"Gold";598
4973;"First_4973";"Last_4973";"customer_4973@email.com";"Chalkida";"Greece";"2018-11-25";"Bronze";805
4974;"First_4974";"Last_4974";"customer_4974@email.com";"Heraklion";"Germany";"2020-01-23";"Bronze";439
4975;"First_4975";"Last_4975";"customer_4975@email.com";"Ioannina";"Germany";"2019-10-19";"Bronze";605
4976;"First_4976";"Last_4976";"customer_4976@email.com";"Volos";"Greece";"2021-10-11";"Bronze";495
4977;"First_4977";"Last_4977";"customer_4977@email.com";"Thessaloniki";"Greece";"2020-11-03";"Bronze";360
4978;"First_4978";"Last_4978";"customer_4978@email.com";"Chalkida";"Greece";"2021-07-22";"Bronze";659
4979;"First_4979";"Last_4979";"customer_4979@email.com";"Chania";"Germany";"2018-03-12";"Bronze";606
4980;"First_4980";"Last_4980";"customer_4980@email.com";"Ioannina";"Germany";"2020-04-06";"Silver";779
4981;"First_4981";"Last_4981";"customer_4981@email.com";"Ioannina";"Germany";"2021-05-03";"Bronze";632
4982;"First_4982";"Last_4982";"customer_4982@email.com";"Chania";"Greece";"2020-05-14";"Silver";382
4983;"First_4983";"Last_4983";"customer_4983@email.com";"Athens";"Greece";"2020-07-16";"Gold";633
4984;"First_4984";"Last_4984";"customer_4984@email.com";"Athens";"UK";"2022-03-27";"Platinum";816
4985;"First_4985";"Last_4985";"customer_4985@email.com";"Chania";"UK";"2018-04-16";"Silver";773
4986;"First_4986";"Last_4986";"customer_4986@email.com";"Heraklion";"Greece";"2020-02-09";"Bronze";693
4987;"First_4987";"Last_4987";"customer_4987@email.com";"Larissa";"Germany";"2020-06-11";"Platinum";679
4988;"First_4988";"Last_4988";"customer_4988@email.com";"Chania";"Greece";"2018-07-15";"Silver";320
4989;"First_4989";"Last_4989";"customer_4989@email.com";"Larissa";"UK";"2018-05-25";"Bronze";476
4990;"First_4990";"Last_4990";"customer_4990@email.com";"Chalkida";"France";"2022-10-22";"Bronze";662
4991;"First_4991";"Last_4991";"customer_4991@email.com";"Heraklion";"Germany";"2021-10-05";"Bronze";321
4992;"First_4992";"Last_4992";"customer_4992@email.com";"Volos";"Greece";"2021-12-18";"Bronze";847
4993;"First_4993";"Last_4993";"customer_4993@email.com";"Larissa";"Greece";"2019-04-16";"Bronze";549
4994;"First_4994";"Last_4994";"customer_4994@email.com";"Ioannina";"Germany";"2022-09-06";"Gold";372
4995;"First_4995";"Last_4995";"customer_4995@email.com";"Chalkida";"Germany";"2018-08-04";"Silver";390
4996;"First_4996";"Last_4996";"customer_4996@email.com";"Ioannina";"Greece";"2021-01-21";"Silver";475
4997;"First_4997";"Last_4997";"customer_4997@email.com";"Heraklion";"Germany";"2018-09-17";"Gold";425
4998;"First_4998";"Last_4998";"customer_4998@email.com";"Larissa";"Greece";"2020-07-22";"Silver";503
4999;"First_4999";"Last_4999";"customer_4999@email.com";"Patras";"Italy";"2019-07-29";"Gold";545
5000;"First_5000";"Last_5000";"customer_5000@email.com";"Heraklion";"UK";"2022-04-14";"Platinum";570
