"order_item_id";"order_id";"product_id";"quantity";"unit_price"
1;1;93;2;177.34
2;1;212;1;167.62
3;1;87;2;172.22
4;1;268;2;22.25
5;2;177;1;190.69
6;2;56;3;84.93
7;2;61;2;251.37
8;2;187;3;145.63
9;3;58;2;37.93
10;3;207;2;234.88
11;4;215;2;42.37
12;4;168;3;36.16
13;5;287;1;82.17
14;5;283;2;114.46
15;5;229;2;14.92
16;5;50;3;63.53
17;5;278;1;58.03
18;6;218;1;163.84
19;6;28;1;98.17
20;7;181;1;42.65
21;7;242;3;66.96
22;7;93;3;177.34
23;7;112;2;112.28
24;8;220;3;97.41
25;9;173;3;44.37
26;9;127;2;28.04
27;9;146;1;35.44
28;10;96;2;318.43
29;10;11;2;27.62
30;10;175;3;18.54
31;10;112;1;112.28
32;11;30;2;43.42
33;12;206;1;30.23
34;12;123;3;70.77
35;12;244;3;291.31
36;12;3;2;355.2
37;13;34;3;71.61
38;13;169;3;117.44
39;13;275;2;167.5
40;13;267;2;23.63
41;13;73;2;47.55
42;14;150;3;51.66
43;14;126;1;333.38
44;14;127;1;28.04
45;14;10;3;83.77
46;14;47;2;10.35
47;15;278;1;58.03
48;15;276;3;77.1
49;15;25;1;36.6
50;16;108;3;53.06
51;17;42;3;263.42
52;18;146;3;35.44
53;18;83;1;28.81
54;18;181;1;42.65
55;18;54;3;232.82
56;18;126;2;333.38
57;19;139;3;284.29
58;19;5;3;99.57
59;19;10;2;83.77
60;19;38;3;136.67
61;19;26;3;73.19
62;20;78;3;18.59
63;20;157;3;145.39
64;20;33;2;98.43
65;21;230;1;163.67
66;21;289;3;36.82
67;22;151;3;14.87
68;23;48;1;214.66
69;23;107;3;57.11
70;24;96;2;318.43
71;25;232;3;21.33
72;25;184;3;75.61
73;25;102;1;79.45
74;25;243;2;23.3
75;26;58;1;37.93
76;26;44;2;46.23
77;26;170;1;22.32
78;26;189;2;298.51
79;26;161;1;66.77
80;27;210;1;230.86
81;28;282;3;377.84
82;28;75;3;176.39
83;28;32;3;65.71
84;29;60;1;69.22
85;29;55;1;105.96
86;29;264;2;22.18
87;29;27;1;257.64
88;30;14;1;139.17
89;31;225;1;14.43
90;31;109;3;46.77
91;32;77;2;137.95
92;32;3;1;355.2
93;32;31;3;263.13
94;32;223;2;12.9
95;32;209;1;110.99
96;33;141;3;62.63
97;33;290;1;138.11
98;34;106;3;63.95
99;34;300;2;105.48
100;34;171;3;59.0
101;34;168;3;36.16
102;34;247;2;280.92
103;35;180;3;59.61
104;35;174;1;16.75
105;35;145;1;77.19
106;35;26;2;73.19
107;35;101;2;337.71
108;36;63;1;81.7
109;37;131;2;94.96
110;37;192;1;139.65
111;37;62;2;77.66
112;37;90;3;238.59
113;38;268;3;22.25
114;38;231;2;58.56
115;38;268;3;22.25
116;38;83;2;28.81
117;38;218;1;163.84
118;39;44;3;46.23
119;40;159;2;56.32
120;41;177;1;190.69
121;41;58;2;37.93
122;41;123;1;70.77
123;41;169;3;117.44
124;41;160;2;62.31
125;42;219;3;18.89
126;42;12;1;58.48
127;42;187;2;145.63
128;43;150;3;51.66
129;43;222;1;207.75
130;44;297;3;111.18
131;44;141;1;62.63
132;45;3;2;355.2
133;46;300;2;105.48
134;46;274;1;43.03
135;47;270;2;149.02
136;47;278;1;58.03
137;48;97;1;160.55
138;48;278;2;58.03
139;48;228;2;21.36
140;48;113;3;261.82
141;49;134;1;60.38
142;50;150;1;51.66
143;50;189;1;298.51
144;50;76;2;23.8
145;50;247;3;280.92
146;51;235;2;98.52
147;52;198;3;53.21
148;52;157;1;145.39
149;52;99;2;18.5
150;52;64;2;63.91
151;53;218;2;163.84
152;53;148;1;161.06
153;53;100;1;36.47
154;54;236;2;27.58
155;54;22;1;231.52
156;54;9;3;134.64
157;54;18;1;140.06
158;54;157;3;145.39
159;55;39;1;42.14
160;55;79;3;57.05
161;56;211;1;253.01
162;56;188;3;221.91
163;56;96;2;318.43
164;56;158;1;219.43
165;56;17;2;66.06
166;57;276;2;77.1
167;57;110;1;33.58
168;57;152;2;210.67
169;58;96;1;318.43
170;58;109;3;46.77
171;58;148;3;161.06
172;58;56;2;84.93
173;58;263;2;58.98
174;59;61;2;251.37
175;59;58;2;37.93
176;59;126;3;333.38
177;60;60;1;69.22
178;60;112;1;112.28
179;60;215;3;42.37
180;60;12;2;58.48
181;60;64;2;63.91
182;61;40;3;165.59
183;61;186;1;24.83
184;61;192;2;139.65
185;62;118;2;365.76
186;62;155;2;75.12
187;62;282;1;377.84
188;62;78;3;18.59
189;62;81;1;83.86
190;63;140;3;35.81
191;64;12;2;58.48
192;64;252;3;124.2
193;64;132;1;76.68
194;64;209;1;110.99
195;65;39;2;42.14
196;65;282;2;377.84
197;65;293;1;32.93
198;66;35;1;57.55
199;66;174;1;16.75
200;66;287;1;82.17
201;66;154;3;276.99
202;66;153;1;28.61
203;67;204;2;63.94
204;68;70;2;99.53
205;68;31;1;263.13
206;69;188;1;221.91
207;69;289;2;36.82
208;70;234;2;199.16
209;70;115;2;45.38
210;71;33;3;98.43
211;71;295;3;401.67
212;71;118;3;365.76
213;72;6;1;124.34
214;73;142;1;26.83
215;73;246;2;105.53
216;73;180;1;59.61
217;73;5;1;99.57
218;74;178;1;117.25
219;74;80;3;16.51
220;74;173;1;44.37
221;74;297;1;111.18
222;75;280;2;194.11
223;75;78;3;18.59
224;75;71;3;104.37
225;76;63;2;81.7
226;76;85;1;276.27
227;77;121;3;102.0
228;77;157;3;145.39
229;77;242;3;66.96
230;77;186;2;24.83
231;78;206;3;30.23
232;78;278;2;58.03
233;78;176;1;23.46
234;79;70;1;99.53
235;80;74;3;13.44
236;81;241;3;177.76
237;81;211;2;253.01
238;82;259;1;193.37
239;82;27;3;257.64
240;82;93;3;177.34
241;82;142;3;26.83
242;82;277;2;141.51
243;83;151;1;14.87
244;83;104;2;193.22
245;83;105;1;19.14
246;83;202;3;84.57
247;83;73;1;47.55
248;84;120;1;44.38
249;84;68;1;208.07
250;84;230;2;163.67
251;84;7;3;435.46
252;85;276;3;77.1
253;86;92;3;338.54
254;86;290;3;138.11
255;86;77;3;137.95
256;87;158;3;219.43
257;88;198;3;53.21
258;89;93;3;177.34
259;89;84;3;56.46
260;89;33;1;98.43
261;89;262;2;203.02
262;90;37;1;125.9
263;90;97;3;160.55
264;91;249;2;94.89
265;91;91;1;48.19
266;92;243;1;23.3
267;92;259;2;193.37
268;93;166;2;36.18
269;93;35;3;57.55
270;93;49;2;49.52
271;93;118;3;365.76
272;94;282;3;377.84
273;94;295;2;401.67
274;95;22;3;231.52
275;95;74;1;13.44
276;96;139;2;284.29
277;96;237;2;11.53
278;96;102;3;79.45
279;96;129;3;59.78
280;97;197;1;109.76
281;97;165;3;30.46
282;97;87;3;172.22
283;97;216;2;265.62
284;98;71;3;104.37
285;98;15;2;110.9
286;98;197;1;109.76
287;99;112;2;112.28
288;100;135;3;23.48
289;100;230;3;163.67
290;100;219;2;18.89
291;101;120;2;44.38
292;101;20;1;27.74
293;101;160;3;62.31
294;101;16;3;135.22
295;101;100;1;36.47
296;102;283;2;114.46
297;102;132;1;76.68
298;103;185;1;47.76
299;103;142;3;26.83
300;103;56;2;84.93
301;103;113;2;261.82
302;103;295;3;401.67
303;104;137;2;83.8
304;104;38;2;136.67
305;104;261;1;138.08
306;104;13;1;97.98
307;105;256;3;229.2
308;105;30;1;43.42
309;106;173;3;44.37
310;106;256;1;229.2
311;106;187;1;145.63
312;106;211;2;253.01
313;106;218;3;163.84
314;107;197;3;109.76
315;107;258;2;183.46
316;108;268;2;22.25
317;108;111;2;28.98
318;109;91;2;48.19
319;110;8;2;295.75
320;111;260;2;183.92
321;111;17;1;66.06
322;111;177;2;190.69
323;112;227;3;128.22
324;112;287;2;82.17
325;112;186;3;24.83
326;112;177;3;190.69
327;113;77;3;137.95
328;113;186;3;24.83
329;113;107;2;57.11
330;114;264;1;22.18
331;114;188;1;221.91
332;115;280;2;194.11
333;115;119;1;52.95
334;115;130;3;138.45
335;115;88;2;271.98
336;115;284;1;66.65
337;116;180;2;59.61
338;116;164;2;38.45
339;116;181;3;42.65
340;116;71;2;104.37
341;116;201;1;55.38
342;117;220;3;97.41
343;117;169;3;117.44
344;118;131;2;94.96
345;118;87;1;172.22
346;118;300;1;105.48
347;118;250;2;45.33
348;119;104;2;193.22
349;119;174;2;16.75
350;119;158;3;219.43
351;119;146;1;35.44
352;120;178;3;117.25
353;120;255;2;63.76
354;120;28;3;98.17
355;120;80;1;16.51
356;120;144;1;46.76
357;121;6;3;124.34
358;122;177;3;190.69
359;122;182;2;96.28
360;122;195;3;145.55
361;122;286;3;23.1
362;123;285;1;108.9
363;124;83;1;28.81
364;125;155;2;75.12
365;125;90;2;238.59
366;125;44;2;46.23
367;125;67;2;41.38
368;125;191;1;144.67
369;126;174;2;16.75
370;126;52;2;198.57
371;126;121;1;102.0
372;127;14;1;139.17
373;127;237;2;11.53
374;127;300;2;105.48
375;127;95;1;11.53
376;128;271;2;134.08
377;128;120;1;44.38
378;129;7;3;435.46
379;129;39;1;42.14
380;129;122;2;159.31
381;130;281;1;13.59
382;131;78;1;18.59
383;131;299;2;93.25
384;131;236;1;27.58
385;131;24;2;171.7
386;131;222;2;207.75
387;132;134;1;60.38
388;132;215;3;42.37
389;132;139;1;284.29
390;133;104;3;193.22
391;133;142;1;26.83
392;134;208;3;26.03
393;134;33;1;98.43
394;134;148;3;161.06
395;134;87;3;172.22
396;134;193;2;303.95
397;135;291;2;67.09
398;135;18;2;140.06
399;136;286;1;23.1
400;136;25;2;36.6
401;136;290;3;138.11
402;136;173;2;44.37
403;137;210;1;230.86
404;137;78;1;18.59
405;138;54;3;232.82
406;138;296;2;31.73
407;139;64;3;63.91
408;139;113;3;261.82
409;139;250;3;45.33
410;139;229;2;14.92
411;139;213;1;29.38
412;140;224;3;289.95
413;140;3;3;355.2
414;141;261;1;138.08
415;142;220;3;97.41
416;142;41;2;202.78
417;143;262;2;203.02
418;143;268;3;22.25
419;143;238;1;130.67
420;143;156;2;51.61
421;143;153;1;28.61
422;144;19;2;25.52
423;145;219;1;18.89
424;145;116;2;27.34
425;146;86;1;68.41
426;146;135;3;23.48
427;147;109;3;46.77
428;147;15;3;110.9
429;147;248;2;278.21
430;148;88;2;271.98
431;148;162;3;265.52
432;148;146;1;35.44
433;148;96;2;318.43
434;149;65;3;165.71
435;149;208;3;26.03
436;149;21;2;27.77
437;149;200;3;209.0
438;149;199;2;156.49
439;150;285;3;108.9
440;150;54;2;232.82
441;150;166;2;36.18
442;150;276;1;77.1
443;151;73;1;47.55
444;151;208;2;26.03
445;152;285;1;108.9
446;152;279;3;52.64
447;152;186;1;24.83
448;153;217;1;133.47
449;154;101;1;337.71
450;154;60;3;69.22
451;154;79;1;57.05
452;155;111;3;28.98
453;155;58;1;37.93
454;155;225;3;14.43
455;155;33;2;98.43
456;155;85;2;276.27
457;156;279;1;52.64
458;156;258;3;183.46
459;157;265;1;194.8
460;157;163;3;127.95
461;157;159;2;56.32
462;157;103;3;60.73
463;157;60;2;69.22
464;158;293;1;32.93
465;158;65;3;165.71
466;158;63;2;81.7
467;159;244;3;291.31
468;159;294;1;73.58
469;159;120;1;44.38
470;159;222;1;207.75
471;160;32;1;65.71
472;161;31;2;263.13
473;161;264;3;22.18
474;161;113;2;261.82
475;161;74;1;13.44
476;161;184;1;75.61
477;162;10;1;83.77
478;162;103;2;60.73
479;162;18;2;140.06
480;163;162;1;265.52
481;163;116;3;27.34
482;164;61;1;251.37
483;164;63;3;81.7
484;164;200;1;209.0
485;164;90;3;238.59
486;164;231;3;58.56
487;165;154;3;276.99
488;165;196;1;15.62
489;165;227;1;128.22
490;165;104;2;193.22
491;165;127;3;28.04
492;166;76;3;23.8
493;166;82;3;115.88
494;166;114;3;81.1
495;167;183;2;83.98
496;167;123;1;70.77
497;168;21;3;27.77
498;168;85;1;276.27
499;168;61;3;251.37
500;169;14;2;139.17
501;170;11;2;27.62
502;170;87;2;172.22
503;170;262;3;203.02
504;170;49;1;49.52
505;170;220;2;97.41
506;171;197;2;109.76
507;171;101;3;337.71
508;171;223;2;12.9
509;171;132;3;76.68
510;172;274;3;43.03
511;172;137;3;83.8
512;172;152;3;210.67
513;173;131;2;94.96
514;173;214;2;180.06
515;173;268;2;22.25
516;173;180;2;59.61
517;173;50;2;63.53
518;174;1;2;85.25
519;174;107;2;57.11
520;174;257;2;75.87
521;174;163;3;127.95
522;174;128;1;604.55
523;175;289;1;36.82
524;176;52;3;198.57
525;176;275;3;167.5
526;176;84;3;56.46
527;176;211;3;253.01
528;177;54;2;232.82
529;177;63;1;81.7
530;177;113;3;261.82
531;177;101;3;337.71
532;177;1;1;85.25
533;178;132;3;76.68
534;178;119;1;52.95
535;178;112;3;112.28
536;178;148;3;161.06
537;178;254;2;92.06
538;179;51;3;69.12
539;179;165;1;30.46
540;179;10;2;83.77
541;179;57;3;49.4
542;179;258;3;183.46
543;180;30;2;43.42
544;180;109;1;46.77
545;180;273;2;197.68
546;180;270;3;149.02
547;181;111;3;28.98
548;182;68;1;208.07
549;182;258;2;183.46
550;182;45;1;206.86
551;182;240;1;115.21
552;183;206;3;30.23
553;183;263;2;58.98
554;183;193;1;303.95
555;184;149;2;112.47
556;184;37;1;125.9
557;184;300;3;105.48
558;184;61;1;251.37
559;184;6;2;124.34
560;185;184;2;75.61
561;185;197;3;109.76
562;185;224;2;289.95
563;185;82;2;115.88
564;185;185;2;47.76
565;186;208;1;26.03
566;187;145;3;77.19
567;188;6;2;124.34
568;188;287;1;82.17
569;188;215;2;42.37
570;188;193;1;303.95
571;189;161;1;66.77
572;189;71;1;104.37
573;189;42;2;263.42
574;189;56;2;84.93
575;190;244;2;291.31
576;190;35;3;57.55
577;190;12;1;58.48
578;191;38;1;136.67
579;191;250;3;45.33
580;191;282;1;377.84
581;192;212;1;167.62
582;193;242;2;66.96
583;193;50;2;63.53
584;193;243;2;23.3
585;194;3;2;355.2
586;194;162;3;265.52
587;194;84;3;56.46
588;195;62;1;77.66
589;195;92;2;338.54
590;195;162;1;265.52
591;195;79;1;57.05
592;195;239;3;89.88
593;196;208;3;26.03
594;196;287;2;82.17
595;197;153;1;28.61
596;197;173;1;44.37
597;197;113;3;261.82
598;198;287;2;82.17
599;198;249;2;94.89
600;198;252;3;124.2
601;198;184;2;75.61
602;199;190;2;16.04
603;199;44;2;46.23
604;199;19;1;25.52
605;200;53;2;51.23
606;200;79;1;57.05
607;200;98;3;156.09
608;201;237;2;11.53
609;201;204;2;63.94
610;201;44;3;46.23
611;202;246;1;105.53
612;202;83;3;28.81
613;202;125;2;136.07
614;202;190;3;16.04
615;203;186;1;24.83
616;203;31;3;263.13
617;204;228;1;21.36
618;205;291;1;67.09
619;206;56;2;84.93
620;206;181;3;42.65
621;206;70;2;99.53
622;206;102;3;79.45
623;207;96;1;318.43
624;208;286;2;23.1
625;208;81;1;83.86
626;208;251;2;594.78
627;209;58;3;37.93
628;209;229;2;14.92
629;209;168;3;36.16
630;209;264;1;22.18
631;210;207;1;234.88
632;210;64;3;63.91
633;210;12;1;58.48
634;210;23;2;17.91
635;210;102;2;79.45
636;211;27;2;257.64
637;211;209;1;110.99
638;211;164;2;38.45
639;211;143;2;86.74
640;212;294;1;73.58
641;212;158;1;219.43
642;212;107;2;57.11
643;212;94;3;191.51
644;212;117;3;187.28
645;213;205;3;54.75
646;213;109;1;46.77
647;214;166;1;36.18
648;214;61;2;251.37
649;214;278;2;58.03
650;215;200;1;209.0
651;215;192;3;139.65
652;215;32;3;65.71
653;216;3;2;355.2
654;216;75;2;176.39
655;217;284;3;66.65
656;217;15;1;110.9
657;218;23;1;17.91
658;219;106;3;63.95
659;219;26;2;73.19
660;219;257;1;75.87
661;219;1;1;85.25
662;219;256;3;229.2
663;220;177;2;190.69
664;220;127;1;28.04
665;220;213;1;29.38
666;220;101;3;337.71
667;220;243;2;23.3
668;221;24;3;171.7
669;221;286;3;23.1
670;221;210;2;230.86
671;221;114;2;81.1
672;221;204;3;63.94
673;222;74;3;13.44
674;222;297;2;111.18
675;222;128;1;604.55
676;222;284;3;66.65
677;222;185;3;47.76
678;223;125;3;136.07
679;223;147;2;15.53
680;223;25;3;36.6
681;223;272;3;32.79
682;223;63;3;81.7
683;224;151;1;14.87
684;225;22;2;231.52
685;225;80;3;16.51
686;225;154;1;276.99
687;225;106;3;63.95
688;225;174;2;16.75
689;226;122;1;159.31
690;226;206;1;30.23
691;226;16;3;135.22
692;227;185;3;47.76
693;227;185;1;47.76
694;228;204;3;63.94
695;229;222;3;207.75
696;229;33;1;98.43
697;229;222;1;207.75
698;230;189;3;298.51
699;230;283;2;114.46
700;231;8;1;295.75
701;231;231;3;58.56
702;231;128;1;604.55
703;231;120;2;44.38
704;231;62;2;77.66
705;232;23;2;17.91
706;232;17;3;66.06
707;232;247;3;280.92
708;232;272;3;32.79
709;232;6;3;124.34
710;233;40;2;165.59
711;233;258;2;183.46
712;233;31;1;263.13
713;234;5;3;99.57
714;234;159;3;56.32
715;235;285;1;108.9
716;236;49;2;49.52
717;236;274;1;43.03
718;236;134;1;60.38
719;236;51;3;69.12
720;236;79;3;57.05
721;237;49;3;49.52
722;237;132;3;76.68
723;238;88;3;271.98
724;238;191;3;144.67
725;238;171;1;59.0
726;238;148;3;161.06
727;239;231;1;58.56
728;239;10;1;83.77
729;239;159;1;56.32
730;239;292;3;115.69
731;240;70;2;99.53
732;240;124;1;109.44
733;240;277;1;141.51
734;241;168;3;36.16
735;241;18;1;140.06
736;241;214;2;180.06
737;241;200;2;209.0
738;241;262;3;203.02
739;242;161;2;66.77
740;243;246;3;105.53
741;243;163;3;127.95
742;243;155;1;75.12
743;243;41;1;202.78
744;244;66;1;65.31
745;245;296;1;31.73
746;245;55;2;105.96
747;246;33;2;98.43
748;246;260;3;183.92
749;247;12;2;58.48
750;247;62;2;77.66
751;247;93;1;177.34
752;247;40;1;165.59
753;248;201;2;55.38
754;248;125;1;136.07
755;248;23;2;17.91
756;249;12;1;58.48
757;249;60;1;69.22
758;249;2;1;169.54
759;250;252;1;124.2
760;250;7;3;435.46
761;251;9;3;134.64
762;251;251;3;594.78
763;252;206;2;30.23
764;253;168;2;36.16
765;253;213;2;29.38
766;253;7;2;435.46
767;253;26;3;73.19
768;253;4;3;15.69
769;254;200;2;209.0
770;254;6;1;124.34
771;254;223;3;12.9
772;254;9;3;134.64
773;255;96;1;318.43
774;256;122;3;159.31
775;256;20;2;27.74
776;256;148;1;161.06
777;256;33;3;98.43
778;256;83;1;28.81
779;257;213;2;29.38
780;257;21;2;27.77
781;258;40;3;165.59
782;258;2;3;169.54
783;259;99;2;18.5
784;259;108;3;53.06
785;260;113;2;261.82
786;260;277;1;141.51
787;260;222;2;207.75
788;260;185;3;47.76
789;261;97;3;160.55
790;262;185;1;47.76
791;262;138;3;32.55
792;263;300;1;105.48
793;263;37;2;125.9
794;263;53;2;51.23
795;263;287;3;82.17
796;263;215;3;42.37
797;264;147;2;15.53
798;264;203;1;22.49
799;265;66;3;65.31
800;265;115;2;45.38
801;266;268;3;22.25
802;266;219;2;18.89
803;266;11;1;27.62
804;266;57;3;49.4
805;267;134;1;60.38
806;267;246;2;105.53
807;267;33;3;98.43
808;267;29;1;33.59
809;268;269;1;27.35
810;268;208;1;26.03
811;268;158;3;219.43
812;268;239;1;89.88
813;268;153;3;28.61
814;269;21;3;27.77
815;269;209;1;110.99
816;269;98;2;156.09
817;269;102;3;79.45
818;269;178;2;117.25
819;270;162;2;265.52
820;270;68;2;208.07
821;270;254;3;92.06
822;270;173;3;44.37
823;270;237;3;11.53
824;271;295;3;401.67
825;271;52;3;198.57
826;271;222;1;207.75
827;272;92;1;338.54
828;272;54;2;232.82
829;273;242;3;66.96
830;273;104;3;193.22
831;273;294;1;73.58
832;273;173;2;44.37
833;273;182;3;96.28
834;274;191;1;144.67
835;274;166;1;36.18
836;274;217;1;133.47
837;274;15;2;110.9
838;275;294;3;73.58
839;276;277;3;141.51
840;276;95;3;11.53
841;276;54;1;232.82
842;276;108;2;53.06
843;276;38;1;136.67
844;277;122;2;159.31
845;277;8;3;295.75
846;277;212;1;167.62
847;277;149;2;112.47
848;278;205;3;54.75
849;278;3;3;355.2
850;279;182;3;96.28
851;279;250;2;45.33
852;280;282;2;377.84
853;280;110;3;33.58
854;280;262;2;203.02
855;280;298;2;95.71
856;281;38;1;136.67
857;281;93;1;177.34
858;281;240;2;115.21
859;281;289;1;36.82
860;282;285;1;108.9
861;282;279;3;52.64
862;282;166;2;36.18
863;282;155;2;75.12
864;282;278;3;58.03
865;283;134;1;60.38
866;284;122;1;159.31
867;284;166;1;36.18
868;284;173;2;44.37
869;284;281;1;13.59
870;284;153;2;28.61
871;285;75;3;176.39
872;285;209;1;110.99
873;285;133;3;129.76
874;285;260;1;183.92
875;285;19;3;25.52
876;286;190;1;16.04
877;287;98;2;156.09
878;287;154;2;276.99
879;288;110;1;33.58
880;288;58;1;37.93
881;288;163;3;127.95
882;289;209;1;110.99
883;290;288;1;430.61
884;290;267;3;23.63
885;291;273;3;197.68
886;291;148;1;161.06
887;291;22;2;231.52
888;291;102;3;79.45
889;292;238;3;130.67
890;292;152;3;210.67
891;293;25;2;36.6
892;293;248;1;278.21
893;293;63;3;81.7
894;294;201;2;55.38
895;294;288;3;430.61
896;294;25;3;36.6
897;294;37;3;125.9
898;295;79;2;57.05
899;296;93;1;177.34
900;297;210;1;230.86
901;297;101;1;337.71
902;297;275;3;167.5
903;297;18;2;140.06
904;298;101;3;337.71
905;299;33;3;98.43
906;299;69;1;100.84
907;299;12;3;58.48
908;299;295;3;401.67
909;299;180;3;59.61
910;300;187;1;145.63
911;300;52;2;198.57
912;301;263;2;58.98
913;301;209;2;110.99
914;301;197;1;109.76
915;301;231;3;58.56
916;301;187;3;145.63
917;302;74;2;13.44
918;302;258;3;183.46
919;302;1;3;85.25
920;303;203;3;22.49
921;304;163;1;127.95
922;304;178;2;117.25
923;305;236;2;27.58
924;305;252;2;124.2
925;305;36;2;35.27
926;305;194;3;39.16
927;306;193;2;303.95
928;307;114;1;81.1
929;307;52;1;198.57
930;307;297;1;111.18
931;307;192;2;139.65
932;307;157;2;145.39
933;308;122;2;159.31
934;308;135;2;23.48
935;308;43;3;27.58
936;308;48;2;214.66
937;309;2;3;169.54
938;310;240;2;115.21
939;310;197;1;109.76
940;310;137;3;83.8
941;311;105;2;19.14
942;311;44;1;46.23
943;311;188;2;221.91
944;311;93;3;177.34
945;312;222;3;207.75
946;312;106;3;63.95
947;312;176;1;23.46
948;312;72;1;136.88
949;312;144;3;46.76
950;313;121;1;102.0
951;313;44;3;46.23
952;313;291;3;67.09
953;314;110;2;33.58
954;314;264;1;22.18
955;314;213;3;29.38
956;314;223;3;12.9
957;314;276;3;77.1
958;315;209;1;110.99
959;315;183;2;83.98
960;316;163;3;127.95
961;316;186;3;24.83
962;316;76;1;23.8
963;316;157;3;145.39
964;317;36;2;35.27
965;317;290;2;138.11
966;317;217;2;133.47
967;317;16;1;135.22
968;317;120;1;44.38
969;318;113;2;261.82
970;318;174;2;16.75
971;319;54;1;232.82
972;319;264;1;22.18
973;319;273;2;197.68
974;319;121;3;102.0
975;319;276;1;77.1
976;320;49;3;49.52
977;320;286;1;23.1
978;320;180;2;59.61
979;320;21;2;27.77
980;321;293;1;32.93
981;321;158;1;219.43
982;322;205;2;54.75
983;322;260;3;183.92
984;322;158;1;219.43
985;322;2;3;169.54
986;323;159;3;56.32
987;323;99;2;18.5
988;323;79;1;57.05
989;323;79;3;57.05
990;324;77;2;137.95
991;324;164;3;38.45
992;325;133;2;129.76
993;325;67;3;41.38
994;325;219;3;18.89
995;326;37;1;125.9
996;326;272;1;32.79
997;326;187;2;145.63
998;326;145;3;77.19
999;326;117;1;187.28
1000;327;59;2;107.83
1001;328;199;3;156.49
1002;328;206;2;30.23
1003;328;194;3;39.16
1004;328;7;3;435.46
1005;329;62;2;77.66
1006;330;48;1;214.66
1007;330;259;3;193.37
1008;330;183;3;83.98
1009;331;233;1;153.83
1010;331;44;3;46.23
1011;331;98;1;156.09
1012;331;92;2;338.54
1013;331;43;1;27.58
1014;332;240;2;115.21
1015;332;185;2;47.76
1016;332;278;1;58.03
1017;333;172;2;108.1
1018;333;18;3;140.06
1019;333;134;2;60.38
1020;333;239;2;89.88
1021;334;262;3;203.02
1022;334;197;2;109.76
1023;334;224;1;289.95
1024;334;161;2;66.77
1025;334;172;1;108.1
1026;335;123;1;70.77
1027;335;71;3;104.37
1028;336;66;2;65.31
1029;337;52;1;198.57
1030;338;114;1;81.1
1031;339;104;3;193.22
1032;339;291;2;67.09
1033;339;197;3;109.76
1034;339;129;2;59.78
1035;339;106;1;63.95
1036;340;17;1;66.06
1037;341;164;3;38.45
1038;341;243;2;23.3
1039;341;281;2;13.59
1040;341;61;1;251.37
1041;341;275;2;167.5
1042;342;227;3;128.22
1043;342;103;1;60.73
1044;342;50;3;63.53
1045;342;156;2;51.61
1046;342;127;2;28.04
1047;343;281;3;13.59
1048;343;296;2;31.73
1049;343;239;2;89.88
1050;343;167;3;40.59
1051;344;200;3;209.0
1052;345;197;1;109.76
1053;345;96;3;318.43
1054;346;267;1;23.63
1055;346;31;1;263.13
1056;346;250;2;45.33
1057;346;56;3;84.93
1058;346;76;3;23.8
1059;347;80;1;16.51
1060;347;233;3;153.83
1061;347;117;1;187.28
1062;347;297;3;111.18
1063;348;274;2;43.03
1064;348;36;3;35.27
1065;348;46;1;32.13
1066;349;122;1;159.31
1067;349;292;1;115.69
1068;349;64;1;63.91
1069;350;29;2;33.59
1070;350;74;3;13.44
1071;350;278;2;58.03
1072;351;132;3;76.68
1073;351;287;1;82.17
1074;352;51;1;69.12
1075;353;27;2;257.64
1076;353;277;2;141.51
1077;353;30;1;43.42
1078;354;142;2;26.83
1079;354;174;1;16.75
1080;354;2;3;169.54
1081;354;5;1;99.57
1082;354;286;1;23.1
1083;355;238;3;130.67
1084;355;217;2;133.47
1085;356;68;3;208.07
1086;357;279;3;52.64
1087;357;247;1;280.92
1088;357;238;3;130.67
1089;358;48;1;214.66
1090;358;235;2;98.52
1091;358;144;3;46.76
1092;358;73;3;47.55
1093;359;53;1;51.23
1094;359;109;3;46.77
1095;360;117;1;187.28
1096;360;180;3;59.61
1097;360;132;3;76.68
1098;360;45;3;206.86
1099;361;216;1;265.62
1100;362;199;2;156.49
1101;363;70;1;99.53
1102;363;48;3;214.66
1103;363;203;3;22.49
1104;363;60;1;69.22
1105;364;135;2;23.48
1106;364;8;2;295.75
1107;364;259;1;193.37
1108;365;144;1;46.76
1109;365;3;2;355.2
1110;365;262;2;203.02
1111;365;212;2;167.62
1112;366;296;2;31.73
1113;366;170;3;22.32
1114;366;228;2;21.36
1115;366;46;3;32.13
1116;366;267;3;23.63
1117;367;153;2;28.61
1118;367;70;1;99.53
1119;367;193;1;303.95
1120;367;92;2;338.54
1121;367;166;1;36.18
1122;368;255;2;63.76
1123;368;2;3;169.54
1124;369;43;1;27.58
1125;370;106;1;63.95
1126;370;246;2;105.53
1127;370;291;1;67.09
1128;370;20;2;27.74
1129;370;129;3;59.78
1130;371;121;3;102.0
1131;372;22;3;231.52
1132;372;80;3;16.51
1133;372;277;1;141.51
1134;373;239;2;89.88
1135;374;101;2;337.71
1136;374;183;3;83.98
1137;374;163;2;127.95
1138;374;183;2;83.98
1139;374;173;1;44.37
1140;375;259;3;193.37
1141;375;42;3;263.42
1142;375;157;2;145.39
1143;375;235;2;98.52
1144;375;186;3;24.83
1145;376;247;2;280.92
1146;377;122;3;159.31
1147;377;291;3;67.09
1148;377;235;2;98.52
1149;378;10;3;83.77
1150;378;223;2;12.9
1151;379;265;3;194.8
1152;379;91;1;48.19
1153;380;204;2;63.94
1154;381;283;3;114.46
1155;381;17;2;66.06
1156;381;261;2;138.08
1157;381;203;3;22.49
1158;382;190;2;16.04
1159;383;58;3;37.93
1160;384;25;2;36.6
1161;384;283;2;114.46
1162;385;294;2;73.58
1163;385;125;1;136.07
1164;385;80;3;16.51
1165;385;188;2;221.91
1166;386;148;1;161.06
1167;386;293;1;32.93
1168;386;193;2;303.95
1169;386;171;3;59.0
1170;386;157;3;145.39
1171;387;166;1;36.18
1172;387;152;3;210.67
1173;388;237;3;11.53
1174;389;280;3;194.11
1175;389;165;2;30.46
1176;389;297;3;111.18
1177;389;179;1;16.67
1178;390;99;2;18.5
1179;390;207;3;234.88
1180;391;224;2;289.95
1181;391;161;2;66.77
1182;391;11;1;27.62
1183;391;69;3;100.84
1184;392;35;2;57.55
1185;392;36;3;35.27
1186;393;96;2;318.43
1187;394;291;3;67.09
1188;394;211;1;253.01
1189;394;78;3;18.59
1190;394;39;3;42.14
1191;394;241;2;177.76
1192;395;168;2;36.16
1193;395;74;3;13.44
1194;396;277;1;141.51
1195;396;211;3;253.01
1196;396;242;2;66.96
1197;396;110;1;33.58
1198;397;298;3;95.71
1199;397;244;1;291.31
1200;398;257;3;75.87
1201;398;35;2;57.55
1202;398;144;3;46.76
1203;399;208;3;26.03
1204;399;141;2;62.63
1205;399;24;1;171.7
1206;399;222;1;207.75
1207;399;40;1;165.59
1208;400;89;1;376.3
1209;400;207;3;234.88
1210;400;91;1;48.19
1211;401;243;1;23.3
1212;401;196;3;15.62
1213;401;115;1;45.38
1214;401;63;2;81.7
1215;401;284;2;66.65
1216;402;240;2;115.21
1217;402;174;2;16.75
1218;403;167;3;40.59
1219;403;34;1;71.61
1220;403;71;3;104.37
1221;403;225;2;14.43
1222;403;51;1;69.12
1223;404;33;3;98.43
1224;404;291;1;67.09
1225;405;67;3;41.38
1226;405;67;1;41.38
1227;405;58;1;37.93
1228;405;130;2;138.45
1229;405;84;1;56.46
1230;406;114;2;81.1
1231;406;112;2;112.28
1232;406;287;3;82.17
1233;406;219;3;18.89
1234;406;291;1;67.09
1235;407;34;3;71.61
1236;407;216;1;265.62
1237;407;93;1;177.34
1238;407;224;2;289.95
1239;407;79;1;57.05
1240;408;300;2;105.48
1241;408;183;1;83.98
1242;408;38;2;136.67
1243;409;131;2;94.96
1244;410;299;2;93.25
1245;411;264;1;22.18
1246;411;107;2;57.11
1247;412;182;1;96.28
1248;412;46;2;32.13
1249;412;79;2;57.05
1250;412;55;2;105.96
1251;413;295;2;401.67
1252;414;11;2;27.62
1253;414;254;1;92.06
1254;414;31;3;263.13
1255;415;182;1;96.28
1256;415;232;2;21.33
1257;415;214;2;180.06
1258;415;142;1;26.83
1259;415;194;1;39.16
1260;416;279;2;52.64
1261;416;74;3;13.44
1262;416;235;3;98.52
1263;416;10;1;83.77
1264;416;11;3;27.62
1265;417;95;2;11.53
1266;417;200;3;209.0
1267;417;77;2;137.95
1268;418;56;2;84.93
1269;418;105;2;19.14
1270;419;157;2;145.39
1271;419;241;3;177.76
1272;419;57;3;49.4
1273;419;170;2;22.32
1274;420;270;3;149.02
1275;420;233;2;153.83
1276;420;70;3;99.53
1277;420;140;3;35.81
1278;421;1;2;85.25
1279;422;70;1;99.53
1280;422;232;1;21.33
1281;422;158;2;219.43
1282;423;225;3;14.43
1283;424;175;1;18.54
1284;425;57;2;49.4
1285;425;182;2;96.28
1286;425;135;1;23.48
1287;425;105;1;19.14
1288;425;93;1;177.34
1289;426;222;3;207.75
1290;426;117;1;187.28
1291;426;252;2;124.2
1292;426;59;1;107.83
1293;426;242;1;66.96
1294;427;72;1;136.88
1295;427;20;2;27.74
1296;428;126;1;333.38
1297;428;266;2;78.95
1298;428;178;2;117.25
1299;428;67;2;41.38
1300;429;287;2;82.17
1301;429;188;1;221.91
1302;430;54;1;232.82
1303;431;49;2;49.52
1304;431;203;2;22.49
1305;431;202;3;84.57
1306;431;255;2;63.76
1307;431;28;3;98.17
1308;432;296;1;31.73
1309;432;237;1;11.53
1310;432;285;1;108.9
1311;432;285;1;108.9
1312;432;5;3;99.57
1313;433;188;1;221.91
1314;433;163;3;127.95
1315;433;39;1;42.14
1316;433;55;1;105.96
1317;433;263;1;58.98
1318;434;29;3;33.59
1319;434;228;2;21.36
1320;434;280;3;194.11
1321;434;239;2;89.88
1322;435;233;3;153.83
1323;435;261;3;138.08
1324;435;134;2;60.38
1325;435;40;2;165.59
1326;435;57;2;49.4
1327;436;41;3;202.78
1328;436;189;3;298.51
1329;436;229;3;14.92
1330;437;91;2;48.19
1331;438;222;3;207.75
1332;438;101;1;337.71
1333;439;141;3;62.63
1334;439;295;3;401.67
1335;439;79;3;57.05
1336;440;201;3;55.38
1337;440;213;3;29.38
1338;440;96;2;318.43
1339;441;92;2;338.54
1340;441;299;3;93.25
1341;441;93;3;177.34
1342;441;213;1;29.38
1343;442;89;2;376.3
1344;442;35;1;57.55
1345;443;141;3;62.63
1346;444;105;3;19.14
1347;444;168;2;36.16
1348;445;110;3;33.58
1349;445;265;3;194.8
1350;445;284;1;66.65
1351;446;188;3;221.91
1352;446;213;2;29.38
1353;446;108;1;53.06
1354;446;57;1;49.4
1355;446;203;3;22.49
1356;447;297;1;111.18
1357;447;79;2;57.05
1358;447;80;2;16.51
1359;448;121;1;102.0
1360;448;100;3;36.47
1361;448;116;2;27.34
1362;448;288;2;430.61
1363;448;258;2;183.46
1364;449;48;2;214.66
1365;450;143;2;86.74
1366;450;225;1;14.43
1367;450;110;3;33.58
1368;451;243;1;23.3
1369;451;184;3;75.61
1370;451;280;2;194.11
1371;451;116;3;27.34
1372;451;186;1;24.83
1373;452;32;3;65.71
1374;453;139;2;284.29
1375;453;272;1;32.79
1376;453;234;1;199.16
1377;454;265;1;194.8
1378;455;55;1;105.96
1379;455;188;3;221.91
1380;455;258;3;183.46
1381;455;256;2;229.2
1382;455;231;2;58.56
1383;456;54;1;232.82
1384;456;230;2;163.67
1385;456;7;1;435.46
1386;457;66;2;65.31
1387;457;10;2;83.77
1388;457;273;2;197.68
1389;457;211;3;253.01
1390;458;130;2;138.45
1391;459;290;3;138.11
1392;460;193;1;303.95
1393;460;65;1;165.71
1394;461;266;3;78.95
1395;462;276;1;77.1
1396;462;206;1;30.23
1397;462;32;2;65.71
1398;462;282;1;377.84
1399;463;260;1;183.92
1400;463;144;1;46.76
1401;463;166;1;36.18
1402;463;196;2;15.62
1403;464;14;1;139.17
1404;465;294;3;73.58
1405;466;245;3;88.8
1406;466;77;1;137.95
1407;466;113;2;261.82
1408;467;179;3;16.67
1409;467;131;2;94.96
1410;468;7;2;435.46
1411;468;292;1;115.69
1412;468;259;3;193.37
1413;469;39;1;42.14
1414;470;218;2;163.84
1415;470;204;2;63.94
1416;471;123;2;70.77
1417;471;133;3;129.76
1418;471;149;1;112.47
1419;471;225;1;14.43
1420;471;160;3;62.31
1421;472;225;3;14.43
1422;473;16;3;135.22
1423;473;219;3;18.89
1424;474;2;1;169.54
1425;474;198;1;53.21
1426;474;173;2;44.37
1427;474;267;2;23.63
1428;475;70;3;99.53
1429;475;116;1;27.34
1430;475;238;1;130.67
1431;475;12;1;58.48
1432;475;14;2;139.17
1433;476;31;2;263.13
1434;476;97;2;160.55
1435;476;20;3;27.74
1436;476;107;1;57.11
1437;477;250;3;45.33
1438;477;269;1;27.35
1439;477;65;2;165.71
1440;477;24;2;171.7
1441;477;266;3;78.95
1442;478;254;1;92.06
1443;478;17;2;66.06
1444;478;238;3;130.67
1445;479;75;1;176.39
1446;480;5;2;99.57
1447;480;210;1;230.86
1448;480;114;1;81.1
1449;480;275;3;167.5
1450;480;164;3;38.45
1451;481;145;3;77.19
1452;481;101;2;337.71
1453;481;216;1;265.62
1454;482;99;2;18.5
1455;482;45;1;206.86
1456;482;33;1;98.43
1457;483;165;1;30.46
1458;483;62;3;77.66
1459;483;13;1;97.98
1460;484;280;3;194.11
1461;484;10;2;83.77
1462;485;65;2;165.71
1463;485;54;2;232.82
1464;485;180;3;59.61
1465;486;141;3;62.63
1466;486;71;3;104.37
1467;486;161;3;66.77
1468;487;107;2;57.11
1469;487;267;2;23.63
1470;487;116;1;27.34
1471;487;43;2;27.58
1472;487;268;2;22.25
1473;488;258;2;183.46
1474;488;77;3;137.95
1475;488;296;2;31.73
1476;488;1;2;85.25
1477;488;292;3;115.69
1478;489;99;2;18.5
1479;489;70;1;99.53
1480;489;36;3;35.27
1481;490;219;2;18.89
1482;490;243;2;23.3
1483;490;282;2;377.84
1484;490;288;3;430.61
1485;490;219;1;18.89
1486;491;168;3;36.16
1487;492;185;1;47.76
1488;493;8;1;295.75
1489;493;219;1;18.89
1490;493;245;1;88.8
1491;493;155;2;75.12
1492;493;1;2;85.25
1493;494;16;3;135.22
1494;495;283;1;114.46
1495;495;49;2;49.52
1496;496;251;2;594.78
1497;496;202;2;84.57
1498;497;96;1;318.43
1499;497;167;1;40.59
1500;498;299;1;93.25
1501;499;269;2;27.35
1502;499;163;3;127.95
1503;499;188;1;221.91
1504;499;161;3;66.77
1505;500;296;1;31.73
1506;500;81;3;83.86
1507;501;139;2;284.29
1508;501;145;1;77.19
1509;501;181;2;42.65
1510;502;78;1;18.59
1511;502;78;1;18.59
1512;502;154;1;276.99
1513;503;272;3;32.79
1514;503;9;3;134.64
1515;503;59;3;107.83
1516;503;210;1;230.86
1517;504;199;1;156.49
1518;504;282;1;377.84
1519;504;179;3;16.67
1520;505;103;1;60.73
1521;506;84;3;56.46
1522;506;117;2;187.28
1523;506;106;1;63.95
1524;506;127;1;28.04
1525;506;137;3;83.8
1526;507;224;2;289.95
1527;507;178;3;117.25
1528;507;233;3;153.83
1529;508;239;3;89.88
1530;509;55;3;105.96
1531;509;195;1;145.55
1532;509;138;3;32.55
1533;510;19;3;25.52
1534;510;184;3;75.61
1535;510;119;1;52.95
1536;510;299;2;93.25
1537;510;194;2;39.16
1538;511;108;3;53.06
1539;511;230;1;163.67
1540;511;226;2;105.33
1541;511;93;2;177.34
1542;511;184;2;75.61
1543;512;93;1;177.34
1544;512;282;1;377.84
1545;512;231;3;58.56
1546;512;218;1;163.84
1547;512;120;2;44.38
1548;513;61;3;251.37
1549;513;287;3;82.17
1550;513;217;3;133.47
1551;513;4;1;15.69
1552;513;89;1;376.3
1553;514;201;2;55.38
1554;514;18;1;140.06
1555;514;247;1;280.92
1556;515;264;3;22.18
1557;515;285;1;108.9
1558;515;281;3;13.59
1559;515;201;3;55.38
1560;515;112;3;112.28
1561;516;244;2;291.31
1562;516;138;1;32.55
1563;517;37;2;125.9
1564;517;6;1;124.34
1565;518;202;3;84.57
1566;518;102;1;79.45
1567;518;98;3;156.09
1568;518;123;3;70.77
1569;518;285;3;108.9
1570;519;201;3;55.38
1571;519;177;3;190.69
1572;520;133;3;129.76
1573;520;292;2;115.69
1574;520;152;3;210.67
1575;520;97;1;160.55
1576;521;255;2;63.76
1577;521;75;1;176.39
1578;521;195;1;145.55
1579;522;209;2;110.99
1580;522;19;1;25.52
1581;522;273;2;197.68
1582;522;144;3;46.76
1583;523;79;1;57.05
1584;523;278;2;58.03
1585;523;91;1;48.19
1586;524;70;2;99.53
1587;524;136;3;77.12
1588;525;225;2;14.43
1589;526;10;3;83.77
1590;526;269;2;27.35
1591;526;52;3;198.57
1592;526;150;3;51.66
1593;526;92;1;338.54
1594;527;62;1;77.66
1595;527;178;2;117.25
1596;527;42;3;263.42
1597;528;6;2;124.34
1598;528;76;1;23.8
1599;528;30;2;43.42
1600;528;59;2;107.83
1601;528;136;3;77.12
1602;529;242;3;66.96
1603;529;163;3;127.95
1604;529;203;3;22.49
1605;529;137;2;83.8
1606;529;255;2;63.76
1607;530;14;3;139.17
1608;530;4;3;15.69
1609;530;228;3;21.36
1610;530;286;1;23.1
1611;531;298;2;95.71
1612;531;140;1;35.81
1613;531;209;1;110.99
1614;531;79;2;57.05
1615;531;180;2;59.61
1616;532;40;1;165.59
1617;532;208;3;26.03
1618;532;223;3;12.9
1619;532;289;1;36.82
1620;532;74;3;13.44
1621;533;285;3;108.9
1622;533;49;2;49.52
1623;533;137;3;83.8
1624;534;221;2;182.12
1625;534;39;2;42.14
1626;534;183;3;83.98
1627;534;175;1;18.54
1628;535;134;2;60.38
1629;535;245;1;88.8
1630;535;274;2;43.03
1631;536;169;3;117.44
1632;536;221;1;182.12
1633;537;144;2;46.76
1634;537;173;1;44.37
1635;537;284;1;66.65
1636;537;276;2;77.1
1637;538;286;2;23.1
1638;538;79;2;57.05
1639;538;111;1;28.98
1640;538;2;1;169.54
1641;538;171;2;59.0
1642;539;243;1;23.3
1643;539;289;1;36.82
1644;539;253;3;62.5
1645;540;92;1;338.54
1646;540;79;1;57.05
1647;541;261;2;138.08
1648;541;222;1;207.75
1649;541;4;2;15.69
1650;542;100;3;36.47
1651;542;205;1;54.75
1652;542;119;3;52.95
1653;542;279;1;52.64
1654;543;62;2;77.66
1655;543;221;2;182.12
1656;544;26;3;73.19
1657;545;278;2;58.03
1658;545;131;3;94.96
1659;545;130;3;138.45
1660;546;108;3;53.06
1661;547;78;1;18.59
1662;547;211;1;253.01
1663;547;199;2;156.49
1664;548;10;3;83.77
1665;548;146;3;35.44
1666;548;13;2;97.98
1667;548;278;2;58.03
1668;548;292;1;115.69
1669;549;296;2;31.73
1670;550;126;2;333.38
1671;551;119;2;52.95
1672;551;278;3;58.03
1673;552;90;2;238.59
1674;552;120;3;44.38
1675;552;291;3;67.09
1676;553;189;2;298.51
1677;553;222;1;207.75
1678;554;83;2;28.81
1679;554;52;2;198.57
1680;554;124;1;109.44
1681;555;243;2;23.3
1682;555;185;1;47.76
1683;555;192;2;139.65
1684;556;71;3;104.37
1685;556;3;1;355.2
1686;556;220;2;97.41
1687;556;217;3;133.47
1688;557;65;2;165.71
1689;557;34;1;71.61
1690;557;20;1;27.74
1691;557;191;1;144.67
1692;557;183;1;83.98
1693;558;6;1;124.34
1694;558;236;1;27.58
1695;558;248;3;278.21
1696;558;52;3;198.57
1697;558;57;1;49.4
1698;559;182;2;96.28
1699;560;226;1;105.33
1700;560;220;3;97.41
1701;560;241;3;177.76
1702;561;270;1;149.02
1703;562;2;1;169.54
1704;562;245;1;88.8
1705;563;82;1;115.88
1706;564;128;3;604.55
1707;564;235;1;98.52
1708;564;196;3;15.62
1709;564;35;2;57.55
1710;564;81;1;83.86
1711;565;152;2;210.67
1712;565;234;3;199.16
1713;566;291;2;67.09
1714;566;112;3;112.28
1715;567;116;2;27.34
1716;567;5;1;99.57
1717;567;31;3;263.13
1718;567;295;2;401.67
1719;568;221;3;182.12
1720;568;69;1;100.84
1721;568;164;2;38.45
1722;568;213;1;29.38
1723;568;123;2;70.77
1724;569;202;1;84.57
1725;570;270;1;149.02
1726;570;65;2;165.71
1727;570;146;2;35.44
1728;570;164;3;38.45
1729;570;239;2;89.88
1730;571;138;1;32.55
1731;571;248;2;278.21
1732;571;142;2;26.83
1733;572;200;2;209.0
1734;572;15;1;110.9
1735;573;213;1;29.38
1736;573;117;1;187.28
1737;573;158;1;219.43
1738;573;286;2;23.1
1739;574;91;3;48.19
1740;574;106;1;63.95
1741;574;297;3;111.18
1742;574;26;3;73.19
1743;575;132;1;76.68
1744;575;226;3;105.33
1745;575;145;1;77.19
1746;575;145;1;77.19
1747;575;104;1;193.22
1748;576;266;1;78.95
1749;576;201;1;55.38
1750;577;210;1;230.86
1751;577;178;3;117.25
1752;577;31;2;263.13
1753;577;148;3;161.06
1754;577;281;1;13.59
1755;578;263;2;58.98
1756;578;296;2;31.73
1757;578;87;1;172.22
1758;579;270;1;149.02
1759;579;293;3;32.93
1760;580;69;1;100.84
1761;580;29;1;33.59
1762;580;52;1;198.57
1763;580;23;2;17.91
1764;581;181;1;42.65
1765;581;265;2;194.8
1766;581;57;1;49.4
1767;581;18;3;140.06
1768;582;112;2;112.28
1769;583;178;1;117.25
1770;583;285;1;108.9
1771;583;96;1;318.43
1772;583;158;2;219.43
1773;584;224;1;289.95
1774;584;257;1;75.87
1775;584;275;3;167.5
1776;585;151;1;14.87
1777;585;67;1;41.38
1778;585;174;1;16.75
1779;585;224;1;289.95
1780;585;63;3;81.7
1781;586;31;1;263.13
1782;586;237;2;11.53
1783;586;297;2;111.18
1784;586;51;2;69.12
1785;587;254;2;92.06
1786;588;202;2;84.57
1787;588;214;1;180.06
1788;589;238;1;130.67
1789;589;197;3;109.76
1790;590;177;1;190.69
1791;590;241;1;177.76
1792;590;76;3;23.8
1793;590;3;1;355.2
1794;590;262;1;203.02
1795;591;224;1;289.95
1796;591;188;3;221.91
1797;591;24;3;171.7
1798;591;192;1;139.65
1799;591;255;1;63.76
1800;592;185;3;47.76
1801;592;281;2;13.59
1802;593;246;3;105.53
1803;593;269;1;27.35
1804;593;143;1;86.74
1805;593;180;1;59.61
1806;594;196;2;15.62
1807;594;225;2;14.43
1808;595;223;2;12.9
1809;595;289;2;36.82
1810;595;184;1;75.61
1811;595;260;1;183.92
1812;595;68;1;208.07
1813;596;204;3;63.94
1814;597;243;3;23.3
1815;597;29;1;33.59
1816;597;72;1;136.88
1817;597;161;3;66.77
1818;597;43;3;27.58
1819;598;217;2;133.47
1820;598;63;2;81.7
1821;598;107;3;57.11
1822;598;95;3;11.53
1823;599;54;3;232.82
1824;599;296;2;31.73
1825;599;292;1;115.69
1826;599;37;2;125.9
1827;600;57;2;49.4
1828;600;57;2;49.4
1829;600;70;3;99.53
1830;600;206;1;30.23
1831;600;152;2;210.67
1832;601;18;3;140.06
1833;601;225;1;14.43
1834;601;233;3;153.83
1835;601;103;2;60.73
1836;602;281;1;13.59
1837;602;55;3;105.96
1838;602;161;3;66.77
1839;602;206;2;30.23
1840;603;170;3;22.32
1841;603;68;3;208.07
1842;603;238;1;130.67
1843;603;21;3;27.77
1844;604;101;2;337.71
1845;604;129;1;59.78
1846;604;60;3;69.22
1847;604;26;3;73.19
1848;605;121;1;102.0
1849;605;81;2;83.86
1850;605;156;2;51.61
1851;605;177;3;190.69
1852;606;133;1;129.76
1853;607;16;2;135.22
1854;607;281;1;13.59
1855;607;45;3;206.86
1856;607;190;2;16.04
1857;607;142;3;26.83
1858;608;218;2;163.84
1859;609;232;1;21.33
1860;610;152;1;210.67
1861;610;86;2;68.41
1862;611;39;3;42.14
1863;611;109;3;46.77
1864;611;96;2;318.43
1865;612;135;1;23.48
1866;613;72;3;136.88
1867;613;230;3;163.67
1868;613;32;2;65.71
1869;613;117;1;187.28
1870;613;46;1;32.13
1871;614;249;3;94.89
1872;614;151;2;14.87
1873;614;195;2;145.55
1874;614;227;2;128.22
1875;615;224;1;289.95
1876;615;206;1;30.23
1877;615;169;3;117.44
1878;615;287;2;82.17
1879;615;227;2;128.22
1880;616;221;3;182.12
1881;616;288;2;430.61
1882;617;229;3;14.92
1883;617;43;1;27.58
1884;617;184;1;75.61
1885;618;45;1;206.86
1886;618;120;2;44.38
1887;618;114;3;81.1
1888;619;221;2;182.12
1889;619;9;3;134.64
1890;619;266;1;78.95
1891;619;229;3;14.92
1892;620;59;3;107.83
1893;621;272;1;32.79
1894;622;27;3;257.64
1895;622;298;3;95.71
1896;623;263;3;58.98
1897;623;233;2;153.83
1898;623;214;3;180.06
1899;624;156;3;51.61
1900;624;5;1;99.57
1901;624;259;1;193.37
1902;624;86;1;68.41
1903;625;294;3;73.58
1904;625;263;1;58.98
1905;625;135;1;23.48
1906;625;200;1;209.0
1907;625;62;3;77.66
1908;626;120;1;44.38
1909;626;216;2;265.62
1910;626;185;2;47.76
1911;626;198;3;53.21
1912;626;44;2;46.23
1913;627;168;1;36.16
1914;627;284;2;66.65
1915;627;270;1;149.02
1916;628;186;2;24.83
1917;629;177;3;190.69
1918;629;67;3;41.38
1919;629;288;1;430.61
1920;629;12;2;58.48
1921;630;162;2;265.52
1922;630;142;1;26.83
1923;630;27;3;257.64
1924;631;245;3;88.8
1925;631;295;2;401.67
1926;632;274;1;43.03
1927;633;195;1;145.55
1928;633;158;2;219.43
1929;634;47;2;10.35
1930;635;269;3;27.35
1931;635;268;2;22.25
1932;636;46;1;32.13
1933;636;62;3;77.66
1934;636;157;1;145.39
1935;636;124;1;109.44
1936;636;274;2;43.03
1937;637;134;3;60.38
1938;638;207;2;234.88
1939;638;93;3;177.34
1940;638;266;1;78.95
1941;639;178;3;117.25
1942;639;18;3;140.06
1943;639;141;1;62.63
1944;639;145;1;77.19
1945;639;178;3;117.25
1946;640;22;3;231.52
1947;640;124;3;109.44
1948;640;51;3;69.12
1949;641;167;1;40.59
1950;641;73;2;47.55
1951;641;121;3;102.0
1952;641;2;1;169.54
1953;641;25;2;36.6
1954;642;163;2;127.95
1955;642;223;2;12.9
1956;643;108;1;53.06
1957;643;76;3;23.8
1958;643;58;1;37.93
1959;643;176;1;23.46
1960;643;249;1;94.89
1961;644;165;3;30.46
1962;644;176;1;23.46
1963;644;254;1;92.06
1964;644;33;1;98.43
1965;645;97;1;160.55
1966;645;183;3;83.98
1967;645;40;1;165.59
1968;645;14;1;139.17
1969;645;240;2;115.21
1970;646;32;2;65.71
1971;646;45;3;206.86
1972;646;156;1;51.61
1973;646;175;1;18.54
1974;646;16;1;135.22
1975;647;283;2;114.46
1976;647;282;1;377.84
1977;647;167;2;40.59
1978;647;75;3;176.39
1979;647;123;3;70.77
1980;648;289;2;36.82
1981;649;245;2;88.8
1982;649;138;3;32.55
1983;649;154;3;276.99
1984;650;116;2;27.34
1985;651;20;3;27.74
1986;651;134;1;60.38
1987;651;196;2;15.62
1988;651;197;1;109.76
1989;651;296;1;31.73
1990;652;117;2;187.28
1991;652;223;1;12.9
1992;652;282;3;377.84
1993;652;236;3;27.58
1994;652;221;2;182.12
1995;653;240;3;115.21
1996;653;18;1;140.06
1997;653;104;2;193.22
1998;654;204;2;63.94
1999;654;148;1;161.06
2000;654;69;1;100.84
2001;654;106;3;63.95
2002;655;66;1;65.31
2003;655;76;2;23.8
2004;655;69;2;100.84
2005;656;92;2;338.54
2006;656;208;3;26.03
2007;656;140;1;35.81
2008;656;165;1;30.46
2009;656;166;3;36.18
2010;657;111;1;28.98
2011;657;277;2;141.51
2012;657;26;1;73.19
2013;658;283;3;114.46
2014;658;246;2;105.53
2015;658;67;2;41.38
2016;659;246;3;105.53
2017;659;4;3;15.69
2018;659;49;2;49.52
2019;659;39;3;42.14
2020;660;229;2;14.92
2021;660;147;3;15.53
2022;660;34;2;71.61
2023;660;50;1;63.53
2024;660;289;2;36.82
2025;661;155;1;75.12
2026;661;175;1;18.54
2027;661;138;1;32.55
2028;661;74;3;13.44
2029;661;229;3;14.92
2030;662;3;3;355.2
2031;662;264;3;22.18
2032;663;62;3;77.66
2033;663;141;2;62.63
2034;663;100;2;36.47
2035;663;73;3;47.55
2036;663;153;3;28.61
2037;664;64;3;63.91
2038;664;119;1;52.95
2039;664;292;3;115.69
2040;665;121;2;102.0
2041;665;73;2;47.55
2042;665;113;1;261.82
2043;665;82;3;115.88
2044;665;24;2;171.7
2045;666;170;3;22.32
2046;667;168;2;36.16
2047;667;75;1;176.39
2048;668;259;1;193.37
2049;668;247;1;280.92
2050;668;197;1;109.76
2051;669;257;1;75.87
2052;670;108;2;53.06
2053;671;67;2;41.38
2054;671;169;2;117.44
2055;671;259;2;193.37
2056;672;83;1;28.81
2057;672;285;1;108.9
2058;673;28;2;98.17
2059;673;1;2;85.25
2060;673;25;2;36.6
2061;674;32;3;65.71
2062;674;145;1;77.19
2063;674;173;3;44.37
2064;674;193;1;303.95
2065;674;136;3;77.12
2066;675;211;2;253.01
2067;675;154;2;276.99
2068;675;20;2;27.74
2069;675;82;2;115.88
2070;676;225;2;14.43
2071;676;232;2;21.33
2072;676;142;2;26.83
2073;677;231;1;58.56
2074;677;92;1;338.54
2075;677;127;3;28.04
2076;677;44;3;46.23
2077;677;138;1;32.55
2078;678;168;1;36.16
2079;679;106;1;63.95
2080;680;126;2;333.38
2081;680;212;2;167.62
2082;681;114;2;81.1
2083;681;160;3;62.31
2084;681;198;1;53.21
2085;681;289;3;36.82
2086;681;99;2;18.5
2087;682;21;2;27.77
2088;682;279;2;52.64
2089;682;150;2;51.66
2090;682;223;2;12.9
2091;683;191;2;144.67
2092;683;197;2;109.76
2093;683;106;3;63.95
2094;684;139;1;284.29
2095;684;264;1;22.18
2096;685;56;3;84.93
2097;686;285;2;108.9
2098;687;166;3;36.18
2099;687;131;1;94.96
2100;687;56;3;84.93
2101;687;43;1;27.58
2102;687;282;3;377.84
2103;688;249;1;94.89
2104;689;274;1;43.03
2105;689;133;2;129.76
2106;689;209;1;110.99
2107;689;44;2;46.23
2108;690;283;1;114.46
2109;690;228;3;21.36
2110;690;161;1;66.77
2111;690;63;1;81.7
2112;691;203;1;22.49
2113;692;147;3;15.53
2114;693;43;3;27.58
2115;693;262;3;203.02
2116;694;278;1;58.03
2117;695;231;3;58.56
2118;695;2;2;169.54
2119;695;272;3;32.79
2120;695;142;3;26.83
2121;695;18;1;140.06
2122;696;58;3;37.93
2123;697;257;3;75.87
2124;697;104;1;193.22
2125;697;227;2;128.22
2126;697;104;3;193.22
2127;697;151;3;14.87
2128;698;189;3;298.51
2129;698;12;1;58.48
2130;698;51;3;69.12
2131;699;290;2;138.11
2132;700;8;1;295.75
2133;700;225;3;14.43
2134;700;155;3;75.12
2135;700;202;2;84.57
2136;700;26;3;73.19
2137;701;274;3;43.03
2138;701;19;2;25.52
2139;701;169;3;117.44
2140;701;281;1;13.59
2141;702;268;2;22.25
2142;702;161;1;66.77
2143;702;66;1;65.31
2144;703;180;3;59.61
2145;704;195;2;145.55
2146;704;21;1;27.77
2147;705;251;3;594.78
2148;705;188;2;221.91
2149;705;281;2;13.59
2150;705;140;1;35.81
2151;705;3;2;355.2
2152;706;13;1;97.98
2153;706;48;2;214.66
2154;707;160;2;62.31
2155;707;115;1;45.38
2156;707;16;1;135.22
2157;708;278;2;58.03
2158;709;178;2;117.25
2159;709;175;2;18.54
2160;709;94;1;191.51
2161;709;83;2;28.81
2162;709;259;3;193.37
2163;710;286;2;23.1
2164;710;243;2;23.3
2165;711;56;3;84.93
2166;711;97;1;160.55
2167;711;254;1;92.06
2168;711;255;3;63.76
2169;711;232;1;21.33
2170;712;60;3;69.22
2171;712;165;1;30.46
2172;712;14;3;139.17
2173;712;147;3;15.53
2174;712;116;1;27.34
2175;713;247;2;280.92
2176;713;170;3;22.32
2177;714;234;3;199.16
2178;714;77;2;137.95
2179;714;58;1;37.93
2180;714;274;1;43.03
2181;714;289;2;36.82
2182;715;233;3;153.83
2183;715;218;3;163.84
2184;715;135;3;23.48
2185;715;68;3;208.07
2186;715;159;2;56.32
2187;716;214;1;180.06
2188;717;27;3;257.64
2189;718;256;3;229.2
2190;718;95;2;11.53
2191;718;242;3;66.96
2192;718;31;2;263.13
2193;719;200;3;209.0
2194;719;192;2;139.65
2195;719;83;3;28.81
2196;720;200;3;209.0
2197;720;43;2;27.58
2198;720;185;2;47.76
2199;721;139;2;284.29
2200;721;66;1;65.31
2201;722;48;3;214.66
2202;722;207;1;234.88
2203;722;35;3;57.55
2204;723;39;2;42.14
2205;723;90;3;238.59
2206;723;74;3;13.44
2207;724;82;2;115.88
2208;724;281;3;13.59
2209;724;144;2;46.76
2210;724;16;2;135.22
2211;725;226;1;105.33
2212;725;180;1;59.61
2213;725;115;1;45.38
2214;725;281;2;13.59
2215;726;21;1;27.77
2216;726;124;2;109.44
2217;727;161;2;66.77
2218;727;268;2;22.25
2219;728;160;3;62.31
2220;728;186;3;24.83
2221;729;41;3;202.78
2222;729;283;1;114.46
2223;729;263;2;58.98
2224;729;41;1;202.78
2225;729;37;3;125.9
2226;730;151;1;14.87
2227;730;292;3;115.69
2228;730;11;3;27.62
2229;731;241;2;177.76
2230;731;52;3;198.57
2231;731;191;1;144.67
2232;732;230;3;163.67
2233;732;21;3;27.77
2234;733;58;1;37.93
2235;733;154;1;276.99
2236;733;64;1;63.91
2237;733;62;1;77.66
2238;733;255;3;63.76
2239;734;125;2;136.07
2240;734;123;3;70.77
2241;734;257;3;75.87
2242;734;240;1;115.21
2243;734;194;2;39.16
2244;735;109;2;46.77
2245;735;153;2;28.61
2246;735;292;2;115.69
2247;736;118;3;365.76
2248;736;113;1;261.82
2249;736;103;3;60.73
2250;736;281;3;13.59
2251;736;59;1;107.83
2252;737;231;2;58.56
2253;738;136;1;77.12
2254;738;249;1;94.89
2255;739;45;3;206.86
2256;739;35;2;57.55
2257;739;126;3;333.38
2258;740;43;1;27.58
2259;741;59;1;107.83
2260;741;3;2;355.2
2261;742;227;2;128.22
2262;742;250;2;45.33
2263;742;183;1;83.98
2264;742;281;3;13.59
2265;743;11;3;27.62
2266;743;284;3;66.65
2267;743;228;1;21.36
2268;743;128;1;604.55
2269;743;65;1;165.71
2270;744;195;3;145.55
2271;744;16;2;135.22
2272;744;129;2;59.78
2273;745;186;2;24.83
2274;746;59;3;107.83
2275;746;246;1;105.53
2276;746;144;1;46.76
2277;747;39;2;42.14
2278;748;75;3;176.39
2279;748;83;3;28.81
2280;749;75;3;176.39
2281;749;75;2;176.39
2282;749;18;3;140.06
2283;750;31;1;263.13
2284;751;143;3;86.74
2285;751;87;1;172.22
2286;751;133;3;129.76
2287;752;162;3;265.52
2288;752;165;2;30.46
2289;752;245;2;88.8
2290;753;87;3;172.22
2291;754;174;2;16.75
2292;754;284;1;66.65
2293;754;82;1;115.88
2294;754;54;2;232.82
2295;755;54;1;232.82
2296;755;186;3;24.83
2297;755;178;1;117.25
2298;756;2;3;169.54
2299;756;241;2;177.76
2300;757;98;2;156.09
2301;757;172;2;108.1
2302;757;148;3;161.06
2303;757;160;1;62.31
2304;757;41;3;202.78
2305;758;7;1;435.46
2306;758;180;3;59.61
2307;758;131;1;94.96
2308;758;273;3;197.68
2309;758;242;3;66.96
2310;759;292;1;115.69
2311;760;233;1;153.83
2312;760;48;3;214.66
2313;760;79;3;57.05
2314;760;186;1;24.83
2315;761;268;2;22.25
2316;762;262;2;203.02
2317;763;75;2;176.39
2318;763;179;1;16.67
2319;764;121;1;102.0
2320;764;206;1;30.23
2321;764;76;3;23.8
2322;764;263;1;58.98
2323;765;22;2;231.52
2324;765;17;2;66.06
2325;765;85;2;276.27
2326;765;160;1;62.31
2327;765;220;2;97.41
2328;766;147;3;15.53
2329;766;108;1;53.06
2330;766;190;3;16.04
2331;766;73;2;47.55
2332;767;7;3;435.46
2333;767;177;2;190.69
2334;767;233;2;153.83
2335;767;104;2;193.22
2336;768;213;1;29.38
2337;768;178;3;117.25
2338;768;195;1;145.55
2339;768;168;1;36.16
2340;768;18;1;140.06
2341;769;63;3;81.7
2342;770;274;3;43.03
2343;770;289;3;36.82
2344;770;158;3;219.43
2345;770;227;2;128.22
2346;771;214;1;180.06
2347;771;223;2;12.9
2348;771;158;1;219.43
2349;772;228;2;21.36
2350;772;228;1;21.36
2351;772;297;3;111.18
2352;772;202;2;84.57
2353;773;168;3;36.16
2354;774;11;1;27.62
2355;774;74;3;13.44
2356;774;2;3;169.54
2357;774;270;2;149.02
2358;774;152;1;210.67
2359;775;267;1;23.63
2360;776;121;3;102.0
2361;776;85;1;276.27
2362;777;188;3;221.91
2363;777;42;1;263.42
2364;777;128;3;604.55
2365;777;208;3;26.03
2366;777;165;3;30.46
2367;778;258;3;183.46
2368;778;256;1;229.2
2369;778;13;1;97.98
2370;779;34;2;71.61
2371;779;101;1;337.71
2372;779;106;1;63.95
2373;779;269;3;27.35
2374;780;202;3;84.57
2375;780;97;1;160.55
2376;780;105;2;19.14
2377;781;199;1;156.49
2378;781;186;1;24.83
2379;781;289;1;36.82
2380;782;61;2;251.37
2381;782;292;2;115.69
2382;782;126;3;333.38
2383;782;272;2;32.79
2384;783;58;3;37.93
2385;784;165;2;30.46
2386;784;182;2;96.28
2387;784;193;3;303.95
2388;784;45;1;206.86
2389;784;4;3;15.69
2390;785;162;2;265.52
2391;785;135;3;23.48
2392;785;232;1;21.33
2393;786;122;3;159.31
2394;786;19;2;25.52
2395;786;135;1;23.48
2396;787;19;3;25.52
2397;787;146;3;35.44
2398;787;12;3;58.48
2399;787;63;3;81.7
2400;787;40;1;165.59
2401;788;30;3;43.42
2402;788;174;3;16.75
2403;788;281;1;13.59
2404;788;215;2;42.37
2405;788;58;3;37.93
2406;789;102;1;79.45
2407;790;207;1;234.88
2408;791;131;2;94.96
2409;791;84;2;56.46
2410;792;219;1;18.89
2411;792;71;1;104.37
2412;792;174;1;16.75
2413;793;207;2;234.88
2414;793;206;1;30.23
2415;794;263;1;58.98
2416;794;87;2;172.22
2417;795;52;1;198.57
2418;795;91;3;48.19
2419;795;101;2;337.71
2420;795;50;3;63.53
2421;795;43;3;27.58
2422;796;174;1;16.75
2423;796;85;3;276.27
2424;796;47;3;10.35
2425;796;7;1;435.46
2426;797;175;2;18.54
2427;798;62;1;77.66
2428;798;291;1;67.09
2429;798;203;3;22.49
2430;798;72;1;136.88
2431;799;181;3;42.65
2432;799;32;1;65.71
2433;799;101;3;337.71
2434;800;15;1;110.9
2435;801;154;1;276.99
2436;802;13;3;97.98
2437;802;38;3;136.67
2438;802;104;1;193.22
2439;803;187;3;145.63
2440;803;217;1;133.47
2441;804;171;1;59.0
2442;804;30;2;43.42
2443;805;162;1;265.52
2444;805;263;3;58.98
2445;805;273;2;197.68
2446;805;204;1;63.94
2447;806;202;3;84.57
2448;806;211;1;253.01
2449;807;46;3;32.13
2450;807;100;1;36.47
2451;807;284;3;66.65
2452;808;188;1;221.91
2453;808;174;2;16.75
2454;809;272;1;32.79
2455;809;43;1;27.58
2456;809;183;2;83.98
2457;809;154;3;276.99
2458;809;53;1;51.23
2459;810;173;2;44.37
2460;810;153;2;28.61
2461;811;240;2;115.21
2462;811;58;3;37.93
2463;812;76;1;23.8
2464;812;5;2;99.57
2465;812;213;1;29.38
2466;812;220;3;97.41
2467;813;34;1;71.61
2468;814;84;3;56.46
2469;814;73;3;47.55
2470;814;71;2;104.37
2471;814;259;1;193.37
2472;814;145;3;77.19
2473;815;148;3;161.06
2474;815;177;3;190.69
2475;816;192;2;139.65
2476;817;95;2;11.53
2477;817;30;1;43.42
2478;817;191;2;144.67
2479;818;117;1;187.28
2480;818;58;2;37.93
2481;818;57;2;49.4
2482;819;285;1;108.9
2483;820;49;1;49.52
2484;820;126;1;333.38
2485;820;135;3;23.48
2486;820;12;1;58.48
2487;821;215;3;42.37
2488;821;81;3;83.86
2489;821;192;3;139.65
2490;821;157;3;145.39
2491;821;106;3;63.95
2492;822;263;2;58.98
2493;822;201;2;55.38
2494;822;259;1;193.37
2495;822;228;2;21.36
2496;822;178;1;117.25
2497;823;223;2;12.9
2498;823;192;3;139.65
2499;823;71;1;104.37
2500;823;204;3;63.94
2501;824;40;1;165.59
2502;824;241;3;177.76
2503;824;102;1;79.45
2504;825;60;3;69.22
2505;825;219;3;18.89
2506;825;132;1;76.68
2507;825;140;2;35.81
2508;826;164;1;38.45
2509;826;218;1;163.84
2510;826;275;1;167.5
2511;826;4;3;15.69
2512;827;64;2;63.91
2513;828;280;2;194.11
2514;828;158;3;219.43
2515;829;219;3;18.89
2516;829;259;1;193.37
2517;829;257;1;75.87
2518;830;176;2;23.46
2519;831;180;2;59.61
2520;831;129;1;59.78
2521;831;227;3;128.22
2522;832;300;2;105.48
2523;832;211;1;253.01
2524;833;59;3;107.83
2525;834;31;3;263.13
2526;834;60;1;69.22
2527;834;58;2;37.93
2528;834;260;3;183.92
2529;834;44;1;46.23
2530;835;196;3;15.62
2531;835;242;2;66.96
2532;835;291;2;67.09
2533;835;172;3;108.1
2534;836;21;2;27.77
2535;837;80;2;16.51
2536;838;78;1;18.59
2537;839;179;2;16.67
2538;840;283;3;114.46
2539;841;251;3;594.78
2540;842;280;2;194.11
2541;842;157;2;145.39
2542;842;22;1;231.52
2543;843;128;1;604.55
2544;843;290;3;138.11
2545;844;256;2;229.2
2546;844;232;2;21.33
2547;845;254;1;92.06
2548;846;74;1;13.44
2549;846;199;3;156.49
2550;847;55;3;105.96
2551;847;244;2;291.31
2552;847;166;2;36.18
2553;848;54;3;232.82
2554;848;274;3;43.03
2555;848;214;1;180.06
2556;848;151;3;14.87
2557;849;268;2;22.25
2558;849;140;1;35.81
2559;849;220;3;97.41
2560;849;40;1;165.59
2561;850;124;3;109.44
2562;850;194;2;39.16
2563;850;241;2;177.76
2564;850;268;2;22.25
2565;850;295;3;401.67
2566;851;149;1;112.47
2567;851;147;3;15.53
2568;852;149;1;112.47
2569;852;138;2;32.55
2570;852;20;1;27.74
2571;852;145;3;77.19
2572;853;30;3;43.42
2573;853;233;2;153.83
2574;853;216;3;265.62
2575;854;118;2;365.76
2576;855;181;2;42.65
2577;855;300;3;105.48
2578;856;123;3;70.77
2579;857;179;2;16.67
2580;857;29;2;33.59
2581;857;211;3;253.01
2582;857;162;2;265.52
2583;858;234;2;199.16
2584;858;104;2;193.22
2585;858;286;3;23.1
2586;859;70;1;99.53
2587;860;170;2;22.32
2588;860;242;3;66.96
2589;860;16;3;135.22
2590;860;174;3;16.75
2591;861;144;1;46.76
2592;861;28;2;98.17
2593;862;92;2;338.54
2594;862;88;2;271.98
2595;862;20;1;27.74
2596;862;247;2;280.92
2597;862;61;1;251.37
2598;863;63;2;81.7
2599;863;293;2;32.93
2600;864;274;1;43.03
2601;864;57;1;49.4
2602;864;214;3;180.06
2603;865;14;2;139.17
2604;865;34;3;71.61
2605;865;10;2;83.77
2606;865;11;1;27.62
2607;865;279;2;52.64
2608;866;274;2;43.03
2609;867;102;3;79.45
2610;867;39;1;42.14
2611;867;95;1;11.53
2612;868;249;2;94.89
2613;869;19;3;25.52
2614;870;154;2;276.99
2615;870;144;2;46.76
2616;870;50;2;63.53
2617;870;27;2;257.64
2618;870;184;1;75.61
2619;871;250;1;45.33
2620;871;251;1;594.78
2621;871;271;3;134.08
2622;871;16;1;135.22
2623;871;223;1;12.9
2624;872;300;2;105.48
2625;873;198;1;53.21
2626;874;249;3;94.89
2627;875;211;1;253.01
2628;875;138;1;32.55
2629;875;130;1;138.45
2630;876;192;3;139.65
2631;876;116;3;27.34
2632;876;274;3;43.03
2633;877;232;1;21.33
2634;877;139;1;284.29
2635;877;144;1;46.76
2636;877;109;1;46.77
2637;878;225;3;14.43
2638;879;168;2;36.16
2639;880;28;3;98.17
2640;880;75;3;176.39
2641;880;63;2;81.7
2642;881;81;1;83.86
2643;881;234;2;199.16
2644;881;235;2;98.52
2645;881;2;2;169.54
2646;882;181;1;42.65
2647;882;241;1;177.76
2648;882;119;3;52.95
2649;883;53;3;51.23
2650;883;33;1;98.43
2651;883;124;1;109.44
2652;883;256;2;229.2
2653;884;169;1;117.44
2654;884;85;2;276.27
2655;884;70;3;99.53
2656;884;77;3;137.95
2657;884;219;1;18.89
2658;885;264;1;22.18
2659;885;291;3;67.09
2660;885;287;3;82.17
2661;885;122;3;159.31
2662;885;189;1;298.51
2663;886;54;1;232.82
2664;886;300;3;105.48
2665;887;130;2;138.45
2666;887;293;2;32.93
2667;887;282;1;377.84
2668;887;246;1;105.53
2669;888;53;3;51.23
2670;888;290;1;138.11
2671;888;51;2;69.12
2672;888;231;3;58.56
2673;888;210;1;230.86
2674;889;48;2;214.66
2675;889;124;2;109.44
2676;890;121;2;102.0
2677;890;2;1;169.54
2678;890;272;3;32.79
2679;890;246;2;105.53
2680;890;121;2;102.0
2681;891;157;2;145.39
2682;891;212;3;167.62
2683;891;14;1;139.17
2684;891;35;3;57.55
2685;892;299;2;93.25
2686;892;105;1;19.14
2687;893;19;3;25.52
2688;893;195;2;145.55
2689;894;118;2;365.76
2690;894;125;2;136.07
2691;895;97;1;160.55
2692;895;213;2;29.38
2693;895;54;2;232.82
2694;896;64;1;63.91
2695;896;279;2;52.64
2696;896;137;1;83.8
2697;897;278;3;58.03
2698;897;115;1;45.38
2699;898;280;2;194.11
2700;898;225;2;14.43
2701;898;249;2;94.89
2702;899;69;2;100.84
2703;899;185;2;47.76
2704;899;298;1;95.71
2705;899;140;3;35.81
2706;900;90;1;238.59
2707;900;92;1;338.54
2708;900;231;2;58.56
2709;900;57;2;49.4
2710;900;112;2;112.28
2711;901;280;2;194.11
2712;901;10;2;83.77
2713;901;188;1;221.91
2714;901;119;1;52.95
2715;901;25;1;36.6
2716;902;73;3;47.55
2717;902;243;2;23.3
2718;902;214;3;180.06
2719;902;152;3;210.67
2720;903;130;2;138.45
2721;903;246;3;105.53
2722;903;226;2;105.33
2723;903;138;3;32.55
2724;904;105;1;19.14
2725;904;186;3;24.83
2726;904;128;3;604.55
2727;904;218;3;163.84
2728;904;6;3;124.34
2729;905;134;3;60.38
2730;905;188;3;221.91
2731;905;222;1;207.75
2732;905;207;3;234.88
2733;905;146;3;35.44
2734;906;93;3;177.34
2735;906;100;3;36.47
2736;907;215;3;42.37
2737;907;277;3;141.51
2738;908;286;3;23.1
2739;908;231;1;58.56
2740;909;164;1;38.45
2741;909;29;3;33.59
2742;909;129;3;59.78
2743;910;4;1;15.69
2744;911;92;1;338.54
2745;911;43;2;27.58
2746;911;211;3;253.01
2747;911;100;1;36.47
2748;911;178;2;117.25
2749;912;185;3;47.76
2750;912;132;3;76.68
2751;912;42;3;263.42
2752;912;196;2;15.62
2753;913;141;3;62.63
2754;913;41;2;202.78
2755;913;155;1;75.12
2756;913;75;2;176.39
2757;914;175;1;18.54
2758;914;65;2;165.71
2759;915;188;1;221.91
2760;915;282;1;377.84
2761;916;271;1;134.08
2762;916;120;2;44.38
2763;916;275;2;167.5
2764;916;66;2;65.31
2765;917;107;3;57.11
2766;917;99;2;18.5
2767;917;238;1;130.67
2768;917;198;1;53.21
2769;918;216;1;265.62
2770;918;10;1;83.77
2771;919;120;3;44.38
2772;919;298;3;95.71
2773;920;75;2;176.39
2774;920;160;3;62.31
2775;921;234;1;199.16
2776;921;39;2;42.14
2777;921;222;3;207.75
2778;921;2;1;169.54
2779;921;281;1;13.59
2780;922;279;3;52.64
2781;922;226;3;105.33
2782;922;280;1;194.11
2783;922;135;2;23.48
2784;923;223;1;12.9
2785;923;90;3;238.59
2786;924;83;2;28.81
2787;924;209;3;110.99
2788;925;22;3;231.52
2789;925;156;3;51.61
2790;926;259;1;193.37
2791;926;300;2;105.48
2792;926;54;3;232.82
2793;927;37;2;125.9
2794;927;8;2;295.75
2795;927;46;3;32.13
2796;928;256;1;229.2
2797;928;138;2;32.55
2798;928;61;1;251.37
2799;928;133;1;129.76
2800;929;7;2;435.46
2801;929;299;2;93.25
2802;929;284;3;66.65
2803;930;214;3;180.06
2804;930;158;3;219.43
2805;930;10;2;83.77
2806;930;59;3;107.83
2807;931;9;3;134.64
2808;932;31;1;263.13
2809;932;229;3;14.92
2810;932;132;1;76.68
2811;932;166;3;36.18
2812;932;180;3;59.61
2813;933;186;1;24.83
2814;933;97;2;160.55
2815;933;283;2;114.46
2816;934;55;1;105.96
2817;934;224;2;289.95
2818;934;106;2;63.95
2819;935;43;2;27.58
2820;935;36;2;35.27
2821;936;25;1;36.6
2822;936;69;3;100.84
2823;936;160;3;62.31
2824;937;189;1;298.51
2825;937;246;3;105.53
2826;937;107;3;57.11
2827;938;199;1;156.49
2828;938;297;1;111.18
2829;938;235;3;98.52
2830;939;206;1;30.23
2831;939;115;3;45.38
2832;939;292;3;115.69
2833;939;78;2;18.59
2834;940;96;3;318.43
2835;940;265;3;194.8
2836;940;253;1;62.5
2837;940;92;2;338.54
2838;940;55;2;105.96
2839;941;226;1;105.33
2840;942;11;2;27.62
2841;942;17;1;66.06
2842;942;275;3;167.5
2843;943;51;2;69.12
2844;943;83;2;28.81
2845;943;73;2;47.55
2846;943;221;3;182.12
2847;943;138;2;32.55
2848;944;106;1;63.95
2849;945;271;3;134.08
2850;945;36;1;35.27
2851;945;140;1;35.81
2852;945;165;3;30.46
2853;946;160;2;62.31
2854;947;149;1;112.47
2855;948;124;2;109.44
2856;948;205;1;54.75
2857;948;229;2;14.92
2858;948;193;1;303.95
2859;949;112;2;112.28
2860;950;271;1;134.08
2861;950;163;3;127.95
2862;950;173;3;44.37
2863;951;230;3;163.67
2864;951;230;1;163.67
2865;951;198;2;53.21
2866;952;208;3;26.03
2867;953;206;3;30.23
2868;953;293;2;32.93
2869;953;299;1;93.25
2870;953;266;3;78.95
2871;954;231;1;58.56
2872;954;122;1;159.31
2873;955;42;1;263.42
2874;955;204;1;63.94
2875;955;6;2;124.34
2876;955;39;2;42.14
2877;955;23;3;17.91
2878;956;173;3;44.37
2879;956;160;1;62.31
2880;956;40;1;165.59
2881;956;209;1;110.99
2882;957;255;2;63.76
2883;958;165;1;30.46
2884;958;93;1;177.34
2885;958;282;3;377.84
2886;958;223;1;12.9
2887;959;144;2;46.76
2888;959;9;3;134.64
2889;959;69;1;100.84
2890;960;102;2;79.45
2891;960;201;2;55.38
2892;960;18;3;140.06
2893;961;251;3;594.78
2894;961;82;1;115.88
2895;961;109;3;46.77
2896;961;70;1;99.53
2897;961;293;3;32.93
2898;962;204;1;63.94
2899;962;241;1;177.76
2900;962;50;1;63.53
2901;962;111;1;28.98
2902;963;27;2;257.64
2903;963;161;3;66.77
2904;963;42;2;263.42
2905;963;278;2;58.03
2906;963;69;3;100.84
2907;964;107;2;57.11
2908;965;244;2;291.31
2909;965;71;1;104.37
2910;966;156;3;51.61
2911;966;224;3;289.95
2912;966;7;3;435.46
2913;966;124;2;109.44
2914;966;238;1;130.67
2915;967;131;1;94.96
2916;967;135;1;23.48
2917;968;148;3;161.06
2918;968;249;1;94.89
2919;969;265;2;194.8
2920;969;291;3;67.09
2921;969;226;2;105.33
2922;969;152;3;210.67
2923;970;219;3;18.89
2924;971;116;3;27.34
2925;972;182;2;96.28
2926;973;20;2;27.74
2927;973;300;1;105.48
2928;973;289;1;36.82
2929;973;177;1;190.69
2930;974;35;3;57.55
2931;974;51;2;69.12
2932;975;286;2;23.1
2933;975;297;2;111.18
2934;976;231;2;58.56
2935;976;44;3;46.23
2936;976;84;3;56.46
2937;976;173;2;44.37
2938;976;275;2;167.5
2939;977;190;1;16.04
2940;977;14;1;139.17
2941;977;27;3;257.64
2942;978;61;2;251.37
2943;978;84;1;56.46
2944;979;167;1;40.59
2945;979;277;3;141.51
2946;980;142;3;26.83
2947;980;135;3;23.48
2948;980;123;3;70.77
2949;980;184;3;75.61
2950;981;296;2;31.73
2951;982;249;1;94.89
2952;982;299;2;93.25
2953;982;271;1;134.08
2954;982;46;2;32.13
2955;983;165;3;30.46
2956;983;257;2;75.87
2957;983;51;2;69.12
2958;983;118;2;365.76
2959;983;231;1;58.56
2960;984;134;2;60.38
2961;984;21;2;27.77
2962;984;184;3;75.61
2963;984;100;1;36.47
2964;984;208;2;26.03
2965;985;204;2;63.94
2966;985;96;3;318.43
2967;985;295;2;401.67
2968;985;71;1;104.37
2969;986;211;1;253.01
2970;986;224;3;289.95
2971;986;123;3;70.77
2972;986;44;3;46.23
2973;986;36;2;35.27
2974;987;86;1;68.41
2975;987;73;3;47.55
2976;987;56;3;84.93
2977;987;224;1;289.95
2978;988;95;3;11.53
2979;988;77;1;137.95
2980;988;110;3;33.58
2981;988;129;2;59.78
2982;988;47;1;10.35
2983;989;273;1;197.68
2984;989;117;1;187.28
2985;989;140;3;35.81
2986;990;36;1;35.27
2987;991;220;3;97.41
2988;991;267;3;23.63
2989;991;3;1;355.2
2990;991;222;3;207.75
2991;991;58;1;37.93
2992;992;123;2;70.77
2993;992;80;1;16.51
2994;992;133;3;129.76
2995;993;216;3;265.62
2996;993;227;2;128.22
2997;993;223;2;12.9
2998;994;7;3;435.46
2999;994;290;2;138.11
3000;994;204;2;63.94
3001;994;270;2;149.02
3002;995;129;3;59.78
3003;995;88;3;271.98
3004;995;249;1;94.89
3005;995;46;3;32.13
3006;996;254;1;92.06
3007;996;264;3;22.18
3008;996;137;2;83.8
3009;997;50;3;63.53
3010;997;283;3;114.46
3011;997;140;2;35.81
3012;998;168;2;36.16
3013;998;273;2;197.68
3014;998;213;1;29.38
3015;998;117;3;187.28
3016;999;139;1;284.29
3017;1000;245;1;88.8
3018;1000;72;1;136.88
3019;1001;75;1;176.39
3020;1002;261;3;138.08
3021;1002;173;1;44.37
3022;1002;293;2;32.93
3023;1003;285;1;108.9
3024;1003;116;2;27.34
3025;1003;162;1;265.52
3026;1004;181;1;42.65
3027;1004;261;3;138.08
3028;1005;110;1;33.58
3029;1005;17;3;66.06
3030;1005;211;2;253.01
3031;1005;245;2;88.8
3032;1006;45;2;206.86
3033;1006;19;1;25.52
3034;1006;156;2;51.61
3035;1006;125;1;136.07
3036;1007;116;1;27.34
3037;1008;172;1;108.1
3038;1008;233;2;153.83
3039;1008;116;3;27.34
3040;1008;132;3;76.68
3041;1009;136;2;77.12
3042;1009;257;1;75.87
3043;1010;251;1;594.78
3044;1010;190;3;16.04
3045;1010;87;1;172.22
3046;1010;210;2;230.86
3047;1010;263;2;58.98
3048;1011;78;3;18.59
3049;1012;158;3;219.43
3050;1012;162;1;265.52
3051;1012;292;1;115.69
3052;1012;185;2;47.76
3053;1012;70;3;99.53
3054;1013;168;1;36.16
3055;1014;91;2;48.19
3056;1014;255;3;63.76
3057;1014;71;1;104.37
3058;1014;273;2;197.68
3059;1015;195;2;145.55
3060;1016;270;3;149.02
3061;1017;265;1;194.8
3062;1017;20;1;27.74
3063;1017;57;2;49.4
3064;1018;90;2;238.59
3065;1019;292;3;115.69
3066;1019;238;2;130.67
3067;1019;4;2;15.69
3068;1019;249;2;94.89
3069;1019;27;1;257.64
3070;1020;186;2;24.83
3071;1021;233;3;153.83
3072;1021;9;1;134.64
3073;1021;151;1;14.87
3074;1022;90;3;238.59
3075;1022;1;2;85.25
3076;1022;4;1;15.69
3077;1022;106;2;63.95
3078;1022;37;1;125.9
3079;1023;112;1;112.28
3080;1024;23;3;17.91
3081;1024;83;2;28.81
3082;1025;59;1;107.83
3083;1026;272;1;32.79
3084;1026;5;2;99.57
3085;1027;92;3;338.54
3086;1028;119;2;52.95
3087;1029;179;1;16.67
3088;1029;205;2;54.75
3089;1029;196;2;15.62
3090;1029;297;3;111.18
3091;1029;113;3;261.82
3092;1030;296;3;31.73
3093;1030;22;2;231.52
3094;1030;277;1;141.51
3095;1030;267;1;23.63
3096;1031;27;1;257.64
3097;1031;101;1;337.71
3098;1032;14;2;139.17
3099;1033;181;3;42.65
3100;1033;90;2;238.59
3101;1034;184;1;75.61
3102;1034;153;3;28.61
3103;1034;259;3;193.37
3104;1034;24;3;171.7
3105;1035;255;3;63.76
3106;1036;52;2;198.57
3107;1036;14;1;139.17
3108;1037;213;2;29.38
3109;1037;25;2;36.6
3110;1037;53;1;51.23
3111;1037;68;2;208.07
3112;1037;214;2;180.06
3113;1038;168;1;36.16
3114;1038;189;1;298.51
3115;1039;122;3;159.31
3116;1039;236;3;27.58
3117;1039;300;3;105.48
3118;1040;277;1;141.51
3119;1041;3;3;355.2
3120;1041;13;2;97.98
3121;1042;130;2;138.45
3122;1042;63;1;81.7
3123;1042;276;2;77.1
3124;1042;54;2;232.82
3125;1043;250;1;45.33
3126;1043;89;1;376.3
3127;1043;264;3;22.18
3128;1043;188;1;221.91
3129;1043;38;1;136.67
3130;1044;12;2;58.48
3131;1044;160;3;62.31
3132;1044;242;3;66.96
3133;1044;293;2;32.93
3134;1044;182;2;96.28
3135;1045;21;3;27.77
3136;1045;200;3;209.0
3137;1046;169;1;117.44
3138;1046;6;1;124.34
3139;1046;17;3;66.06
3140;1046;97;2;160.55
3141;1046;300;3;105.48
3142;1047;87;2;172.22
3143;1047;145;3;77.19
3144;1047;32;3;65.71
3145;1047;180;2;59.61
3146;1047;239;2;89.88
3147;1048;48;2;214.66
3148;1049;182;3;96.28
3149;1049;41;3;202.78
3150;1049;7;3;435.46
3151;1050;178;3;117.25
3152;1051;49;1;49.52
3153;1051;138;3;32.55
3154;1052;276;2;77.1
3155;1053;280;2;194.11
3156;1053;44;1;46.23
3157;1054;153;2;28.61
3158;1054;169;2;117.44
3159;1054;3;2;355.2
3160;1055;251;2;594.78
3161;1055;171;3;59.0
3162;1055;144;3;46.76
3163;1055;245;1;88.8
3164;1056;128;1;604.55
3165;1056;106;1;63.95
3166;1056;300;1;105.48
3167;1056;38;2;136.67
3168;1057;292;1;115.69
3169;1057;188;1;221.91
3170;1057;300;3;105.48
3171;1058;85;1;276.27
3172;1058;209;3;110.99
3173;1059;67;2;41.38
3174;1060;187;3;145.63
3175;1061;280;2;194.11
3176;1061;152;2;210.67
3177;1061;126;1;333.38
3178;1062;280;2;194.11
3179;1062;186;3;24.83
3180;1062;181;3;42.65
3181;1062;292;1;115.69
3182;1063;108;1;53.06
3183;1063;297;2;111.18
3184;1063;121;1;102.0
3185;1063;274;2;43.03
3186;1064;118;1;365.76
3187;1064;48;3;214.66
3188;1065;138;1;32.55
3189;1065;275;2;167.5
3190;1065;21;1;27.77
3191;1066;206;2;30.23
3192;1066;224;2;289.95
3193;1066;182;1;96.28
3194;1066;122;3;159.31
3195;1067;38;2;136.67
3196;1067;293;1;32.93
3197;1068;192;2;139.65
3198;1068;222;1;207.75
3199;1068;249;3;94.89
3200;1068;131;1;94.96
3201;1068;281;2;13.59
3202;1069;165;2;30.46
3203;1069;89;2;376.3
3204;1069;71;2;104.37
3205;1069;123;2;70.77
3206;1070;261;1;138.08
3207;1070;243;3;23.3
3208;1070;132;2;76.68
3209;1071;154;2;276.99
3210;1071;183;1;83.98
3211;1071;243;3;23.3
3212;1071;253;3;62.5
3213;1071;106;3;63.95
3214;1072;194;2;39.16
3215;1072;51;2;69.12
3216;1072;166;3;36.18
3217;1072;217;2;133.47
3218;1073;236;1;27.58
3219;1073;194;1;39.16
3220;1074;106;1;63.95
3221;1074;203;3;22.49
3222;1074;43;3;27.58
3223;1074;137;2;83.8
3224;1075;243;1;23.3
3225;1075;118;1;365.76
3226;1075;1;2;85.25
3227;1076;28;2;98.17
3228;1076;71;3;104.37
3229;1076;143;1;86.74
3230;1076;288;3;430.61
3231;1077;32;3;65.71
3232;1077;223;1;12.9
3233;1077;250;2;45.33
3234;1077;194;1;39.16
3235;1077;76;3;23.8
3236;1078;95;2;11.53
3237;1078;136;2;77.12
3238;1078;250;1;45.33
3239;1079;42;3;263.42
3240;1079;146;1;35.44
3241;1079;212;3;167.62
3242;1080;117;1;187.28
3243;1080;30;1;43.42
3244;1080;210;2;230.86
3245;1080;20;1;27.74
3246;1081;127;2;28.04
3247;1081;226;1;105.33
3248;1081;38;3;136.67
3249;1081;12;3;58.48
3250;1082;246;3;105.53
3251;1083;183;2;83.98
3252;1083;181;2;42.65
3253;1084;40;2;165.59
3254;1084;151;1;14.87
3255;1085;184;1;75.61
3256;1085;210;1;230.86
3257;1085;261;1;138.08
3258;1085;297;3;111.18
3259;1086;106;3;63.95
3260;1087;241;2;177.76
3261;1087;137;2;83.8
3262;1087;84;1;56.46
3263;1087;169;3;117.44
3264;1088;41;1;202.78
3265;1088;109;1;46.77
3266;1088;157;2;145.39
3267;1088;166;3;36.18
3268;1089;48;2;214.66
3269;1089;23;1;17.91
3270;1089;148;1;161.06
3271;1089;8;1;295.75
3272;1089;231;1;58.56
3273;1090;127;1;28.04
3274;1090;169;2;117.44
3275;1090;160;1;62.31
3276;1091;266;1;78.95
3277;1091;100;1;36.47
3278;1092;251;2;594.78
3279;1092;259;3;193.37
3280;1093;141;2;62.63
3281;1093;196;2;15.62
3282;1093;101;2;337.71
3283;1093;99;2;18.5
3284;1094;293;3;32.93
3285;1094;74;1;13.44
3286;1094;285;3;108.9
3287;1094;17;1;66.06
3288;1095;33;3;98.43
3289;1095;241;1;177.76
3290;1095;110;1;33.58
3291;1095;71;1;104.37
3292;1096;167;2;40.59
3293;1096;163;1;127.95
3294;1096;74;2;13.44
3295;1096;164;3;38.45
3296;1096;58;2;37.93
3297;1097;248;2;278.21
3298;1098;243;2;23.3
3299;1098;140;3;35.81
3300;1099;139;2;284.29
3301;1100;135;1;23.48
3302;1100;52;3;198.57
3303;1100;149;1;112.47
3304;1100;284;3;66.65
3305;1100;181;2;42.65
3306;1101;229;1;14.92
3307;1101;105;3;19.14
3308;1102;97;3;160.55
3309;1102;138;1;32.55
3310;1102;239;1;89.88
3311;1102;231;1;58.56
3312;1103;201;1;55.38
3313;1103;172;3;108.1
3314;1103;180;1;59.61
3315;1103;230;1;163.67
3316;1103;204;3;63.94
3317;1104;144;1;46.76
3318;1105;272;1;32.79
3319;1105;56;1;84.93
3320;1106;25;3;36.6
3321;1106;88;2;271.98
3322;1107;68;2;208.07
3323;1107;258;1;183.46
3324;1107;297;2;111.18
3325;1108;263;1;58.98
3326;1109;280;1;194.11
3327;1109;170;1;22.32
3328;1110;77;1;137.95
3329;1110;73;3;47.55
3330;1110;273;2;197.68
3331;1110;40;1;165.59
3332;1111;159;1;56.32
3333;1112;138;2;32.55
3334;1112;264;2;22.18
3335;1112;188;3;221.91
3336;1113;203;2;22.49
3337;1114;260;3;183.92
3338;1114;32;1;65.71
3339;1114;204;2;63.94
3340;1114;294;1;73.58
3341;1115;294;1;73.58
3342;1116;262;2;203.02
3343;1116;164;2;38.45
3344;1117;40;3;165.59
3345;1117;181;1;42.65
3346;1117;296;3;31.73
3347;1117;31;2;263.13
3348;1117;110;2;33.58
3349;1118;135;1;23.48
3350;1118;26;1;73.19
3351;1119;245;1;88.8
3352;1119;299;1;93.25
3353;1119;108;1;53.06
3354;1120;79;1;57.05
3355;1121;233;3;153.83
3356;1121;96;1;318.43
3357;1121;133;3;129.76
3358;1121;105;2;19.14
3359;1121;73;2;47.55
3360;1122;181;1;42.65
3361;1122;191;3;144.67
3362;1122;22;1;231.52
3363;1122;71;1;104.37
3364;1123;18;3;140.06
3365;1123;34;2;71.61
3366;1123;211;1;253.01
3367;1124;37;3;125.9
3368;1124;275;2;167.5
3369;1124;291;3;67.09
3370;1124;35;2;57.55
3371;1124;5;1;99.57
3372;1125;85;2;276.27
3373;1125;168;3;36.16
3374;1126;129;1;59.78
3375;1127;209;3;110.99
3376;1128;32;3;65.71
3377;1129;229;3;14.92
3378;1129;107;3;57.11
3379;1129;204;1;63.94
3380;1130;174;1;16.75
3381;1130;141;2;62.63
3382;1130;156;1;51.61
3383;1130;242;3;66.96
3384;1130;119;3;52.95
3385;1131;55;3;105.96
3386;1131;250;2;45.33
3387;1131;97;3;160.55
3388;1131;150;1;51.66
3389;1132;250;3;45.33
3390;1132;293;1;32.93
3391;1132;20;1;27.74
3392;1132;191;1;144.67
3393;1133;271;2;134.08
3394;1133;153;1;28.61
3395;1134;198;1;53.21
3396;1134;202;3;84.57
3397;1134;69;2;100.84
3398;1134;275;3;167.5
3399;1135;296;2;31.73
3400;1135;205;1;54.75
3401;1135;116;2;27.34
3402;1135;5;1;99.57
3403;1136;182;2;96.28
3404;1136;65;1;165.71
3405;1136;250;1;45.33
3406;1137;124;2;109.44
3407;1138;45;1;206.86
3408;1138;78;3;18.59
3409;1138;27;1;257.64
3410;1138;217;1;133.47
3411;1139;285;1;108.9
3412;1139;293;3;32.93
3413;1139;249;3;94.89
3414;1140;35;3;57.55
3415;1140;198;1;53.21
3416;1140;166;1;36.18
3417;1140;252;3;124.2
3418;1140;104;2;193.22
3419;1141;168;2;36.16
3420;1141;46;3;32.13
3421;1141;283;3;114.46
3422;1142;62;2;77.66
3423;1142;200;1;209.0
3424;1142;225;3;14.43
3425;1142;23;1;17.91
3426;1142;114;3;81.1
3427;1143;27;1;257.64
3428;1143;176;1;23.46
3429;1143;207;2;234.88
3430;1143;81;3;83.86
3431;1144;219;2;18.89
3432;1144;157;3;145.39
3433;1145;181;3;42.65
3434;1145;138;1;32.55
3435;1145;196;1;15.62
3436;1146;144;3;46.76
3437;1146;164;3;38.45
3438;1146;72;2;136.88
3439;1146;222;1;207.75
3440;1146;89;3;376.3
3441;1147;128;2;604.55
3442;1147;166;2;36.18
3443;1147;30;3;43.42
3444;1148;53;1;51.23
3445;1148;247;3;280.92
3446;1148;178;3;117.25
3447;1148;124;1;109.44
3448;1148;67;3;41.38
3449;1149;104;3;193.22
3450;1149;2;1;169.54
3451;1149;93;1;177.34
3452;1150;52;3;198.57
3453;1151;236;2;27.58
3454;1151;25;2;36.6
3455;1152;300;1;105.48
3456;1152;72;3;136.88
3457;1153;2;3;169.54
3458;1153;83;3;28.81
3459;1153;11;2;27.62
3460;1154;249;3;94.89
3461;1154;146;2;35.44
3462;1154;242;1;66.96
3463;1154;240;1;115.21
3464;1155;124;1;109.44
3465;1156;33;1;98.43
3466;1156;63;2;81.7
3467;1156;153;1;28.61
3468;1156;134;1;60.38
3469;1157;273;3;197.68
3470;1157;178;2;117.25
3471;1157;176;1;23.46
3472;1157;41;3;202.78
3473;1158;133;1;129.76
3474;1158;253;2;62.5
3475;1158;221;2;182.12
3476;1158;21;2;27.77
3477;1158;108;3;53.06
3478;1159;145;3;77.19
3479;1160;227;2;128.22
3480;1160;118;2;365.76
3481;1160;87;1;172.22
3482;1161;49;3;49.52
3483;1161;43;2;27.58
3484;1161;161;1;66.77
3485;1161;169;2;117.44
3486;1161;262;3;203.02
3487;1162;40;1;165.59
3488;1162;18;1;140.06
3489;1162;66;2;65.31
3490;1162;232;2;21.33
3491;1162;85;2;276.27
3492;1163;191;2;144.67
3493;1164;132;1;76.68
3494;1164;143;1;86.74
3495;1164;30;2;43.42
3496;1165;220;1;97.41
3497;1166;31;2;263.13
3498;1166;193;2;303.95
3499;1166;88;1;271.98
3500;1166;123;2;70.77
3501;1167;204;2;63.94
3502;1167;128;1;604.55
3503;1167;95;2;11.53
3504;1167;122;1;159.31
3505;1168;146;2;35.44
3506;1169;201;3;55.38
3507;1170;69;2;100.84
3508;1170;76;2;23.8
3509;1170;77;3;137.95
3510;1171;22;3;231.52
3511;1171;190;3;16.04
3512;1172;152;3;210.67
3513;1172;267;1;23.63
3514;1173;29;3;33.59
3515;1174;32;3;65.71
3516;1174;170;2;22.32
3517;1174;136;2;77.12
3518;1174;251;1;594.78
3519;1175;273;1;197.68
3520;1175;83;1;28.81
3521;1175;193;1;303.95
3522;1175;74;3;13.44
3523;1176;257;2;75.87
3524;1177;228;1;21.36
3525;1177;102;2;79.45
3526;1177;259;2;193.37
3527;1177;143;2;86.74
3528;1178;60;1;69.22
3529;1178;84;3;56.46
3530;1179;214;2;180.06
3531;1179;4;2;15.69
3532;1179;218;1;163.84
3533;1179;9;1;134.64
3534;1180;129;3;59.78
3535;1180;176;1;23.46
3536;1180;183;1;83.98
3537;1181;287;1;82.17
3538;1182;186;3;24.83
3539;1182;48;3;214.66
3540;1182;157;1;145.39
3541;1182;247;3;280.92
3542;1182;18;2;140.06
3543;1183;88;2;271.98
3544;1183;171;1;59.0
3545;1183;9;3;134.64
3546;1184;194;1;39.16
3547;1184;243;2;23.3
3548;1184;108;3;53.06
3549;1184;295;2;401.67
3550;1185;37;2;125.9
3551;1185;241;1;177.76
3552;1185;195;2;145.55
3553;1186;208;2;26.03
3554;1187;65;1;165.71
3555;1188;181;1;42.65
3556;1188;215;3;42.37
3557;1188;41;3;202.78
3558;1188;111;1;28.98
3559;1189;284;3;66.65
3560;1189;28;2;98.17
3561;1189;18;1;140.06
3562;1190;216;1;265.62
3563;1190;113;1;261.82
3564;1190;101;2;337.71
3565;1190;200;3;209.0
3566;1191;101;2;337.71
3567;1191;219;1;18.89
3568;1191;33;1;98.43
3569;1191;81;3;83.86
3570;1191;251;2;594.78
3571;1192;248;1;278.21
3572;1193;165;3;30.46
3573;1193;159;3;56.32
3574;1193;179;2;16.67
3575;1194;211;3;253.01
3576;1194;30;3;43.42
3577;1194;238;3;130.67
3578;1194;113;2;261.82
3579;1195;107;2;57.11
3580;1196;188;1;221.91
3581;1196;296;3;31.73
3582;1196;272;1;32.79
3583;1196;268;2;22.25
3584;1197;122;3;159.31
3585;1197;116;3;27.34
3586;1198;39;3;42.14
3587;1198;7;3;435.46
3588;1198;54;2;232.82
3589;1199;243;3;23.3
3590;1200;90;3;238.59
3591;1200;215;3;42.37
3592;1200;23;3;17.91
3593;1201;95;3;11.53
3594;1201;264;3;22.18
3595;1201;137;2;83.8
3596;1201;62;2;77.66
3597;1202;158;3;219.43
3598;1202;104;2;193.22
3599;1203;220;3;97.41
3600;1203;81;2;83.86
3601;1204;184;3;75.61
3602;1204;161;3;66.77
3603;1204;172;2;108.1
3604;1205;238;2;130.67
3605;1205;31;3;263.13
3606;1206;278;3;58.03
3607;1207;7;2;435.46
3608;1207;13;3;97.98
3609;1207;228;1;21.36
3610;1207;61;3;251.37
3611;1208;82;2;115.88
3612;1208;284;1;66.65
3613;1209;103;1;60.73
3614;1209;233;2;153.83
3615;1209;36;3;35.27
3616;1209;18;2;140.06
3617;1210;127;3;28.04
3618;1211;92;2;338.54
3619;1211;56;3;84.93
3620;1212;25;3;36.6
3621;1212;49;3;49.52
3622;1212;210;2;230.86
3623;1212;292;2;115.69
3624;1213;271;3;134.08
3625;1213;10;3;83.77
3626;1213;101;3;337.71
3627;1213;152;1;210.67
3628;1213;261;3;138.08
3629;1214;289;2;36.82
3630;1215;86;1;68.41
3631;1215;28;1;98.17
3632;1215;160;2;62.31
3633;1215;257;1;75.87
3634;1216;268;3;22.25
3635;1216;158;3;219.43
3636;1216;161;3;66.77
3637;1216;195;3;145.55
3638;1217;293;1;32.93
3639;1217;145;1;77.19
3640;1217;145;3;77.19
3641;1218;129;3;59.78
3642;1218;144;2;46.76
3643;1218;162;3;265.52
3644;1218;158;2;219.43
3645;1219;262;1;203.02
3646;1219;124;1;109.44
3647;1219;32;1;65.71
3648;1220;142;1;26.83
3649;1220;286;1;23.1
3650;1220;111;1;28.98
3651;1221;111;1;28.98
3652;1221;124;3;109.44
3653;1221;206;3;30.23
3654;1221;256;1;229.2
3655;1222;124;2;109.44
3656;1222;232;2;21.33
3657;1222;168;1;36.16
3658;1223;101;3;337.71
3659;1224;94;1;191.51
3660;1224;78;3;18.59
3661;1224;42;3;263.42
3662;1225;107;1;57.11
3663;1225;12;3;58.48
3664;1225;79;3;57.05
3665;1226;98;1;156.09
3666;1226;94;3;191.51
3667;1227;171;1;59.0
3668;1228;127;3;28.04
3669;1228;23;2;17.91
3670;1229;206;2;30.23
3671;1229;219;1;18.89
3672;1229;135;3;23.48
3673;1230;41;3;202.78
3674;1231;259;3;193.37
3675;1231;72;2;136.88
3676;1232;253;2;62.5
3677;1232;71;3;104.37
3678;1232;25;1;36.6
3679;1233;125;2;136.07
3680;1234;74;3;13.44
3681;1234;209;3;110.99
3682;1234;98;3;156.09
3683;1234;141;2;62.63
3684;1234;18;1;140.06
3685;1235;182;2;96.28
3686;1235;227;3;128.22
3687;1235;61;1;251.37
3688;1236;294;3;73.58
3689;1237;34;2;71.61
3690;1237;50;2;63.53
3691;1237;210;2;230.86
3692;1238;44;2;46.23
3693;1238;4;3;15.69
3694;1238;154;1;276.99
3695;1238;34;3;71.61
3696;1238;192;3;139.65
3697;1239;6;2;124.34
3698;1239;247;2;280.92
3699;1240;296;1;31.73
3700;1240;183;2;83.98
3701;1240;264;3;22.18
3702;1240;228;3;21.36
3703;1240;35;1;57.55
3704;1241;219;2;18.89
3705;1241;8;1;295.75
3706;1241;160;2;62.31
3707;1241;246;3;105.53
3708;1241;115;2;45.38
3709;1242;271;1;134.08
3710;1242;11;2;27.62
3711;1242;280;3;194.11
3712;1242;79;1;57.05
3713;1242;59;3;107.83
3714;1243;207;2;234.88
3715;1244;179;2;16.67
3716;1244;92;2;338.54
3717;1244;212;2;167.62
3718;1244;298;2;95.71
3719;1245;197;1;109.76
3720;1245;194;1;39.16
3721;1245;41;2;202.78
3722;1246;1;3;85.25
3723;1246;7;3;435.46
3724;1246;212;3;167.62
3725;1246;28;1;98.17
3726;1246;207;3;234.88
3727;1247;220;1;97.41
3728;1247;1;2;85.25
3729;1248;38;3;136.67
3730;1249;16;1;135.22
3731;1249;205;3;54.75
3732;1249;24;3;171.7
3733;1249;172;2;108.1
3734;1249;57;2;49.4
3735;1250;90;3;238.59
3736;1250;115;2;45.38
3737;1250;205;3;54.75
3738;1250;121;2;102.0
3739;1250;108;2;53.06
3740;1251;166;2;36.18
3741;1251;269;2;27.35
3742;1252;127;3;28.04
3743;1252;150;1;51.66
3744;1252;43;1;27.58
3745;1252;283;2;114.46
3746;1253;7;3;435.46
3747;1253;221;2;182.12
3748;1253;210;3;230.86
3749;1254;107;1;57.11
3750;1254;57;1;49.4
3751;1254;150;2;51.66
3752;1254;10;3;83.77
3753;1255;246;2;105.53
3754;1256;10;3;83.77
3755;1256;206;1;30.23
3756;1256;150;2;51.66
3757;1257;277;2;141.51
3758;1258;138;2;32.55
3759;1258;62;3;77.66
3760;1258;44;3;46.23
3761;1259;237;1;11.53
3762;1259;115;2;45.38
3763;1259;227;1;128.22
3764;1259;142;2;26.83
3765;1260;18;3;140.06
3766;1260;241;2;177.76
3767;1260;176;3;23.46
3768;1260;108;2;53.06
3769;1260;59;1;107.83
3770;1261;203;1;22.49
3771;1261;201;1;55.38
3772;1261;88;1;271.98
3773;1262;243;2;23.3
3774;1262;100;1;36.47
3775;1262;232;1;21.33
3776;1262;299;2;93.25
3777;1263;149;2;112.47
3778;1263;113;3;261.82
3779;1263;132;3;76.68
3780;1263;150;1;51.66
3781;1264;64;3;63.91
3782;1264;169;2;117.44
3783;1265;204;2;63.94
3784;1266;38;2;136.67
3785;1267;239;1;89.88
3786;1267;120;2;44.38
3787;1268;251;1;594.78
3788;1269;142;3;26.83
3789;1269;230;3;163.67
3790;1269;33;2;98.43
3791;1269;141;2;62.63
3792;1270;182;2;96.28
3793;1270;199;3;156.49
3794;1270;99;3;18.5
3795;1271;1;2;85.25
3796;1271;55;1;105.96
3797;1271;85;3;276.27
3798;1271;169;2;117.44
3799;1271;10;1;83.77
3800;1272;198;2;53.21
3801;1272;100;2;36.47
3802;1272;170;3;22.32
3803;1272;228;2;21.36
3804;1273;149;2;112.47
3805;1273;263;2;58.98
3806;1274;71;1;104.37
3807;1274;221;2;182.12
3808;1275;57;2;49.4
3809;1275;282;1;377.84
3810;1276;204;3;63.94
3811;1277;60;3;69.22
3812;1278;252;1;124.2
3813;1278;231;3;58.56
3814;1279;85;1;276.27
3815;1280;67;3;41.38
3816;1280;119;2;52.95
3817;1280;35;1;57.55
3818;1280;216;2;265.62
3819;1280;287;1;82.17
3820;1281;101;1;337.71
3821;1282;221;2;182.12
3822;1282;117;3;187.28
3823;1282;183;2;83.98
3824;1282;72;3;136.88
3825;1283;78;2;18.59
3826;1283;106;2;63.95
3827;1283;153;3;28.61
3828;1284;187;1;145.63
3829;1284;123;1;70.77
3830;1284;5;3;99.57
3831;1285;245;1;88.8
3832;1286;71;3;104.37
3833;1286;89;2;376.3
3834;1286;224;3;289.95
3835;1286;201;3;55.38
3836;1286;91;3;48.19
3837;1287;60;2;69.22
3838;1287;78;1;18.59
3839;1287;231;3;58.56
3840;1287;300;1;105.48
3841;1288;73;2;47.55
3842;1288;137;2;83.8
3843;1289;100;2;36.47
3844;1289;195;2;145.55
3845;1289;147;1;15.53
3846;1290;48;1;214.66
3847;1290;211;3;253.01
3848;1290;155;1;75.12
3849;1290;29;3;33.59
3850;1290;153;1;28.61
3851;1291;226;2;105.33
3852;1291;40;3;165.59
3853;1291;118;1;365.76
3854;1292;179;3;16.67
3855;1292;204;1;63.94
3856;1292;59;2;107.83
3857;1292;72;2;136.88
3858;1293;272;2;32.79
3859;1294;83;2;28.81
3860;1294;73;2;47.55
3861;1294;160;2;62.31
3862;1295;91;1;48.19
3863;1295;49;2;49.52
3864;1295;16;1;135.22
3865;1296;274;3;43.03
3866;1296;153;2;28.61
3867;1296;243;2;23.3
3868;1297;284;2;66.65
3869;1297;40;1;165.59
3870;1297;207;2;234.88
3871;1298;260;1;183.92
3872;1298;18;2;140.06
3873;1298;231;2;58.56
3874;1299;4;1;15.69
3875;1300;98;3;156.09
3876;1300;11;1;27.62
3877;1300;257;3;75.87
3878;1300;106;1;63.95
3879;1301;197;3;109.76
3880;1301;216;2;265.62
3881;1302;214;3;180.06
3882;1302;265;3;194.8
3883;1302;179;2;16.67
3884;1303;1;3;85.25
3885;1303;279;1;52.64
3886;1303;108;3;53.06
3887;1303;300;3;105.48
3888;1303;21;1;27.77
3889;1304;210;2;230.86
3890;1304;91;2;48.19
3891;1305;153;3;28.61
3892;1306;90;3;238.59
3893;1306;36;3;35.27
3894;1307;237;3;11.53
3895;1307;281;2;13.59
3896;1307;123;3;70.77
3897;1307;254;2;92.06
3898;1307;167;2;40.59
3899;1308;216;2;265.62
3900;1308;173;3;44.37
3901;1308;250;1;45.33
3902;1308;12;1;58.48
3903;1308;190;1;16.04
3904;1309;90;2;238.59
3905;1310;199;3;156.49
3906;1310;10;3;83.77
3907;1310;146;3;35.44
3908;1311;108;3;53.06
3909;1311;16;1;135.22
3910;1311;137;2;83.8
3911;1312;1;1;85.25
3912;1312;219;1;18.89
3913;1313;213;3;29.38
3914;1313;90;3;238.59
3915;1313;290;1;138.11
3916;1313;213;3;29.38
3917;1313;170;2;22.32
3918;1314;22;2;231.52
3919;1314;159;3;56.32
3920;1314;171;2;59.0
3921;1315;256;3;229.2
3922;1315;287;1;82.17
3923;1315;49;1;49.52
3924;1315;144;3;46.76
3925;1316;138;1;32.55
3926;1316;189;2;298.51
3927;1317;235;3;98.52
3928;1317;194;3;39.16
3929;1317;256;2;229.2
3930;1318;216;2;265.62
3931;1318;287;2;82.17
3932;1318;272;1;32.79
3933;1318;296;3;31.73
3934;1319;265;1;194.8
3935;1319;134;2;60.38
3936;1319;82;2;115.88
3937;1319;77;1;137.95
3938;1320;134;1;60.38
3939;1320;240;2;115.21
3940;1320;132;3;76.68
3941;1320;300;2;105.48
3942;1320;294;2;73.58
3943;1321;251;1;594.78
3944;1321;221;3;182.12
3945;1322;267;3;23.63
3946;1322;40;3;165.59
3947;1322;11;1;27.62
3948;1322;55;3;105.96
3949;1322;259;1;193.37
3950;1323;24;2;171.7
3951;1323;239;1;89.88
3952;1323;47;3;10.35
3953;1323;88;3;271.98
3954;1323;236;1;27.58
3955;1324;161;1;66.77
3956;1324;195;2;145.55
3957;1324;220;3;97.41
3958;1324;277;1;141.51
3959;1325;138;1;32.55
3960;1325;93;3;177.34
3961;1325;160;3;62.31
3962;1325;159;1;56.32
3963;1325;293;3;32.93
3964;1326;124;1;109.44
3965;1326;109;1;46.77
3966;1326;190;2;16.04
3967;1326;139;2;284.29
3968;1327;51;2;69.12
3969;1327;149;2;112.47
3970;1327;103;3;60.73
3971;1327;109;3;46.77
3972;1327;69;3;100.84
3973;1328;81;1;83.86
3974;1328;12;3;58.48
3975;1329;199;2;156.49
3976;1329;185;3;47.76
3977;1329;182;1;96.28
3978;1330;10;3;83.77
3979;1330;29;3;33.59
3980;1330;132;1;76.68
3981;1330;280;2;194.11
3982;1331;200;2;209.0
3983;1331;209;1;110.99
3984;1331;183;1;83.98
3985;1331;115;1;45.38
3986;1331;10;2;83.77
3987;1332;14;2;139.17
3988;1332;147;1;15.53
3989;1332;187;3;145.63
3990;1332;300;1;105.48
3991;1332;250;2;45.33
3992;1333;79;3;57.05
3993;1333;29;3;33.59
3994;1333;37;2;125.9
3995;1334;290;3;138.11
3996;1335;127;2;28.04
3997;1335;198;2;53.21
3998;1335;157;1;145.39
3999;1335;265;2;194.8
4000;1336;36;2;35.27
4001;1336;34;1;71.61
4002;1336;285;1;108.9
4003;1336;47;3;10.35
4004;1336;224;1;289.95
4005;1337;168;2;36.16
4006;1337;250;1;45.33
4007;1337;181;2;42.65
4008;1337;108;2;53.06
4009;1338;217;3;133.47
4010;1338;247;2;280.92
4011;1338;73;1;47.55
4012;1339;136;2;77.12
4013;1339;205;3;54.75
4014;1339;101;2;337.71
4015;1339;263;2;58.98
4016;1340;45;1;206.86
4017;1340;12;3;58.48
4018;1340;204;1;63.94
4019;1340;90;2;238.59
4020;1341;210;1;230.86
4021;1342;127;2;28.04
4022;1343;197;2;109.76
4023;1343;65;3;165.71
4024;1343;187;1;145.63
4025;1343;217;3;133.47
4026;1343;13;2;97.98
4027;1344;40;1;165.59
4028;1344;224;3;289.95
4029;1344;143;2;86.74
4030;1345;286;3;23.1
4031;1345;5;3;99.57
4032;1346;39;2;42.14
4033;1346;63;1;81.7
4034;1346;194;3;39.16
4035;1347;289;3;36.82
4036;1347;15;3;110.9
4037;1347;105;1;19.14
4038;1347;160;1;62.31
4039;1348;289;1;36.82
4040;1348;284;1;66.65
4041;1348;272;1;32.79
4042;1348;89;1;376.3
4043;1348;202;1;84.57
4044;1349;32;3;65.71
4045;1349;131;3;94.96
4046;1349;217;1;133.47
4047;1350;225;1;14.43
4048;1350;13;1;97.98
4049;1350;104;3;193.22
4050;1351;139;3;284.29
4051;1351;283;1;114.46
4052;1351;185;1;47.76
4053;1351;84;2;56.46
4054;1352;81;2;83.86
4055;1352;237;1;11.53
4056;1352;148;3;161.06
4057;1353;258;1;183.46
4058;1353;189;3;298.51
4059;1353;170;3;22.32
4060;1354;277;3;141.51
4061;1355;178;2;117.25
4062;1355;135;2;23.48
4063;1355;72;2;136.88
4064;1356;188;1;221.91
4065;1356;7;1;435.46
4066;1357;279;3;52.64
4067;1357;90;1;238.59
4068;1357;188;1;221.91
4069;1358;180;1;59.61
4070;1358;20;1;27.74
4071;1358;101;2;337.71
4072;1358;288;2;430.61
4073;1359;215;3;42.37
4074;1359;208;2;26.03
4075;1359;289;1;36.82
4076;1360;241;1;177.76
4077;1361;273;2;197.68
4078;1361;290;2;138.11
4079;1361;273;2;197.68
4080;1362;166;3;36.18
4081;1362;68;1;208.07
4082;1362;203;1;22.49
4083;1362;222;2;207.75
4084;1363;289;2;36.82
4085;1363;24;1;171.7
4086;1363;165;2;30.46
4087;1363;103;2;60.73
4088;1364;190;3;16.04
4089;1364;63;1;81.7
4090;1365;153;1;28.61
4091;1365;156;1;51.61
4092;1365;115;1;45.38
4093;1365;131;3;94.96
4094;1366;124;3;109.44
4095;1366;213;2;29.38
4096;1366;242;2;66.96
4097;1366;1;2;85.25
4098;1366;129;3;59.78
4099;1367;261;1;138.08
4100;1367;139;3;284.29
4101;1367;141;3;62.63
4102;1368;44;1;46.23
4103;1368;26;1;73.19
4104;1368;191;2;144.67
4105;1368;236;1;27.58
4106;1368;200;2;209.0
4107;1369;144;1;46.76
4108;1369;99;3;18.5
4109;1369;46;2;32.13
4110;1369;132;3;76.68
4111;1369;77;1;137.95
4112;1370;112;3;112.28
4113;1371;64;3;63.91
4114;1371;226;3;105.33
4115;1371;10;3;83.77
4116;1372;132;3;76.68
4117;1373;223;3;12.9
4118;1373;280;2;194.11
4119;1373;170;1;22.32
4120;1373;251;2;594.78
4121;1374;13;3;97.98
4122;1374;21;2;27.77
4123;1374;137;2;83.8
4124;1374;42;3;263.42
4125;1374;4;2;15.69
4126;1375;163;3;127.95
4127;1375;97;3;160.55
4128;1375;18;3;140.06
4129;1375;125;1;136.07
4130;1376;261;3;138.08
4131;1376;208;3;26.03
4132;1376;225;2;14.43
4133;1376;208;1;26.03
4134;1376;97;1;160.55
4135;1377;29;1;33.59
4136;1377;176;1;23.46
4137;1377;192;1;139.65
4138;1377;59;3;107.83
4139;1378;241;3;177.76
4140;1378;28;2;98.17
4141;1379;218;3;163.84
4142;1379;23;2;17.91
4143;1379;146;2;35.44
4144;1379;156;3;51.61
4145;1379;105;1;19.14
4146;1380;37;2;125.9
4147;1380;213;2;29.38
4148;1381;158;2;219.43
4149;1381;62;1;77.66
4150;1381;257;2;75.87
4151;1381;233;2;153.83
4152;1382;104;1;193.22
4153;1382;190;2;16.04
4154;1382;185;1;47.76
4155;1383;214;3;180.06
4156;1383;241;2;177.76
4157;1383;164;2;38.45
4158;1384;293;3;32.93
4159;1385;232;2;21.33
4160;1385;104;3;193.22
4161;1385;192;1;139.65
4162;1386;174;3;16.75
4163;1386;261;1;138.08
4164;1386;93;1;177.34
4165;1387;41;3;202.78
4166;1387;298;3;95.71
4167;1387;78;3;18.59
4168;1387;228;3;21.36
4169;1387;240;1;115.21
4170;1388;22;3;231.52
4171;1388;9;2;134.64
4172;1388;282;2;377.84
4173;1389;241;1;177.76
4174;1389;299;3;93.25
4175;1389;289;2;36.82
4176;1390;166;3;36.18
4177;1390;231;1;58.56
4178;1390;154;1;276.99
4179;1390;10;1;83.77
4180;1390;132;3;76.68
4181;1391;114;1;81.1
4182;1391;215;3;42.37
4183;1391;261;1;138.08
4184;1391;166;3;36.18
4185;1391;49;3;49.52
4186;1392;234;1;199.16
4187;1392;148;2;161.06
4188;1392;80;1;16.51
4189;1392;206;1;30.23
4190;1393;79;3;57.05
4191;1394;93;3;177.34
4192;1394;176;3;23.46
4193;1394;104;3;193.22
4194;1394;243;2;23.3
4195;1394;135;1;23.48
4196;1395;267;1;23.63
4197;1395;181;2;42.65
4198;1395;129;3;59.78
4199;1395;262;3;203.02
4200;1395;286;1;23.1
4201;1396;82;1;115.88
4202;1396;103;2;60.73
4203;1397;286;1;23.1
4204;1397;245;1;88.8
4205;1397;54;3;232.82
4206;1398;267;3;23.63
4207;1398;114;2;81.1
4208;1399;93;2;177.34
4209;1399;209;2;110.99
4210;1399;139;1;284.29
4211;1399;198;2;53.21
4212;1399;101;2;337.71
4213;1400;137;3;83.8
4214;1401;109;2;46.77
4215;1401;38;3;136.67
4216;1401;53;1;51.23
4217;1401;57;2;49.4
4218;1402;151;3;14.87
4219;1402;33;2;98.43
4220;1402;33;2;98.43
4221;1402;30;1;43.42
4222;1403;111;3;28.98
4223;1403;97;2;160.55
4224;1403;102;2;79.45
4225;1404;135;1;23.48
4226;1404;171;1;59.0
4227;1405;218;2;163.84
4228;1405;116;2;27.34
4229;1405;49;2;49.52
4230;1406;236;1;27.58
4231;1406;184;1;75.61
4232;1407;73;2;47.55
4233;1407;39;2;42.14
4234;1407;148;3;161.06
4235;1408;293;1;32.93
4236;1409;58;3;37.93
4237;1409;218;2;163.84
4238;1410;214;2;180.06
4239;1410;69;3;100.84
4240;1410;152;2;210.67
4241;1410;37;1;125.9
4242;1410;193;2;303.95
4243;1411;178;1;117.25
4244;1411;137;3;83.8
4245;1411;268;2;22.25
4246;1412;299;1;93.25
4247;1412;63;2;81.7
4248;1412;168;3;36.16
4249;1412;144;1;46.76
4250;1412;265;1;194.8
4251;1413;161;2;66.77
4252;1413;183;1;83.98
4253;1413;110;1;33.58
4254;1413;63;2;81.7
4255;1413;275;1;167.5
4256;1414;123;2;70.77
4257;1415;196;2;15.62
4258;1415;107;1;57.11
4259;1415;281;1;13.59
4260;1415;171;3;59.0
4261;1415;296;1;31.73
4262;1416;142;3;26.83
4263;1416;152;3;210.67
4264;1416;65;3;165.71
4265;1416;89;1;376.3
4266;1416;260;2;183.92
4267;1417;127;2;28.04
4268;1418;297;2;111.18
4269;1419;138;3;32.55
4270;1419;253;2;62.5
4271;1420;58;1;37.93
4272;1420;78;1;18.59
4273;1421;133;2;129.76
4274;1421;257;1;75.87
4275;1421;214;3;180.06
4276;1421;293;3;32.93
4277;1421;299;3;93.25
4278;1422;288;3;430.61
4279;1422;213;3;29.38
4280;1422;92;2;338.54
4281;1422;5;3;99.57
4282;1422;15;3;110.9
4283;1423;288;3;430.61
4284;1423;175;1;18.54
4285;1423;193;1;303.95
4286;1423;56;2;84.93
4287;1424;162;3;265.52
4288;1424;266;2;78.95
4289;1425;292;2;115.69
4290;1425;131;1;94.96
4291;1425;112;2;112.28
4292;1425;98;3;156.09
4293;1425;279;3;52.64
4294;1426;230;3;163.67
4295;1426;6;3;124.34
4296;1426;68;2;208.07
4297;1426;199;3;156.49
4298;1427;115;1;45.38
4299;1427;284;1;66.65
4300;1427;249;3;94.89
4301;1427;202;1;84.57
4302;1428;129;2;59.78
4303;1428;223;3;12.9
4304;1429;24;2;171.7
4305;1429;81;3;83.86
4306;1429;159;3;56.32
4307;1429;232;2;21.33
4308;1430;99;3;18.5
4309;1430;66;2;65.31
4310;1430;207;3;234.88
4311;1430;19;1;25.52
4312;1430;115;3;45.38
4313;1431;100;1;36.47
4314;1432;268;1;22.25
4315;1433;212;1;167.62
4316;1433;230;1;163.67
4317;1433;155;2;75.12
4318;1434;168;2;36.16
4319;1434;117;1;187.28
4320;1434;45;1;206.86
4321;1435;34;3;71.61
4322;1435;118;2;365.76
4323;1435;12;1;58.48
4324;1435;75;2;176.39
4325;1436;289;2;36.82
4326;1436;25;3;36.6
4327;1436;294;2;73.58
4328;1436;204;1;63.94
4329;1437;103;3;60.73
4330;1437;131;3;94.96
4331;1438;104;1;193.22
4332;1438;227;1;128.22
4333;1438;80;3;16.51
4334;1439;23;3;17.91
4335;1440;254;1;92.06
4336;1440;290;1;138.11
4337;1440;276;2;77.1
4338;1440;123;2;70.77
4339;1441;57;2;49.4
4340;1441;157;2;145.39
4341;1442;37;2;125.9
4342;1442;151;2;14.87
4343;1443;242;2;66.96
4344;1444;94;1;191.51
4345;1444;55;1;105.96
4346;1444;136;2;77.12
4347;1444;259;1;193.37
4348;1444;84;2;56.46
4349;1445;177;3;190.69
4350;1445;179;1;16.67
4351;1445;181;1;42.65
4352;1446;156;1;51.61
4353;1446;180;2;59.61
4354;1446;194;1;39.16
4355;1446;22;2;231.52
4356;1446;292;3;115.69
4357;1447;250;1;45.33
4358;1448;1;1;85.25
4359;1448;133;1;129.76
4360;1449;180;1;59.61
4361;1450;31;3;263.13
4362;1450;201;3;55.38
4363;1450;142;3;26.83
4364;1450;93;2;177.34
4365;1450;287;3;82.17
4366;1451;124;3;109.44
4367;1451;193;2;303.95
4368;1451;11;1;27.62
4369;1451;176;3;23.46
4370;1452;47;2;10.35
4371;1452;112;1;112.28
4372;1453;71;1;104.37
4373;1454;114;2;81.1
4374;1454;220;3;97.41
4375;1454;93;2;177.34
4376;1454;146;3;35.44
4377;1455;237;3;11.53
4378;1455;192;2;139.65
4379;1455;192;3;139.65
4380;1455;205;1;54.75
4381;1456;105;2;19.14
4382;1456;120;2;44.38
4383;1456;229;2;14.92
4384;1456;298;1;95.71
4385;1456;261;2;138.08
4386;1457;259;2;193.37
4387;1457;73;1;47.55
4388;1457;278;3;58.03
4389;1458;271;3;134.08
4390;1458;253;2;62.5
4391;1459;202;3;84.57
4392;1459;84;1;56.46
4393;1459;256;3;229.2
4394;1459;61;2;251.37
4395;1460;252;3;124.2
4396;1461;255;3;63.76
4397;1461;128;1;604.55
4398;1461;74;1;13.44
4399;1462;130;1;138.45
4400;1462;182;2;96.28
4401;1462;103;3;60.73
4402;1462;247;1;280.92
4403;1463;25;3;36.6
4404;1463;91;2;48.19
4405;1463;279;2;52.64
4406;1464;230;2;163.67
4407;1464;127;3;28.04
4408;1464;78;2;18.59
4409;1465;237;2;11.53
4410;1465;187;3;145.63
4411;1465;251;3;594.78
4412;1465;233;1;153.83
4413;1465;55;1;105.96
4414;1466;90;3;238.59
4415;1466;248;3;278.21
4416;1466;66;2;65.31
4417;1466;75;1;176.39
4418;1467;255;1;63.76
4419;1467;214;2;180.06
4420;1467;83;3;28.81
4421;1467;255;1;63.76
4422;1467;218;3;163.84
4423;1468;97;3;160.55
4424;1468;73;3;47.55
4425;1468;285;3;108.9
4426;1468;98;2;156.09
4427;1469;293;2;32.93
4428;1469;78;2;18.59
4429;1469;210;2;230.86
4430;1469;228;2;21.36
4431;1470;179;1;16.67
4432;1470;35;2;57.55
4433;1470;296;2;31.73
4434;1470;275;3;167.5
4435;1471;218;1;163.84
4436;1471;138;3;32.55
4437;1471;82;1;115.88
4438;1471;291;3;67.09
4439;1471;30;2;43.42
4440;1472;115;1;45.38
4441;1472;43;2;27.58
4442;1472;25;2;36.6
4443;1472;164;1;38.45
4444;1473;165;2;30.46
4445;1473;279;2;52.64
4446;1473;131;2;94.96
4447;1474;173;3;44.37
4448;1474;166;1;36.18
4449;1474;98;3;156.09
4450;1475;298;1;95.71
4451;1476;79;2;57.05
4452;1476;103;1;60.73
4453;1476;275;1;167.5
4454;1476;102;3;79.45
4455;1476;60;2;69.22
4456;1477;287;1;82.17
4457;1477;16;1;135.22
4458;1477;25;2;36.6
4459;1477;294;1;73.58
4460;1478;230;3;163.67
4461;1478;204;2;63.94
4462;1478;267;2;23.63
4463;1478;274;2;43.03
4464;1479;65;1;165.71
4465;1479;211;2;253.01
4466;1479;199;1;156.49
4467;1479;163;3;127.95
4468;1480;58;2;37.93
4469;1481;69;3;100.84
4470;1482;121;1;102.0
4471;1482;90;3;238.59
4472;1482;85;3;276.27
4473;1482;180;2;59.61
4474;1483;278;1;58.03
4475;1483;174;1;16.75
4476;1483;197;2;109.76
4477;1483;245;2;88.8
4478;1483;249;3;94.89
4479;1484;285;1;108.9
4480;1484;280;2;194.11
4481;1484;120;1;44.38
4482;1484;102;3;79.45
4483;1484;225;1;14.43
4484;1485;76;3;23.8
4485;1485;22;3;231.52
4486;1485;20;2;27.74
4487;1485;159;3;56.32
4488;1486;91;3;48.19
4489;1487;239;3;89.88
4490;1487;67;2;41.38
4491;1487;290;2;138.11
4492;1487;43;2;27.58
4493;1488;16;1;135.22
4494;1488;202;2;84.57
4495;1488;42;3;263.42
4496;1488;166;1;36.18
4497;1488;124;2;109.44
4498;1489;87;3;172.22
4499;1489;78;1;18.59
4500;1490;100;3;36.47
4501;1490;16;3;135.22
4502;1490;65;2;165.71
4503;1491;147;1;15.53
4504;1491;100;2;36.47
4505;1491;187;2;145.63
4506;1492;231;3;58.56
4507;1493;257;1;75.87
4508;1493;133;3;129.76
4509;1493;18;1;140.06
4510;1494;138;2;32.55
4511;1494;29;3;33.59
4512;1495;293;3;32.93
4513;1496;261;1;138.08
4514;1496;66;2;65.31
4515;1496;51;3;69.12
4516;1496;182;1;96.28
4517;1496;278;3;58.03
4518;1497;254;3;92.06
4519;1497;261;3;138.08
4520;1497;298;1;95.71
4521;1497;54;3;232.82
4522;1498;166;1;36.18
4523;1499;151;3;14.87
4524;1499;221;3;182.12
4525;1500;13;1;97.98
4526;1500;239;1;89.88
4527;1500;26;3;73.19
4528;1500;209;3;110.99
4529;1500;136;3;77.12
4530;1501;76;2;23.8
4531;1502;171;2;59.0
4532;1502;225;3;14.43
4533;1502;264;1;22.18
4534;1503;51;3;69.12
4535;1503;103;1;60.73
4536;1503;114;1;81.1
4537;1504;61;2;251.37
4538;1504;169;3;117.44
4539;1505;161;2;66.77
4540;1506;119;3;52.95
4541;1506;163;1;127.95
4542;1506;108;2;53.06
4543;1506;221;3;182.12
4544;1507;222;2;207.75
4545;1507;93;1;177.34
4546;1507;12;3;58.48
4547;1507;155;3;75.12
4548;1507;257;1;75.87
4549;1508;56;1;84.93
4550;1508;197;3;109.76
4551;1508;294;3;73.58
4552;1508;154;3;276.99
4553;1509;100;2;36.47
4554;1509;132;2;76.68
4555;1510;91;1;48.19
4556;1510;23;2;17.91
4557;1510;277;3;141.51
4558;1511;284;1;66.65
4559;1511;231;3;58.56
4560;1511;87;2;172.22
4561;1511;232;3;21.33
4562;1512;265;2;194.8
4563;1512;261;2;138.08
4564;1512;142;2;26.83
4565;1513;213;1;29.38
4566;1513;16;1;135.22
4567;1513;74;2;13.44
4568;1514;165;2;30.46
4569;1514;9;3;134.64
4570;1514;11;1;27.62
4571;1514;257;1;75.87
4572;1515;126;2;333.38
4573;1516;7;1;435.46
4574;1516;238;2;130.67
4575;1516;37;2;125.9
4576;1516;112;3;112.28
4577;1516;7;3;435.46
4578;1517;45;3;206.86
4579;1517;119;2;52.95
4580;1517;244;2;291.31
4581;1517;37;2;125.9
4582;1518;257;2;75.87
4583;1518;217;2;133.47
4584;1518;235;3;98.52
4585;1518;187;3;145.63
4586;1519;74;2;13.44
4587;1519;193;3;303.95
4588;1519;42;1;263.42
4589;1520;95;3;11.53
4590;1520;149;2;112.47
4591;1520;79;2;57.05
4592;1521;170;2;22.32
4593;1521;233;3;153.83
4594;1522;36;2;35.27
4595;1522;79;3;57.05
4596;1523;130;3;138.45
4597;1523;243;1;23.3
4598;1523;98;1;156.09
4599;1523;213;3;29.38
4600;1524;87;1;172.22
4601;1524;9;2;134.64
4602;1525;168;2;36.16
4603;1525;296;1;31.73
4604;1525;226;2;105.33
4605;1525;165;2;30.46
4606;1525;151;1;14.87
4607;1526;131;1;94.96
4608;1527;78;3;18.59
4609;1527;292;1;115.69
4610;1527;139;1;284.29
4611;1528;34;2;71.61
4612;1528;88;1;271.98
4613;1529;84;2;56.46
4614;1529;287;1;82.17
4615;1529;97;3;160.55
4616;1530;65;2;165.71
4617;1530;292;1;115.69
4618;1531;166;2;36.18
4619;1532;188;2;221.91
4620;1532;133;2;129.76
4621;1532;179;1;16.67
4622;1532;115;1;45.38
4623;1532;54;3;232.82
4624;1533;112;2;112.28
4625;1534;146;1;35.44
4626;1534;169;1;117.44
4627;1534;204;1;63.94
4628;1535;4;3;15.69
4629;1535;293;1;32.93
4630;1536;221;1;182.12
4631;1536;29;3;33.59
4632;1537;199;3;156.49
4633;1537;108;1;53.06
4634;1537;18;2;140.06
4635;1537;102;3;79.45
4636;1537;144;1;46.76
4637;1538;29;2;33.59
4638;1538;279;1;52.64
4639;1539;210;1;230.86
4640;1540;62;3;77.66
4641;1540;104;3;193.22
4642;1540;295;1;401.67
4643;1540;30;3;43.42
4644;1540;274;2;43.03
4645;1541;214;2;180.06
4646;1542;76;3;23.8
4647;1542;75;3;176.39
4648;1542;21;2;27.77
4649;1542;14;2;139.17
4650;1543;21;3;27.77
4651;1543;181;2;42.65
4652;1543;216;1;265.62
4653;1543;1;2;85.25
4654;1544;18;3;140.06
4655;1544;97;1;160.55
4656;1544;68;3;208.07
4657;1544;237;1;11.53
4658;1544;285;1;108.9
4659;1545;224;1;289.95
4660;1545;194;3;39.16
4661;1545;297;2;111.18
4662;1545;58;3;37.93
4663;1546;5;1;99.57
4664;1546;217;2;133.47
4665;1546;100;3;36.47
4666;1546;78;3;18.59
4667;1547;31;3;263.13
4668;1547;175;2;18.54
4669;1548;193;1;303.95
4670;1549;174;3;16.75
4671;1550;139;2;284.29
4672;1550;40;3;165.59
4673;1550;191;2;144.67
4674;1551;222;2;207.75
4675;1552;116;2;27.34
4676;1552;276;3;77.1
4677;1552;275;2;167.5
4678;1552;232;3;21.33
4679;1553;124;2;109.44
4680;1553;224;2;289.95
4681;1553;252;1;124.2
4682;1553;180;3;59.61
4683;1553;242;1;66.96
4684;1554;197;3;109.76
4685;1554;41;3;202.78
4686;1554;259;1;193.37
4687;1554;81;1;83.86
4688;1554;281;1;13.59
4689;1555;75;3;176.39
4690;1555;168;3;36.16
4691;1555;248;3;278.21
4692;1556;72;1;136.88
4693;1556;134;3;60.38
4694;1556;49;2;49.52
4695;1556;115;2;45.38
4696;1556;290;1;138.11
4697;1557;116;3;27.34
4698;1557;119;3;52.95
4699;1558;227;3;128.22
4700;1558;215;3;42.37
4701;1559;158;1;219.43
4702;1559;167;1;40.59
4703;1559;108;2;53.06
4704;1560;121;2;102.0
4705;1560;139;3;284.29
4706;1560;223;1;12.9
4707;1560;131;1;94.96
4708;1560;211;1;253.01
4709;1561;34;2;71.61
4710;1561;76;2;23.8
4711;1561;164;1;38.45
4712;1561;292;3;115.69
4713;1562;231;3;58.56
4714;1562;125;1;136.07
4715;1562;26;3;73.19
4716;1563;133;1;129.76
4717;1564;212;1;167.62
4718;1565;17;1;66.06
4719;1565;291;1;67.09
4720;1566;144;1;46.76
4721;1566;242;1;66.96
4722;1566;12;3;58.48
4723;1566;83;3;28.81
4724;1566;188;3;221.91
4725;1567;172;3;108.1
4726;1567;222;2;207.75
4727;1567;189;1;298.51
4728;1567;150;3;51.66
4729;1567;58;3;37.93
4730;1568;201;1;55.38
4731;1568;131;2;94.96
4732;1568;89;2;376.3
4733;1568;96;3;318.43
4734;1569;255;1;63.76
4735;1569;20;3;27.74
4736;1569;200;3;209.0
4737;1570;194;3;39.16
4738;1570;83;3;28.81
4739;1571;169;2;117.44
4740;1572;135;1;23.48
4741;1572;68;2;208.07
4742;1572;235;1;98.52
4743;1572;240;1;115.21
4744;1573;273;2;197.68
4745;1573;102;2;79.45
4746;1573;129;2;59.78
4747;1573;128;1;604.55
4748;1573;271;2;134.08
4749;1574;116;3;27.34
4750;1574;5;2;99.57
4751;1575;107;1;57.11
4752;1575;171;1;59.0
4753;1575;23;1;17.91
4754;1576;196;1;15.62
4755;1576;184;2;75.61
4756;1576;73;2;47.55
4757;1576;213;3;29.38
4758;1577;238;3;130.67
4759;1577;215;3;42.37
4760;1578;300;1;105.48
4761;1579;89;3;376.3
4762;1579;28;3;98.17
4763;1579;2;1;169.54
4764;1579;284;3;66.65
4765;1580;112;1;112.28
4766;1580;21;2;27.77
4767;1580;28;3;98.17
4768;1580;176;1;23.46
4769;1581;204;1;63.94
4770;1581;3;2;355.2
4771;1581;177;2;190.69
4772;1581;77;1;137.95
4773;1581;222;3;207.75
4774;1582;16;1;135.22
4775;1582;110;3;33.58
4776;1582;129;3;59.78
4777;1582;192;3;139.65
4778;1582;11;1;27.62
4779;1583;190;3;16.04
4780;1583;195;1;145.55
4781;1583;255;3;63.76
4782;1583;298;2;95.71
4783;1584;202;2;84.57
4784;1585;241;2;177.76
4785;1585;31;3;263.13
4786;1585;135;3;23.48
4787;1586;60;1;69.22
4788;1586;184;3;75.61
4789;1586;205;3;54.75
4790;1587;165;1;30.46
4791;1587;81;1;83.86
4792;1587;98;1;156.09
4793;1588;254;2;92.06
4794;1588;270;1;149.02
4795;1588;42;2;263.42
4796;1588;177;3;190.69
4797;1588;81;1;83.86
4798;1589;59;3;107.83
4799;1589;123;2;70.77
4800;1590;91;2;48.19
4801;1590;136;1;77.12
4802;1591;207;3;234.88
4803;1592;93;3;177.34
4804;1592;154;3;276.99
4805;1592;159;3;56.32
4806;1593;206;3;30.23
4807;1593;259;3;193.37
4808;1593;38;2;136.67
4809;1593;189;1;298.51
4810;1593;130;2;138.45
4811;1594;136;2;77.12
4812;1594;209;1;110.99
4813;1595;75;1;176.39
4814;1596;174;3;16.75
4815;1596;88;3;271.98
4816;1597;100;3;36.47
4817;1597;289;2;36.82
4818;1597;147;2;15.53
4819;1597;261;2;138.08
4820;1597;196;2;15.62
4821;1598;87;2;172.22
4822;1598;188;2;221.91
4823;1598;222;2;207.75
4824;1598;193;1;303.95
4825;1598;79;1;57.05
4826;1599;98;3;156.09
4827;1599;91;1;48.19
4828;1599;71;3;104.37
4829;1599;135;3;23.48
4830;1599;107;2;57.11
4831;1600;206;3;30.23
4832;1601;154;2;276.99
4833;1601;71;2;104.37
4834;1601;119;2;52.95
4835;1601;225;3;14.43
4836;1601;250;1;45.33
4837;1602;99;3;18.5
4838;1602;133;2;129.76
4839;1602;177;2;190.69
4840;1602;107;3;57.11
4841;1603;181;3;42.65
4842;1603;139;1;284.29
4843;1603;130;1;138.45
4844;1603;182;3;96.28
4845;1604;283;3;114.46
4846;1604;43;3;27.58
4847;1604;192;2;139.65
4848;1604;1;3;85.25
4849;1605;211;3;253.01
4850;1605;209;3;110.99
4851;1605;26;3;73.19
4852;1605;269;2;27.35
4853;1606;75;3;176.39
4854;1606;79;3;57.05
4855;1606;135;3;23.48
4856;1606;118;2;365.76
4857;1606;161;2;66.77
4858;1607;107;2;57.11
4859;1608;182;1;96.28
4860;1608;68;2;208.07
4861;1608;53;3;51.23
4862;1608;123;2;70.77
4863;1609;155;1;75.12
4864;1610;243;3;23.3
4865;1610;148;3;161.06
4866;1610;193;1;303.95
4867;1611;123;2;70.77
4868;1612;235;1;98.52
4869;1612;39;3;42.14
4870;1613;193;3;303.95
4871;1613;201;1;55.38
4872;1613;38;3;136.67
4873;1613;49;3;49.52
4874;1613;197;2;109.76
4875;1614;167;1;40.59
4876;1614;72;2;136.88
4877;1614;224;2;289.95
4878;1615;113;2;261.82
4879;1615;93;1;177.34
4880;1615;287;2;82.17
4881;1616;178;1;117.25
4882;1616;245;3;88.8
4883;1616;299;2;93.25
4884;1616;300;1;105.48
4885;1616;258;3;183.46
4886;1617;170;3;22.32
4887;1617;148;2;161.06
4888;1617;98;1;156.09
4889;1617;151;3;14.87
4890;1618;126;3;333.38
4891;1618;280;2;194.11
4892;1618;254;2;92.06
4893;1618;247;3;280.92
4894;1618;138;2;32.55
4895;1619;288;1;430.61
4896;1619;66;2;65.31
4897;1619;243;1;23.3
4898;1619;278;3;58.03
4899;1619;221;3;182.12
4900;1620;116;3;27.34
4901;1620;28;3;98.17
4902;1620;95;2;11.53
4903;1620;79;1;57.05
4904;1620;199;1;156.49
4905;1621;1;2;85.25
4906;1621;34;1;71.61
4907;1621;11;2;27.62
4908;1621;285;2;108.9
4909;1622;262;1;203.02
4910;1622;177;2;190.69
4911;1622;278;2;58.03
4912;1622;142;2;26.83
4913;1622;251;1;594.78
4914;1623;67;2;41.38
4915;1623;224;2;289.95
4916;1624;272;1;32.79
4917;1624;74;3;13.44
4918;1624;77;1;137.95
4919;1625;41;3;202.78
4920;1625;95;1;11.53
4921;1625;254;2;92.06
4922;1625;258;2;183.46
4923;1625;161;3;66.77
4924;1626;41;3;202.78
4925;1626;56;3;84.93
4926;1627;137;1;83.8
4927;1627;6;1;124.34
4928;1627;171;1;59.0
4929;1628;220;1;97.41
4930;1629;29;2;33.59
4931;1629;5;3;99.57
4932;1629;298;3;95.71
4933;1630;96;1;318.43
4934;1630;143;3;86.74
4935;1630;265;1;194.8
4936;1630;72;3;136.88
4937;1630;242;3;66.96
4938;1631;113;1;261.82
4939;1631;116;2;27.34
4940;1631;236;3;27.58
4941;1631;213;3;29.38
4942;1632;55;1;105.96
4943;1632;173;1;44.37
4944;1632;84;2;56.46
4945;1633;99;3;18.5
4946;1633;255;3;63.76
4947;1633;246;3;105.53
4948;1634;116;2;27.34
4949;1634;21;2;27.77
4950;1634;131;2;94.96
4951;1634;280;2;194.11
4952;1635;60;2;69.22
4953;1635;214;2;180.06
4954;1635;21;2;27.77
4955;1635;292;2;115.69
4956;1635;151;1;14.87
4957;1636;160;3;62.31
4958;1636;244;3;291.31
4959;1636;266;3;78.95
4960;1636;300;3;105.48
4961;1636;280;3;194.11
4962;1637;191;3;144.67
4963;1637;97;2;160.55
4964;1637;259;1;193.37
4965;1637;26;3;73.19
4966;1638;30;3;43.42
4967;1638;108;2;53.06
4968;1638;12;1;58.48
4969;1639;34;1;71.61
4970;1639;106;1;63.95
4971;1639;64;2;63.91
4972;1639;263;3;58.98
4973;1639;178;2;117.25
4974;1640;23;2;17.91
4975;1640;12;3;58.48
4976;1640;100;2;36.47
4977;1641;16;3;135.22
4978;1641;196;3;15.62
4979;1641;215;3;42.37
4980;1641;52;1;198.57
4981;1642;151;2;14.87
4982;1642;194;2;39.16
4983;1642;12;2;58.48
4984;1642;119;2;52.95
4985;1642;24;3;171.7
4986;1643;78;1;18.59
4987;1643;80;1;16.51
4988;1644;249;2;94.89
4989;1644;148;3;161.06
4990;1645;101;3;337.71
4991;1646;198;3;53.21
4992;1646;9;1;134.64
4993;1646;282;1;377.84
4994;1646;31;1;263.13
4995;1647;297;1;111.18
4996;1648;261;1;138.08
4997;1648;34;2;71.61
4998;1648;124;2;109.44
4999;1648;268;1;22.25
5000;1648;203;1;22.49
5001;1649;176;2;23.46
5002;1649;128;2;604.55
5003;1649;1;2;85.25
5004;1650;186;3;24.83
5005;1651;114;2;81.1
5006;1651;94;3;191.51
5007;1651;204;3;63.94
5008;1651;298;3;95.71
5009;1651;182;2;96.28
5010;1652;63;3;81.7
5011;1652;231;3;58.56
5012;1652;227;3;128.22
5013;1652;222;1;207.75
5014;1652;264;3;22.18
5015;1653;146;2;35.44
5016;1653;20;2;27.74
5017;1653;285;1;108.9
5018;1653;61;3;251.37
5019;1653;81;3;83.86
5020;1654;112;1;112.28
5021;1654;105;2;19.14
5022;1654;175;1;18.54
5023;1654;215;2;42.37
5024;1654;278;3;58.03
5025;1655;151;1;14.87
5026;1656;77;1;137.95
5027;1656;116;2;27.34
5028;1656;23;2;17.91
5029;1656;34;1;71.61
5030;1657;196;3;15.62
5031;1657;222;3;207.75
5032;1657;97;2;160.55
5033;1657;265;3;194.8
5034;1658;165;2;30.46
5035;1658;259;3;193.37
5036;1658;188;2;221.91
5037;1659;84;2;56.46
5038;1659;226;3;105.33
5039;1659;62;2;77.66
5040;1659;270;2;149.02
5041;1659;92;2;338.54
5042;1660;261;3;138.08
5043;1660;282;2;377.84
5044;1660;34;3;71.61
5045;1660;181;3;42.65
5046;1661;240;2;115.21
5047;1662;20;3;27.74
5048;1662;203;2;22.49
5049;1663;26;3;73.19
5050;1664;228;1;21.36
5051;1664;213;2;29.38
5052;1664;163;2;127.95
5053;1665;240;3;115.21
5054;1665;125;2;136.07
5055;1665;215;2;42.37
5056;1665;150;2;51.66
5057;1666;222;3;207.75
5058;1666;128;1;604.55
5059;1666;291;3;67.09
5060;1667;3;3;355.2
5061;1667;20;3;27.74
5062;1667;16;2;135.22
5063;1668;276;3;77.1
5064;1668;41;3;202.78
5065;1669;195;1;145.55
5066;1669;198;3;53.21
5067;1670;284;2;66.65
5068;1671;231;3;58.56
5069;1671;241;3;177.76
5070;1671;190;2;16.04
5071;1671;151;1;14.87
5072;1672;11;1;27.62
5073;1673;188;3;221.91
5074;1673;89;3;376.3
5075;1674;108;1;53.06
5076;1674;251;2;594.78
5077;1674;250;2;45.33
5078;1675;277;2;141.51
5079;1675;105;1;19.14
5080;1675;21;3;27.77
5081;1676;161;3;66.77
5082;1676;292;2;115.69
5083;1676;206;2;30.23
5084;1676;161;1;66.77
5085;1676;28;1;98.17
5086;1677;104;2;193.22
5087;1678;179;1;16.67
5088;1678;37;1;125.9
5089;1679;62;2;77.66
5090;1680;157;3;145.39
5091;1681;95;2;11.53
5092;1682;142;1;26.83
5093;1682;127;1;28.04
5094;1683;196;2;15.62
5095;1683;269;2;27.35
5096;1683;299;2;93.25
5097;1683;289;2;36.82
5098;1683;3;1;355.2
5099;1684;14;2;139.17
5100;1684;239;1;89.88
5101;1684;189;2;298.51
5102;1684;236;2;27.58
5103;1685;176;2;23.46
5104;1685;159;1;56.32
5105;1686;149;3;112.47
5106;1686;119;1;52.95
5107;1686;253;1;62.5
5108;1686;158;1;219.43
5109;1687;194;1;39.16
5110;1687;177;1;190.69
5111;1687;93;1;177.34
5112;1687;177;1;190.69
5113;1687;224;2;289.95
5114;1688;175;2;18.54
5115;1689;184;2;75.61
5116;1689;135;1;23.48
5117;1689;297;2;111.18
5118;1690;107;2;57.11
5119;1690;73;1;47.55
5120;1690;232;1;21.33
5121;1690;28;1;98.17
5122;1690;251;2;594.78
5123;1691;154;1;276.99
5124;1691;229;1;14.92
5125;1691;23;3;17.91
5126;1691;48;2;214.66
5127;1691;142;3;26.83
5128;1692;174;1;16.75
5129;1692;111;1;28.98
5130;1693;44;3;46.23
5131;1693;70;2;99.53
5132;1694;256;2;229.2
5133;1694;198;3;53.21
5134;1694;167;2;40.59
5135;1694;146;2;35.44
5136;1695;178;3;117.25
5137;1695;217;2;133.47
5138;1695;16;3;135.22
5139;1695;157;2;145.39
5140;1695;166;2;36.18
5141;1696;288;2;430.61
5142;1697;107;2;57.11
5143;1697;236;2;27.58
5144;1697;55;1;105.96
5145;1697;239;2;89.88
5146;1697;231;3;58.56
5147;1698;52;1;198.57
5148;1698;127;1;28.04
5149;1698;234;3;199.16
5150;1699;58;1;37.93
5151;1699;57;2;49.4
5152;1700;6;2;124.34
5153;1701;181;2;42.65
5154;1702;119;2;52.95
5155;1703;38;1;136.67
5156;1703;183;2;83.98
5157;1704;84;2;56.46
5158;1704;154;2;276.99
5159;1704;240;3;115.21
5160;1704;62;3;77.66
5161;1704;78;3;18.59
5162;1705;260;2;183.92
5163;1706;275;1;167.5
5164;1706;57;2;49.4
5165;1706;78;2;18.59
5166;1707;28;3;98.17
5167;1707;111;1;28.98
5168;1707;282;2;377.84
5169;1708;101;1;337.71
5170;1708;110;1;33.58
5171;1708;24;2;171.7
5172;1708;89;3;376.3
5173;1709;123;3;70.77
5174;1709;129;1;59.78
5175;1709;29;1;33.59
5176;1709;41;3;202.78
5177;1710;131;1;94.96
5178;1710;287;1;82.17
5179;1710;298;1;95.71
5180;1711;273;3;197.68
5181;1711;191;1;144.67
5182;1712;178;3;117.25
5183;1712;113;3;261.82
5184;1713;145;2;77.19
5185;1713;66;3;65.31
5186;1714;201;1;55.38
5187;1714;60;3;69.22
5188;1714;175;2;18.54
5189;1715;68;2;208.07
5190;1715;99;2;18.5
5191;1715;116;1;27.34
5192;1715;254;1;92.06
5193;1716;173;1;44.37
5194;1716;45;2;206.86
5195;1716;4;1;15.69
5196;1716;132;1;76.68
5197;1717;214;3;180.06
5198;1718;80;1;16.51
5199;1718;130;3;138.45
5200;1718;22;2;231.52
5201;1719;268;2;22.25
5202;1719;251;3;594.78
5203;1720;25;3;36.6
5204;1720;23;1;17.91
5205;1720;80;1;16.51
5206;1720;114;3;81.1
5207;1721;140;3;35.81
5208;1721;122;2;159.31
5209;1721;293;2;32.93
5210;1722;251;3;594.78
5211;1722;59;1;107.83
5212;1722;81;3;83.86
5213;1722;176;1;23.46
5214;1722;120;2;44.38
5215;1723;30;2;43.42
5216;1723;254;3;92.06
5217;1723;158;1;219.43
5218;1723;75;1;176.39
5219;1724;136;1;77.12
5220;1725;186;1;24.83
5221;1725;262;3;203.02
5222;1725;55;1;105.96
5223;1725;69;2;100.84
5224;1725;119;1;52.95
5225;1726;171;2;59.0
5226;1726;283;3;114.46
5227;1726;82;1;115.88
5228;1726;15;1;110.9
5229;1727;134;1;60.38
5230;1728;1;2;85.25
5231;1728;75;3;176.39
5232;1728;163;3;127.95
5233;1729;200;1;209.0
5234;1730;129;1;59.78
5235;1730;132;2;76.68
5236;1730;280;1;194.11
5237;1730;85;2;276.27
5238;1730;65;1;165.71
5239;1731;292;2;115.69
5240;1732;236;3;27.58
5241;1732;244;2;291.31
5242;1732;110;1;33.58
5243;1732;254;2;92.06
5244;1733;64;3;63.91
5245;1733;170;3;22.32
5246;1733;83;2;28.81
5247;1733;120;3;44.38
5248;1734;125;1;136.07
5249;1734;288;2;430.61
5250;1735;240;1;115.21
5251;1735;91;2;48.19
5252;1736;296;2;31.73
5253;1736;242;2;66.96
5254;1736;191;3;144.67
5255;1736;213;3;29.38
5256;1737;232;3;21.33
5257;1737;86;3;68.41
5258;1737;104;2;193.22
5259;1737;43;2;27.58
5260;1738;280;3;194.11
5261;1738;171;2;59.0
5262;1738;161;3;66.77
5263;1738;147;2;15.53
5264;1739;213;3;29.38
5265;1739;39;2;42.14
5266;1740;154;1;276.99
5267;1740;255;1;63.76
5268;1740;278;2;58.03
5269;1740;123;2;70.77
5270;1741;140;1;35.81
5271;1741;70;2;99.53
5272;1742;109;3;46.77
5273;1743;25;1;36.6
5274;1743;226;1;105.33
5275;1743;111;2;28.98
5276;1743;102;1;79.45
5277;1744;150;3;51.66
5278;1744;212;2;167.62
5279;1745;103;2;60.73
5280;1746;103;1;60.73
5281;1747;148;1;161.06
5282;1747;261;2;138.08
5283;1747;111;2;28.98
5284;1747;106;1;63.95
5285;1748;264;1;22.18
5286;1748;79;1;57.05
5287;1748;160;2;62.31
5288;1748;76;1;23.8
5289;1748;175;3;18.54
5290;1749;149;3;112.47
5291;1749;146;1;35.44
5292;1749;282;3;377.84
5293;1749;69;2;100.84
5294;1750;57;1;49.4
5295;1750;62;3;77.66
5296;1750;92;2;338.54
5297;1750;115;1;45.38
5298;1751;271;3;134.08
5299;1751;102;2;79.45
5300;1751;109;2;46.77
5301;1751;268;2;22.25
5302;1751;225;2;14.43
5303;1752;269;2;27.35
5304;1752;228;1;21.36
5305;1752;68;3;208.07
5306;1753;280;1;194.11
5307;1753;285;3;108.9
5308;1753;104;3;193.22
5309;1753;256;2;229.2
5310;1754;223;1;12.9
5311;1754;237;1;11.53
5312;1755;106;1;63.95
5313;1755;148;2;161.06
5314;1755;272;3;32.79
5315;1756;271;1;134.08
5316;1756;72;3;136.88
5317;1756;224;3;289.95
5318;1756;227;3;128.22
5319;1757;76;1;23.8
5320;1757;277;1;141.51
5321;1757;116;3;27.34
5322;1757;220;2;97.41
5323;1758;186;3;24.83
5324;1759;102;1;79.45
5325;1759;255;3;63.76
5326;1759;129;3;59.78
5327;1760;10;1;83.77
5328;1760;53;2;51.23
5329;1761;272;3;32.79
5330;1761;201;3;55.38
5331;1762;176;1;23.46
5332;1762;102;3;79.45
5333;1762;90;3;238.59
5334;1762;63;3;81.7
5335;1763;75;1;176.39
5336;1763;159;1;56.32
5337;1763;93;3;177.34
5338;1763;74;2;13.44
5339;1763;67;3;41.38
5340;1764;173;1;44.37
5341;1764;166;2;36.18
5342;1764;83;2;28.81
5343;1764;84;2;56.46
5344;1764;271;2;134.08
5345;1765;286;2;23.1
5346;1766;224;1;289.95
5347;1767;45;2;206.86
5348;1767;177;1;190.69
5349;1767;213;3;29.38
5350;1767;72;3;136.88
5351;1767;296;3;31.73
5352;1768;204;1;63.94
5353;1768;235;1;98.52
5354;1768;262;3;203.02
5355;1769;270;3;149.02
5356;1769;163;1;127.95
5357;1769;300;1;105.48
5358;1769;144;2;46.76
5359;1770;23;2;17.91
5360;1770;110;1;33.58
5361;1771;126;3;333.38
5362;1771;295;3;401.67
5363;1771;141;2;62.63
5364;1771;43;2;27.58
5365;1772;62;3;77.66
5366;1772;130;2;138.45
5367;1772;23;1;17.91
5368;1772;211;1;253.01
5369;1773;297;1;111.18
5370;1774;261;2;138.08
5371;1774;222;2;207.75
5372;1775;114;2;81.1
5373;1775;121;3;102.0
5374;1776;134;2;60.38
5375;1776;213;1;29.38
5376;1776;130;2;138.45
5377;1776;140;1;35.81
5378;1776;189;2;298.51
5379;1777;192;2;139.65
5380;1777;64;1;63.91
5381;1777;87;1;172.22
5382;1777;156;2;51.61
5383;1777;166;1;36.18
5384;1778;175;2;18.54
5385;1779;225;2;14.43
5386;1779;46;2;32.13
5387;1780;79;2;57.05
5388;1780;247;1;280.92
5389;1780;204;1;63.94
5390;1780;160;2;62.31
5391;1781;93;1;177.34
5392;1782;66;2;65.31
5393;1782;26;1;73.19
5394;1782;47;3;10.35
5395;1782;153;1;28.61
5396;1782;201;2;55.38
5397;1783;297;1;111.18
5398;1784;87;3;172.22
5399;1784;6;1;124.34
5400;1784;15;1;110.9
5401;1784;32;3;65.71
5402;1785;94;2;191.51
5403;1785;185;1;47.76
5404;1786;181;1;42.65
5405;1786;138;2;32.55
5406;1787;224;1;289.95
5407;1787;72;3;136.88
5408;1787;173;1;44.37
5409;1787;74;3;13.44
5410;1788;286;1;23.1
5411;1788;151;3;14.87
5412;1788;198;3;53.21
5413;1788;82;3;115.88
5414;1788;60;1;69.22
5415;1789;272;2;32.79
5416;1789;44;3;46.23
5417;1789;122;2;159.31
5418;1790;14;3;139.17
5419;1790;234;2;199.16
5420;1790;46;3;32.13
5421;1791;284;2;66.65
5422;1791;252;3;124.2
5423;1791;191;1;144.67
5424;1792;94;1;191.51
5425;1792;36;3;35.27
5426;1792;90;1;238.59
5427;1793;258;2;183.46
5428;1794;151;1;14.87
5429;1795;125;1;136.07
5430;1795;203;1;22.49
5431;1795;148;2;161.06
5432;1796;207;3;234.88
5433;1796;186;3;24.83
5434;1796;287;2;82.17
5435;1796;40;2;165.59
5436;1797;200;3;209.0
5437;1797;74;3;13.44
5438;1797;233;1;153.83
5439;1797;169;1;117.44
5440;1797;83;1;28.81
5441;1798;61;3;251.37
5442;1798;41;3;202.78
5443;1798;20;1;27.74
5444;1799;292;1;115.69
5445;1799;277;1;141.51
5446;1799;72;1;136.88
5447;1799;175;2;18.54
5448;1799;28;1;98.17
5449;1800;141;2;62.63
5450;1800;130;1;138.45
5451;1800;218;2;163.84
5452;1801;148;3;161.06
5453;1801;6;2;124.34
5454;1801;190;1;16.04
5455;1801;240;2;115.21
5456;1802;172;1;108.1
5457;1802;111;1;28.98
5458;1802;83;2;28.81
5459;1802;48;2;214.66
5460;1803;208;3;26.03
5461;1804;276;3;77.1
5462;1805;25;3;36.6
5463;1805;50;1;63.53
5464;1806;294;3;73.58
5465;1806;251;1;594.78
5466;1806;110;3;33.58
5467;1806;119;2;52.95
5468;1807;169;2;117.44
5469;1807;257;1;75.87
5470;1807;275;1;167.5
5471;1808;142;3;26.83
5472;1808;16;1;135.22
5473;1809;38;2;136.67
5474;1809;180;2;59.61
5475;1809;255;2;63.76
5476;1810;36;3;35.27
5477;1810;89;2;376.3
5478;1811;264;2;22.18
5479;1811;146;2;35.44
5480;1812;165;1;30.46
5481;1812;228;1;21.36
5482;1812;223;3;12.9
5483;1812;265;1;194.8
5484;1813;284;2;66.65
5485;1813;160;3;62.31
5486;1813;67;3;41.38
5487;1813;47;3;10.35
5488;1813;113;3;261.82
5489;1814;176;1;23.46
5490;1814;5;2;99.57
5491;1814;40;1;165.59
5492;1815;86;2;68.41
5493;1815;142;1;26.83
5494;1815;94;1;191.51
5495;1815;81;3;83.86
5496;1815;9;3;134.64
5497;1816;117;3;187.28
5498;1817;291;2;67.09
5499;1818;294;2;73.58
5500;1818;244;1;291.31
5501;1818;140;2;35.81
5502;1818;208;3;26.03
5503;1818;276;1;77.1
5504;1819;242;3;66.96
5505;1819;188;3;221.91
5506;1819;5;3;99.57
5507;1819;163;2;127.95
5508;1819;121;3;102.0
5509;1820;154;1;276.99
5510;1821;280;2;194.11
5511;1821;197;3;109.76
5512;1821;4;3;15.69
5513;1821;201;3;55.38
5514;1822;109;2;46.77
5515;1822;274;2;43.03
5516;1822;268;2;22.25
5517;1822;182;3;96.28
5518;1822;80;3;16.51
5519;1823;41;2;202.78
5520;1824;34;1;71.61
5521;1824;132;1;76.68
5522;1825;179;1;16.67
5523;1825;234;3;199.16
5524;1825;271;1;134.08
5525;1825;100;2;36.47
5526;1825;26;1;73.19
5527;1826;274;3;43.03
5528;1826;270;2;149.02
5529;1826;203;3;22.49
5530;1826;277;2;141.51
5531;1826;258;1;183.46
5532;1827;294;1;73.58
5533;1828;296;3;31.73
5534;1828;105;3;19.14
5535;1828;78;2;18.59
5536;1829;52;1;198.57
5537;1829;26;2;73.19
5538;1829;142;1;26.83
5539;1829;200;1;209.0
5540;1829;284;3;66.65
5541;1830;105;2;19.14
5542;1830;256;3;229.2
5543;1831;151;3;14.87
5544;1831;139;3;284.29
5545;1831;4;2;15.69
5546;1831;197;3;109.76
5547;1832;129;2;59.78
5548;1832;113;2;261.82
5549;1832;110;1;33.58
5550;1832;271;1;134.08
5551;1832;18;1;140.06
5552;1833;256;2;229.2
5553;1833;9;1;134.64
5554;1833;192;1;139.65
5555;1834;45;1;206.86
5556;1834;123;3;70.77
5557;1834;141;3;62.63
5558;1835;228;3;21.36
5559;1835;222;2;207.75
5560;1836;131;1;94.96
5561;1836;147;2;15.53
5562;1836;75;2;176.39
5563;1836;261;1;138.08
5564;1836;26;1;73.19
5565;1837;245;3;88.8
5566;1837;79;2;57.05
5567;1837;190;2;16.04
5568;1837;99;2;18.5
5569;1837;55;1;105.96
5570;1838;34;3;71.61
5571;1838;120;3;44.38
5572;1839;278;2;58.03
5573;1840;123;3;70.77
5574;1841;141;1;62.63
5575;1841;205;3;54.75
5576;1841;53;2;51.23
5577;1842;204;1;63.94
5578;1842;292;3;115.69
5579;1843;8;1;295.75
5580;1843;131;2;94.96
5581;1843;184;3;75.61
5582;1843;167;2;40.59
5583;1844;213;1;29.38
5584;1844;89;2;376.3
5585;1845;286;3;23.1
5586;1846;271;1;134.08
5587;1846;134;1;60.38
5588;1847;296;2;31.73
5589;1847;187;1;145.63
5590;1847;124;3;109.44
5591;1847;145;1;77.19
5592;1848;287;1;82.17
5593;1848;207;2;234.88
5594;1848;110;2;33.58
5595;1848;49;2;49.52
5596;1849;167;2;40.59
5597;1850;258;1;183.46
5598;1851;121;3;102.0
5599;1851;228;1;21.36
5600;1852;288;1;430.61
5601;1852;246;1;105.53
5602;1852;93;3;177.34
5603;1852;219;3;18.89
5604;1852;94;3;191.51
5605;1853;237;3;11.53
5606;1853;276;3;77.1
5607;1853;210;1;230.86
5608;1853;69;2;100.84
5609;1853;137;3;83.8
5610;1854;32;2;65.71
5611;1854;23;2;17.91
5612;1854;134;2;60.38
5613;1855;89;3;376.3
5614;1856;32;2;65.71
5615;1856;278;1;58.03
5616;1857;176;1;23.46
5617;1858;257;1;75.87
5618;1859;232;2;21.33
5619;1859;12;3;58.48
5620;1859;10;1;83.77
5621;1859;47;1;10.35
5622;1859;95;1;11.53
5623;1860;83;3;28.81
5624;1860;69;1;100.84
5625;1861;182;2;96.28
5626;1862;84;3;56.46
5627;1862;269;2;27.35
5628;1862;4;1;15.69
5629;1863;152;3;210.67
5630;1863;298;3;95.71
5631;1864;237;2;11.53
5632;1864;158;1;219.43
5633;1864;247;2;280.92
5634;1864;228;2;21.36
5635;1865;293;3;32.93
5636;1865;92;1;338.54
5637;1865;179;2;16.67
5638;1866;274;2;43.03
5639;1866;273;3;197.68
5640;1866;75;2;176.39
5641;1866;257;2;75.87
5642;1866;128;1;604.55
5643;1867;179;2;16.67
5644;1867;296;3;31.73
5645;1867;3;2;355.2
5646;1868;75;2;176.39
5647;1868;144;2;46.76
5648;1869;55;3;105.96
5649;1869;186;2;24.83
5650;1869;92;3;338.54
5651;1869;135;1;23.48
5652;1870;204;3;63.94
5653;1871;92;1;338.54
5654;1871;194;2;39.16
5655;1871;223;2;12.9
5656;1871;63;3;81.7
5657;1872;167;3;40.59
5658;1872;85;2;276.27
5659;1872;294;3;73.58
5660;1873;268;2;22.25
5661;1873;138;2;32.55
5662;1873;261;2;138.08
5663;1873;25;3;36.6
5664;1874;47;2;10.35
5665;1874;53;1;51.23
5666;1875;170;2;22.32
5667;1875;241;1;177.76
5668;1875;31;1;263.13
5669;1875;239;1;89.88
5670;1876;192;2;139.65
5671;1876;234;1;199.16
5672;1877;295;1;401.67
5673;1877;56;3;84.93
5674;1877;258;2;183.46
5675;1878;291;3;67.09
5676;1878;261;1;138.08
5677;1879;265;3;194.8
5678;1879;258;2;183.46
5679;1880;178;2;117.25
5680;1880;177;3;190.69
5681;1880;2;2;169.54
5682;1881;115;2;45.38
5683;1881;207;2;234.88
5684;1881;141;1;62.63
5685;1881;150;1;51.66
5686;1881;177;1;190.69
5687;1882;269;3;27.35
5688;1883;170;3;22.32
5689;1883;64;1;63.91
5690;1883;56;3;84.93
5691;1883;170;3;22.32
5692;1884;16;3;135.22
5693;1884;47;1;10.35
5694;1884;157;1;145.39
5695;1884;67;2;41.38
5696;1885;237;2;11.53
5697;1886;280;1;194.11
5698;1886;14;1;139.17
5699;1886;291;1;67.09
5700;1886;227;1;128.22
5701;1887;247;2;280.92
5702;1888;23;2;17.91
5703;1888;85;1;276.27
5704;1888;143;3;86.74
5705;1888;189;2;298.51
5706;1889;300;2;105.48
5707;1890;190;1;16.04
5708;1890;68;1;208.07
5709;1890;93;2;177.34
5710;1891;228;1;21.36
5711;1892;108;3;53.06
5712;1893;131;1;94.96
5713;1893;204;1;63.94
5714;1893;216;2;265.62
5715;1893;213;3;29.38
5716;1894;174;3;16.75
5717;1895;89;2;376.3
5718;1895;268;3;22.25
5719;1895;283;3;114.46
5720;1895;163;2;127.95
5721;1895;253;3;62.5
5722;1896;146;2;35.44
5723;1896;118;1;365.76
5724;1897;168;1;36.16
5725;1898;46;1;32.13
5726;1898;108;3;53.06
5727;1899;164;3;38.45
5728;1899;114;2;81.1
5729;1899;215;2;42.37
5730;1899;94;2;191.51
5731;1899;55;3;105.96
5732;1900;209;2;110.99
5733;1900;44;1;46.23
5734;1900;292;1;115.69
5735;1900;172;2;108.1
5736;1900;153;1;28.61
5737;1901;121;2;102.0
5738;1901;294;3;73.58
5739;1902;181;1;42.65
5740;1902;16;3;135.22
5741;1903;38;1;136.67
5742;1904;22;1;231.52
5743;1904;104;1;193.22
5744;1904;162;2;265.52
5745;1904;8;2;295.75
5746;1904;165;3;30.46
5747;1905;173;1;44.37
5748;1905;238;3;130.67
5749;1905;133;3;129.76
5750;1906;232;3;21.33
5751;1906;60;2;69.22
5752;1906;188;3;221.91
5753;1907;61;3;251.37
5754;1907;259;1;193.37
5755;1907;189;3;298.51
5756;1908;5;3;99.57
5757;1908;77;1;137.95
5758;1908;289;3;36.82
5759;1909;44;2;46.23
5760;1909;107;3;57.11
5761;1909;272;3;32.79
5762;1910;198;1;53.21
5763;1910;183;3;83.98
5764;1911;153;1;28.61
5765;1911;163;2;127.95
5766;1911;62;1;77.66
5767;1911;56;1;84.93
5768;1911;56;2;84.93
5769;1912;235;3;98.52
5770;1912;93;1;177.34
5771;1912;100;2;36.47
5772;1912;128;2;604.55
5773;1912;117;1;187.28
5774;1913;21;2;27.77
5775;1913;154;2;276.99
5776;1913;176;1;23.46
5777;1913;218;2;163.84
5778;1914;108;2;53.06
5779;1914;265;3;194.8
5780;1914;7;2;435.46
5781;1914;282;1;377.84
5782;1915;238;1;130.67
5783;1916;79;3;57.05
5784;1916;13;2;97.98
5785;1917;178;1;117.25
5786;1917;275;2;167.5
5787;1917;26;2;73.19
5788;1918;135;1;23.48
5789;1918;65;1;165.71
5790;1918;214;3;180.06
5791;1918;68;1;208.07
5792;1918;243;3;23.3
5793;1919;273;1;197.68
5794;1920;151;2;14.87
5795;1920;203;3;22.49
5796;1920;33;3;98.43
5797;1921;111;1;28.98
5798;1921;54;2;232.82
5799;1921;49;2;49.52
5800;1921;234;3;199.16
5801;1922;6;1;124.34
5802;1922;238;1;130.67
5803;1922;171;1;59.0
5804;1922;178;2;117.25
5805;1922;11;3;27.62
5806;1923;99;1;18.5
5807;1923;67;1;41.38
5808;1923;273;2;197.68
5809;1924;159;1;56.32
5810;1924;185;2;47.76
5811;1924;269;2;27.35
5812;1924;29;3;33.59
5813;1925;243;1;23.3
5814;1925;219;1;18.89
5815;1925;254;2;92.06
5816;1925;257;3;75.87
5817;1926;97;1;160.55
5818;1927;113;2;261.82
5819;1928;148;1;161.06
5820;1928;112;2;112.28
5821;1928;45;1;206.86
5822;1929;74;2;13.44
5823;1929;37;1;125.9
5824;1929;21;1;27.77
5825;1929;162;3;265.52
5826;1930;124;2;109.44
5827;1930;262;3;203.02
5828;1930;44;3;46.23
5829;1930;79;2;57.05
5830;1930;151;1;14.87
5831;1931;238;1;130.67
5832;1931;20;3;27.74
5833;1931;191;1;144.67
5834;1931;18;3;140.06
5835;1932;164;3;38.45
5836;1932;218;2;163.84
5837;1932;118;2;365.76
5838;1932;158;1;219.43
5839;1932;85;2;276.27
5840;1933;77;3;137.95
5841;1933;16;1;135.22
5842;1934;100;3;36.47
5843;1934;176;3;23.46
5844;1934;38;2;136.67
5845;1934;151;2;14.87
5846;1935;219;2;18.89
5847;1936;44;1;46.23
5848;1937;152;1;210.67
5849;1937;135;1;23.48
5850;1938;249;2;94.89
5851;1938;40;1;165.59
5852;1938;268;2;22.25
5853;1938;62;3;77.66
5854;1938;152;1;210.67
5855;1939;298;3;95.71
5856;1939;154;3;276.99
5857;1940;290;3;138.11
5858;1940;177;2;190.69
5859;1940;78;2;18.59
5860;1941;266;1;78.95
5861;1941;86;2;68.41
5862;1941;253;1;62.5
5863;1941;135;3;23.48
5864;1941;53;3;51.23
5865;1942;276;1;77.1
5866;1942;39;3;42.14
5867;1942;159;2;56.32
5868;1943;48;2;214.66
5869;1943;283;2;114.46
5870;1943;59;2;107.83
5871;1944;283;3;114.46
5872;1944;213;1;29.38
5873;1944;167;1;40.59
5874;1944;250;1;45.33
5875;1944;118;2;365.76
5876;1945;4;2;15.69
5877;1946;110;2;33.58
5878;1946;180;3;59.61
5879;1946;169;2;117.44
5880;1946;79;1;57.05
5881;1946;146;3;35.44
5882;1947;168;2;36.16
5883;1948;195;2;145.55
5884;1948;177;2;190.69
5885;1948;244;2;291.31
5886;1948;151;3;14.87
5887;1948;229;1;14.92
5888;1949;269;3;27.35
5889;1949;96;1;318.43
5890;1949;84;2;56.46
5891;1950;283;1;114.46
5892;1950;257;2;75.87
5893;1950;196;1;15.62
5894;1951;111;3;28.98
5895;1951;21;3;27.77
5896;1951;247;1;280.92
5897;1952;72;2;136.88
5898;1952;176;3;23.46
5899;1952;69;2;100.84
5900;1953;56;3;84.93
5901;1954;291;1;67.09
5902;1954;77;3;137.95
5903;1955;10;2;83.77
5904;1955;293;1;32.93
5905;1955;154;2;276.99
5906;1956;151;2;14.87
5907;1956;293;1;32.93
5908;1956;122;3;159.31
5909;1957;142;1;26.83
5910;1957;92;1;338.54
5911;1957;179;3;16.67
5912;1957;82;3;115.88
5913;1958;42;3;263.42
5914;1959;234;1;199.16
5915;1960;250;1;45.33
5916;1960;297;1;111.18
5917;1960;23;3;17.91
5918;1961;120;2;44.38
5919;1961;296;1;31.73
5920;1962;158;2;219.43
5921;1963;98;3;156.09
5922;1964;251;1;594.78
5923;1964;132;1;76.68
5924;1964;188;3;221.91
5925;1965;61;2;251.37
5926;1965;231;2;58.56
5927;1965;223;2;12.9
5928;1965;216;1;265.62
5929;1965;232;2;21.33
5930;1966;51;2;69.12
5931;1966;246;2;105.53
5932;1967;172;2;108.1
5933;1967;221;2;182.12
5934;1967;22;1;231.52
5935;1967;31;3;263.13
5936;1967;292;3;115.69
5937;1968;48;1;214.66
5938;1968;43;3;27.58
5939;1968;205;1;54.75
5940;1968;175;3;18.54
5941;1968;127;3;28.04
5942;1969;268;1;22.25
5943;1969;13;1;97.98
5944;1969;265;2;194.8
5945;1969;146;3;35.44
5946;1969;238;1;130.67
5947;1970;297;2;111.18
5948;1971;179;1;16.67
5949;1971;55;2;105.96
5950;1972;186;2;24.83
5951;1972;268;3;22.25
5952;1973;107;2;57.11
5953;1973;275;2;167.5
5954;1973;228;3;21.36
5955;1973;180;1;59.61
5956;1974;263;2;58.98
5957;1974;184;1;75.61
5958;1975;37;1;125.9
5959;1975;145;2;77.19
5960;1975;147;3;15.53
5961;1975;31;3;263.13
5962;1975;271;2;134.08
5963;1976;202;1;84.57
5964;1977;272;1;32.79
5965;1977;283;1;114.46
5966;1977;279;3;52.64
5967;1977;81;3;83.86
5968;1978;209;3;110.99
5969;1978;262;1;203.02
5970;1978;135;3;23.48
5971;1978;145;1;77.19
5972;1978;62;1;77.66
5973;1979;141;3;62.63
5974;1979;251;2;594.78
5975;1979;11;1;27.62
5976;1979;59;3;107.83
5977;1980;131;1;94.96
5978;1980;53;3;51.23
5979;1980;106;3;63.95
5980;1980;156;3;51.61
5981;1980;247;3;280.92
5982;1981;81;3;83.86
5983;1981;79;1;57.05
5984;1981;263;2;58.98
5985;1982;78;2;18.59
5986;1983;167;1;40.59
5987;1983;25;2;36.6
5988;1983;261;3;138.08
5989;1983;64;1;63.91
5990;1983;243;3;23.3
5991;1984;116;2;27.34
5992;1984;269;2;27.35
5993;1984;18;2;140.06
5994;1984;96;3;318.43
5995;1985;18;2;140.06
5996;1985;16;1;135.22
5997;1985;129;2;59.78
5998;1985;84;2;56.46
5999;1986;47;1;10.35
6000;1987;104;2;193.22
6001;1987;256;3;229.2
6002;1987;135;1;23.48
6003;1987;54;2;232.82
6004;1988;215;2;42.37
6005;1988;60;3;69.22
6006;1988;87;2;172.22
6007;1988;116;3;27.34
6008;1989;178;2;117.25
6009;1989;34;3;71.61
6010;1990;28;2;98.17
6011;1991;233;3;153.83
6012;1991;225;3;14.43
6013;1992;136;1;77.12
6014;1992;219;1;18.89
6015;1992;167;2;40.59
6016;1992;20;2;27.74
6017;1992;258;1;183.46
6018;1993;61;1;251.37
6019;1993;187;2;145.63
6020;1993;62;1;77.66
6021;1993;42;3;263.42
6022;1993;235;3;98.52
6023;1994;217;2;133.47
6024;1994;221;2;182.12
6025;1994;171;3;59.0
6026;1994;83;2;28.81
6027;1995;236;3;27.58
6028;1995;24;1;171.7
6029;1995;224;3;289.95
6030;1995;11;3;27.62
6031;1995;295;3;401.67
6032;1996;152;3;210.67
6033;1996;8;1;295.75
6034;1997;129;2;59.78
6035;1997;294;1;73.58
6036;1997;85;2;276.27
6037;1998;216;3;265.62
6038;1998;218;3;163.84
6039;1998;292;1;115.69
6040;1999;124;1;109.44
6041;1999;193;2;303.95
6042;1999;117;3;187.28
6043;1999;153;2;28.61
6044;2000;205;3;54.75
6045;2001;190;3;16.04
6046;2001;52;2;198.57
6047;2001;257;1;75.87
6048;2001;216;2;265.62
6049;2002;138;2;32.55
6050;2002;23;1;17.91
6051;2002;48;3;214.66
6052;2003;76;3;23.8
6053;2003;260;1;183.92
6054;2004;152;3;210.67
6055;2004;62;3;77.66
6056;2004;240;3;115.21
6057;2004;56;1;84.93
6058;2004;70;1;99.53
6059;2005;145;3;77.19
6060;2005;71;1;104.37
6061;2005;196;3;15.62
6062;2005;276;2;77.1
6063;2006;6;2;124.34
6064;2006;173;1;44.37
6065;2007;103;2;60.73
6066;2007;141;1;62.63
6067;2007;95;2;11.53
6068;2007;197;3;109.76
6069;2007;287;3;82.17
6070;2008;95;3;11.53
6071;2008;67;1;41.38
6072;2008;165;2;30.46
6073;2008;101;3;337.71
6074;2008;195;3;145.55
6075;2009;273;3;197.68
6076;2009;135;1;23.48
6077;2010;291;3;67.09
6078;2010;245;1;88.8
6079;2010;194;2;39.16
6080;2010;289;3;36.82
6081;2011;64;2;63.91
6082;2012;154;2;276.99
6083;2012;143;3;86.74
6084;2012;199;1;156.49
6085;2013;80;3;16.51
6086;2013;105;2;19.14
6087;2014;151;3;14.87
6088;2015;35;1;57.55
6089;2015;221;2;182.12
6090;2016;176;1;23.46
6091;2016;188;2;221.91
6092;2016;137;3;83.8
6093;2016;47;1;10.35
6094;2016;280;3;194.11
6095;2017;172;3;108.1
6096;2017;247;1;280.92
6097;2018;189;3;298.51
6098;2019;79;2;57.05
6099;2020;92;2;338.54
6100;2020;43;3;27.58
6101;2020;246;1;105.53
6102;2020;148;1;161.06
6103;2021;238;1;130.67
6104;2021;28;1;98.17
6105;2022;105;2;19.14
6106;2022;272;3;32.79
6107;2022;25;2;36.6
6108;2022;253;1;62.5
6109;2022;283;1;114.46
6110;2023;279;2;52.64
6111;2023;282;2;377.84
6112;2023;22;1;231.52
6113;2023;224;3;289.95
6114;2024;69;1;100.84
6115;2024;186;3;24.83
6116;2024;140;3;35.81
6117;2024;293;3;32.93
6118;2025;26;3;73.19
6119;2025;252;3;124.2
6120;2025;212;3;167.62
6121;2025;171;3;59.0
6122;2025;212;1;167.62
6123;2026;6;1;124.34
6124;2026;266;3;78.95
6125;2026;22;3;231.52
6126;2026;9;3;134.64
6127;2027;258;3;183.46
6128;2027;155;2;75.12
6129;2027;254;2;92.06
6130;2027;140;1;35.81
6131;2028;55;3;105.96
6132;2028;290;1;138.11
6133;2028;171;2;59.0
6134;2028;189;3;298.51
6135;2028;202;3;84.57
6136;2029;61;3;251.37
6137;2029;39;3;42.14
6138;2030;33;3;98.43
6139;2030;92;1;338.54
6140;2030;134;3;60.38
6141;2030;177;3;190.69
6142;2030;218;2;163.84
6143;2031;12;2;58.48
6144;2031;241;1;177.76
6145;2031;9;2;134.64
6146;2031;44;3;46.23
6147;2031;48;1;214.66
6148;2032;114;3;81.1
6149;2032;218;2;163.84
6150;2032;90;2;238.59
6151;2032;153;2;28.61
6152;2033;152;2;210.67
6153;2034;190;2;16.04
6154;2035;106;1;63.95
6155;2035;240;1;115.21
6156;2035;150;3;51.66
6157;2036;24;3;171.7
6158;2036;33;2;98.43
6159;2037;296;1;31.73
6160;2037;62;3;77.66
6161;2037;14;3;139.17
6162;2037;164;3;38.45
6163;2037;49;1;49.52
6164;2038;145;2;77.19
6165;2038;219;3;18.89
6166;2038;12;2;58.48
6167;2039;223;1;12.9
6168;2039;14;1;139.17
6169;2040;48;2;214.66
6170;2040;223;2;12.9
6171;2040;239;1;89.88
6172;2040;137;1;83.8
6173;2041;33;1;98.43
6174;2041;4;1;15.69
6175;2041;64;1;63.91
6176;2041;89;2;376.3
6177;2042;205;2;54.75
6178;2042;56;1;84.93
6179;2043;92;3;338.54
6180;2043;108;2;53.06
6181;2043;172;2;108.1
6182;2043;192;2;139.65
6183;2044;57;3;49.4
6184;2044;115;3;45.38
6185;2044;225;3;14.43
6186;2044;183;1;83.98
6187;2045;278;2;58.03
6188;2045;81;3;83.86
6189;2045;135;2;23.48
6190;2045;4;3;15.69
6191;2045;101;2;337.71
6192;2046;154;1;276.99
6193;2047;186;2;24.83
6194;2047;154;1;276.99
6195;2047;66;3;65.31
6196;2047;36;2;35.27
6197;2048;142;3;26.83
6198;2048;75;2;176.39
6199;2048;1;1;85.25
6200;2049;249;3;94.89
6201;2050;160;3;62.31
6202;2051;18;3;140.06
6203;2051;279;1;52.64
6204;2051;235;2;98.52
6205;2052;278;3;58.03
6206;2052;194;3;39.16
6207;2052;11;2;27.62
6208;2052;267;2;23.63
6209;2052;273;3;197.68
6210;2053;140;2;35.81
6211;2053;134;3;60.38
6212;2053;243;1;23.3
6213;2054;251;1;594.78
6214;2055;293;3;32.93
6215;2055;217;1;133.47
6216;2056;204;2;63.94
6217;2056;43;3;27.58
6218;2056;148;1;161.06
6219;2056;89;2;376.3
6220;2056;253;1;62.5
6221;2057;149;3;112.47
6222;2058;14;3;139.17
6223;2058;70;3;99.53
6224;2058;276;2;77.1
6225;2058;22;2;231.52
6226;2058;150;3;51.66
6227;2059;226;1;105.33
6228;2059;216;2;265.62
6229;2059;300;3;105.48
6230;2060;108;1;53.06
6231;2060;42;3;263.42
6232;2060;283;3;114.46
6233;2060;162;3;265.52
6234;2061;40;2;165.59
6235;2061;78;1;18.59
6236;2061;150;1;51.66
6237;2061;199;2;156.49
6238;2061;166;2;36.18
6239;2062;34;3;71.61
6240;2062;29;1;33.59
6241;2062;82;1;115.88
6242;2062;227;1;128.22
6243;2062;153;3;28.61
6244;2063;219;2;18.89
6245;2063;253;2;62.5
6246;2064;245;2;88.8
6247;2064;273;3;197.68
6248;2064;40;3;165.59
6249;2064;67;3;41.38
6250;2065;68;2;208.07
6251;2065;266;1;78.95
6252;2065;44;1;46.23
6253;2066;103;3;60.73
6254;2066;12;1;58.48
6255;2066;47;1;10.35
6256;2067;131;2;94.96
6257;2067;286;2;23.1
6258;2068;203;2;22.49
6259;2068;68;1;208.07
6260;2069;209;1;110.99
6261;2069;240;3;115.21
6262;2069;209;3;110.99
6263;2069;175;2;18.54
6264;2070;214;3;180.06
6265;2070;110;1;33.58
6266;2070;161;2;66.77
6267;2071;274;3;43.03
6268;2071;20;3;27.74
6269;2072;162;1;265.52
6270;2073;28;3;98.17
6271;2073;165;2;30.46
6272;2073;174;1;16.75
6273;2073;21;1;27.77
6274;2074;165;3;30.46
6275;2074;65;2;165.71
6276;2074;27;3;257.64
6277;2074;88;2;271.98
6278;2074;93;3;177.34
6279;2075;186;2;24.83
6280;2075;253;1;62.5
6281;2075;62;1;77.66
6282;2075;114;3;81.1
6283;2075;297;1;111.18
6284;2076;233;2;153.83
6285;2076;221;1;182.12
6286;2076;154;3;276.99
6287;2076;21;3;27.77
6288;2077;17;2;66.06
6289;2077;30;2;43.42
6290;2077;118;3;365.76
6291;2078;298;1;95.71
6292;2078;150;2;51.66
6293;2078;208;2;26.03
6294;2079;216;2;265.62
6295;2079;228;2;21.36
6296;2079;248;1;278.21
6297;2080;2;3;169.54
6298;2080;169;2;117.44
6299;2080;104;3;193.22
6300;2080;47;2;10.35
6301;2080;300;1;105.48
6302;2081;78;1;18.59
6303;2081;81;3;83.86
6304;2081;1;1;85.25
6305;2081;65;3;165.71
6306;2082;154;2;276.99
6307;2082;288;1;430.61
6308;2082;295;2;401.67
6309;2082;113;3;261.82
6310;2083;73;3;47.55
6311;2083;290;1;138.11
6312;2083;259;3;193.37
6313;2084;66;3;65.31
6314;2084;169;2;117.44
6315;2084;40;2;165.59
6316;2085;78;3;18.59
6317;2085;29;3;33.59
6318;2085;268;3;22.25
6319;2086;243;2;23.3
6320;2086;66;2;65.31
6321;2086;114;1;81.1
6322;2086;127;3;28.04
6323;2087;51;1;69.12
6324;2087;237;1;11.53
6325;2087;200;3;209.0
6326;2087;41;2;202.78
6327;2088;174;3;16.75
6328;2088;88;3;271.98
6329;2089;286;3;23.1
6330;2089;22;1;231.52
6331;2089;186;1;24.83
6332;2089;219;2;18.89
6333;2090;280;2;194.11
6334;2090;169;3;117.44
6335;2090;188;2;221.91
6336;2091;133;2;129.76
6337;2091;201;1;55.38
6338;2092;264;1;22.18
6339;2093;191;1;144.67
6340;2093;288;1;430.61
6341;2093;273;3;197.68
6342;2093;10;1;83.77
6343;2094;275;3;167.5
6344;2094;161;3;66.77
6345;2094;126;1;333.38
6346;2094;123;1;70.77
6347;2094;31;3;263.13
6348;2095;255;1;63.76
6349;2095;125;3;136.07
6350;2095;17;2;66.06
6351;2095;120;1;44.38
6352;2095;72;1;136.88
6353;2096;230;2;163.67
6354;2096;138;2;32.55
6355;2096;54;3;232.82
6356;2096;288;1;430.61
6357;2096;92;1;338.54
6358;2097;248;2;278.21
6359;2097;269;1;27.35
6360;2097;293;2;32.93
6361;2097;210;1;230.86
6362;2097;208;1;26.03
6363;2098;133;1;129.76
6364;2098;250;2;45.33
6365;2098;228;2;21.36
6366;2099;296;3;31.73
6367;2099;183;2;83.98
6368;2099;118;1;365.76
6369;2099;40;3;165.59
6370;2100;269;2;27.35
6371;2100;40;3;165.59
6372;2100;196;3;15.62
6373;2100;100;3;36.47
6374;2100;254;1;92.06
6375;2101;16;3;135.22
6376;2101;217;1;133.47
6377;2101;92;2;338.54
6378;2101;282;2;377.84
6379;2101;102;3;79.45
6380;2102;297;3;111.18
6381;2102;122;3;159.31
6382;2103;184;2;75.61
6383;2103;229;3;14.92
6384;2103;67;2;41.38
6385;2104;62;1;77.66
6386;2104;59;3;107.83
6387;2105;51;1;69.12
6388;2105;69;3;100.84
6389;2105;21;3;27.77
6390;2106;197;2;109.76
6391;2106;45;3;206.86
6392;2106;267;1;23.63
6393;2106;297;3;111.18
6394;2107;32;1;65.71
6395;2108;111;3;28.98
6396;2109;185;1;47.76
6397;2109;235;3;98.52
6398;2109;253;2;62.5
6399;2109;271;1;134.08
6400;2109;273;3;197.68
6401;2110;12;2;58.48
6402;2110;109;3;46.77
6403;2110;173;2;44.37
6404;2111;156;1;51.61
6405;2111;39;2;42.14
6406;2111;205;2;54.75
6407;2111;264;2;22.18
6408;2111;238;2;130.67
6409;2112;119;1;52.95
6410;2112;62;2;77.66
6411;2112;270;1;149.02
6412;2112;209;2;110.99
6413;2112;282;3;377.84
6414;2113;157;1;145.39
6415;2113;90;1;238.59
6416;2114;289;2;36.82
6417;2114;42;2;263.42
6418;2114;193;1;303.95
6419;2114;270;1;149.02
6420;2115;172;2;108.1
6421;2115;208;1;26.03
6422;2116;259;2;193.37
6423;2116;17;3;66.06
6424;2117;279;1;52.64
6425;2117;239;3;89.88
6426;2117;193;1;303.95
6427;2117;217;2;133.47
6428;2117;272;2;32.79
6429;2118;159;1;56.32
6430;2118;31;1;263.13
6431;2118;35;1;57.55
6432;2118;156;3;51.61
6433;2119;111;1;28.98
6434;2119;154;1;276.99
6435;2119;240;1;115.21
6436;2120;187;1;145.63
6437;2121;146;2;35.44
6438;2121;262;3;203.02
6439;2121;189;3;298.51
6440;2121;151;2;14.87
6441;2121;63;2;81.7
6442;2122;164;2;38.45
6443;2123;165;3;30.46
6444;2123;283;3;114.46
6445;2123;299;3;93.25
6446;2123;187;2;145.63
6447;2123;142;1;26.83
6448;2124;193;3;303.95
6449;2124;24;3;171.7
6450;2124;66;1;65.31
6451;2124;143;3;86.74
6452;2124;115;3;45.38
6453;2125;141;2;62.63
6454;2125;243;1;23.3
6455;2125;128;2;604.55
6456;2125;137;1;83.8
6457;2125;166;3;36.18
6458;2126;183;1;83.98
6459;2126;105;3;19.14
6460;2126;273;3;197.68
6461;2127;94;1;191.51
6462;2127;82;3;115.88
6463;2128;259;1;193.37
6464;2128;116;3;27.34
6465;2128;167;2;40.59
6466;2128;261;3;138.08
6467;2128;86;2;68.41
6468;2129;41;1;202.78
6469;2129;276;1;77.1
6470;2130;146;1;35.44
6471;2130;224;3;289.95
6472;2130;241;1;177.76
6473;2131;271;1;134.08
6474;2131;122;3;159.31
6475;2131;206;2;30.23
6476;2132;206;2;30.23
6477;2132;27;3;257.64
6478;2132;4;3;15.69
6479;2132;216;3;265.62
6480;2132;156;3;51.61
6481;2133;249;2;94.89
6482;2133;173;2;44.37
6483;2133;13;3;97.98
6484;2133;33;3;98.43
6485;2133;197;3;109.76
6486;2134;193;3;303.95
6487;2134;269;1;27.35
6488;2134;20;3;27.74
6489;2134;185;1;47.76
6490;2134;30;1;43.42
6491;2135;267;3;23.63
6492;2135;214;3;180.06
6493;2135;239;2;89.88
6494;2135;73;2;47.55
6495;2135;242;2;66.96
6496;2136;231;3;58.56
6497;2136;15;2;110.9
6498;2136;136;2;77.12
6499;2136;137;1;83.8
6500;2137;220;1;97.41
6501;2138;70;1;99.53
6502;2138;200;1;209.0
6503;2138;213;3;29.38
6504;2138;149;2;112.47
6505;2139;273;3;197.68
6506;2139;223;2;12.9
6507;2139;253;3;62.5
6508;2140;208;2;26.03
6509;2140;279;2;52.64
6510;2141;250;1;45.33
6511;2141;202;3;84.57
6512;2142;218;2;163.84
6513;2142;99;3;18.5
6514;2142;93;2;177.34
6515;2143;57;1;49.4
6516;2143;5;3;99.57
6517;2144;207;1;234.88
6518;2144;134;2;60.38
6519;2144;104;2;193.22
6520;2145;280;2;194.11
6521;2145;52;3;198.57
6522;2145;52;3;198.57
6523;2145;97;2;160.55
6524;2146;141;1;62.63
6525;2146;149;3;112.47
6526;2146;21;1;27.77
6527;2146;187;3;145.63
6528;2146;32;2;65.71
6529;2147;88;2;271.98
6530;2148;242;3;66.96
6531;2149;181;1;42.65
6532;2149;132;1;76.68
6533;2150;147;3;15.53
6534;2150;275;1;167.5
6535;2150;99;2;18.5
6536;2151;115;1;45.38
6537;2151;139;2;284.29
6538;2151;175;1;18.54
6539;2152;103;1;60.73
6540;2152;161;3;66.77
6541;2153;104;3;193.22
6542;2153;149;1;112.47
6543;2153;219;2;18.89
6544;2154;93;1;177.34
6545;2155;10;1;83.77
6546;2155;154;3;276.99
6547;2155;34;1;71.61
6548;2155;110;2;33.58
6549;2156;44;2;46.23
6550;2157;88;2;271.98
6551;2158;216;1;265.62
6552;2158;48;3;214.66
6553;2158;202;1;84.57
6554;2158;13;2;97.98
6555;2159;55;1;105.96
6556;2159;262;3;203.02
6557;2159;174;3;16.75
6558;2159;104;2;193.22
6559;2159;14;1;139.17
6560;2160;127;2;28.04
6561;2160;27;1;257.64
6562;2161;159;1;56.32
6563;2162;21;3;27.77
6564;2163;87;3;172.22
6565;2164;265;3;194.8
6566;2164;54;2;232.82
6567;2165;237;1;11.53
6568;2166;178;1;117.25
6569;2166;34;1;71.61
6570;2166;207;1;234.88
6571;2166;37;3;125.9
6572;2166;3;3;355.2
6573;2167;263;2;58.98
6574;2167;149;1;112.47
6575;2168;55;2;105.96
6576;2168;199;3;156.49
6577;2168;71;3;104.37
6578;2169;156;2;51.61
6579;2170;266;2;78.95
6580;2170;118;2;365.76
6581;2170;169;2;117.44
6582;2170;298;2;95.71
6583;2171;269;1;27.35
6584;2171;179;1;16.67
6585;2171;159;1;56.32
6586;2171;273;2;197.68
6587;2171;23;1;17.91
6588;2172;61;2;251.37
6589;2172;229;3;14.92
6590;2172;159;3;56.32
6591;2173;153;2;28.61
6592;2174;256;3;229.2
6593;2174;267;2;23.63
6594;2175;199;2;156.49
6595;2175;82;2;115.88
6596;2175;254;3;92.06
6597;2175;239;2;89.88
6598;2176;37;1;125.9
6599;2177;109;3;46.77
6600;2177;261;1;138.08
6601;2177;88;2;271.98
6602;2177;102;2;79.45
6603;2177;188;1;221.91
6604;2178;88;3;271.98
6605;2179;65;3;165.71
6606;2179;47;3;10.35
6607;2180;194;2;39.16
6608;2180;107;1;57.11
6609;2180;97;3;160.55
6610;2180;292;3;115.69
6611;2181;8;3;295.75
6612;2182;150;3;51.66
6613;2182;114;2;81.1
6614;2182;35;2;57.55
6615;2182;222;3;207.75
6616;2182;285;2;108.9
6617;2183;65;1;165.71
6618;2183;152;3;210.67
6619;2183;271;2;134.08
6620;2183;29;2;33.59
6621;2183;225;1;14.43
6622;2184;1;2;85.25
6623;2184;223;1;12.9
6624;2184;226;3;105.33
6625;2185;107;1;57.11
6626;2186;278;3;58.03
6627;2186;80;3;16.51
6628;2186;90;1;238.59
6629;2187;218;2;163.84
6630;2187;269;3;27.35
6631;2187;13;2;97.98
6632;2188;14;2;139.17
6633;2189;271;2;134.08
6634;2189;94;2;191.51
6635;2189;189;1;298.51
6636;2190;45;1;206.86
6637;2190;70;3;99.53
6638;2191;92;1;338.54
6639;2191;123;3;70.77
6640;2192;201;1;55.38
6641;2192;202;2;84.57
6642;2192;127;1;28.04
6643;2193;276;3;77.1
6644;2193;221;3;182.12
6645;2194;96;2;318.43
6646;2194;217;3;133.47
6647;2194;101;2;337.71
6648;2195;72;3;136.88
6649;2195;189;3;298.51
6650;2195;188;1;221.91
6651;2195;232;1;21.33
6652;2195;264;3;22.18
6653;2196;288;1;430.61
6654;2196;35;1;57.55
6655;2196;56;2;84.93
6656;2196;215;1;42.37
6657;2196;61;3;251.37
6658;2197;227;2;128.22
6659;2197;159;2;56.32
6660;2197;201;1;55.38
6661;2197;123;2;70.77
6662;2198;126;2;333.38
6663;2198;213;1;29.38
6664;2199;24;2;171.7
6665;2199;235;1;98.52
6666;2199;9;1;134.64
6667;2199;165;3;30.46
6668;2200;3;2;355.2
6669;2200;133;1;129.76
6670;2200;62;1;77.66
6671;2200;265;1;194.8
6672;2200;205;1;54.75
6673;2201;204;3;63.94
6674;2202;288;1;430.61
6675;2202;53;2;51.23
6676;2203;160;3;62.31
6677;2203;31;2;263.13
6678;2203;183;1;83.98
6679;2203;213;3;29.38
6680;2204;261;1;138.08
6681;2204;170;1;22.32
6682;2204;235;1;98.52
6683;2204;25;1;36.6
6684;2205;149;3;112.47
6685;2205;257;1;75.87
6686;2205;48;3;214.66
6687;2205;159;3;56.32
6688;2206;38;3;136.67
6689;2207;173;1;44.37
6690;2207;3;3;355.2
6691;2207;69;1;100.84
6692;2207;213;2;29.38
6693;2208;158;1;219.43
6694;2209;7;2;435.46
6695;2210;203;3;22.49
6696;2210;13;3;97.98
6697;2211;135;1;23.48
6698;2211;126;3;333.38
6699;2211;281;3;13.59
6700;2212;76;2;23.8
6701;2212;124;3;109.44
6702;2213;187;3;145.63
6703;2213;118;1;365.76
6704;2213;125;2;136.07
6705;2213;203;2;22.49
6706;2213;226;1;105.33
6707;2214;74;1;13.44
6708;2215;38;2;136.67
6709;2215;60;1;69.22
6710;2215;96;3;318.43
6711;2215;102;2;79.45
6712;2216;92;1;338.54
6713;2216;53;1;51.23
6714;2217;147;3;15.53
6715;2217;82;1;115.88
6716;2217;253;2;62.5
6717;2218;154;1;276.99
6718;2218;200;3;209.0
6719;2218;238;3;130.67
6720;2219;33;1;98.43
6721;2219;73;3;47.55
6722;2220;48;2;214.66
6723;2220;146;1;35.44
6724;2220;272;1;32.79
6725;2220;240;3;115.21
6726;2220;49;1;49.52
6727;2221;259;2;193.37
6728;2221;168;1;36.16
6729;2221;71;2;104.37
6730;2222;64;3;63.91
6731;2223;250;1;45.33
6732;2223;136;3;77.12
6733;2223;104;2;193.22
6734;2224;194;3;39.16
6735;2224;197;2;109.76
6736;2225;249;1;94.89
6737;2225;186;3;24.83
6738;2225;195;3;145.55
6739;2226;77;1;137.95
6740;2226;263;1;58.98
6741;2226;174;2;16.75
6742;2227;32;3;65.71
6743;2227;283;1;114.46
6744;2227;107;2;57.11
6745;2228;64;2;63.91
6746;2228;86;1;68.41
6747;2228;95;1;11.53
6748;2228;131;2;94.96
6749;2228;209;2;110.99
6750;2229;114;3;81.1
6751;2229;110;1;33.58
6752;2229;68;3;208.07
6753;2229;71;1;104.37
6754;2230;97;1;160.55
6755;2230;214;1;180.06
6756;2230;124;2;109.44
6757;2230;70;2;99.53
6758;2230;175;1;18.54
6759;2231;222;1;207.75
6760;2231;61;1;251.37
6761;2231;192;1;139.65
6762;2232;218;1;163.84
6763;2232;189;2;298.51
6764;2232;71;2;104.37
6765;2232;218;3;163.84
6766;2233;148;2;161.06
6767;2234;149;1;112.47
6768;2234;31;1;263.13
6769;2234;263;3;58.98
6770;2234;165;3;30.46
6771;2235;1;3;85.25
6772;2235;160;3;62.31
6773;2236;123;1;70.77
6774;2236;251;1;594.78
6775;2236;80;3;16.51
6776;2236;279;3;52.64
6777;2236;206;3;30.23
6778;2237;65;2;165.71
6779;2237;203;3;22.49
6780;2237;244;1;291.31
6781;2237;18;2;140.06
6782;2238;238;1;130.67
6783;2238;74;2;13.44
6784;2238;296;3;31.73
6785;2239;41;2;202.78
6786;2240;227;2;128.22
6787;2240;174;1;16.75
6788;2240;219;1;18.89
6789;2240;90;1;238.59
6790;2241;85;3;276.27
6791;2241;25;3;36.6
6792;2241;242;2;66.96
6793;2242;17;2;66.06
6794;2242;78;3;18.59
6795;2242;40;1;165.59
6796;2243;14;1;139.17
6797;2243;233;3;153.83
6798;2243;81;1;83.86
6799;2244;86;3;68.41
6800;2244;130;2;138.45
6801;2244;286;3;23.1
6802;2244;228;1;21.36
6803;2245;293;3;32.93
6804;2245;250;1;45.33
6805;2246;219;2;18.89
6806;2246;73;2;47.55
6807;2246;223;1;12.9
6808;2246;128;3;604.55
6809;2246;118;1;365.76
6810;2247;258;3;183.46
6811;2247;215;2;42.37
6812;2247;254;1;92.06
6813;2247;240;1;115.21
6814;2248;52;1;198.57
6815;2248;225;1;14.43
6816;2248;96;2;318.43
6817;2248;71;2;104.37
6818;2249;186;1;24.83
6819;2249;129;3;59.78
6820;2249;288;2;430.61
6821;2249;120;1;44.38
6822;2250;102;1;79.45
6823;2251;27;3;257.64
6824;2251;288;1;430.61
6825;2251;211;3;253.01
6826;2251;60;1;69.22
6827;2251;149;2;112.47
6828;2252;84;2;56.46
6829;2253;52;1;198.57
6830;2253;209;2;110.99
6831;2253;197;2;109.76
6832;2253;261;1;138.08
6833;2253;169;3;117.44
6834;2254;185;1;47.76
6835;2254;13;3;97.98
6836;2255;121;2;102.0
6837;2256;94;2;191.51
6838;2256;74;1;13.44
6839;2256;87;1;172.22
6840;2257;250;2;45.33
6841;2258;75;1;176.39
6842;2258;248;2;278.21
6843;2259;129;2;59.78
6844;2259;154;1;276.99
6845;2259;62;1;77.66
6846;2259;65;2;165.71
6847;2259;115;3;45.38
6848;2260;250;1;45.33
6849;2261;272;1;32.79
6850;2261;198;2;53.21
6851;2261;146;3;35.44
6852;2261;287;3;82.17
6853;2261;219;2;18.89
6854;2262;19;2;25.52
6855;2262;92;3;338.54
6856;2262;275;1;167.5
6857;2262;22;2;231.52
6858;2262;279;1;52.64
6859;2263;30;2;43.42
6860;2263;234;2;199.16
6861;2263;237;3;11.53
6862;2264;241;2;177.76
6863;2264;99;2;18.5
6864;2265;67;3;41.38
6865;2265;58;3;37.93
6866;2266;81;2;83.86
6867;2266;184;2;75.61
6868;2266;136;3;77.12
6869;2266;221;2;182.12
6870;2267;163;1;127.95
6871;2267;24;1;171.7
6872;2267;44;3;46.23
6873;2268;64;2;63.91
6874;2268;243;2;23.3
6875;2268;293;3;32.93
6876;2269;246;3;105.53
6877;2269;123;3;70.77
6878;2270;277;2;141.51
6879;2271;16;3;135.22
6880;2271;29;2;33.59
6881;2271;37;3;125.9
6882;2271;245;3;88.8
6883;2271;223;1;12.9
6884;2272;164;2;38.45
6885;2272;235;1;98.52
6886;2273;118;2;365.76
6887;2274;191;1;144.67
6888;2274;91;1;48.19
6889;2274;133;3;129.76
6890;2274;234;3;199.16
6891;2274;158;1;219.43
6892;2275;56;1;84.93
6893;2275;299;3;93.25
6894;2275;262;2;203.02
6895;2275;175;2;18.54
6896;2275;211;2;253.01
6897;2276;89;1;376.3
6898;2277;34;1;71.61
6899;2277;238;3;130.67
6900;2277;300;2;105.48
6901;2277;158;1;219.43
6902;2278;227;3;128.22
6903;2278;275;3;167.5
6904;2278;159;2;56.32
6905;2278;122;3;159.31
6906;2279;173;3;44.37
6907;2279;148;3;161.06
6908;2280;275;1;167.5
6909;2280;210;3;230.86
6910;2280;189;3;298.51
6911;2280;90;2;238.59
6912;2280;251;1;594.78
6913;2281;170;2;22.32
6914;2281;231;2;58.56
6915;2281;42;2;263.42
6916;2282;260;3;183.92
6917;2282;207;2;234.88
6918;2282;50;3;63.53
6919;2282;300;1;105.48
6920;2282;1;1;85.25
6921;2283;54;1;232.82
6922;2283;215;3;42.37
6923;2284;182;2;96.28
6924;2284;172;2;108.1
6925;2284;187;2;145.63
6926;2284;288;2;430.61
6927;2285;109;1;46.77
6928;2285;272;2;32.79
6929;2286;275;1;167.5
6930;2286;52;1;198.57
6931;2286;95;1;11.53
6932;2286;185;1;47.76
6933;2286;9;2;134.64
6934;2287;255;3;63.76
6935;2287;71;1;104.37
6936;2287;103;3;60.73
6937;2287;179;2;16.67
6938;2288;144;2;46.76
6939;2288;249;2;94.89
6940;2288;261;2;138.08
6941;2288;238;1;130.67
6942;2288;255;2;63.76
6943;2289;279;1;52.64
6944;2289;171;3;59.0
6945;2289;71;3;104.37
6946;2289;236;2;27.58
6947;2289;198;3;53.21
6948;2290;3;1;355.2
6949;2290;6;3;124.34
6950;2290;293;2;32.93
6951;2291;300;1;105.48
6952;2291;187;1;145.63
6953;2292;211;2;253.01
6954;2293;248;1;278.21
6955;2293;210;2;230.86
6956;2293;139;3;284.29
6957;2293;238;3;130.67
6958;2294;186;1;24.83
6959;2294;168;1;36.16
6960;2295;42;3;263.42
6961;2295;182;1;96.28
6962;2295;92;1;338.54
6963;2295;104;1;193.22
6964;2295;29;3;33.59
6965;2296;92;2;338.54
6966;2296;88;2;271.98
6967;2296;45;2;206.86
6968;2296;35;3;57.55
6969;2297;67;2;41.38
6970;2297;173;3;44.37
6971;2298;280;2;194.11
6972;2298;118;3;365.76
6973;2299;299;1;93.25
6974;2300;88;2;271.98
6975;2300;9;3;134.64
6976;2300;198;3;53.21
6977;2300;289;3;36.82
6978;2301;227;3;128.22
6979;2301;57;3;49.4
6980;2301;153;1;28.61
6981;2301;99;1;18.5
6982;2301;76;3;23.8
6983;2302;194;3;39.16
6984;2303;295;2;401.67
6985;2303;156;1;51.61
6986;2304;45;2;206.86
6987;2304;169;2;117.44
6988;2304;202;1;84.57
6989;2304;79;1;57.05
6990;2305;209;2;110.99
6991;2305;3;1;355.2
6992;2305;273;1;197.68
6993;2305;273;1;197.68
6994;2306;51;3;69.12
6995;2307;103;2;60.73
6996;2307;177;1;190.69
6997;2307;106;1;63.95
6998;2307;255;3;63.76
6999;2307;79;2;57.05
7000;2308;136;2;77.12
7001;2309;229;1;14.92
7002;2309;257;1;75.87
7003;2309;199;3;156.49
7004;2310;89;1;376.3
7005;2311;272;3;32.79
7006;2312;140;3;35.81
7007;2312;159;3;56.32
7008;2312;59;1;107.83
7009;2313;279;2;52.64
7010;2313;172;2;108.1
7011;2313;205;2;54.75
7012;2314;68;1;208.07
7013;2314;274;3;43.03
7014;2314;7;2;435.46
7015;2314;160;1;62.31
7016;2314;151;3;14.87
7017;2315;196;2;15.62
7018;2315;274;1;43.03
7019;2315;146;3;35.44
7020;2315;68;3;208.07
7021;2316;300;1;105.48
7022;2316;280;2;194.11
7023;2316;97;1;160.55
7024;2317;38;1;136.67
7025;2317;172;1;108.1
7026;2318;124;3;109.44
7027;2318;157;2;145.39
7028;2318;224;2;289.95
7029;2319;221;1;182.12
7030;2319;113;1;261.82
7031;2320;66;1;65.31
7032;2320;148;1;161.06
7033;2320;3;2;355.2
7034;2320;8;3;295.75
7035;2320;236;1;27.58
7036;2321;227;2;128.22
7037;2321;72;1;136.88
7038;2321;35;2;57.55
7039;2322;130;3;138.45
7040;2322;138;2;32.55
7041;2322;129;2;59.78
7042;2322;174;3;16.75
7043;2322;232;2;21.33
7044;2323;195;2;145.55
7045;2323;80;3;16.51
7046;2323;212;2;167.62
7047;2324;185;1;47.76
7048;2325;225;3;14.43
7049;2325;118;2;365.76
7050;2325;31;1;263.13
7051;2326;296;1;31.73
7052;2327;9;1;134.64
7053;2327;153;3;28.61
7054;2327;124;3;109.44
7055;2327;217;2;133.47
7056;2328;234;1;199.16
7057;2328;169;2;117.44
7058;2328;3;1;355.2
7059;2329;196;3;15.62
7060;2329;36;1;35.27
7061;2329;235;3;98.52
7062;2329;96;3;318.43
7063;2330;3;3;355.2
7064;2331;89;1;376.3
7065;2331;284;1;66.65
7066;2331;241;2;177.76
7067;2331;207;2;234.88
7068;2331;293;3;32.93
7069;2332;59;1;107.83
7070;2332;252;2;124.2
7071;2332;114;2;81.1
7072;2332;183;1;83.98
7073;2332;97;3;160.55
7074;2333;139;2;284.29
7075;2334;195;1;145.55
7076;2334;58;3;37.93
7077;2334;80;3;16.51
7078;2334;39;1;42.14
7079;2334;192;3;139.65
7080;2335;11;1;27.62
7081;2335;192;2;139.65
7082;2335;8;3;295.75
7083;2336;24;3;171.7
7084;2336;195;1;145.55
7085;2336;40;2;165.59
7086;2336;32;1;65.71
7087;2336;208;3;26.03
7088;2337;221;1;182.12
7089;2337;102;3;79.45
7090;2338;123;3;70.77
7091;2339;56;1;84.93
7092;2340;33;2;98.43
7093;2340;15;1;110.9
7094;2340;208;1;26.03
7095;2340;292;3;115.69
7096;2341;76;2;23.8
7097;2342;188;1;221.91
7098;2342;229;1;14.92
7099;2342;142;3;26.83
7100;2342;37;1;125.9
7101;2342;217;3;133.47
7102;2343;148;1;161.06
7103;2343;218;2;163.84
7104;2343;193;2;303.95
7105;2343;194;2;39.16
7106;2343;139;1;284.29
7107;2344;185;1;47.76
7108;2345;42;3;263.42
7109;2345;273;3;197.68
7110;2346;126;3;333.38
7111;2346;106;3;63.95
7112;2347;276;1;77.1
7113;2347;234;3;199.16
7114;2347;206;3;30.23
7115;2347;117;3;187.28
7116;2348;151;2;14.87
7117;2348;271;1;134.08
7118;2348;140;1;35.81
7119;2348;58;1;37.93
7120;2348;31;2;263.13
7121;2349;127;3;28.04
7122;2349;89;3;376.3
7123;2349;229;2;14.92
7124;2349;23;3;17.91
7125;2349;178;2;117.25
7126;2350;177;3;190.69
7127;2350;153;2;28.61
7128;2350;181;1;42.65
7129;2350;166;2;36.18
7130;2351;122;1;159.31
7131;2351;25;3;36.6
7132;2351;211;2;253.01
7133;2351;268;1;22.25
7134;2352;36;2;35.27
7135;2352;173;1;44.37
7136;2352;119;2;52.95
7137;2353;212;1;167.62
7138;2354;237;2;11.53
7139;2354;199;1;156.49
7140;2355;293;3;32.93
7141;2355;209;3;110.99
7142;2355;57;3;49.4
7143;2355;179;1;16.67
7144;2356;126;3;333.38
7145;2356;7;2;435.46
7146;2356;104;2;193.22
7147;2357;33;2;98.43
7148;2358;37;3;125.9
7149;2358;160;1;62.31
7150;2359;55;3;105.96
7151;2359;266;2;78.95
7152;2359;84;2;56.46
7153;2359;47;2;10.35
7154;2359;193;3;303.95
7155;2360;69;1;100.84
7156;2360;101;1;337.71
7157;2361;38;1;136.67
7158;2361;211;1;253.01
7159;2361;66;3;65.31
7160;2361;94;2;191.51
7161;2362;245;2;88.8
7162;2362;254;1;92.06
7163;2362;77;3;137.95
7164;2362;137;3;83.8
7165;2362;218;2;163.84
7166;2363;11;1;27.62
7167;2363;65;2;165.71
7168;2363;229;3;14.92
7169;2364;51;2;69.12
7170;2364;43;3;27.58
7171;2364;114;1;81.1
7172;2364;217;3;133.47
7173;2365;55;1;105.96
7174;2366;129;3;59.78
7175;2366;33;2;98.43
7176;2366;39;3;42.14
7177;2367;126;1;333.38
7178;2367;211;2;253.01
7179;2367;263;2;58.98
7180;2368;99;2;18.5
7181;2368;191;3;144.67
7182;2368;3;1;355.2
7183;2368;92;1;338.54
7184;2368;236;1;27.58
7185;2369;143;2;86.74
7186;2369;124;2;109.44
7187;2369;272;2;32.79
7188;2370;290;2;138.11
7189;2371;104;3;193.22
7190;2371;185;2;47.76
7191;2372;296;3;31.73
7192;2372;297;2;111.18
7193;2372;4;1;15.69
7194;2372;124;2;109.44
7195;2373;120;3;44.38
7196;2373;173;2;44.37
7197;2373;129;3;59.78
7198;2373;203;1;22.49
7199;2373;133;3;129.76
7200;2374;124;3;109.44
7201;2374;126;3;333.38
7202;2375;242;3;66.96
7203;2375;87;2;172.22
7204;2375;72;3;136.88
7205;2375;47;1;10.35
7206;2375;262;1;203.02
7207;2376;219;3;18.89
7208;2376;276;3;77.1
7209;2377;225;1;14.43
7210;2378;40;1;165.59
7211;2379;146;1;35.44
7212;2379;300;2;105.48
7213;2379;44;1;46.23
7214;2379;70;2;99.53
7215;2379;279;3;52.64
7216;2380;250;1;45.33
7217;2381;258;1;183.46
7218;2382;59;3;107.83
7219;2382;38;3;136.67
7220;2382;39;3;42.14
7221;2382;225;2;14.43
7222;2382;83;1;28.81
7223;2383;34;2;71.61
7224;2384;71;3;104.37
7225;2385;22;1;231.52
7226;2385;60;1;69.22
7227;2385;138;3;32.55
7228;2386;220;1;97.41
7229;2386;287;2;82.17
7230;2387;110;3;33.58
7231;2387;248;2;278.21
7232;2387;109;1;46.77
7233;2387;108;3;53.06
7234;2387;260;3;183.92
7235;2388;31;3;263.13
7236;2388;123;1;70.77
7237;2389;11;1;27.62
7238;2389;243;2;23.3
7239;2389;299;3;93.25
7240;2389;211;2;253.01
7241;2389;246;3;105.53
7242;2390;65;1;165.71
7243;2390;5;3;99.57
7244;2390;78;1;18.59
7245;2390;139;2;284.29
7246;2390;104;3;193.22
7247;2391;237;2;11.53
7248;2391;273;1;197.68
7249;2392;279;3;52.64
7250;2393;106;2;63.95
7251;2393;222;3;207.75
7252;2393;259;2;193.37
7253;2394;292;3;115.69
7254;2394;199;1;156.49
7255;2394;44;1;46.23
7256;2394;47;1;10.35
7257;2395;221;3;182.12
7258;2395;293;1;32.93
7259;2396;218;2;163.84
7260;2396;266;3;78.95
7261;2396;91;1;48.19
7262;2396;267;3;23.63
7263;2397;246;2;105.53
7264;2397;246;2;105.53
7265;2397;53;2;51.23
7266;2397;112;3;112.28
7267;2398;20;3;27.74
7268;2399;212;1;167.62
7269;2399;204;2;63.94
7270;2400;96;2;318.43
7271;2400;147;2;15.53
7272;2401;115;3;45.38
7273;2401;254;1;92.06
7274;2402;71;1;104.37
7275;2402;245;1;88.8
7276;2402;11;3;27.62
7277;2402;179;3;16.67
7278;2403;290;3;138.11
7279;2403;141;3;62.63
7280;2403;267;1;23.63
7281;2404;166;3;36.18
7282;2404;68;2;208.07
7283;2405;98;1;156.09
7284;2406;114;3;81.1
7285;2406;95;2;11.53
7286;2407;277;3;141.51
7287;2407;255;3;63.76
7288;2407;223;2;12.9
7289;2408;153;2;28.61
7290;2408;171;2;59.0
7291;2408;197;1;109.76
7292;2408;130;3;138.45
7293;2408;37;1;125.9
7294;2409;147;3;15.53
7295;2409;152;1;210.67
7296;2410;13;3;97.98
7297;2411;76;2;23.8
7298;2411;202;1;84.57
7299;2411;94;1;191.51
7300;2412;14;3;139.17
7301;2413;297;1;111.18
7302;2413;221;3;182.12
7303;2413;195;1;145.55
7304;2413;56;3;84.93
7305;2414;76;2;23.8
7306;2414;242;3;66.96
7307;2415;117;1;187.28
7308;2415;138;1;32.55
7309;2415;158;3;219.43
7310;2415;13;1;97.98
7311;2415;70;2;99.53
7312;2416;278;3;58.03
7313;2416;140;2;35.81
7314;2416;249;1;94.89
7315;2416;169;1;117.44
7316;2417;182;3;96.28
7317;2417;9;1;134.64
7318;2418;141;1;62.63
7319;2418;157;3;145.39
7320;2418;254;3;92.06
7321;2419;14;1;139.17
7322;2419;278;2;58.03
7323;2419;3;2;355.2
7324;2419;4;2;15.69
7325;2420;172;3;108.1
7326;2420;183;2;83.98
7327;2421;297;2;111.18
7328;2421;191;2;144.67
7329;2421;277;1;141.51
7330;2421;164;1;38.45
7331;2421;160;1;62.31
7332;2422;174;3;16.75
7333;2422;276;3;77.1
7334;2422;84;1;56.46
7335;2422;54;2;232.82
7336;2422;116;2;27.34
7337;2423;273;2;197.68
7338;2423;288;2;430.61
7339;2424;200;1;209.0
7340;2424;90;1;238.59
7341;2424;243;2;23.3
7342;2424;51;3;69.12
7343;2424;186;3;24.83
7344;2425;222;1;207.75
7345;2425;64;1;63.91
7346;2425;157;1;145.39
7347;2425;47;2;10.35
7348;2426;10;1;83.77
7349;2426;47;3;10.35
7350;2426;105;1;19.14
7351;2427;10;1;83.77
7352;2427;135;3;23.48
7353;2427;53;1;51.23
7354;2428;288;1;430.61
7355;2428;81;1;83.86
7356;2428;17;1;66.06
7357;2428;123;3;70.77
7358;2429;84;2;56.46
7359;2429;259;2;193.37
7360;2429;257;3;75.87
7361;2429;293;3;32.93
7362;2430;238;2;130.67
7363;2431;39;3;42.14
7364;2431;268;2;22.25
7365;2431;166;1;36.18
7366;2431;119;2;52.95
7367;2431;224;2;289.95
7368;2432;243;2;23.3
7369;2432;138;3;32.55
7370;2432;173;3;44.37
7371;2433;203;1;22.49
7372;2433;205;1;54.75
7373;2433;63;2;81.7
7374;2434;179;1;16.67
7375;2434;156;3;51.61
7376;2434;158;2;219.43
7377;2435;162;3;265.52
7378;2435;175;2;18.54
7379;2435;162;2;265.52
7380;2435;266;3;78.95
7381;2435;211;3;253.01
7382;2436;213;1;29.38
7383;2436;223;3;12.9
7384;2436;86;3;68.41
7385;2437;238;3;130.67
7386;2437;3;3;355.2
7387;2437;172;3;108.1
7388;2437;35;2;57.55
7389;2437;273;3;197.68
7390;2438;55;1;105.96
7391;2438;59;2;107.83
7392;2439;209;2;110.99
7393;2439;75;2;176.39
7394;2439;287;3;82.17
7395;2439;201;1;55.38
7396;2439;246;2;105.53
7397;2440;85;2;276.27
7398;2441;8;1;295.75
7399;2441;24;3;171.7
7400;2441;272;2;32.79
7401;2441;248;3;278.21
7402;2441;181;2;42.65
7403;2442;115;1;45.38
7404;2442;52;1;198.57
7405;2442;300;3;105.48
7406;2443;161;1;66.77
7407;2444;176;1;23.46
7408;2444;205;2;54.75
7409;2444;292;3;115.69
7410;2444;45;1;206.86
7411;2445;52;3;198.57
7412;2445;267;2;23.63
7413;2446;89;1;376.3
7414;2446;163;1;127.95
7415;2447;211;2;253.01
7416;2447;15;3;110.9
7417;2447;78;2;18.59
7418;2447;182;1;96.28
7419;2447;37;1;125.9
7420;2448;186;3;24.83
7421;2449;249;2;94.89
7422;2449;19;3;25.52
7423;2449;209;3;110.99
7424;2449;32;3;65.71
7425;2449;62;2;77.66
7426;2450;56;3;84.93
7427;2450;95;2;11.53
7428;2450;28;2;98.17
7429;2451;238;2;130.67
7430;2452;239;1;89.88
7431;2452;196;2;15.62
7432;2452;141;2;62.63
7433;2452;244;1;291.31
7434;2453;7;1;435.46
7435;2453;7;2;435.46
7436;2454;210;3;230.86
7437;2455;280;2;194.11
7438;2456;268;1;22.25
7439;2456;176;3;23.46
7440;2456;287;2;82.17
7441;2456;183;1;83.98
7442;2457;39;1;42.14
7443;2457;64;3;63.91
7444;2457;6;1;124.34
7445;2458;161;1;66.77
7446;2458;259;2;193.37
7447;2458;220;3;97.41
7448;2458;17;3;66.06
7449;2459;192;3;139.65
7450;2459;125;2;136.07
7451;2459;1;2;85.25
7452;2459;229;1;14.92
7453;2460;3;2;355.2
7454;2460;268;1;22.25
7455;2460;165;3;30.46
7456;2460;6;3;124.34
7457;2460;60;1;69.22
7458;2461;82;1;115.88
7459;2461;45;3;206.86
7460;2462;43;2;27.58
7461;2462;10;3;83.77
7462;2463;71;2;104.37
7463;2463;288;1;430.61
7464;2463;271;1;134.08
7465;2464;47;3;10.35
7466;2464;265;2;194.8
7467;2464;263;1;58.98
7468;2465;277;3;141.51
7469;2465;242;1;66.96
7470;2466;201;1;55.38
7471;2467;73;1;47.55
7472;2467;264;2;22.18
7473;2467;251;2;594.78
7474;2468;174;3;16.75
7475;2469;249;2;94.89
7476;2469;272;2;32.79
7477;2469;284;3;66.65
7478;2470;152;1;210.67
7479;2471;290;2;138.11
7480;2471;43;1;27.58
7481;2471;202;1;84.57
7482;2472;3;3;355.2
7483;2472;101;1;337.71
7484;2472;217;1;133.47
7485;2472;52;3;198.57
7486;2473;271;3;134.08
7487;2473;165;3;30.46
7488;2473;288;3;430.61
7489;2473;26;1;73.19
7490;2474;36;2;35.27
7491;2474;280;3;194.11
7492;2475;134;1;60.38
7493;2475;255;2;63.76
7494;2475;129;2;59.78
7495;2475;267;2;23.63
7496;2476;132;3;76.68
7497;2476;99;2;18.5
7498;2476;298;2;95.71
7499;2477;299;3;93.25
7500;2477;298;3;95.71
7501;2477;34;2;71.61
7502;2477;285;1;108.9
7503;2478;172;3;108.1
7504;2478;9;3;134.64
7505;2478;260;3;183.92
7506;2479;45;2;206.86
7507;2480;44;2;46.23
7508;2480;184;3;75.61
7509;2480;258;1;183.46
7510;2481;262;3;203.02
7511;2481;90;3;238.59
7512;2481;200;1;209.0
7513;2482;233;1;153.83
7514;2482;147;2;15.53
7515;2482;188;1;221.91
7516;2482;247;3;280.92
7517;2482;86;2;68.41
7518;2483;275;1;167.5
7519;2484;182;2;96.28
7520;2484;73;2;47.55
7521;2484;249;2;94.89
7522;2484;4;2;15.69
7523;2485;104;3;193.22
7524;2486;187;3;145.63
7525;2486;40;2;165.59
7526;2486;41;1;202.78
7527;2486;134;3;60.38
7528;2487;41;3;202.78
7529;2487;138;2;32.55
7530;2487;167;3;40.59
7531;2488;191;1;144.67
7532;2489;297;3;111.18
7533;2489;109;3;46.77
7534;2489;287;3;82.17
7535;2490;118;2;365.76
7536;2490;264;3;22.18
7537;2491;209;1;110.99
7538;2491;83;3;28.81
7539;2491;283;3;114.46
7540;2492;202;1;84.57
7541;2492;256;2;229.2
7542;2493;14;2;139.17
7543;2494;78;1;18.59
7544;2495;299;3;93.25
7545;2495;109;1;46.77
7546;2495;223;3;12.9
7547;2495;60;3;69.22
7548;2495;33;3;98.43
7549;2496;207;1;234.88
7550;2496;210;2;230.86
7551;2496;88;2;271.98
7552;2497;8;1;295.75
7553;2497;260;3;183.92
7554;2497;153;2;28.61
7555;2497;22;2;231.52
7556;2497;258;1;183.46
7557;2498;104;2;193.22
7558;2499;111;1;28.98
7559;2499;129;3;59.78
7560;2499;23;3;17.91
7561;2500;177;3;190.69
7562;2500;63;1;81.7
7563;2501;54;2;232.82
7564;2501;69;3;100.84
7565;2501;244;3;291.31
7566;2501;183;1;83.98
7567;2502;154;2;276.99
7568;2502;137;3;83.8
7569;2502;71;3;104.37
7570;2502;37;3;125.9
7571;2503;95;1;11.53
7572;2503;147;1;15.53
7573;2503;240;1;115.21
7574;2503;34;3;71.61
7575;2503;65;3;165.71
7576;2504;111;3;28.98
7577;2504;229;2;14.92
7578;2504;166;3;36.18
7579;2504;90;1;238.59
7580;2504;142;3;26.83
7581;2505;106;3;63.95
7582;2505;140;2;35.81
7583;2505;281;2;13.59
7584;2505;124;2;109.44
7585;2506;168;1;36.16
7586;2506;245;2;88.8
7587;2506;288;1;430.61
7588;2507;134;3;60.38
7589;2507;186;2;24.83
7590;2507;33;1;98.43
7591;2507;50;3;63.53
7592;2507;112;2;112.28
7593;2508;235;1;98.52
7594;2509;119;1;52.95
7595;2509;122;1;159.31
7596;2510;213;1;29.38
7597;2510;173;3;44.37
7598;2510;162;2;265.52
7599;2510;115;1;45.38
7600;2510;52;2;198.57
7601;2511;94;1;191.51
7602;2511;271;2;134.08
7603;2511;169;2;117.44
7604;2511;51;1;69.12
7605;2511;218;1;163.84
7606;2512;1;3;85.25
7607;2512;128;1;604.55
7608;2512;217;1;133.47
7609;2513;198;1;53.21
7610;2513;62;2;77.66
7611;2514;56;1;84.93
7612;2515;133;2;129.76
7613;2515;116;1;27.34
7614;2515;185;1;47.76
7615;2516;168;1;36.16
7616;2516;21;1;27.77
7617;2516;40;1;165.59
7618;2516;129;1;59.78
7619;2516;172;1;108.1
7620;2517;247;3;280.92
7621;2517;14;3;139.17
7622;2517;271;1;134.08
7623;2518;131;2;94.96
7624;2519;274;3;43.03
7625;2520;22;3;231.52
7626;2520;61;2;251.37
7627;2520;162;1;265.52
7628;2520;117;3;187.28
7629;2521;133;2;129.76
7630;2521;127;2;28.04
7631;2521;11;2;27.62
7632;2521;228;3;21.36
7633;2522;227;2;128.22
7634;2522;72;3;136.88
7635;2522;79;3;57.05
7636;2522;298;2;95.71
7637;2523;100;1;36.47
7638;2523;11;3;27.62
7639;2523;222;3;207.75
7640;2523;260;2;183.92
7641;2523;62;3;77.66
7642;2524;184;2;75.61
7643;2524;84;2;56.46
7644;2524;12;3;58.48
7645;2524;177;2;190.69
7646;2525;58;1;37.93
7647;2525;97;3;160.55
7648;2525;220;2;97.41
7649;2525;137;1;83.8
7650;2526;173;1;44.37
7651;2526;133;2;129.76
7652;2527;72;3;136.88
7653;2527;68;2;208.07
7654;2527;270;1;149.02
7655;2528;127;2;28.04
7656;2529;25;3;36.6
7657;2529;296;2;31.73
7658;2529;54;3;232.82
7659;2529;230;2;163.67
7660;2529;191;1;144.67
7661;2530;295;2;401.67
7662;2530;80;1;16.51
7663;2530;274;2;43.03
7664;2531;284;3;66.65
7665;2531;189;2;298.51
7666;2532;203;1;22.49
7667;2532;278;1;58.03
7668;2532;19;2;25.52
7669;2532;289;1;36.82
7670;2533;87;2;172.22
7671;2533;213;1;29.38
7672;2533;255;3;63.76
7673;2534;82;2;115.88
7674;2534;129;2;59.78
7675;2534;65;2;165.71
7676;2535;167;3;40.59
7677;2536;239;2;89.88
7678;2536;147;2;15.53
7679;2537;277;3;141.51
7680;2538;113;3;261.82
7681;2539;57;1;49.4
7682;2540;44;2;46.23
7683;2541;99;2;18.5
7684;2542;231;3;58.56
7685;2542;143;1;86.74
7686;2542;61;3;251.37
7687;2543;37;2;125.9
7688;2543;9;1;134.64
7689;2543;176;3;23.46
7690;2543;98;3;156.09
7691;2544;60;3;69.22
7692;2545;288;1;430.61
7693;2546;226;1;105.33
7694;2546;254;1;92.06
7695;2546;261;1;138.08
7696;2547;90;3;238.59
7697;2548;126;1;333.38
7698;2548;10;1;83.77
7699;2549;279;1;52.64
7700;2550;85;1;276.27
7701;2550;265;2;194.8
7702;2550;38;3;136.67
7703;2550;88;3;271.98
7704;2550;132;2;76.68
7705;2551;51;3;69.12
7706;2551;101;3;337.71
7707;2551;270;2;149.02
7708;2551;148;3;161.06
7709;2552;226;2;105.33
7710;2552;251;2;594.78
7711;2552;52;2;198.57
7712;2553;63;3;81.7
7713;2553;300;1;105.48
7714;2553;131;2;94.96
7715;2554;212;3;167.62
7716;2555;22;3;231.52
7717;2555;191;2;144.67
7718;2555;204;2;63.94
7719;2556;42;2;263.42
7720;2556;169;3;117.44
7721;2557;21;2;27.77
7722;2557;300;2;105.48
7723;2558;157;2;145.39
7724;2558;278;1;58.03
7725;2559;128;3;604.55
7726;2560;130;3;138.45
7727;2560;212;1;167.62
7728;2561;243;1;23.3
7729;2562;88;3;271.98
7730;2563;243;2;23.3
7731;2563;50;3;63.53
7732;2563;293;1;32.93
7733;2563;79;3;57.05
7734;2563;41;3;202.78
7735;2564;132;1;76.68
7736;2564;220;1;97.41
7737;2564;209;2;110.99
7738;2565;201;3;55.38
7739;2566;184;3;75.61
7740;2566;88;3;271.98
7741;2566;2;1;169.54
7742;2567;20;2;27.74
7743;2567;189;1;298.51
7744;2567;177;3;190.69
7745;2568;64;3;63.91
7746;2568;48;3;214.66
7747;2569;254;3;92.06
7748;2569;213;3;29.38
7749;2569;97;2;160.55
7750;2570;142;1;26.83
7751;2570;19;3;25.52
7752;2570;228;1;21.36
7753;2570;108;2;53.06
7754;2570;151;2;14.87
7755;2571;218;1;163.84
7756;2572;126;3;333.38
7757;2572;15;1;110.9
7758;2573;86;3;68.41
7759;2574;289;2;36.82
7760;2574;208;1;26.03
7761;2575;282;1;377.84
7762;2575;188;1;221.91
7763;2576;289;2;36.82
7764;2576;168;3;36.16
7765;2576;43;1;27.58
7766;2576;234;2;199.16
7767;2576;77;3;137.95
7768;2577;72;1;136.88
7769;2577;75;2;176.39
7770;2577;23;3;17.91
7771;2578;117;2;187.28
7772;2578;72;3;136.88
7773;2578;85;2;276.27
7774;2579;103;1;60.73
7775;2579;133;3;129.76
7776;2579;151;2;14.87
7777;2579;298;1;95.71
7778;2579;189;1;298.51
7779;2580;173;2;44.37
7780;2581;235;3;98.52
7781;2581;186;2;24.83
7782;2581;106;1;63.95
7783;2581;297;2;111.18
7784;2582;181;3;42.65
7785;2582;182;3;96.28
7786;2582;73;1;47.55
7787;2582;217;3;133.47
7788;2583;43;3;27.58
7789;2584;203;3;22.49
7790;2584;171;1;59.0
7791;2585;4;2;15.69
7792;2586;136;1;77.12
7793;2587;30;1;43.42
7794;2588;154;2;276.99
7795;2588;3;3;355.2
7796;2588;123;2;70.77
7797;2588;260;2;183.92
7798;2588;297;1;111.18
7799;2589;151;2;14.87
7800;2590;237;3;11.53
7801;2590;195;2;145.55
7802;2591;78;3;18.59
7803;2591;132;3;76.68
7804;2591;64;3;63.91
7805;2592;13;3;97.98
7806;2593;270;2;149.02
7807;2593;166;2;36.18
7808;2593;24;1;171.7
7809;2594;3;3;355.2
7810;2595;118;1;365.76
7811;2595;264;3;22.18
7812;2595;143;2;86.74
7813;2595;298;3;95.71
7814;2596;60;3;69.22
7815;2596;253;3;62.5
7816;2596;44;1;46.23
7817;2596;177;2;190.69
7818;2597;75;2;176.39
7819;2597;194;3;39.16
7820;2598;42;1;263.42
7821;2598;46;2;32.13
7822;2598;213;3;29.38
7823;2598;142;3;26.83
7824;2598;233;3;153.83
7825;2599;31;1;263.13
7826;2599;14;1;139.17
7827;2599;189;3;298.51
7828;2600;235;1;98.52
7829;2600;251;3;594.78
7830;2600;196;3;15.62
7831;2600;122;3;159.31
7832;2600;219;2;18.89
7833;2601;99;1;18.5
7834;2601;189;1;298.51
7835;2601;135;2;23.48
7836;2602;196;1;15.62
7837;2602;116;2;27.34
7838;2602;280;1;194.11
7839;2603;47;1;10.35
7840;2604;80;1;16.51
7841;2605;249;2;94.89
7842;2605;266;1;78.95
7843;2606;295;3;401.67
7844;2607;143;2;86.74
7845;2607;45;3;206.86
7846;2607;83;1;28.81
7847;2607;71;3;104.37
7848;2608;44;1;46.23
7849;2608;293;3;32.93
7850;2608;61;2;251.37
7851;2608;258;2;183.46
7852;2609;78;3;18.59
7853;2609;210;1;230.86
7854;2609;72;1;136.88
7855;2609;188;1;221.91
7856;2610;150;3;51.66
7857;2610;66;1;65.31
7858;2610;181;1;42.65
7859;2610;143;3;86.74
7860;2610;179;1;16.67
7861;2611;95;3;11.53
7862;2611;82;2;115.88
7863;2611;78;3;18.59
7864;2612;241;2;177.76
7865;2612;218;2;163.84
7866;2613;47;2;10.35
7867;2613;194;1;39.16
7868;2613;192;2;139.65
7869;2613;298;1;95.71
7870;2614;4;1;15.69
7871;2614;136;1;77.12
7872;2614;239;1;89.88
7873;2615;22;1;231.52
7874;2615;209;3;110.99
7875;2615;53;3;51.23
7876;2615;74;3;13.44
7877;2615;129;1;59.78
7878;2616;257;3;75.87
7879;2616;50;1;63.53
7880;2616;39;2;42.14
7881;2616;93;2;177.34
7882;2616;169;1;117.44
7883;2617;40;1;165.59
7884;2617;137;3;83.8
7885;2617;157;1;145.39
7886;2618;192;2;139.65
7887;2618;156;3;51.61
7888;2619;91;3;48.19
7889;2620;184;2;75.61
7890;2621;31;3;263.13
7891;2621;54;2;232.82
7892;2622;297;1;111.18
7893;2622;87;2;172.22
7894;2622;245;1;88.8
7895;2622;38;2;136.67
7896;2623;160;1;62.31
7897;2623;208;1;26.03
7898;2623;212;3;167.62
7899;2624;68;1;208.07
7900;2624;50;3;63.53
7901;2624;271;1;134.08
7902;2624;254;3;92.06
7903;2625;99;1;18.5
7904;2625;165;3;30.46
7905;2626;10;1;83.77
7906;2626;166;3;36.18
7907;2626;43;1;27.58
7908;2626;120;2;44.38
7909;2627;34;3;71.61
7910;2628;67;1;41.38
7911;2629;276;2;77.1
7912;2629;95;3;11.53
7913;2629;234;2;199.16
7914;2629;129;3;59.78
7915;2630;124;2;109.44
7916;2630;269;1;27.35
7917;2630;182;1;96.28
7918;2631;102;2;79.45
7919;2631;180;1;59.61
7920;2631;177;2;190.69
7921;2631;252;3;124.2
7922;2632;140;2;35.81
7923;2632;163;3;127.95
7924;2632;186;1;24.83
7925;2633;199;2;156.49
7926;2634;92;1;338.54
7927;2634;258;1;183.46
7928;2635;274;1;43.03
7929;2635;278;3;58.03
7930;2635;269;1;27.35
7931;2636;185;1;47.76
7932;2636;20;2;27.74
7933;2636;138;2;32.55
7934;2636;268;1;22.25
7935;2636;138;1;32.55
7936;2637;59;3;107.83
7937;2637;254;2;92.06
7938;2637;146;1;35.44
7939;2637;161;3;66.77
7940;2637;175;2;18.54
7941;2638;272;2;32.79
7942;2638;108;1;53.06
7943;2638;10;1;83.77
7944;2639;135;1;23.48
7945;2639;243;2;23.3
7946;2639;256;1;229.2
7947;2639;87;3;172.22
7948;2640;152;3;210.67
7949;2640;79;1;57.05
7950;2641;59;1;107.83
7951;2641;119;3;52.95
7952;2641;36;1;35.27
7953;2641;95;2;11.53
7954;2642;5;1;99.57
7955;2642;53;3;51.23
7956;2642;247;1;280.92
7957;2642;267;2;23.63
7958;2643;177;2;190.69
7959;2643;37;3;125.9
7960;2643;144;1;46.76
7961;2644;157;2;145.39
7962;2645;130;2;138.45
7963;2645;187;3;145.63
7964;2646;212;3;167.62
7965;2647;142;1;26.83
7966;2647;263;1;58.98
7967;2647;123;3;70.77
7968;2648;141;2;62.63
7969;2648;185;1;47.76
7970;2649;39;3;42.14
7971;2649;263;2;58.98
7972;2649;129;1;59.78
7973;2650;53;3;51.23
7974;2650;152;3;210.67
7975;2650;201;1;55.38
7976;2650;119;1;52.95
7977;2650;140;3;35.81
7978;2651;138;1;32.55
7979;2651;96;2;318.43
7980;2652;146;2;35.44
7981;2652;39;2;42.14
7982;2652;180;1;59.61
7983;2652;263;2;58.98
7984;2653;13;2;97.98
7985;2653;128;3;604.55
7986;2653;128;1;604.55
7987;2653;76;3;23.8
7988;2653;286;2;23.1
7989;2654;126;2;333.38
7990;2655;234;3;199.16
7991;2655;146;1;35.44
7992;2655;279;3;52.64
7993;2655;262;3;203.02
7994;2655;173;3;44.37
7995;2656;227;2;128.22
7996;2656;184;2;75.61
7997;2656;216;3;265.62
7998;2657;94;3;191.51
7999;2658;35;2;57.55
8000;2658;263;3;58.98
8001;2658;17;3;66.06
8002;2659;80;3;16.51
8003;2660;73;3;47.55
8004;2661;193;1;303.95
8005;2661;112;3;112.28
8006;2661;245;1;88.8
8007;2662;235;2;98.52
8008;2663;11;2;27.62
8009;2663;171;1;59.0
8010;2664;7;1;435.46
8011;2664;274;1;43.03
8012;2665;198;3;53.21
8013;2665;177;3;190.69
8014;2665;147;3;15.53
8015;2666;246;2;105.53
8016;2666;67;2;41.38
8017;2667;180;3;59.61
8018;2667;127;2;28.04
8019;2667;233;2;153.83
8020;2667;267;1;23.63
8021;2668;112;3;112.28
8022;2668;273;1;197.68
8023;2668;127;3;28.04
8024;2668;127;3;28.04
8025;2668;237;3;11.53
8026;2669;257;2;75.87
8027;2669;229;1;14.92
8028;2670;87;2;172.22
8029;2670;19;3;25.52
8030;2670;142;3;26.83
8031;2670;174;2;16.75
8032;2671;217;1;133.47
8033;2671;212;2;167.62
8034;2671;222;3;207.75
8035;2671;245;3;88.8
8036;2672;216;1;265.62
8037;2672;297;3;111.18
8038;2673;226;2;105.33
8039;2673;39;3;42.14
8040;2673;35;1;57.55
8041;2674;215;3;42.37
8042;2674;148;2;161.06
8043;2674;277;2;141.51
8044;2674;275;2;167.5
8045;2675;211;2;253.01
8046;2675;197;2;109.76
8047;2675;45;2;206.86
8048;2675;136;1;77.12
8049;2675;104;3;193.22
8050;2676;36;2;35.27
8051;2676;102;3;79.45
8052;2676;257;3;75.87
8053;2676;84;3;56.46
8054;2677;284;3;66.65
8055;2677;271;1;134.08
8056;2677;167;2;40.59
8057;2677;8;1;295.75
8058;2677;284;1;66.65
8059;2678;134;1;60.38
8060;2678;111;3;28.98
8061;2679;109;2;46.77
8062;2679;79;1;57.05
8063;2679;161;3;66.77
8064;2680;108;3;53.06
8065;2680;30;3;43.42
8066;2680;258;3;183.46
8067;2680;251;2;594.78
8068;2681;97;1;160.55
8069;2681;174;2;16.75
8070;2682;282;1;377.84
8071;2682;52;2;198.57
8072;2682;245;3;88.8
8073;2682;129;2;59.78
8074;2682;249;3;94.89
8075;2683;107;2;57.11
8076;2683;10;1;83.77
8077;2683;48;3;214.66
8078;2684;54;2;232.82
8079;2684;296;3;31.73
8080;2684;225;1;14.43
8081;2684;196;2;15.62
8082;2684;210;3;230.86
8083;2685;32;3;65.71
8084;2685;77;3;137.95
8085;2685;139;1;284.29
8086;2685;192;2;139.65
8087;2685;122;3;159.31
8088;2686;293;1;32.93
8089;2686;126;1;333.38
8090;2686;111;2;28.98
8091;2686;233;2;153.83
8092;2686;294;3;73.58
8093;2687;190;2;16.04
8094;2687;220;2;97.41
8095;2687;127;3;28.04
8096;2687;62;3;77.66
8097;2688;144;2;46.76
8098;2688;19;2;25.52
8099;2688;146;2;35.44
8100;2688;298;2;95.71
8101;2689;117;2;187.28
8102;2689;201;3;55.38
8103;2689;180;1;59.61
8104;2689;185;2;47.76
8105;2690;97;3;160.55
8106;2690;17;1;66.06
8107;2691;89;1;376.3
8108;2691;101;2;337.71
8109;2691;159;3;56.32
8110;2691;252;1;124.2
8111;2692;155;3;75.12
8112;2692;39;2;42.14
8113;2693;233;2;153.83
8114;2693;52;2;198.57
8115;2693;79;3;57.05
8116;2693;294;2;73.58
8117;2694;298;3;95.71
8118;2694;74;1;13.44
8119;2694;161;2;66.77
8120;2695;239;3;89.88
8121;2695;31;3;263.13
8122;2696;158;1;219.43
8123;2697;273;2;197.68
8124;2698;58;1;37.93
8125;2698;249;3;94.89
8126;2698;17;2;66.06
8127;2698;77;1;137.95
8128;2698;36;2;35.27
8129;2699;182;1;96.28
8130;2699;151;3;14.87
8131;2699;190;1;16.04
8132;2700;274;2;43.03
8133;2700;197;1;109.76
8134;2701;157;1;145.39
8135;2701;118;1;365.76
8136;2701;6;3;124.34
8137;2701;145;1;77.19
8138;2702;17;3;66.06
8139;2702;118;2;365.76
8140;2702;198;2;53.21
8141;2702;151;3;14.87
8142;2702;237;2;11.53
8143;2703;287;2;82.17
8144;2703;274;1;43.03
8145;2703;92;3;338.54
8146;2703;178;3;117.25
8147;2704;15;3;110.9
8148;2704;15;3;110.9
8149;2704;274;2;43.03
8150;2705;145;2;77.19
8151;2705;136;3;77.12
8152;2706;208;3;26.03
8153;2707;47;3;10.35
8154;2708;196;2;15.62
8155;2708;223;1;12.9
8156;2709;68;2;208.07
8157;2709;174;3;16.75
8158;2709;256;2;229.2
8159;2710;204;1;63.94
8160;2711;174;2;16.75
8161;2711;295;1;401.67
8162;2711;104;1;193.22
8163;2711;32;2;65.71
8164;2711;49;2;49.52
8165;2712;286;3;23.1
8166;2712;27;3;257.64
8167;2712;45;1;206.86
8168;2713;231;2;58.56
8169;2713;201;2;55.38
8170;2713;230;3;163.67
8171;2714;167;3;40.59
8172;2714;5;1;99.57
8173;2714;216;3;265.62
8174;2715;21;2;27.77
8175;2715;256;2;229.2
8176;2715;30;3;43.42
8177;2716;150;2;51.66
8178;2716;60;3;69.22
8179;2716;219;1;18.89
8180;2716;16;3;135.22
8181;2716;187;2;145.63
8182;2717;44;2;46.23
8183;2717;20;1;27.74
8184;2717;212;1;167.62
8185;2718;76;1;23.8
8186;2718;296;3;31.73
8187;2718;165;2;30.46
8188;2718;168;1;36.16
8189;2719;97;1;160.55
8190;2719;157;2;145.39
8191;2720;267;1;23.63
8192;2720;62;3;77.66
8193;2721;125;1;136.07
8194;2721;263;2;58.98
8195;2722;257;1;75.87
8196;2722;77;3;137.95
8197;2722;177;3;190.69
8198;2723;82;2;115.88
8199;2723;271;3;134.08
8200;2723;16;1;135.22
8201;2723;1;2;85.25
8202;2724;273;2;197.68
8203;2724;91;3;48.19
8204;2724;142;3;26.83
8205;2724;57;2;49.4
8206;2725;19;2;25.52
8207;2725;163;2;127.95
8208;2725;143;3;86.74
8209;2725;257;1;75.87
8210;2725;4;1;15.69
8211;2726;13;1;97.98
8212;2726;231;3;58.56
8213;2726;14;2;139.17
8214;2726;89;3;376.3
8215;2727;13;3;97.98
8216;2728;224;1;289.95
8217;2729;197;3;109.76
8218;2730;197;2;109.76
8219;2731;299;1;93.25
8220;2731;256;1;229.2
8221;2731;126;3;333.38
8222;2732;87;3;172.22
8223;2732;123;3;70.77
8224;2732;256;1;229.2
8225;2733;177;2;190.69
8226;2733;280;1;194.11
8227;2734;222;1;207.75
8228;2734;250;3;45.33
8229;2734;174;2;16.75
8230;2735;181;1;42.65
8231;2736;227;3;128.22
8232;2736;161;3;66.77
8233;2736;161;3;66.77
8234;2737;299;3;93.25
8235;2738;264;2;22.18
8236;2738;130;1;138.45
8237;2739;263;3;58.98
8238;2739;171;1;59.0
8239;2740;169;1;117.44
8240;2741;11;2;27.62
8241;2741;257;1;75.87
8242;2741;91;1;48.19
8243;2741;226;3;105.33
8244;2742;125;2;136.07
8245;2742;296;1;31.73
8246;2742;120;1;44.38
8247;2743;137;1;83.8
8248;2743;133;2;129.76
8249;2743;52;2;198.57
8250;2743;175;3;18.54
8251;2744;107;1;57.11
8252;2744;105;3;19.14
8253;2744;107;3;57.11
8254;2744;270;1;149.02
8255;2745;183;1;83.98
8256;2745;94;1;191.51
8257;2745;94;1;191.51
8258;2746;76;2;23.8
8259;2746;142;3;26.83
8260;2747;19;2;25.52
8261;2747;188;1;221.91
8262;2747;118;3;365.76
8263;2747;81;2;83.86
8264;2748;217;1;133.47
8265;2748;173;3;44.37
8266;2748;184;3;75.61
8267;2748;185;2;47.76
8268;2748;1;3;85.25
8269;2749;255;1;63.76
8270;2749;93;1;177.34
8271;2749;163;2;127.95
8272;2749;206;1;30.23
8273;2750;290;1;138.11
8274;2750;2;3;169.54
8275;2750;210;1;230.86
8276;2750;285;2;108.9
8277;2750;132;1;76.68
8278;2751;73;3;47.55
8279;2751;259;3;193.37
8280;2751;300;3;105.48
8281;2751;273;2;197.68
8282;2752;271;2;134.08
8283;2752;61;3;251.37
8284;2752;148;2;161.06
8285;2752;282;1;377.84
8286;2752;178;3;117.25
8287;2753;252;3;124.2
8288;2753;20;1;27.74
8289;2754;233;1;153.83
8290;2754;250;3;45.33
8291;2754;127;3;28.04
8292;2755;11;1;27.62
8293;2755;48;2;214.66
8294;2755;41;1;202.78
8295;2755;272;2;32.79
8296;2755;29;1;33.59
8297;2756;30;1;43.42
8298;2756;37;1;125.9
8299;2757;121;1;102.0
8300;2757;190;1;16.04
8301;2757;273;1;197.68
8302;2757;1;3;85.25
8303;2757;217;3;133.47
8304;2758;207;1;234.88
8305;2759;130;1;138.45
8306;2759;128;2;604.55
8307;2760;13;1;97.98
8308;2760;241;3;177.76
8309;2761;187;2;145.63
8310;2761;99;1;18.5
8311;2761;172;2;108.1
8312;2762;117;2;187.28
8313;2763;29;3;33.59
8314;2763;123;1;70.77
8315;2763;216;2;265.62
8316;2763;239;2;89.88
8317;2763;94;3;191.51
8318;2764;59;1;107.83
8319;2764;247;3;280.92
8320;2764;218;2;163.84
8321;2765;7;2;435.46
8322;2765;211;3;253.01
8323;2765;196;2;15.62
8324;2765;271;2;134.08
8325;2765;262;1;203.02
8326;2766;299;1;93.25
8327;2766;5;2;99.57
8328;2766;296;2;31.73
8329;2766;90;3;238.59
8330;2766;238;1;130.67
8331;2767;261;3;138.08
8332;2767;75;3;176.39
8333;2767;265;1;194.8
8334;2768;81;3;83.86
8335;2768;38;1;136.67
8336;2768;209;2;110.99
8337;2769;280;2;194.11
8338;2770;170;1;22.32
8339;2770;41;2;202.78
8340;2771;200;1;209.0
8341;2772;97;1;160.55
8342;2772;196;1;15.62
8343;2773;22;1;231.52
8344;2773;243;1;23.3
8345;2773;245;1;88.8
8346;2773;183;1;83.98
8347;2774;181;1;42.65
8348;2774;42;3;263.42
8349;2774;240;3;115.21
8350;2775;138;3;32.55
8351;2775;288;3;430.61
8352;2775;215;3;42.37
8353;2775;120;1;44.38
8354;2775;19;1;25.52
8355;2776;56;2;84.93
8356;2776;6;2;124.34
8357;2776;249;3;94.89
8358;2777;129;3;59.78
8359;2778;142;2;26.83
8360;2778;14;1;139.17
8361;2778;93;2;177.34
8362;2778;10;2;83.77
8363;2778;145;1;77.19
8364;2779;240;3;115.21
8365;2780;154;1;276.99
8366;2780;214;2;180.06
8367;2780;236;1;27.58
8368;2780;2;1;169.54
8369;2781;223;2;12.9
8370;2781;271;2;134.08
8371;2781;126;2;333.38
8372;2781;7;1;435.46
8373;2782;283;1;114.46
8374;2782;137;2;83.8
8375;2783;42;3;263.42
8376;2784;34;3;71.61
8377;2785;70;1;99.53
8378;2785;63;1;81.7
8379;2785;185;3;47.76
8380;2785;29;3;33.59
8381;2785;11;1;27.62
8382;2786;40;3;165.59
8383;2786;252;3;124.2
8384;2787;4;2;15.69
8385;2787;11;3;27.62
8386;2787;93;3;177.34
8387;2787;107;3;57.11
8388;2788;243;2;23.3
8389;2788;42;1;263.42
8390;2789;191;1;144.67
8391;2789;221;2;182.12
8392;2789;178;2;117.25
8393;2789;108;2;53.06
8394;2790;167;3;40.59
8395;2790;104;3;193.22
8396;2790;9;3;134.64
8397;2790;198;3;53.21
8398;2791;161;2;66.77
8399;2791;9;2;134.64
8400;2791;218;3;163.84
8401;2792;253;2;62.5
8402;2792;227;3;128.22
8403;2792;255;2;63.76
8404;2792;288;3;430.61
8405;2792;82;1;115.88
8406;2793;253;1;62.5
8407;2793;290;3;138.11
8408;2794;265;1;194.8
8409;2794;256;1;229.2
8410;2794;81;2;83.86
8411;2794;273;1;197.68
8412;2795;209;2;110.99
8413;2795;204;1;63.94
8414;2795;18;2;140.06
8415;2795;19;3;25.52
8416;2796;73;1;47.55
8417;2796;105;2;19.14
8418;2796;270;2;149.02
8419;2796;157;3;145.39
8420;2796;265;2;194.8
8421;2797;246;2;105.53
8422;2797;105;3;19.14
8423;2798;23;1;17.91
8424;2798;126;3;333.38
8425;2798;140;1;35.81
8426;2799;54;2;232.82
8427;2799;223;3;12.9
8428;2799;201;2;55.38
8429;2799;48;2;214.66
8430;2800;148;2;161.06
8431;2800;49;3;49.52
8432;2800;38;1;136.67
8433;2800;157;1;145.39
8434;2800;143;2;86.74
8435;2801;132;2;76.68
8436;2801;98;1;156.09
8437;2801;225;1;14.43
8438;2802;273;2;197.68
8439;2803;216;2;265.62
8440;2803;164;1;38.45
8441;2804;149;1;112.47
8442;2804;259;3;193.37
8443;2805;2;3;169.54
8444;2805;276;1;77.1
8445;2805;47;2;10.35
8446;2806;132;2;76.68
8447;2807;240;1;115.21
8448;2807;298;1;95.71
8449;2808;279;2;52.64
8450;2808;263;3;58.98
8451;2808;251;3;594.78
8452;2809;195;1;145.55
8453;2809;34;1;71.61
8454;2809;231;2;58.56
8455;2810;80;2;16.51
8456;2811;241;2;177.76
8457;2811;162;2;265.52
8458;2812;25;3;36.6
8459;2813;53;1;51.23
8460;2813;19;1;25.52
8461;2813;122;3;159.31
8462;2813;185;3;47.76
8463;2813;62;3;77.66
8464;2814;197;1;109.76
8465;2814;112;1;112.28
8466;2814;143;3;86.74
8467;2815;231;1;58.56
8468;2815;14;1;139.17
8469;2816;74;1;13.44
8470;2816;13;2;97.98
8471;2817;57;1;49.4
8472;2817;177;1;190.69
8473;2817;85;2;276.27
8474;2818;74;1;13.44
8475;2818;76;1;23.8
8476;2818;202;1;84.57
8477;2819;239;3;89.88
8478;2819;115;1;45.38
8479;2820;193;1;303.95
8480;2821;138;3;32.55
8481;2821;242;2;66.96
8482;2821;68;3;208.07
8483;2821;54;3;232.82
8484;2821;272;1;32.79
8485;2822;139;1;284.29
8486;2822;30;2;43.42
8487;2822;164;2;38.45
8488;2822;243;1;23.3
8489;2822;289;1;36.82
8490;2823;97;3;160.55
8491;2823;184;3;75.61
8492;2824;250;1;45.33
8493;2824;112;3;112.28
8494;2824;263;2;58.98
8495;2824;125;3;136.07
8496;2824;253;2;62.5
8497;2825;242;2;66.96
8498;2825;210;2;230.86
8499;2825;100;3;36.47
8500;2825;215;3;42.37
8501;2825;45;3;206.86
8502;2826;284;3;66.65
8503;2826;113;2;261.82
8504;2826;165;1;30.46
8505;2826;182;2;96.28
8506;2827;217;3;133.47
8507;2827;286;1;23.1
8508;2828;114;2;81.1
8509;2828;191;1;144.67
8510;2828;211;3;253.01
8511;2828;18;1;140.06
8512;2829;264;1;22.18
8513;2829;293;3;32.93
8514;2830;258;2;183.46
8515;2830;10;1;83.77
8516;2830;176;1;23.46
8517;2830;232;3;21.33
8518;2831;184;2;75.61
8519;2831;151;1;14.87
8520;2831;224;2;289.95
8521;2831;143;3;86.74
8522;2832;98;1;156.09
8523;2832;199;2;156.49
8524;2832;272;2;32.79
8525;2832;111;2;28.98
8526;2832;44;1;46.23
8527;2833;80;2;16.51
8528;2833;161;3;66.77
8529;2833;247;3;280.92
8530;2834;205;1;54.75
8531;2834;79;2;57.05
8532;2834;127;1;28.04
8533;2834;288;3;430.61
8534;2834;165;3;30.46
8535;2835;25;3;36.6
8536;2836;195;3;145.55
8537;2836;175;1;18.54
8538;2836;118;2;365.76
8539;2836;8;1;295.75
8540;2836;205;2;54.75
8541;2837;147;2;15.53
8542;2838;228;1;21.36
8543;2838;83;3;28.81
8544;2838;46;1;32.13
8545;2839;106;2;63.95
8546;2840;27;2;257.64
8547;2840;293;1;32.93
8548;2840;19;1;25.52
8549;2841;292;3;115.69
8550;2841;159;3;56.32
8551;2841;51;3;69.12
8552;2841;253;3;62.5
8553;2841;280;2;194.11
8554;2842;283;1;114.46
8555;2842;132;2;76.68
8556;2843;235;1;98.52
8557;2843;143;3;86.74
8558;2843;197;3;109.76
8559;2844;10;2;83.77
8560;2844;126;2;333.38
8561;2844;258;2;183.46
8562;2845;55;3;105.96
8563;2846;193;1;303.95
8564;2846;83;1;28.81
8565;2846;133;1;129.76
8566;2846;41;1;202.78
8567;2847;207;2;234.88
8568;2847;248;3;278.21
8569;2847;40;1;165.59
8570;2848;235;2;98.52
8571;2848;170;2;22.32
8572;2848;128;2;604.55
8573;2848;142;1;26.83
8574;2848;214;2;180.06
8575;2849;288;2;430.61
8576;2850;58;1;37.93
8577;2850;66;1;65.31
8578;2850;262;2;203.02
8579;2850;193;1;303.95
8580;2851;166;3;36.18
8581;2851;97;1;160.55
8582;2851;72;1;136.88
8583;2851;267;3;23.63
8584;2852;149;3;112.47
8585;2852;146;2;35.44
8586;2852;112;1;112.28
8587;2852;114;2;81.1
8588;2853;254;2;92.06
8589;2854;193;1;303.95
8590;2854;192;1;139.65
8591;2854;172;3;108.1
8592;2855;154;3;276.99
8593;2855;247;2;280.92
8594;2855;170;3;22.32
8595;2855;273;3;197.68
8596;2855;64;3;63.91
8597;2856;68;2;208.07
8598;2856;242;3;66.96
8599;2856;286;1;23.1
8600;2857;52;3;198.57
8601;2857;167;3;40.59
8602;2857;263;2;58.98
8603;2857;152;3;210.67
8604;2858;298;2;95.71
8605;2858;217;1;133.47
8606;2858;110;3;33.58
8607;2858;229;1;14.92
8608;2858;165;1;30.46
8609;2859;270;2;149.02
8610;2859;50;3;63.53
8611;2860;122;3;159.31
8612;2860;73;1;47.55
8613;2860;233;3;153.83
8614;2860;157;3;145.39
8615;2860;299;3;93.25
8616;2861;260;1;183.92
8617;2862;32;1;65.71
8618;2862;72;2;136.88
8619;2863;58;3;37.93
8620;2864;109;2;46.77
8621;2865;215;1;42.37
8622;2865;286;3;23.1
8623;2865;109;3;46.77
8624;2865;211;3;253.01
8625;2866;30;2;43.42
8626;2866;284;2;66.65
8627;2866;108;3;53.06
8628;2866;7;2;435.46
8629;2867;118;2;365.76
8630;2867;11;1;27.62
8631;2868;93;1;177.34
8632;2868;202;2;84.57
8633;2869;205;2;54.75
8634;2869;191;2;144.67
8635;2869;215;1;42.37
8636;2869;1;1;85.25
8637;2870;128;3;604.55
8638;2870;113;3;261.82
8639;2871;257;2;75.87
8640;2871;216;1;265.62
8641;2872;261;2;138.08
8642;2872;143;1;86.74
8643;2873;207;1;234.88
8644;2874;196;3;15.62
8645;2875;253;3;62.5
8646;2875;164;1;38.45
8647;2875;5;2;99.57
8648;2875;291;1;67.09
8649;2875;114;2;81.1
8650;2876;291;1;67.09
8651;2876;99;1;18.5
8652;2877;63;2;81.7
8653;2878;61;2;251.37
8654;2879;87;3;172.22
8655;2879;183;3;83.98
8656;2879;88;1;271.98
8657;2879;75;2;176.39
8658;2879;220;1;97.41
8659;2880;77;3;137.95
8660;2881;28;3;98.17
8661;2881;195;1;145.55
8662;2881;47;1;10.35
8663;2881;273;2;197.68
8664;2881;131;2;94.96
8665;2882;37;2;125.9
8666;2883;213;3;29.38
8667;2883;158;1;219.43
8668;2883;292;3;115.69
8669;2883;139;2;284.29
8670;2883;212;3;167.62
8671;2884;6;2;124.34
8672;2884;155;1;75.12
8673;2884;227;3;128.22
8674;2885;59;3;107.83
8675;2886;94;2;191.51
8676;2886;30;1;43.42
8677;2886;162;1;265.52
8678;2887;233;2;153.83
8679;2887;70;1;99.53
8680;2887;123;1;70.77
8681;2887;294;3;73.58
8682;2887;33;2;98.43
8683;2888;214;2;180.06
8684;2888;173;2;44.37
8685;2888;166;1;36.18
8686;2888;276;3;77.1
8687;2888;237;1;11.53
8688;2889;128;3;604.55
8689;2889;154;2;276.99
8690;2889;203;3;22.49
8691;2889;99;1;18.5
8692;2889;10;2;83.77
8693;2890;197;2;109.76
8694;2890;47;1;10.35
8695;2891;151;1;14.87
8696;2891;239;2;89.88
8697;2891;255;3;63.76
8698;2891;234;3;199.16
8699;2891;85;2;276.27
8700;2892;70;3;99.53
8701;2892;276;3;77.1
8702;2892;113;2;261.82
8703;2892;296;1;31.73
8704;2892;257;1;75.87
8705;2893;28;1;98.17
8706;2893;103;1;60.73
8707;2894;117;3;187.28
8708;2894;244;1;291.31
8709;2894;52;3;198.57
8710;2894;166;1;36.18
8711;2895;212;3;167.62
8712;2895;25;3;36.6
8713;2895;223;3;12.9
8714;2896;165;2;30.46
8715;2896;12;1;58.48
8716;2897;90;2;238.59
8717;2897;177;1;190.69
8718;2898;68;1;208.07
8719;2898;12;2;58.48
8720;2899;294;2;73.58
8721;2899;228;3;21.36
8722;2900;139;2;284.29
8723;2900;117;2;187.28
8724;2900;1;3;85.25
8725;2900;52;1;198.57
8726;2901;100;1;36.47
8727;2901;251;1;594.78
8728;2901;199;3;156.49
8729;2901;181;1;42.65
8730;2901;39;3;42.14
8731;2902;174;1;16.75
8732;2902;78;2;18.59
8733;2903;209;2;110.99
8734;2903;108;1;53.06
8735;2903;133;2;129.76
8736;2903;69;2;100.84
8737;2904;285;3;108.9
8738;2904;47;1;10.35
8739;2904;208;2;26.03
8740;2904;8;2;295.75
8741;2905;157;2;145.39
8742;2905;119;3;52.95
8743;2906;122;3;159.31
8744;2906;194;3;39.16
8745;2906;190;2;16.04
8746;2906;83;2;28.81
8747;2907;47;2;10.35
8748;2907;113;1;261.82
8749;2908;256;1;229.2
8750;2908;69;3;100.84
8751;2909;147;3;15.53
8752;2910;135;2;23.48
8753;2911;142;3;26.83
8754;2911;243;2;23.3
8755;2911;46;1;32.13
8756;2912;123;3;70.77
8757;2912;202;3;84.57
8758;2912;206;3;30.23
8759;2912;238;2;130.67
8760;2912;227;3;128.22
8761;2913;119;3;52.95
8762;2913;249;2;94.89
8763;2913;40;2;165.59
8764;2914;98;3;156.09
8765;2914;257;3;75.87
8766;2914;84;3;56.46
8767;2914;34;3;71.61
8768;2915;132;3;76.68
8769;2915;281;2;13.59
8770;2915;253;1;62.5
8771;2916;69;1;100.84
8772;2916;226;3;105.33
8773;2916;257;3;75.87
8774;2917;241;1;177.76
8775;2917;198;2;53.21
8776;2918;85;2;276.27
8777;2918;33;2;98.43
8778;2918;122;2;159.31
8779;2918;149;1;112.47
8780;2918;144;3;46.76
8781;2919;128;3;604.55
8782;2919;234;3;199.16
8783;2919;184;3;75.61
8784;2919;208;1;26.03
8785;2920;294;2;73.58
8786;2920;47;1;10.35
8787;2921;186;2;24.83
8788;2921;293;1;32.93
8789;2922;294;3;73.58
8790;2922;110;3;33.58
8791;2923;71;3;104.37
8792;2923;295;2;401.67
8793;2923;135;3;23.48
8794;2924;47;3;10.35
8795;2924;229;1;14.92
8796;2924;125;3;136.07
8797;2924;136;1;77.12
8798;2925;219;2;18.89
8799;2925;261;2;138.08
8800;2926;153;3;28.61
8801;2927;113;2;261.82
8802;2927;91;3;48.19
8803;2927;47;3;10.35
8804;2927;276;3;77.1
8805;2927;186;1;24.83
8806;2928;76;2;23.8
8807;2928;120;3;44.38
8808;2928;283;2;114.46
8809;2929;288;3;430.61
8810;2929;87;1;172.22
8811;2930;202;2;84.57
8812;2930;244;3;291.31
8813;2930;239;2;89.88
8814;2931;56;2;84.93
8815;2931;102;2;79.45
8816;2931;189;3;298.51
8817;2931;192;1;139.65
8818;2931;113;1;261.82
8819;2932;178;2;117.25
8820;2932;288;3;430.61
8821;2933;291;2;67.09
8822;2933;154;3;276.99
8823;2933;106;3;63.95
8824;2934;201;3;55.38
8825;2934;285;3;108.9
8826;2935;215;3;42.37
8827;2936;293;2;32.93
8828;2936;184;2;75.61
8829;2937;112;1;112.28
8830;2937;60;3;69.22
8831;2937;75;1;176.39
8832;2937;192;3;139.65
8833;2937;99;1;18.5
8834;2938;185;3;47.76
8835;2938;17;1;66.06
8836;2939;230;3;163.67
8837;2939;283;1;114.46
8838;2939;206;2;30.23
8839;2939;120;3;44.38
8840;2939;182;1;96.28
8841;2940;233;3;153.83
8842;2940;235;2;98.52
8843;2940;70;2;99.53
8844;2941;231;1;58.56
8845;2941;245;3;88.8
8846;2941;155;2;75.12
8847;2941;18;2;140.06
8848;2941;276;3;77.1
8849;2942;126;1;333.38
8850;2942;81;2;83.86
8851;2942;163;3;127.95
8852;2942;112;1;112.28
8853;2943;177;1;190.69
8854;2943;252;2;124.2
8855;2943;4;2;15.69
8856;2943;46;2;32.13
8857;2944;144;2;46.76
8858;2944;170;2;22.32
8859;2944;39;3;42.14
8860;2944;40;3;165.59
8861;2944;54;1;232.82
8862;2945;143;2;86.74
8863;2945;109;1;46.77
8864;2945;218;3;163.84
8865;2945;225;1;14.43
8866;2946;236;1;27.58
8867;2947;276;3;77.1
8868;2947;292;1;115.69
8869;2947;159;2;56.32
8870;2947;208;1;26.03
8871;2947;103;2;60.73
8872;2948;7;3;435.46
8873;2948;52;3;198.57
8874;2949;203;2;22.49
8875;2949;6;3;124.34
8876;2949;88;2;271.98
8877;2949;220;1;97.41
8878;2950;129;3;59.78
8879;2950;123;2;70.77
8880;2951;77;2;137.95
8881;2951;136;3;77.12
8882;2952;107;1;57.11
8883;2952;203;3;22.49
8884;2952;6;1;124.34
8885;2952;60;1;69.22
8886;2952;261;1;138.08
8887;2953;243;2;23.3
8888;2953;83;3;28.81
8889;2953;243;3;23.3
8890;2953;64;3;63.91
8891;2953;34;3;71.61
8892;2954;78;2;18.59
8893;2954;51;3;69.12
8894;2954;183;2;83.98
8895;2954;132;3;76.68
8896;2954;69;3;100.84
8897;2955;30;3;43.42
8898;2955;207;2;234.88
8899;2955;171;1;59.0
8900;2955;237;1;11.53
8901;2955;44;1;46.23
8902;2956;190;3;16.04
8903;2957;184;2;75.61
8904;2957;197;3;109.76
8905;2958;169;3;117.44
8906;2958;239;2;89.88
8907;2959;207;3;234.88
8908;2959;171;1;59.0
8909;2959;113;2;261.82
8910;2959;260;1;183.92
8911;2960;205;1;54.75
8912;2960;117;1;187.28
8913;2961;184;2;75.61
8914;2961;48;3;214.66
8915;2962;197;1;109.76
8916;2962;68;2;208.07
8917;2962;78;3;18.59
8918;2962;244;3;291.31
8919;2963;210;2;230.86
8920;2963;77;2;137.95
8921;2963;163;1;127.95
8922;2964;187;1;145.63
8923;2964;123;3;70.77
8924;2964;56;1;84.93
8925;2964;252;1;124.2
8926;2965;124;1;109.44
8927;2965;99;1;18.5
8928;2965;151;1;14.87
8929;2965;218;1;163.84
8930;2966;263;1;58.98
8931;2966;240;2;115.21
8932;2967;135;3;23.48
8933;2967;34;2;71.61
8934;2967;294;2;73.58
8935;2968;274;3;43.03
8936;2968;154;3;276.99
8937;2968;119;1;52.95
8938;2968;297;3;111.18
8939;2968;200;1;209.0
8940;2969;71;1;104.37
8941;2970;109;2;46.77
8942;2971;29;3;33.59
8943;2971;142;3;26.83
8944;2971;242;1;66.96
8945;2971;76;1;23.8
8946;2972;50;3;63.53
8947;2972;119;2;52.95
8948;2972;178;1;117.25
8949;2972;119;3;52.95
8950;2973;182;2;96.28
8951;2973;188;3;221.91
8952;2973;168;2;36.16
8953;2973;88;3;271.98
8954;2974;132;2;76.68
8955;2974;132;3;76.68
8956;2974;279;1;52.64
8957;2975;254;3;92.06
8958;2976;163;1;127.95
8959;2977;36;3;35.27
8960;2977;246;3;105.53
8961;2978;192;1;139.65
8962;2978;26;2;73.19
8963;2979;19;2;25.52
8964;2979;215;1;42.37
8965;2980;267;2;23.63
8966;2980;237;1;11.53
8967;2980;149;1;112.47
8968;2980;65;1;165.71
8969;2981;207;1;234.88
8970;2981;16;1;135.22
8971;2981;130;1;138.45
8972;2981;289;2;36.82
8973;2982;224;1;289.95
8974;2983;100;3;36.47
8975;2983;201;1;55.38
8976;2983;62;1;77.66
8977;2984;54;3;232.82
8978;2984;46;1;32.13
8979;2984;298;2;95.71
8980;2984;299;2;93.25
8981;2985;176;1;23.46
8982;2985;87;3;172.22
8983;2985;246;1;105.53
8984;2986;265;2;194.8
8985;2986;35;1;57.55
8986;2987;112;2;112.28
8987;2987;6;2;124.34
8988;2987;50;3;63.53
8989;2987;204;1;63.94
8990;2988;229;1;14.92
8991;2988;117;2;187.28
8992;2988;99;2;18.5
8993;2989;81;2;83.86
8994;2989;106;3;63.95
8995;2990;277;3;141.51
8996;2991;124;3;109.44
8997;2991;237;2;11.53
8998;2991;255;2;63.76
8999;2991;34;2;71.61
9000;2991;209;1;110.99
9001;2992;286;2;23.1
9002;2993;260;1;183.92
9003;2993;241;1;177.76
9004;2993;83;2;28.81
9005;2994;278;1;58.03
9006;2994;214;1;180.06
9007;2994;164;3;38.45
9008;2994;245;3;88.8
9009;2994;119;3;52.95
9010;2995;155;2;75.12
9011;2995;85;3;276.27
9012;2996;17;2;66.06
9013;2997;236;3;27.58
9014;2997;294;1;73.58
9015;2998;104;1;193.22
9016;2998;269;3;27.35
9017;2998;157;3;145.39
9018;2998;240;1;115.21
9019;2999;45;3;206.86
9020;3000;93;2;177.34
9021;3000;139;3;284.29
9022;3000;167;3;40.59
9023;3000;115;3;45.38
9024;3001;112;1;112.28
9025;3001;53;1;51.23
9026;3001;112;1;112.28
9027;3001;50;1;63.53
9028;3002;56;1;84.93
9029;3002;50;1;63.53
9030;3002;226;2;105.33
9031;3002;93;2;177.34
9032;3003;239;2;89.88
9033;3004;29;2;33.59
9034;3004;95;3;11.53
9035;3004;154;2;276.99
9036;3004;241;1;177.76
9037;3005;1;3;85.25
9038;3005;121;3;102.0
9039;3005;288;1;430.61
9040;3005;228;3;21.36
9041;3006;44;3;46.23
9042;3007;255;3;63.76
9043;3007;288;3;430.61
9044;3007;105;2;19.14
9045;3007;108;2;53.06
9046;3007;100;3;36.47
9047;3008;2;1;169.54
9048;3008;29;1;33.59
9049;3008;222;2;207.75
9050;3008;286;1;23.1
9051;3009;109;1;46.77
9052;3009;37;3;125.9
9053;3009;268;2;22.25
9054;3010;160;1;62.31
9055;3010;103;2;60.73
9056;3010;66;2;65.31
9057;3010;260;1;183.92
9058;3010;203;3;22.49
9059;3011;11;3;27.62
9060;3011;91;1;48.19
9061;3011;280;3;194.11
9062;3011;213;1;29.38
9063;3011;249;3;94.89
9064;3012;287;1;82.17
9065;3012;203;3;22.49
9066;3012;233;2;153.83
9067;3013;218;3;163.84
9068;3013;223;1;12.9
9069;3014;293;1;32.93
9070;3014;75;3;176.39
9071;3014;102;3;79.45
9072;3015;9;2;134.64
9073;3015;252;1;124.2
9074;3016;35;3;57.55
9075;3016;41;2;202.78
9076;3016;57;2;49.4
9077;3016;234;2;199.16
9078;3016;111;3;28.98
9079;3017;31;3;263.13
9080;3018;235;2;98.52
9081;3019;7;3;435.46
9082;3019;300;3;105.48
9083;3020;191;1;144.67
9084;3020;228;3;21.36
9085;3021;210;1;230.86
9086;3021;243;2;23.3
9087;3021;113;2;261.82
9088;3021;298;2;95.71
9089;3022;152;2;210.67
9090;3023;217;2;133.47
9091;3024;3;3;355.2
9092;3025;206;3;30.23
9093;3025;166;1;36.18
9094;3025;124;1;109.44
9095;3025;294;3;73.58
9096;3026;268;3;22.25
9097;3026;151;3;14.87
9098;3026;36;1;35.27
9099;3027;251;2;594.78
9100;3027;203;3;22.49
9101;3027;168;3;36.16
9102;3027;225;3;14.43
9103;3028;86;2;68.41
9104;3028;143;2;86.74
9105;3029;147;2;15.53
9106;3029;211;3;253.01
9107;3030;87;3;172.22
9108;3031;106;1;63.95
9109;3031;87;1;172.22
9110;3031;209;3;110.99
9111;3032;217;1;133.47
9112;3032;90;3;238.59
9113;3032;178;2;117.25
9114;3032;180;2;59.61
9115;3033;85;3;276.27
9116;3033;269;3;27.35
9117;3033;276;2;77.1
9118;3033;28;1;98.17
9119;3034;17;3;66.06
9120;3035;11;2;27.62
9121;3035;152;1;210.67
9122;3035;212;3;167.62
9123;3035;5;2;99.57
9124;3035;214;1;180.06
9125;3036;185;2;47.76
9126;3036;109;1;46.77
9127;3036;273;1;197.68
9128;3036;234;1;199.16
9129;3037;297;2;111.18
9130;3037;237;2;11.53
9131;3037;89;1;376.3
9132;3038;115;2;45.38
9133;3039;213;2;29.38
9134;3039;1;1;85.25
9135;3039;29;3;33.59
9136;3039;234;1;199.16
9137;3039;82;2;115.88
9138;3040;61;1;251.37
9139;3040;251;3;594.78
9140;3040;139;1;284.29
9141;3040;66;3;65.31
9142;3041;55;2;105.96
9143;3041;91;1;48.19
9144;3041;249;2;94.89
9145;3041;246;1;105.53
9146;3042;17;2;66.06
9147;3042;250;3;45.33
9148;3042;70;3;99.53
9149;3042;98;3;156.09
9150;3043;249;2;94.89
9151;3043;137;2;83.8
9152;3043;239;2;89.88
9153;3043;228;2;21.36
9154;3043;22;1;231.52
9155;3044;27;1;257.64
9156;3044;73;3;47.55
9157;3044;44;3;46.23
9158;3044;249;2;94.89
9159;3044;123;2;70.77
9160;3045;219;3;18.89
9161;3045;147;3;15.53
9162;3046;282;1;377.84
9163;3046;239;3;89.88
9164;3047;80;2;16.51
9165;3047;203;2;22.49
9166;3047;225;3;14.43
9167;3048;104;3;193.22
9168;3048;209;2;110.99
9169;3049;138;2;32.55
9170;3049;126;2;333.38
9171;3049;264;1;22.18
9172;3049;273;2;197.68
9173;3049;172;3;108.1
9174;3050;33;2;98.43
9175;3050;277;2;141.51
9176;3050;157;3;145.39
9177;3050;148;2;161.06
9178;3050;272;1;32.79
9179;3051;289;2;36.82
9180;3051;127;1;28.04
9181;3051;77;1;137.95
9182;3052;107;2;57.11
9183;3052;30;3;43.42
9184;3053;77;2;137.95
9185;3053;139;2;284.29
9186;3053;195;3;145.55
9187;3053;5;2;99.57
9188;3054;43;3;27.58
9189;3054;273;2;197.68
9190;3054;104;1;193.22
9191;3054;229;2;14.92
9192;3055;226;3;105.33
9193;3055;202;2;84.57
9194;3055;214;1;180.06
9195;3055;110;3;33.58
9196;3056;95;3;11.53
9197;3056;46;1;32.13
9198;3057;220;2;97.41
9199;3058;214;1;180.06
9200;3058;16;2;135.22
9201;3058;211;1;253.01
9202;3059;231;1;58.56
9203;3059;198;2;53.21
9204;3059;285;3;108.9
9205;3059;104;3;193.22
9206;3060;12;2;58.48
9207;3060;128;2;604.55
9208;3060;178;2;117.25
9209;3060;111;3;28.98
9210;3061;240;3;115.21
9211;3062;187;3;145.63
9212;3063;135;3;23.48
9213;3063;272;3;32.79
9214;3063;187;2;145.63
9215;3063;225;1;14.43
9216;3063;47;3;10.35
9217;3064;145;1;77.19
9218;3064;72;1;136.88
9219;3064;293;3;32.93
9220;3065;242;1;66.96
9221;3065;57;2;49.4
9222;3065;120;2;44.38
9223;3065;49;1;49.52
9224;3066;269;2;27.35
9225;3066;57;1;49.4
9226;3066;195;3;145.55
9227;3066;114;3;81.1
9228;3067;215;2;42.37
9229;3067;172;2;108.1
9230;3067;75;2;176.39
9231;3068;3;2;355.2
9232;3068;95;1;11.53
9233;3068;95;1;11.53
9234;3068;18;3;140.06
9235;3068;137;2;83.8
9236;3069;283;1;114.46
9237;3070;296;1;31.73
9238;3071;248;1;278.21
9239;3071;49;1;49.52
9240;3071;286;2;23.1
9241;3072;183;2;83.98
9242;3072;275;3;167.5
9243;3072;31;3;263.13
9244;3072;226;2;105.33
9245;3072;94;1;191.51
9246;3073;198;1;53.21
9247;3073;272;2;32.79
9248;3073;147;1;15.53
9249;3074;156;1;51.61
9250;3075;45;2;206.86
9251;3075;77;1;137.95
9252;3075;104;1;193.22
9253;3075;23;1;17.91
9254;3075;120;2;44.38
9255;3076;179;2;16.67
9256;3076;291;1;67.09
9257;3076;191;3;144.67
9258;3077;227;1;128.22
9259;3077;267;1;23.63
9260;3077;7;3;435.46
9261;3078;253;3;62.5
9262;3078;10;2;83.77
9263;3078;257;2;75.87
9264;3079;227;3;128.22
9265;3079;233;1;153.83
9266;3079;66;3;65.31
9267;3080;165;2;30.46
9268;3080;223;3;12.9
9269;3080;109;1;46.77
9270;3081;22;2;231.52
9271;3081;113;1;261.82
9272;3081;140;1;35.81
9273;3081;114;1;81.1
9274;3082;148;1;161.06
9275;3082;281;2;13.59
9276;3082;30;3;43.42
9277;3083;168;3;36.16
9278;3083;163;3;127.95
9279;3083;225;3;14.43
9280;3083;124;3;109.44
9281;3083;162;1;265.52
9282;3084;2;3;169.54
9283;3084;287;1;82.17
9284;3084;278;2;58.03
9285;3084;68;3;208.07
9286;3084;258;1;183.46
9287;3085;272;2;32.79
9288;3085;148;2;161.06
9289;3086;104;1;193.22
9290;3087;257;1;75.87
9291;3087;82;1;115.88
9292;3087;45;3;206.86
9293;3087;31;1;263.13
9294;3087;148;1;161.06
9295;3088;71;3;104.37
9296;3088;80;2;16.51
9297;3088;166;2;36.18
9298;3088;258;1;183.46
9299;3088;17;3;66.06
9300;3089;115;3;45.38
9301;3090;49;3;49.52
9302;3090;45;2;206.86
9303;3090;221;1;182.12
9304;3090;151;1;14.87
9305;3091;114;3;81.1
9306;3091;135;3;23.48
9307;3091;104;2;193.22
9308;3092;77;1;137.95
9309;3093;266;1;78.95
9310;3093;71;2;104.37
9311;3093;190;1;16.04
9312;3093;262;1;203.02
9313;3093;185;2;47.76
9314;3094;275;3;167.5
9315;3094;43;1;27.58
9316;3095;202;1;84.57
9317;3096;77;2;137.95
9318;3096;11;2;27.62
9319;3096;149;3;112.47
9320;3096;291;3;67.09
9321;3096;263;3;58.98
9322;3097;251;2;594.78
9323;3097;233;3;153.83
9324;3098;113;2;261.82
9325;3098;291;3;67.09
9326;3098;226;1;105.33
9327;3098;262;2;203.02
9328;3098;193;3;303.95
9329;3099;187;2;145.63
9330;3100;283;2;114.46
9331;3100;23;3;17.91
9332;3100;91;2;48.19
9333;3101;226;2;105.33
9334;3101;74;3;13.44
9335;3102;43;3;27.58
9336;3102;20;1;27.74
9337;3103;294;3;73.58
9338;3103;86;2;68.41
9339;3103;213;1;29.38
9340;3103;262;2;203.02
9341;3103;219;2;18.89
9342;3104;207;2;234.88
9343;3105;50;1;63.53
9344;3106;291;2;67.09
9345;3106;7;3;435.46
9346;3107;279;1;52.64
9347;3107;238;2;130.67
9348;3107;112;2;112.28
9349;3108;293;1;32.93
9350;3108;177;3;190.69
9351;3108;93;2;177.34
9352;3109;269;3;27.35
9353;3109;85;2;276.27
9354;3109;128;1;604.55
9355;3109;282;3;377.84
9356;3109;43;1;27.58
9357;3110;252;1;124.2
9358;3110;270;1;149.02
9359;3111;71;1;104.37
9360;3112;192;1;139.65
9361;3113;51;1;69.12
9362;3113;75;2;176.39
9363;3113;102;3;79.45
9364;3114;6;2;124.34
9365;3114;9;1;134.64
9366;3114;269;1;27.35
9367;3114;162;2;265.52
9368;3115;133;2;129.76
9369;3115;98;2;156.09
9370;3116;43;1;27.58
9371;3117;36;3;35.27
9372;3117;82;1;115.88
9373;3118;261;1;138.08
9374;3118;71;2;104.37
9375;3118;20;1;27.74
9376;3118;49;3;49.52
9377;3119;33;3;98.43
9378;3119;297;3;111.18
9379;3119;107;3;57.11
9380;3120;146;1;35.44
9381;3120;160;1;62.31
9382;3120;63;2;81.7
9383;3120;127;1;28.04
9384;3121;191;2;144.67
9385;3121;259;2;193.37
9386;3122;51;2;69.12
9387;3122;140;2;35.81
9388;3123;48;1;214.66
9389;3123;121;2;102.0
9390;3124;233;1;153.83
9391;3124;296;1;31.73
9392;3124;249;3;94.89
9393;3125;164;3;38.45
9394;3126;153;2;28.61
9395;3127;239;2;89.88
9396;3128;3;3;355.2
9397;3128;68;2;208.07
9398;3129;227;2;128.22
9399;3130;282;2;377.84
9400;3130;258;2;183.46
9401;3130;206;3;30.23
9402;3130;30;2;43.42
9403;3131;66;3;65.31
9404;3131;67;1;41.38
9405;3131;234;1;199.16
9406;3131;261;1;138.08
9407;3132;21;1;27.77
9408;3133;26;1;73.19
9409;3133;194;3;39.16
9410;3133;264;1;22.18
9411;3134;95;3;11.53
9412;3134;269;2;27.35
9413;3135;271;1;134.08
9414;3135;24;2;171.7
9415;3136;202;3;84.57
9416;3136;126;1;333.38
9417;3137;77;3;137.95
9418;3137;21;1;27.77
9419;3138;125;1;136.07
9420;3138;130;2;138.45
9421;3138;223;3;12.9
9422;3139;248;2;278.21
9423;3139;97;2;160.55
9424;3139;293;2;32.93
9425;3140;39;2;42.14
9426;3140;259;1;193.37
9427;3140;43;2;27.58
9428;3140;60;1;69.22
9429;3140;103;2;60.73
9430;3141;236;1;27.58
9431;3141;243;2;23.3
9432;3142;174;1;16.75
9433;3142;206;1;30.23
9434;3142;63;1;81.7
9435;3142;5;1;99.57
9436;3142;173;2;44.37
9437;3143;230;2;163.67
9438;3144;150;2;51.66
9439;3145;40;2;165.59
9440;3146;273;3;197.68
9441;3146;98;3;156.09
9442;3146;137;2;83.8
9443;3146;12;1;58.48
9444;3147;207;2;234.88
9445;3147;38;3;136.67
9446;3147;224;2;289.95
9447;3148;252;2;124.2
9448;3148;28;1;98.17
9449;3148;214;1;180.06
9450;3148;123;1;70.77
9451;3149;178;1;117.25
9452;3149;238;2;130.67
9453;3149;202;1;84.57
9454;3149;116;3;27.34
9455;3150;226;1;105.33
9456;3150;205;3;54.75
9457;3150;131;1;94.96
9458;3150;281;1;13.59
9459;3151;265;2;194.8
9460;3151;1;3;85.25
9461;3151;158;1;219.43
9462;3152;174;3;16.75
9463;3153;224;2;289.95
9464;3154;128;3;604.55
9465;3154;137;3;83.8
9466;3155;32;1;65.71
9467;3155;105;2;19.14
9468;3156;1;3;85.25
9469;3156;194;3;39.16
9470;3156;49;3;49.52
9471;3156;11;2;27.62
9472;3156;42;3;263.42
9473;3157;140;3;35.81
9474;3158;196;3;15.62
9475;3158;105;1;19.14
9476;3159;163;2;127.95
9477;3159;243;1;23.3
9478;3159;132;2;76.68
9479;3160;5;1;99.57
9480;3160;123;3;70.77
9481;3160;73;2;47.55
9482;3161;108;3;53.06
9483;3161;156;3;51.61
9484;3162;63;3;81.7
9485;3162;195;2;145.55
9486;3162;200;2;209.0
9487;3162;31;1;263.13
9488;3163;186;2;24.83
9489;3163;296;2;31.73
9490;3163;135;3;23.48
9491;3163;148;3;161.06
9492;3163;266;1;78.95
9493;3164;12;1;58.48
9494;3164;235;1;98.52
9495;3164;253;2;62.5
9496;3165;209;1;110.99
9497;3165;53;2;51.23
9498;3165;47;2;10.35
9499;3166;143;1;86.74
9500;3167;13;1;97.98
9501;3167;37;2;125.9
9502;3168;146;1;35.44
9503;3169;163;3;127.95
9504;3169;177;3;190.69
9505;3169;135;2;23.48
9506;3170;96;1;318.43
9507;3170;2;2;169.54
9508;3170;22;2;231.52
9509;3171;271;2;134.08
9510;3171;127;3;28.04
9511;3171;179;2;16.67
9512;3171;145;3;77.19
9513;3171;39;1;42.14
9514;3172;50;1;63.53
9515;3172;201;2;55.38
9516;3172;147;2;15.53
9517;3172;68;3;208.07
9518;3173;291;1;67.09
9519;3173;34;2;71.61
9520;3173;116;1;27.34
9521;3174;50;2;63.53
9522;3174;212;1;167.62
9523;3175;167;1;40.59
9524;3175;167;3;40.59
9525;3175;277;3;141.51
9526;3175;128;1;604.55
9527;3176;55;1;105.96
9528;3177;36;1;35.27
9529;3178;235;1;98.52
9530;3179;201;3;55.38
9531;3179;48;3;214.66
9532;3180;265;3;194.8
9533;3180;107;3;57.11
9534;3180;109;1;46.77
9535;3180;64;1;63.91
9536;3181;243;2;23.3
9537;3181;128;3;604.55
9538;3181;181;2;42.65
9539;3182;84;3;56.46
9540;3182;246;1;105.53
9541;3182;267;2;23.63
9542;3182;228;1;21.36
9543;3183;159;3;56.32
9544;3183;158;1;219.43
9545;3183;152;3;210.67
9546;3183;85;2;276.27
9547;3183;176;1;23.46
9548;3184;204;3;63.94
9549;3185;35;2;57.55
9550;3185;59;2;107.83
9551;3186;243;1;23.3
9552;3186;150;3;51.66
9553;3186;129;1;59.78
9554;3187;126;2;333.38
9555;3187;71;2;104.37
9556;3187;221;3;182.12
9557;3187;79;3;57.05
9558;3187;267;3;23.63
9559;3188;191;1;144.67
9560;3189;229;2;14.92
9561;3190;71;3;104.37
9562;3190;228;1;21.36
9563;3190;52;1;198.57
9564;3190;2;2;169.54
9565;3190;25;1;36.6
9566;3191;29;3;33.59
9567;3191;209;3;110.99
9568;3192;174;1;16.75
9569;3192;123;1;70.77
9570;3192;190;3;16.04
9571;3192;106;1;63.95
9572;3192;255;1;63.76
9573;3193;83;2;28.81
9574;3194;95;1;11.53
9575;3194;6;2;124.34
9576;3194;173;3;44.37
9577;3194;229;2;14.92
9578;3194;71;2;104.37
9579;3195;77;2;137.95
9580;3196;196;2;15.62
9581;3196;48;2;214.66
9582;3196;59;3;107.83
9583;3196;126;2;333.38
9584;3196;2;2;169.54
9585;3197;16;3;135.22
9586;3197;166;3;36.18
9587;3197;248;2;278.21
9588;3197;104;2;193.22
9589;3197;232;2;21.33
9590;3198;168;1;36.16
9591;3198;71;1;104.37
9592;3198;211;1;253.01
9593;3199;18;1;140.06
9594;3199;120;1;44.38
9595;3199;191;1;144.67
9596;3199;120;1;44.38
9597;3200;123;1;70.77
9598;3200;5;2;99.57
9599;3200;224;1;289.95
9600;3201;92;2;338.54
9601;3201;161;1;66.77
9602;3202;71;1;104.37
9603;3202;29;2;33.59
9604;3202;8;3;295.75
9605;3202;12;2;58.48
9606;3203;73;3;47.55
9607;3203;178;2;117.25
9608;3203;258;2;183.46
9609;3203;27;2;257.64
9610;3203;92;1;338.54
9611;3204;85;1;276.27
9612;3204;21;1;27.77
9613;3204;40;2;165.59
9614;3205;270;3;149.02
9615;3205;17;2;66.06
9616;3205;300;1;105.48
9617;3205;30;2;43.42
9618;3205;131;2;94.96
9619;3206;99;1;18.5
9620;3206;40;1;165.59
9621;3206;96;3;318.43
9622;3207;278;3;58.03
9623;3207;48;1;214.66
9624;3208;181;3;42.65
9625;3208;299;1;93.25
9626;3208;284;2;66.65
9627;3209;123;2;70.77
9628;3209;45;3;206.86
9629;3210;260;2;183.92
9630;3210;184;3;75.61
9631;3210;28;3;98.17
9632;3211;66;2;65.31
9633;3211;10;1;83.77
9634;3211;31;2;263.13
9635;3211;82;1;115.88
9636;3212;28;2;98.17
9637;3212;39;3;42.14
9638;3212;148;2;161.06
9639;3212;219;1;18.89
9640;3213;205;1;54.75
9641;3213;284;1;66.65
9642;3214;210;1;230.86
9643;3214;77;3;137.95
9644;3214;265;3;194.8
9645;3214;32;3;65.71
9646;3214;53;1;51.23
9647;3215;234;1;199.16
9648;3215;256;1;229.2
9649;3216;238;2;130.67
9650;3217;290;1;138.11
9651;3217;263;2;58.98
9652;3218;129;2;59.78
9653;3218;210;2;230.86
9654;3218;24;1;171.7
9655;3218;172;2;108.1
9656;3218;174;3;16.75
9657;3219;281;3;13.59
9658;3219;279;3;52.64
9659;3220;93;1;177.34
9660;3220;167;3;40.59
9661;3221;8;2;295.75
9662;3221;176;1;23.46
9663;3222;242;3;66.96
9664;3222;220;2;97.41
9665;3222;245;1;88.8
9666;3222;196;3;15.62
9667;3222;64;2;63.91
9668;3223;47;2;10.35
9669;3223;145;2;77.19
9670;3223;134;1;60.38
9671;3223;35;3;57.55
9672;3223;27;1;257.64
9673;3224;37;3;125.9
9674;3224;92;2;338.54
9675;3225;13;1;97.98
9676;3225;222;3;207.75
9677;3225;205;1;54.75
9678;3225;52;2;198.57
9679;3226;58;3;37.93
9680;3226;89;3;376.3
9681;3226;90;3;238.59
9682;3226;199;1;156.49
9683;3227;107;2;57.11
9684;3227;197;1;109.76
9685;3227;198;3;53.21
9686;3227;281;3;13.59
9687;3227;183;3;83.98
9688;3228;278;1;58.03
9689;3228;260;1;183.92
9690;3228;91;2;48.19
9691;3228;200;3;209.0
9692;3228;64;1;63.91
9693;3229;16;3;135.22
9694;3229;173;3;44.37
9695;3229;58;3;37.93
9696;3229;294;1;73.58
9697;3230;49;1;49.52
9698;3230;28;3;98.17
9699;3230;111;3;28.98
9700;3230;169;1;117.44
9701;3231;92;3;338.54
9702;3231;258;3;183.46
9703;3231;60;3;69.22
9704;3231;28;2;98.17
9705;3231;40;1;165.59
9706;3232;65;3;165.71
9707;3232;150;1;51.66
9708;3232;297;2;111.18
9709;3232;295;3;401.67
9710;3232;197;1;109.76
9711;3233;58;3;37.93
9712;3233;270;1;149.02
9713;3233;238;2;130.67
9714;3233;242;2;66.96
9715;3233;63;2;81.7
9716;3234;235;3;98.52
9717;3234;153;1;28.61
9718;3235;239;3;89.88
9719;3236;9;1;134.64
9720;3237;17;3;66.06
9721;3237;95;2;11.53
9722;3237;169;3;117.44
9723;3238;155;1;75.12
9724;3238;155;1;75.12
9725;3238;42;1;263.42
9726;3238;63;3;81.7
9727;3238;255;3;63.76
9728;3239;9;3;134.64
9729;3239;198;3;53.21
9730;3239;120;1;44.38
9731;3240;62;2;77.66
9732;3241;246;2;105.53
9733;3242;128;1;604.55
9734;3242;20;1;27.74
9735;3242;144;3;46.76
9736;3242;66;3;65.31
9737;3243;122;1;159.31
9738;3243;214;3;180.06
9739;3243;94;1;191.51
9740;3243;53;3;51.23
9741;3244;119;1;52.95
9742;3244;205;2;54.75
9743;3245;98;2;156.09
9744;3245;115;1;45.38
9745;3245;35;2;57.55
9746;3245;265;3;194.8
9747;3245;188;2;221.91
9748;3246;76;2;23.8
9749;3246;164;3;38.45
9750;3247;265;3;194.8
9751;3248;284;1;66.65
9752;3248;51;1;69.12
9753;3248;195;1;145.55
9754;3248;274;1;43.03
9755;3248;121;1;102.0
9756;3249;246;2;105.53
9757;3249;245;2;88.8
9758;3250;248;2;278.21
9759;3250;149;1;112.47
9760;3250;65;3;165.71
9761;3250;72;1;136.88
9762;3251;178;3;117.25
9763;3251;285;1;108.9
9764;3252;298;2;95.71
9765;3252;267;2;23.63
9766;3252;222;1;207.75
9767;3253;273;2;197.68
9768;3253;46;3;32.13
9769;3254;250;3;45.33
9770;3254;30;2;43.42
9771;3254;161;3;66.77
9772;3254;122;1;159.31
9773;3254;141;3;62.63
9774;3255;114;2;81.1
9775;3255;83;1;28.81
9776;3256;17;2;66.06
9777;3256;68;1;208.07
9778;3256;13;3;97.98
9779;3257;25;2;36.6
9780;3258;47;3;10.35
9781;3258;61;1;251.37
9782;3258;85;1;276.27
9783;3258;242;2;66.96
9784;3258;140;3;35.81
9785;3259;298;3;95.71
9786;3260;263;3;58.98
9787;3260;187;2;145.63
9788;3260;225;2;14.43
9789;3260;228;3;21.36
9790;3260;237;1;11.53
9791;3261;17;1;66.06
9792;3261;174;2;16.75
9793;3261;151;1;14.87
9794;3261;184;2;75.61
9795;3262;135;3;23.48
9796;3262;80;3;16.51
9797;3262;54;3;232.82
9798;3262;40;1;165.59
9799;3262;280;2;194.11
9800;3263;156;2;51.61
9801;3263;248;1;278.21
9802;3264;48;1;214.66
9803;3265;231;2;58.56
9804;3265;35;1;57.55
9805;3266;237;3;11.53
9806;3266;282;2;377.84
9807;3267;87;3;172.22
9808;3267;265;1;194.8
9809;3268;119;2;52.95
9810;3268;74;1;13.44
9811;3268;167;1;40.59
9812;3268;47;3;10.35
9813;3269;223;3;12.9
9814;3269;251;1;594.78
9815;3269;234;1;199.16
9816;3269;264;2;22.18
9817;3270;101;3;337.71
9818;3270;245;2;88.8
9819;3270;100;1;36.47
9820;3271;221;2;182.12
9821;3271;81;1;83.86
9822;3272;276;2;77.1
9823;3273;64;1;63.91
9824;3273;121;2;102.0
9825;3273;165;2;30.46
9826;3273;57;3;49.4
9827;3273;14;3;139.17
9828;3274;131;2;94.96
9829;3274;153;2;28.61
9830;3274;114;1;81.1
9831;3275;256;1;229.2
9832;3276;236;3;27.58
9833;3276;5;2;99.57
9834;3276;182;3;96.28
9835;3277;180;1;59.61
9836;3278;94;1;191.51
9837;3279;94;1;191.51
9838;3279;281;3;13.59
9839;3279;134;1;60.38
9840;3279;111;3;28.98
9841;3279;107;1;57.11
9842;3280;155;3;75.12
9843;3280;169;3;117.44
9844;3281;129;3;59.78
9845;3281;281;3;13.59
9846;3282;95;1;11.53
9847;3283;71;1;104.37
9848;3284;193;1;303.95
9849;3284;128;3;604.55
9850;3284;268;2;22.25
9851;3284;138;2;32.55
9852;3285;263;1;58.98
9853;3286;67;2;41.38
9854;3286;264;2;22.18
9855;3286;235;3;98.52
9856;3286;299;2;93.25
9857;3286;116;2;27.34
9858;3287;274;1;43.03
9859;3287;101;1;337.71
9860;3287;213;2;29.38
9861;3287;3;2;355.2
9862;3287;216;1;265.62
9863;3288;283;2;114.46
9864;3288;62;3;77.66
9865;3288;110;1;33.58
9866;3288;296;1;31.73
9867;3288;47;3;10.35
9868;3289;269;1;27.35
9869;3289;230;1;163.67
9870;3290;155;1;75.12
9871;3290;196;3;15.62
9872;3291;200;3;209.0
9873;3291;85;2;276.27
9874;3292;82;2;115.88
9875;3292;54;2;232.82
9876;3292;218;2;163.84
9877;3292;19;2;25.52
9878;3292;44;2;46.23
9879;3293;109;1;46.77
9880;3293;78;3;18.59
9881;3293;255;3;63.76
9882;3293;210;2;230.86
9883;3293;24;1;171.7
9884;3294;84;3;56.46
9885;3295;150;1;51.66
9886;3296;9;1;134.64
9887;3296;9;1;134.64
9888;3297;71;3;104.37
9889;3297;53;3;51.23
9890;3297;237;1;11.53
9891;3297;132;3;76.68
9892;3298;177;3;190.69
9893;3298;283;1;114.46
9894;3298;262;2;203.02
9895;3299;18;1;140.06
9896;3300;203;3;22.49
9897;3300;26;1;73.19
9898;3301;181;2;42.65
9899;3301;237;1;11.53
9900;3301;202;1;84.57
9901;3302;106;1;63.95
9902;3302;214;3;180.06
9903;3303;108;2;53.06
9904;3303;27;2;257.64
9905;3303;215;3;42.37
9906;3303;1;1;85.25
9907;3303;15;2;110.9
9908;3304;67;3;41.38
9909;3304;141;3;62.63
9910;3304;38;2;136.67
9911;3305;23;3;17.91
9912;3305;248;1;278.21
9913;3306;13;3;97.98
9914;3306;128;2;604.55
9915;3306;74;2;13.44
9916;3306;152;1;210.67
9917;3307;257;1;75.87
9918;3307;102;1;79.45
9919;3308;215;2;42.37
9920;3309;14;1;139.17
9921;3309;174;3;16.75
9922;3309;189;3;298.51
9923;3309;154;1;276.99
9924;3310;265;2;194.8
9925;3310;291;3;67.09
9926;3310;169;2;117.44
9927;3310;59;1;107.83
9928;3310;30;3;43.42
9929;3311;178;1;117.25
9930;3311;118;3;365.76
9931;3311;147;3;15.53
9932;3311;125;3;136.07
9933;3312;252;3;124.2
9934;3312;137;3;83.8
9935;3312;160;3;62.31
9936;3313;281;3;13.59
9937;3314;28;2;98.17
9938;3314;213;2;29.38
9939;3314;282;1;377.84
9940;3315;84;3;56.46
9941;3315;160;3;62.31
9942;3315;26;1;73.19
9943;3315;164;2;38.45
9944;3315;291;1;67.09
9945;3316;21;3;27.77
9946;3316;95;3;11.53
9947;3316;67;3;41.38
9948;3316;269;2;27.35
9949;3316;3;3;355.2
9950;3317;224;2;289.95
9951;3317;282;3;377.84
9952;3317;153;3;28.61
9953;3317;111;3;28.98
9954;3318;25;1;36.6
9955;3318;287;2;82.17
9956;3318;85;2;276.27
9957;3319;61;3;251.37
9958;3319;191;1;144.67
9959;3319;58;2;37.93
9960;3319;199;1;156.49
9961;3319;28;1;98.17
9962;3320;111;1;28.98
9963;3320;285;2;108.9
9964;3320;169;2;117.44
9965;3321;143;1;86.74
9966;3321;224;3;289.95
9967;3321;20;3;27.74
9968;3321;85;3;276.27
9969;3322;296;1;31.73
9970;3322;81;3;83.86
9971;3322;242;1;66.96
9972;3322;115;1;45.38
9973;3323;77;2;137.95
9974;3323;69;3;100.84
9975;3324;242;1;66.96
9976;3324;77;2;137.95
9977;3324;104;2;193.22
9978;3324;189;2;298.51
9979;3325;138;2;32.55
9980;3325;82;1;115.88
9981;3325;58;2;37.93
9982;3326;11;3;27.62
9983;3326;298;2;95.71
9984;3326;181;3;42.65
9985;3327;195;3;145.55
9986;3327;266;3;78.95
9987;3327;197;3;109.76
9988;3327;288;1;430.61
9989;3328;261;2;138.08
9990;3328;221;1;182.12
9991;3328;81;3;83.86
9992;3328;165;2;30.46
9993;3328;264;2;22.18
9994;3329;247;1;280.92
9995;3329;288;1;430.61
9996;3329;86;2;68.41
9997;3329;210;3;230.86
9998;3329;291;1;67.09
9999;3330;186;3;24.83
10000;3330;293;3;32.93
10001;3330;62;1;77.66
10002;3331;161;2;66.77
10003;3331;55;3;105.96
10004;3332;179;3;16.67
10005;3332;38;1;136.67
10006;3333;223;1;12.9
10007;3333;179;2;16.67
10008;3333;8;3;295.75
10009;3334;5;2;99.57
10010;3335;221;3;182.12
10011;3336;232;1;21.33
10012;3337;135;2;23.48
10013;3338;291;2;67.09
10014;3338;187;1;145.63
10015;3338;156;1;51.61
10016;3338;201;2;55.38
10017;3339;10;3;83.77
10018;3339;42;1;263.42
10019;3339;263;2;58.98
10020;3340;136;1;77.12
10021;3340;254;3;92.06
10022;3340;13;2;97.98
10023;3340;138;1;32.55
10024;3340;1;2;85.25
10025;3341;140;3;35.81
10026;3341;107;2;57.11
10027;3342;285;1;108.9
10028;3342;3;1;355.2
10029;3343;83;3;28.81
10030;3343;194;3;39.16
10031;3344;173;1;44.37
10032;3345;116;2;27.34
10033;3346;167;1;40.59
10034;3346;226;1;105.33
10035;3347;261;3;138.08
10036;3347;186;3;24.83
10037;3347;70;2;99.53
10038;3347;211;2;253.01
10039;3348;212;3;167.62
10040;3348;65;3;165.71
10041;3348;165;3;30.46
10042;3348;100;1;36.47
10043;3348;269;3;27.35
10044;3349;50;2;63.53
10045;3349;129;3;59.78
10046;3350;238;1;130.67
10047;3350;77;1;137.95
10048;3351;38;2;136.67
10049;3351;210;2;230.86
10050;3351;262;3;203.02
10051;3351;1;3;85.25
10052;3352;3;3;355.2
10053;3352;219;2;18.89
10054;3352;159;3;56.32
10055;3352;153;1;28.61
10056;3352;91;1;48.19
10057;3353;258;3;183.46
10058;3353;28;3;98.17
10059;3353;273;2;197.68
10060;3353;20;1;27.74
10061;3354;167;3;40.59
10062;3355;128;1;604.55
10063;3355;75;2;176.39
10064;3355;180;1;59.61
10065;3355;256;2;229.2
10066;3356;213;1;29.38
10067;3356;214;3;180.06
10068;3356;242;2;66.96
10069;3356;181;3;42.65
10070;3356;158;3;219.43
10071;3357;224;2;289.95
10072;3358;55;3;105.96
10073;3358;157;2;145.39
10074;3359;215;3;42.37
10075;3359;259;2;193.37
10076;3359;45;3;206.86
10077;3360;150;3;51.66
10078;3360;215;3;42.37
10079;3360;28;3;98.17
10080;3360;164;2;38.45
10081;3360;205;3;54.75
10082;3361;267;1;23.63
10083;3361;119;1;52.95
10084;3361;102;1;79.45
10085;3361;121;3;102.0
10086;3361;153;2;28.61
10087;3362;159;1;56.32
10088;3362;198;1;53.21
10089;3362;210;3;230.86
10090;3362;24;3;171.7
10091;3362;82;2;115.88
10092;3363;190;1;16.04
10093;3364;48;1;214.66
10094;3365;241;3;177.76
10095;3365;205;2;54.75
10096;3365;244;3;291.31
10097;3365;212;1;167.62
10098;3365;15;3;110.9
10099;3366;287;2;82.17
10100;3366;198;2;53.21
10101;3366;114;3;81.1
10102;3367;135;3;23.48
10103;3367;187;1;145.63
10104;3367;169;2;117.44
10105;3368;229;2;14.92
10106;3368;137;2;83.8
10107;3368;6;2;124.34
10108;3368;11;1;27.62
10109;3368;43;2;27.58
10110;3369;84;2;56.46
10111;3369;260;2;183.92
10112;3369;133;1;129.76
10113;3369;218;3;163.84
10114;3369;10;1;83.77
10115;3370;216;1;265.62
10116;3370;196;2;15.62
10117;3370;288;3;430.61
10118;3370;64;1;63.91
10119;3370;62;3;77.66
10120;3371;252;1;124.2
10121;3371;233;2;153.83
10122;3372;18;2;140.06
10123;3373;243;2;23.3
10124;3374;124;2;109.44
10125;3374;297;3;111.18
10126;3374;45;3;206.86
10127;3375;88;1;271.98
10128;3376;121;3;102.0
10129;3376;171;2;59.0
10130;3376;147;1;15.53
10131;3376;285;3;108.9
10132;3376;147;3;15.53
10133;3377;235;1;98.52
10134;3377;3;2;355.2
10135;3377;58;1;37.93
10136;3377;199;2;156.49
10137;3377;109;2;46.77
10138;3378;166;3;36.18
10139;3378;23;3;17.91
10140;3378;64;3;63.91
10141;3378;258;2;183.46
10142;3379;153;1;28.61
10143;3379;223;2;12.9
10144;3379;43;3;27.58
10145;3380;51;3;69.12
10146;3380;163;2;127.95
10147;3381;259;2;193.37
10148;3381;69;1;100.84
10149;3381;3;3;355.2
10150;3381;104;1;193.22
10151;3381;250;2;45.33
10152;3382;120;2;44.38
10153;3382;96;1;318.43
10154;3383;134;2;60.38
10155;3383;47;2;10.35
10156;3383;46;2;32.13
10157;3383;54;1;232.82
10158;3384;199;3;156.49
10159;3384;247;1;280.92
10160;3385;188;3;221.91
10161;3386;20;2;27.74
10162;3386;142;3;26.83
10163;3386;107;3;57.11
10164;3386;30;1;43.42
10165;3387;224;2;289.95
10166;3388;42;2;263.42
10167;3388;164;2;38.45
10168;3389;211;1;253.01
10169;3390;205;2;54.75
10170;3390;268;1;22.25
10171;3391;214;3;180.06
10172;3391;42;1;263.42
10173;3391;64;2;63.91
10174;3391;15;1;110.9
10175;3392;166;3;36.18
10176;3392;271;1;134.08
10177;3392;275;3;167.5
10178;3393;36;3;35.27
10179;3393;115;3;45.38
10180;3394;73;1;47.55
10181;3394;267;3;23.63
10182;3395;134;3;60.38
10183;3395;297;3;111.18
10184;3395;142;1;26.83
10185;3396;42;2;263.42
10186;3396;208;1;26.03
10187;3396;38;1;136.67
10188;3396;3;1;355.2
10189;3397;18;1;140.06
10190;3398;155;1;75.12
10191;3398;249;1;94.89
10192;3398;214;3;180.06
10193;3399;46;3;32.13
10194;3399;121;1;102.0
10195;3399;197;1;109.76
10196;3399;167;1;40.59
10197;3400;224;3;289.95
10198;3401;47;3;10.35
10199;3401;86;1;68.41
10200;3402;55;1;105.96
10201;3402;214;3;180.06
10202;3402;224;3;289.95
10203;3403;167;1;40.59
10204;3403;96;2;318.43
10205;3403;151;2;14.87
10206;3403;15;2;110.9
10207;3403;295;3;401.67
10208;3404;293;2;32.93
10209;3404;41;2;202.78
10210;3404;243;2;23.3
10211;3405;40;3;165.59
10212;3405;77;3;137.95
10213;3405;22;3;231.52
10214;3405;257;2;75.87
10215;3405;100;2;36.47
10216;3406;253;2;62.5
10217;3406;206;3;30.23
10218;3406;223;1;12.9
10219;3406;14;1;139.17
10220;3406;299;3;93.25
10221;3407;40;2;165.59
10222;3407;13;1;97.98
10223;3407;236;2;27.58
10224;3407;65;2;165.71
10225;3408;159;1;56.32
10226;3408;80;2;16.51
10227;3408;118;1;365.76
10228;3409;182;3;96.28
10229;3410;170;3;22.32
10230;3410;63;1;81.7
10231;3410;113;3;261.82
10232;3410;85;2;276.27
10233;3410;170;3;22.32
10234;3411;254;3;92.06
10235;3411;199;1;156.49
10236;3411;103;3;60.73
10237;3412;236;1;27.58
10238;3412;250;2;45.33
10239;3413;238;1;130.67
10240;3413;186;1;24.83
10241;3414;52;2;198.57
10242;3414;138;1;32.55
10243;3415;155;3;75.12
10244;3415;50;3;63.53
10245;3415;147;1;15.53
10246;3416;284;2;66.65
10247;3416;22;3;231.52
10248;3416;219;3;18.89
10249;3416;45;3;206.86
10250;3416;93;1;177.34
10251;3417;167;3;40.59
10252;3417;4;1;15.69
10253;3417;66;2;65.31
10254;3417;272;3;32.79
10255;3418;208;1;26.03
10256;3418;185;1;47.76
10257;3418;261;3;138.08
10258;3419;250;2;45.33
10259;3419;158;2;219.43
10260;3419;194;3;39.16
10261;3419;54;2;232.82
10262;3420;272;3;32.79
10263;3420;5;2;99.57
10264;3420;32;3;65.71
10265;3420;283;1;114.46
10266;3420;32;3;65.71
10267;3421;175;3;18.54
10268;3421;46;3;32.13
10269;3421;18;2;140.06
10270;3421;95;2;11.53
10271;3421;13;1;97.98
10272;3422;17;2;66.06
10273;3422;235;3;98.52
10274;3422;117;1;187.28
10275;3423;157;2;145.39
10276;3424;109;3;46.77
10277;3424;220;3;97.41
10278;3425;283;2;114.46
10279;3426;212;1;167.62
10280;3426;207;1;234.88
10281;3426;191;1;144.67
10282;3426;5;1;99.57
10283;3427;128;1;604.55
10284;3427;258;2;183.46
10285;3427;31;2;263.13
10286;3428;231;2;58.56
10287;3428;143;1;86.74
10288;3428;59;1;107.83
10289;3429;192;2;139.65
10290;3429;115;1;45.38
10291;3430;201;2;55.38
10292;3430;148;2;161.06
10293;3430;241;2;177.76
10294;3430;232;3;21.33
10295;3431;137;2;83.8
10296;3431;217;1;133.47
10297;3432;25;1;36.6
10298;3432;297;1;111.18
10299;3432;90;3;238.59
10300;3432;229;1;14.92
10301;3433;173;1;44.37
10302;3433;147;3;15.53
10303;3433;66;3;65.31
10304;3433;272;1;32.79
10305;3433;207;1;234.88
10306;3434;238;1;130.67
10307;3434;241;2;177.76
10308;3434;199;1;156.49
10309;3435;290;1;138.11
10310;3435;187;3;145.63
10311;3435;282;1;377.84
10312;3435;203;1;22.49
10313;3436;160;2;62.31
10314;3437;237;1;11.53
10315;3437;228;3;21.36
10316;3437;42;1;263.42
10317;3437;139;3;284.29
10318;3437;190;1;16.04
10319;3438;11;2;27.62
10320;3438;58;3;37.93
10321;3438;249;1;94.89
10322;3439;208;2;26.03
10323;3439;251;2;594.78
10324;3440;212;3;167.62
10325;3441;212;1;167.62
10326;3441;74;3;13.44
10327;3442;1;1;85.25
10328;3443;220;1;97.41
10329;3443;294;1;73.58
10330;3444;172;3;108.1
10331;3445;274;3;43.03
10332;3445;180;1;59.61
10333;3445;218;1;163.84
10334;3446;206;2;30.23
10335;3446;121;1;102.0
10336;3446;28;1;98.17
10337;3446;94;1;191.51
10338;3446;165;3;30.46
10339;3447;196;2;15.62
10340;3447;178;1;117.25
10341;3447;218;1;163.84
10342;3447;132;1;76.68
10343;3448;9;1;134.64
10344;3448;300;1;105.48
10345;3448;107;1;57.11
10346;3448;34;1;71.61
10347;3448;186;3;24.83
10348;3449;215;1;42.37
10349;3450;190;2;16.04
10350;3450;101;1;337.71
10351;3450;79;1;57.05
10352;3450;79;2;57.05
10353;3451;104;3;193.22
10354;3451;64;1;63.91
10355;3451;112;2;112.28
10356;3452;123;1;70.77
10357;3453;151;3;14.87
10358;3454;125;3;136.07
10359;3454;72;3;136.88
10360;3454;191;1;144.67
10361;3455;246;1;105.53
10362;3455;300;3;105.48
10363;3456;220;3;97.41
10364;3456;217;3;133.47
10365;3456;297;3;111.18
10366;3457;95;2;11.53
10367;3457;26;2;73.19
10368;3457;198;1;53.21
10369;3458;250;3;45.33
10370;3458;280;1;194.11
10371;3458;265;3;194.8
10372;3459;210;2;230.86
10373;3459;183;3;83.98
10374;3459;203;2;22.49
10375;3459;261;1;138.08
10376;3459;98;3;156.09
10377;3460;132;2;76.68
10378;3460;3;1;355.2
10379;3461;60;3;69.22
10380;3461;129;2;59.78
10381;3461;203;1;22.49
10382;3461;32;3;65.71
10383;3462;80;2;16.51
10384;3462;200;1;209.0
10385;3462;157;1;145.39
10386;3462;60;1;69.22
10387;3462;106;3;63.95
10388;3463;152;3;210.67
10389;3463;1;1;85.25
10390;3463;108;2;53.06
10391;3463;83;2;28.81
10392;3464;60;3;69.22
10393;3464;252;2;124.2
10394;3465;157;1;145.39
10395;3465;191;1;144.67
10396;3465;44;1;46.23
10397;3466;89;3;376.3
10398;3466;56;2;84.93
10399;3466;17;1;66.06
10400;3467;1;1;85.25
10401;3467;284;1;66.65
10402;3467;275;3;167.5
10403;3467;101;3;337.71
10404;3468;289;2;36.82
10405;3469;76;3;23.8
10406;3469;196;3;15.62
10407;3470;268;1;22.25
10408;3470;159;2;56.32
10409;3470;250;3;45.33
10410;3470;173;2;44.37
10411;3470;177;1;190.69
10412;3471;180;1;59.61
10413;3471;294;2;73.58
10414;3471;201;2;55.38
10415;3471;233;3;153.83
10416;3471;215;2;42.37
10417;3472;208;2;26.03
10418;3472;254;1;92.06
10419;3473;266;3;78.95
10420;3473;278;2;58.03
10421;3473;135;3;23.48
10422;3473;4;1;15.69
10423;3473;22;3;231.52
10424;3474;129;1;59.78
10425;3474;251;2;594.78
10426;3474;232;2;21.33
10427;3475;229;1;14.92
10428;3475;281;2;13.59
10429;3475;241;2;177.76
10430;3476;257;3;75.87
10431;3477;120;2;44.38
10432;3477;119;1;52.95
10433;3477;262;2;203.02
10434;3477;62;1;77.66
10435;3477;297;3;111.18
10436;3478;51;3;69.12
10437;3478;187;2;145.63
10438;3478;252;1;124.2
10439;3479;264;1;22.18
10440;3479;109;2;46.77
10441;3480;98;2;156.09
10442;3481;215;1;42.37
10443;3481;290;1;138.11
10444;3481;113;1;261.82
10445;3481;299;3;93.25
10446;3482;235;1;98.52
10447;3482;72;1;136.88
10448;3483;232;1;21.33
10449;3483;22;2;231.52
10450;3483;213;2;29.38
10451;3483;184;2;75.61
10452;3484;166;2;36.18
10453;3484;35;2;57.55
10454;3485;88;2;271.98
10455;3485;43;1;27.58
10456;3486;129;1;59.78
10457;3486;83;1;28.81
10458;3486;176;1;23.46
10459;3487;197;3;109.76
10460;3487;293;3;32.93
10461;3487;263;1;58.98
10462;3487;189;2;298.51
10463;3487;282;2;377.84
10464;3488;102;2;79.45
10465;3488;49;1;49.52
10466;3488;297;1;111.18
10467;3489;105;1;19.14
10468;3490;137;1;83.8
10469;3490;86;2;68.41
10470;3491;198;3;53.21
10471;3491;128;3;604.55
10472;3491;139;2;284.29
10473;3492;79;3;57.05
10474;3492;260;2;183.92
10475;3492;196;3;15.62
10476;3492;120;2;44.38
10477;3492;4;1;15.69
10478;3493;109;2;46.77
10479;3494;298;1;95.71
10480;3494;129;2;59.78
10481;3495;51;2;69.12
10482;3495;276;1;77.1
10483;3495;158;1;219.43
10484;3495;245;3;88.8
10485;3495;299;2;93.25
10486;3496;69;3;100.84
10487;3496;180;1;59.61
10488;3497;274;1;43.03
10489;3497;46;2;32.13
10490;3497;184;1;75.61
10491;3497;62;1;77.66
10492;3497;20;3;27.74
10493;3498;46;3;32.13
10494;3499;26;3;73.19
10495;3500;252;3;124.2
10496;3501;225;3;14.43
10497;3501;62;1;77.66
10498;3502;269;2;27.35
10499;3502;225;2;14.43
10500;3502;239;1;89.88
10501;3502;163;1;127.95
10502;3502;74;2;13.44
10503;3503;42;2;263.42
10504;3503;182;1;96.28
10505;3503;69;3;100.84
10506;3504;286;1;23.1
10507;3504;200;2;209.0
10508;3504;78;2;18.59
10509;3504;269;2;27.35
10510;3505;216;2;265.62
10511;3505;76;2;23.8
10512;3505;27;1;257.64
10513;3505;211;3;253.01
10514;3506;139;2;284.29
10515;3507;22;3;231.52
10516;3507;160;1;62.31
10517;3507;253;2;62.5
10518;3507;120;1;44.38
10519;3508;114;3;81.1
10520;3509;291;1;67.09
10521;3509;162;2;265.52
10522;3509;119;1;52.95
10523;3509;69;2;100.84
10524;3510;113;3;261.82
10525;3511;258;1;183.46
10526;3511;80;2;16.51
10527;3512;111;1;28.98
10528;3512;109;3;46.77
10529;3512;7;3;435.46
10530;3512;98;1;156.09
10531;3512;233;3;153.83
10532;3513;201;3;55.38
10533;3513;89;2;376.3
10534;3513;223;3;12.9
10535;3513;130;2;138.45
10536;3514;38;2;136.67
10537;3515;229;2;14.92
10538;3515;38;3;136.67
10539;3515;159;3;56.32
10540;3515;66;1;65.31
10541;3515;252;1;124.2
10542;3516;27;2;257.64
10543;3516;41;1;202.78
10544;3516;258;1;183.46
10545;3517;178;3;117.25
10546;3517;88;3;271.98
10547;3517;2;2;169.54
10548;3518;156;2;51.61
10549;3518;162;2;265.52
10550;3518;253;3;62.5
10551;3518;104;1;193.22
10552;3519;221;2;182.12
10553;3519;69;1;100.84
10554;3519;224;3;289.95
10555;3519;173;1;44.37
10556;3520;87;3;172.22
10557;3520;70;2;99.53
10558;3521;136;3;77.12
10559;3521;67;1;41.38
10560;3521;146;2;35.44
10561;3521;58;3;37.93
10562;3521;64;2;63.91
10563;3522;67;2;41.38
10564;3522;50;2;63.53
10565;3522;7;2;435.46
10566;3522;65;3;165.71
10567;3522;222;1;207.75
10568;3523;64;2;63.91
10569;3523;168;2;36.16
10570;3523;117;2;187.28
10571;3523;189;2;298.51
10572;3523;118;2;365.76
10573;3524;95;3;11.53
10574;3524;296;1;31.73
10575;3525;283;1;114.46
10576;3525;27;1;257.64
10577;3525;243;1;23.3
10578;3525;93;1;177.34
10579;3526;236;3;27.58
10580;3526;147;3;15.53
10581;3526;256;3;229.2
10582;3526;67;2;41.38
10583;3526;2;3;169.54
10584;3527;131;1;94.96
10585;3527;43;2;27.58
10586;3527;236;3;27.58
10587;3527;11;3;27.62
10588;3528;196;1;15.62
10589;3528;202;1;84.57
10590;3528;163;1;127.95
10591;3529;296;2;31.73
10592;3529;164;1;38.45
10593;3529;250;1;45.33
10594;3529;300;2;105.48
10595;3529;157;1;145.39
10596;3530;271;3;134.08
10597;3530;49;2;49.52
10598;3530;85;2;276.27
10599;3530;125;1;136.07
10600;3530;250;3;45.33
10601;3531;284;1;66.65
10602;3531;88;2;271.98
10603;3532;174;1;16.75
10604;3532;122;3;159.31
10605;3532;299;3;93.25
10606;3532;76;2;23.8
10607;3533;5;1;99.57
10608;3533;49;3;49.52
10609;3533;166;2;36.18
10610;3533;165;3;30.46
10611;3534;73;1;47.55
10612;3534;11;3;27.62
10613;3535;267;3;23.63
10614;3536;59;3;107.83
10615;3536;69;3;100.84
10616;3536;242;1;66.96
10617;3537;104;2;193.22
10618;3537;100;2;36.47
10619;3537;29;2;33.59
10620;3537;73;1;47.55
10621;3538;88;1;271.98
10622;3538;179;2;16.67
10623;3538;272;1;32.79
10624;3538;251;1;594.78
10625;3539;179;1;16.67
10626;3539;205;1;54.75
10627;3539;70;3;99.53
10628;3539;264;3;22.18
10629;3539;18;1;140.06
10630;3540;257;2;75.87
10631;3540;188;2;221.91
10632;3540;83;3;28.81
10633;3541;281;2;13.59
10634;3541;89;1;376.3
10635;3541;24;3;171.7
10636;3542;197;1;109.76
10637;3542;48;1;214.66
10638;3543;204;1;63.94
10639;3543;23;2;17.91
10640;3544;188;1;221.91
10641;3544;46;2;32.13
10642;3544;136;3;77.12
10643;3544;207;2;234.88
10644;3545;291;3;67.09
10645;3546;278;2;58.03
10646;3546;113;2;261.82
10647;3547;233;2;153.83
10648;3547;59;3;107.83
10649;3547;44;3;46.23
10650;3547;76;1;23.8
10651;3547;24;1;171.7
10652;3548;191;1;144.67
10653;3548;272;2;32.79
10654;3548;134;3;60.38
10655;3548;88;1;271.98
10656;3549;127;2;28.04
10657;3549;184;1;75.61
10658;3549;238;1;130.67
10659;3549;281;2;13.59
10660;3549;260;1;183.92
10661;3550;295;3;401.67
10662;3550;56;2;84.93
10663;3550;224;3;289.95
10664;3551;294;1;73.58
10665;3551;117;1;187.28
10666;3551;204;1;63.94
10667;3551;182;3;96.28
10668;3551;107;1;57.11
10669;3552;24;2;171.7
10670;3552;282;3;377.84
10671;3553;117;1;187.28
10672;3553;207;3;234.88
10673;3553;282;3;377.84
10674;3554;275;1;167.5
10675;3554;223;3;12.9
10676;3554;299;1;93.25
10677;3554;286;3;23.1
10678;3555;86;3;68.41
10679;3555;226;2;105.33
10680;3555;123;1;70.77
10681;3555;12;3;58.48
10682;3556;167;3;40.59
10683;3556;52;3;198.57
10684;3556;111;1;28.98
10685;3557;41;3;202.78
10686;3557;242;1;66.96
10687;3557;52;3;198.57
10688;3558;71;1;104.37
10689;3558;33;3;98.43
10690;3558;237;2;11.53
10691;3558;40;3;165.59
10692;3558;73;1;47.55
10693;3559;94;3;191.51
10694;3559;35;2;57.55
10695;3559;297;3;111.18
10696;3559;135;3;23.48
10697;3560;63;3;81.7
10698;3560;281;3;13.59
10699;3560;75;1;176.39
10700;3560;52;1;198.57
10701;3560;229;1;14.92
10702;3561;120;1;44.38
10703;3561;130;2;138.45
10704;3561;95;2;11.53
10705;3561;263;2;58.98
10706;3562;251;3;594.78
10707;3562;208;3;26.03
10708;3562;198;1;53.21
10709;3562;276;3;77.1
10710;3562;223;1;12.9
10711;3563;61;1;251.37
10712;3563;120;3;44.38
10713;3563;289;1;36.82
10714;3563;166;1;36.18
10715;3564;88;3;271.98
10716;3564;110;1;33.58
10717;3564;240;2;115.21
10718;3564;233;1;153.83
10719;3565;79;3;57.05
10720;3565;118;2;365.76
10721;3565;40;3;165.59
10722;3565;20;1;27.74
10723;3566;52;1;198.57
10724;3566;140;3;35.81
10725;3566;26;1;73.19
10726;3566;214;2;180.06
10727;3566;89;2;376.3
10728;3567;194;3;39.16
10729;3568;203;2;22.49
10730;3568;232;1;21.33
10731;3569;109;1;46.77
10732;3569;4;2;15.69
10733;3569;7;1;435.46
10734;3569;231;3;58.56
10735;3569;234;3;199.16
10736;3570;31;2;263.13
10737;3570;265;2;194.8
10738;3570;58;2;37.93
10739;3570;291;1;67.09
10740;3571;272;1;32.79
10741;3571;240;2;115.21
10742;3571;101;2;337.71
10743;3571;8;1;295.75
10744;3572;60;1;69.22
10745;3572;201;2;55.38
10746;3573;228;2;21.36
10747;3573;250;2;45.33
10748;3573;96;2;318.43
10749;3574;299;3;93.25
10750;3574;291;3;67.09
10751;3574;43;2;27.58
10752;3575;109;2;46.77
10753;3575;223;1;12.9
10754;3575;74;2;13.44
10755;3575;17;1;66.06
10756;3575;195;1;145.55
10757;3576;178;2;117.25
10758;3576;247;1;280.92
10759;3576;193;1;303.95
10760;3576;29;2;33.59
10761;3577;97;3;160.55
10762;3577;60;3;69.22
10763;3578;22;2;231.52
10764;3578;39;3;42.14
10765;3578;236;2;27.58
10766;3578;300;2;105.48
10767;3578;130;2;138.45
10768;3579;194;3;39.16
10769;3580;274;1;43.03
10770;3580;88;1;271.98
10771;3580;8;1;295.75
10772;3581;3;1;355.2
10773;3582;2;1;169.54
10774;3582;15;2;110.9
10775;3582;99;3;18.5
10776;3583;73;2;47.55
10777;3583;172;3;108.1
10778;3583;253;3;62.5
10779;3583;224;2;289.95
10780;3583;241;3;177.76
10781;3584;67;1;41.38
10782;3584;108;1;53.06
10783;3585;222;1;207.75
10784;3585;282;3;377.84
10785;3585;16;1;135.22
10786;3585;93;2;177.34
10787;3585;199;2;156.49
10788;3586;71;2;104.37
10789;3586;84;1;56.46
10790;3586;294;3;73.58
10791;3586;120;3;44.38
10792;3587;115;1;45.38
10793;3587;248;2;278.21
10794;3587;166;1;36.18
10795;3588;230;3;163.67
10796;3589;108;3;53.06
10797;3590;25;2;36.6
10798;3590;4;3;15.69
10799;3591;261;1;138.08
10800;3592;118;1;365.76
10801;3592;8;3;295.75
10802;3592;81;1;83.86
10803;3592;64;1;63.91
10804;3592;149;2;112.47
10805;3593;207;2;234.88
10806;3593;194;2;39.16
10807;3593;131;1;94.96
10808;3594;182;1;96.28
10809;3594;276;1;77.1
10810;3594;222;1;207.75
10811;3595;29;1;33.59
10812;3595;179;3;16.67
10813;3595;33;3;98.43
10814;3596;84;1;56.46
10815;3596;33;1;98.43
10816;3596;292;1;115.69
10817;3596;45;1;206.86
10818;3596;137;2;83.8
10819;3597;238;3;130.67
10820;3598;220;1;97.41
10821;3598;27;2;257.64
10822;3598;105;3;19.14
10823;3598;108;3;53.06
10824;3599;266;3;78.95
10825;3599;117;1;187.28
10826;3599;126;3;333.38
10827;3599;198;1;53.21
10828;3599;190;3;16.04
10829;3600;144;1;46.76
10830;3600;113;1;261.82
10831;3600;42;3;263.42
10832;3600;42;1;263.42
10833;3600;244;3;291.31
10834;3601;228;3;21.36
10835;3601;297;1;111.18
10836;3601;193;3;303.95
10837;3601;289;2;36.82
10838;3602;127;2;28.04
10839;3603;48;3;214.66
10840;3603;245;1;88.8
10841;3604;234;1;199.16
10842;3604;150;3;51.66
10843;3604;124;2;109.44
10844;3604;104;1;193.22
10845;3604;212;3;167.62
10846;3605;261;3;138.08
10847;3605;237;2;11.53
10848;3605;42;3;263.42
10849;3605;190;3;16.04
10850;3606;263;1;58.98
10851;3606;114;1;81.1
10852;3607;95;2;11.53
10853;3607;270;2;149.02
10854;3607;200;1;209.0
10855;3607;261;2;138.08
10856;3607;34;1;71.61
10857;3608;195;3;145.55
10858;3608;296;2;31.73
10859;3608;218;1;163.84
10860;3609;274;1;43.03
10861;3609;121;3;102.0
10862;3610;228;2;21.36
10863;3610;72;2;136.88
10864;3610;141;3;62.63
10865;3611;150;2;51.66
10866;3612;140;3;35.81
10867;3612;291;1;67.09
10868;3612;13;3;97.98
10869;3613;47;1;10.35
10870;3614;14;1;139.17
10871;3614;61;2;251.37
10872;3615;170;1;22.32
10873;3615;183;2;83.98
10874;3615;108;3;53.06
10875;3616;56;2;84.93
10876;3616;148;2;161.06
10877;3616;20;1;27.74
10878;3616;280;1;194.11
10879;3617;208;3;26.03
10880;3617;5;1;99.57
10881;3617;223;2;12.9
10882;3617;213;3;29.38
10883;3617;207;3;234.88
10884;3618;266;3;78.95
10885;3618;171;1;59.0
10886;3618;233;3;153.83
10887;3618;53;2;51.23
10888;3619;258;2;183.46
10889;3619;2;1;169.54
10890;3619;282;3;377.84
10891;3619;175;2;18.54
10892;3620;8;1;295.75
10893;3620;286;3;23.1
10894;3620;259;1;193.37
10895;3620;13;3;97.98
10896;3621;172;2;108.1
10897;3621;34;3;71.61
10898;3621;61;1;251.37
10899;3621;31;2;263.13
10900;3622;97;2;160.55
10901;3622;293;1;32.93
10902;3623;29;2;33.59
10903;3623;115;2;45.38
10904;3623;84;2;56.46
10905;3624;265;3;194.8
10906;3624;71;2;104.37
10907;3625;171;3;59.0
10908;3626;200;3;209.0
10909;3626;81;3;83.86
10910;3626;296;1;31.73
10911;3626;58;2;37.93
10912;3626;201;3;55.38
10913;3627;79;1;57.05
10914;3627;13;2;97.98
10915;3628;218;3;163.84
10916;3628;189;1;298.51
10917;3629;40;1;165.59
10918;3630;116;2;27.34
10919;3630;109;3;46.77
10920;3630;53;1;51.23
10921;3631;46;1;32.13
10922;3631;221;3;182.12
10923;3631;259;3;193.37
10924;3631;29;1;33.59
10925;3632;22;2;231.52
10926;3632;54;2;232.82
10927;3632;89;3;376.3
10928;3633;231;1;58.56
10929;3634;235;1;98.52
10930;3634;241;1;177.76
10931;3634;57;2;49.4
10932;3635;288;3;430.61
10933;3635;150;3;51.66
10934;3636;109;2;46.77
10935;3636;122;3;159.31
10936;3637;157;2;145.39
10937;3637;121;1;102.0
10938;3637;170;2;22.32
10939;3638;170;3;22.32
10940;3638;21;3;27.77
10941;3638;102;1;79.45
10942;3639;135;2;23.48
10943;3639;257;3;75.87
10944;3640;83;2;28.81
10945;3641;168;2;36.16
10946;3641;284;3;66.65
10947;3641;279;3;52.64
10948;3642;5;1;99.57
10949;3642;285;3;108.9
10950;3642;223;3;12.9
10951;3642;164;1;38.45
10952;3643;22;2;231.52
10953;3643;1;1;85.25
10954;3643;197;1;109.76
10955;3644;199;2;156.49
10956;3644;14;1;139.17
10957;3644;104;1;193.22
10958;3645;285;3;108.9
10959;3646;73;1;47.55
10960;3646;7;1;435.46
10961;3647;95;2;11.53
10962;3647;45;1;206.86
10963;3647;201;1;55.38
10964;3647;173;3;44.37
10965;3647;107;1;57.11
10966;3648;273;1;197.68
10967;3649;222;3;207.75
10968;3649;232;1;21.33
10969;3649;190;3;16.04
10970;3649;186;1;24.83
10971;3650;96;2;318.43
10972;3650;39;2;42.14
10973;3651;1;3;85.25
10974;3651;258;3;183.46
10975;3651;2;3;169.54
10976;3651;196;2;15.62
10977;3651;36;3;35.27
10978;3652;184;1;75.61
10979;3652;119;3;52.95
10980;3652;252;1;124.2
10981;3652;221;3;182.12
10982;3652;94;1;191.51
10983;3653;120;3;44.38
10984;3653;16;2;135.22
10985;3653;264;1;22.18
10986;3653;239;2;89.88
10987;3654;142;2;26.83
10988;3655;39;3;42.14
10989;3655;191;1;144.67
10990;3656;115;3;45.38
10991;3656;98;3;156.09
10992;3656;143;3;86.74
10993;3656;1;1;85.25
10994;3657;103;1;60.73
10995;3658;273;3;197.68
10996;3658;33;2;98.43
10997;3658;1;2;85.25
10998;3658;49;1;49.52
10999;3659;148;3;161.06
11000;3659;214;2;180.06
11001;3660;114;1;81.1
11002;3660;154;1;276.99
11003;3661;2;2;169.54
11004;3661;24;1;171.7
11005;3661;154;1;276.99
11006;3662;128;3;604.55
11007;3662;9;1;134.64
11008;3662;227;2;128.22
11009;3663;99;2;18.5
11010;3663;16;3;135.22
11011;3663;286;3;23.1
11012;3663;49;3;49.52
11013;3663;145;2;77.19
11014;3664;21;1;27.77
11015;3664;14;2;139.17
11016;3664;205;2;54.75
11017;3664;294;1;73.58
11018;3665;223;3;12.9
11019;3666;170;2;22.32
11020;3666;227;3;128.22
11021;3666;211;1;253.01
11022;3666;82;2;115.88
11023;3667;151;1;14.87
11024;3667;287;2;82.17
11025;3667;140;3;35.81
11026;3667;124;1;109.44
11027;3667;51;1;69.12
11028;3668;66;2;65.31
11029;3668;261;2;138.08
11030;3668;111;2;28.98
11031;3668;182;3;96.28
11032;3668;159;3;56.32
11033;3669;210;3;230.86
11034;3669;126;2;333.38
11035;3669;10;3;83.77
11036;3669;105;1;19.14
11037;3669;222;2;207.75
11038;3670;189;1;298.51
11039;3670;102;2;79.45
11040;3671;24;1;171.7
11041;3671;101;1;337.71
11042;3672;159;2;56.32
11043;3672;18;1;140.06
11044;3673;168;1;36.16
11045;3674;170;3;22.32
11046;3674;47;2;10.35
11047;3674;190;2;16.04
11048;3675;268;2;22.25
11049;3675;181;1;42.65
11050;3675;49;1;49.52
11051;3675;205;1;54.75
11052;3676;297;3;111.18
11053;3676;175;2;18.54
11054;3677;221;3;182.12
11055;3677;208;1;26.03
11056;3678;252;3;124.2
11057;3678;65;3;165.71
11058;3678;187;2;145.63
11059;3678;57;3;49.4
11060;3679;77;1;137.95
11061;3679;199;2;156.49
11062;3679;128;1;604.55
11063;3680;108;1;53.06
11064;3680;166;1;36.18
11065;3681;276;1;77.1
11066;3681;193;2;303.95
11067;3681;225;1;14.43
11068;3681;217;2;133.47
11069;3681;21;1;27.77
11070;3682;61;3;251.37
11071;3682;80;3;16.51
11072;3682;171;3;59.0
11073;3682;85;1;276.27
11074;3682;3;1;355.2
11075;3683;96;1;318.43
11076;3684;85;1;276.27
11077;3684;228;1;21.36
11078;3684;75;3;176.39
11079;3685;255;3;63.76
11080;3686;259;1;193.37
11081;3686;36;2;35.27
11082;3686;111;2;28.98
11083;3687;89;2;376.3
11084;3688;219;2;18.89
11085;3688;150;1;51.66
11086;3688;155;1;75.12
11087;3688;158;1;219.43
11088;3689;276;3;77.1
11089;3689;187;2;145.63
11090;3689;198;1;53.21
11091;3689;289;1;36.82
11092;3689;112;2;112.28
11093;3690;76;3;23.8
11094;3690;244;3;291.31
11095;3691;157;3;145.39
11096;3691;156;3;51.61
11097;3691;148;1;161.06
11098;3691;286;2;23.1
11099;3692;142;3;26.83
11100;3692;200;1;209.0
11101;3693;48;3;214.66
11102;3693;118;2;365.76
11103;3693;138;1;32.55
11104;3694;228;1;21.36
11105;3694;162;1;265.52
11106;3694;227;2;128.22
11107;3694;217;2;133.47
11108;3695;297;1;111.18
11109;3695;106;2;63.95
11110;3695;44;1;46.23
11111;3696;16;2;135.22
11112;3696;257;2;75.87
11113;3696;197;2;109.76
11114;3696;288;3;430.61
11115;3697;117;2;187.28
11116;3697;273;2;197.68
11117;3698;122;1;159.31
11118;3698;300;2;105.48
11119;3698;67;3;41.38
11120;3699;65;2;165.71
11121;3699;281;2;13.59
11122;3699;158;1;219.43
11123;3699;223;2;12.9
11124;3699;57;3;49.4
11125;3700;169;3;117.44
11126;3700;41;2;202.78
11127;3700;98;1;156.09
11128;3701;47;1;10.35
11129;3701;56;3;84.93
11130;3701;295;3;401.67
11131;3701;271;3;134.08
11132;3702;29;3;33.59
11133;3702;171;2;59.0
11134;3702;143;1;86.74
11135;3702;291;3;67.09
11136;3702;5;3;99.57
11137;3703;174;1;16.75
11138;3704;172;2;108.1
11139;3705;296;3;31.73
11140;3705;270;3;149.02
11141;3706;78;1;18.59
11142;3706;163;2;127.95
11143;3706;31;2;263.13
11144;3706;37;1;125.9
11145;3707;96;3;318.43
11146;3707;255;2;63.76
11147;3707;297;2;111.18
11148;3707;174;2;16.75
11149;3708;288;1;430.61
11150;3708;114;1;81.1
11151;3708;291;3;67.09
11152;3709;286;2;23.1
11153;3709;41;3;202.78
11154;3709;296;1;31.73
11155;3710;71;1;104.37
11156;3710;36;3;35.27
11157;3711;79;2;57.05
11158;3712;295;1;401.67
11159;3712;188;2;221.91
11160;3713;283;2;114.46
11161;3713;113;3;261.82
11162;3713;252;3;124.2
11163;3713;186;1;24.83
11164;3713;179;1;16.67
11165;3714;178;1;117.25
11166;3714;94;3;191.51
11167;3714;241;1;177.76
11168;3714;264;1;22.18
11169;3714;78;1;18.59
11170;3715;185;3;47.76
11171;3715;79;1;57.05
11172;3715;95;2;11.53
11173;3716;36;1;35.27
11174;3716;223;3;12.9
11175;3717;76;2;23.8
11176;3717;138;1;32.55
11177;3718;166;1;36.18
11178;3718;31;3;263.13
11179;3718;102;1;79.45
11180;3718;145;3;77.19
11181;3718;281;3;13.59
11182;3719;13;3;97.98
11183;3719;231;1;58.56
11184;3719;133;3;129.76
11185;3719;277;2;141.51
11186;3719;8;3;295.75
11187;3720;213;3;29.38
11188;3720;220;2;97.41
11189;3721;245;3;88.8
11190;3721;56;1;84.93
11191;3721;84;1;56.46
11192;3722;6;3;124.34
11193;3722;205;1;54.75
11194;3723;94;1;191.51
11195;3723;97;2;160.55
11196;3724;27;2;257.64
11197;3724;39;3;42.14
11198;3725;27;1;257.64
11199;3726;266;1;78.95
11200;3726;10;2;83.77
11201;3726;280;2;194.11
11202;3726;15;3;110.9
11203;3727;218;2;163.84
11204;3727;42;1;263.42
11205;3727;277;2;141.51
11206;3727;233;3;153.83
11207;3727;169;1;117.44
11208;3728;60;1;69.22
11209;3729;168;3;36.16
11210;3730;58;2;37.93
11211;3731;65;3;165.71
11212;3731;101;1;337.71
11213;3731;141;1;62.63
11214;3731;79;2;57.05
11215;3732;226;1;105.33
11216;3733;202;2;84.57
11217;3733;175;3;18.54
11218;3734;158;1;219.43
11219;3734;113;1;261.82
11220;3734;65;1;165.71
11221;3734;225;3;14.43
11222;3735;241;2;177.76
11223;3735;265;2;194.8
11224;3735;51;2;69.12
11225;3735;169;2;117.44
11226;3736;68;3;208.07
11227;3736;21;2;27.77
11228;3737;199;2;156.49
11229;3737;153;3;28.61
11230;3737;128;1;604.55
11231;3737;11;1;27.62
11232;3737;42;1;263.42
11233;3738;287;1;82.17
11234;3738;141;2;62.63
11235;3738;280;2;194.11
11236;3738;91;1;48.19
11237;3738;103;3;60.73
11238;3739;72;1;136.88
11239;3739;108;3;53.06
11240;3739;207;1;234.88
11241;3740;88;2;271.98
11242;3741;13;2;97.98
11243;3741;252;2;124.2
11244;3742;37;1;125.9
11245;3743;94;1;191.51
11246;3743;224;3;289.95
11247;3743;10;2;83.77
11248;3744;239;1;89.88
11249;3745;205;2;54.75
11250;3745;261;2;138.08
11251;3745;231;2;58.56
11252;3745;16;3;135.22
11253;3745;114;1;81.1
11254;3746;169;2;117.44
11255;3746;238;2;130.67
11256;3746;171;1;59.0
11257;3746;197;3;109.76
11258;3747;130;1;138.45
11259;3747;197;3;109.76
11260;3747;171;2;59.0
11261;3747;19;3;25.52
11262;3747;36;1;35.27
11263;3748;283;3;114.46
11264;3748;249;2;94.89
11265;3748;199;1;156.49
11266;3748;138;2;32.55
11267;3749;220;2;97.41
11268;3750;229;1;14.92
11269;3750;247;2;280.92
11270;3750;15;1;110.9
11271;3751;43;2;27.58
11272;3751;86;2;68.41
11273;3752;103;1;60.73
11274;3752;238;2;130.67
11275;3752;71;3;104.37
11276;3752;219;3;18.89
11277;3752;48;1;214.66
11278;3753;267;2;23.63
11279;3753;177;1;190.69
11280;3753;246;2;105.53
11281;3754;74;3;13.44
11282;3754;205;1;54.75
11283;3754;106;1;63.95
11284;3754;254;2;92.06
11285;3755;83;2;28.81
11286;3755;149;3;112.47
11287;3756;259;3;193.37
11288;3756;248;2;278.21
11289;3757;237;3;11.53
11290;3757;265;2;194.8
11291;3757;213;1;29.38
11292;3757;152;1;210.67
11293;3757;205;2;54.75
11294;3758;199;2;156.49
11295;3758;144;3;46.76
11296;3759;90;1;238.59
11297;3759;70;1;99.53
11298;3760;239;3;89.88
11299;3760;68;3;208.07
11300;3760;284;1;66.65
11301;3760;186;3;24.83
11302;3761;6;1;124.34
11303;3761;90;2;238.59
11304;3761;80;3;16.51
11305;3762;230;1;163.67
11306;3762;216;1;265.62
11307;3763;271;2;134.08
11308;3763;123;3;70.77
11309;3763;17;3;66.06
11310;3763;199;3;156.49
11311;3763;183;1;83.98
11312;3764;141;1;62.63
11313;3764;284;3;66.65
11314;3764;113;2;261.82
11315;3764;240;1;115.21
11316;3765;17;2;66.06
11317;3765;57;2;49.4
11318;3765;50;2;63.53
11319;3765;139;3;284.29
11320;3765;261;1;138.08
11321;3766;141;1;62.63
11322;3766;240;3;115.21
11323;3766;287;2;82.17
11324;3766;162;2;265.52
11325;3766;133;1;129.76
11326;3767;284;2;66.65
11327;3767;246;1;105.53
11328;3768;239;1;89.88
11329;3768;237;1;11.53
11330;3768;294;1;73.58
11331;3768;118;3;365.76
11332;3769;218;1;163.84
11333;3769;208;2;26.03
11334;3769;36;2;35.27
11335;3769;225;1;14.43
11336;3769;259;2;193.37
11337;3770;58;1;37.93
11338;3771;179;2;16.67
11339;3772;200;1;209.0
11340;3772;118;3;365.76
11341;3773;37;2;125.9
11342;3773;49;3;49.52
11343;3773;272;1;32.79
11344;3773;216;2;265.62
11345;3773;85;1;276.27
11346;3774;46;3;32.13
11347;3774;281;2;13.59
11348;3774;161;3;66.77
11349;3775;45;1;206.86
11350;3775;123;1;70.77
11351;3775;187;3;145.63
11352;3775;136;2;77.12
11353;3775;216;2;265.62
11354;3776;190;3;16.04
11355;3776;273;3;197.68
11356;3776;194;1;39.16
11357;3776;298;3;95.71
11358;3776;47;3;10.35
11359;3777;204;1;63.94
11360;3777;69;1;100.84
11361;3777;179;2;16.67
11362;3778;106;2;63.95
11363;3778;208;1;26.03
11364;3778;200;2;209.0
11365;3779;260;3;183.92
11366;3779;195;2;145.55
11367;3779;61;3;251.37
11368;3780;171;1;59.0
11369;3781;28;3;98.17
11370;3782;153;3;28.61
11371;3782;182;3;96.28
11372;3782;170;3;22.32
11373;3782;200;1;209.0
11374;3783;96;1;318.43
11375;3783;159;2;56.32
11376;3783;282;3;377.84
11377;3784;64;1;63.91
11378;3784;293;3;32.93
11379;3784;242;3;66.96
11380;3784;237;3;11.53
11381;3784;21;1;27.77
11382;3785;287;1;82.17
11383;3785;18;3;140.06
11384;3786;87;3;172.22
11385;3787;26;1;73.19
11386;3788;219;1;18.89
11387;3788;230;2;163.67
11388;3788;4;1;15.69
11389;3788;38;1;136.67
11390;3788;211;1;253.01
11391;3789;294;1;73.58
11392;3789;155;1;75.12
11393;3790;169;2;117.44
11394;3790;196;2;15.62
11395;3790;93;1;177.34
11396;3790;283;1;114.46
11397;3790;109;3;46.77
11398;3791;125;2;136.07
11399;3791;52;2;198.57
11400;3791;136;1;77.12
11401;3791;200;2;209.0
11402;3791;270;3;149.02
11403;3792;200;1;209.0
11404;3793;299;3;93.25
11405;3793;201;1;55.38
11406;3793;15;3;110.9
11407;3794;9;2;134.64
11408;3794;117;2;187.28
11409;3794;148;3;161.06
11410;3794;85;1;276.27
11411;3794;258;3;183.46
11412;3795;76;2;23.8
11413;3795;270;2;149.02
11414;3795;233;2;153.83
11415;3796;180;3;59.61
11416;3797;136;1;77.12
11417;3797;277;1;141.51
11418;3797;207;3;234.88
11419;3797;34;2;71.61
11420;3797;140;2;35.81
11421;3798;179;1;16.67
11422;3798;261;3;138.08
11423;3799;158;1;219.43
11424;3799;269;3;27.35
11425;3799;137;2;83.8
11426;3799;136;1;77.12
11427;3800;170;3;22.32
11428;3800;87;3;172.22
11429;3801;14;1;139.17
11430;3801;247;1;280.92
11431;3801;83;1;28.81
11432;3801;98;3;156.09
11433;3802;178;1;117.25
11434;3802;213;3;29.38
11435;3803;25;1;36.6
11436;3803;102;3;79.45
11437;3803;16;3;135.22
11438;3804;56;1;84.93
11439;3804;87;1;172.22
11440;3804;42;2;263.42
11441;3804;93;3;177.34
11442;3805;262;1;203.02
11443;3806;55;1;105.96
11444;3807;74;1;13.44
11445;3807;144;1;46.76
11446;3807;192;2;139.65
11447;3808;200;1;209.0
11448;3808;134;2;60.38
11449;3808;192;2;139.65
11450;3809;244;1;291.31
11451;3809;252;3;124.2
11452;3809;185;3;47.76
11453;3810;134;3;60.38
11454;3810;58;3;37.93
11455;3810;205;3;54.75
11456;3811;138;2;32.55
11457;3811;271;1;134.08
11458;3811;52;1;198.57
11459;3811;126;1;333.38
11460;3812;289;1;36.82
11461;3812;85;1;276.27
11462;3812;28;2;98.17
11463;3812;162;3;265.52
11464;3813;296;2;31.73
11465;3813;132;1;76.68
11466;3813;63;2;81.7
11467;3813;239;2;89.88
11468;3814;41;2;202.78
11469;3814;261;3;138.08
11470;3815;246;3;105.53
11471;3816;145;3;77.19
11472;3817;261;2;138.08
11473;3817;10;2;83.77
11474;3817;233;3;153.83
11475;3817;182;3;96.28
11476;3818;239;2;89.88
11477;3818;185;1;47.76
11478;3819;19;3;25.52
11479;3820;225;1;14.43
11480;3820;87;3;172.22
11481;3821;188;1;221.91
11482;3821;6;2;124.34
11483;3821;116;2;27.34
11484;3821;264;3;22.18
11485;3822;101;1;337.71
11486;3822;184;1;75.61
11487;3822;193;1;303.95
11488;3823;95;2;11.53
11489;3823;52;2;198.57
11490;3823;228;2;21.36
11491;3824;8;3;295.75
11492;3824;91;1;48.19
11493;3824;187;1;145.63
11494;3824;214;1;180.06
11495;3825;201;1;55.38
11496;3826;4;1;15.69
11497;3826;243;2;23.3
11498;3827;217;1;133.47
11499;3828;133;3;129.76
11500;3829;5;3;99.57
11501;3829;237;1;11.53
11502;3829;141;1;62.63
11503;3829;140;1;35.81
11504;3830;26;3;73.19
11505;3830;17;2;66.06
11506;3831;116;2;27.34
11507;3831;14;3;139.17
11508;3831;240;3;115.21
11509;3831;198;1;53.21
11510;3832;298;3;95.71
11511;3832;145;2;77.19
11512;3832;103;1;60.73
11513;3833;114;3;81.1
11514;3834;60;2;69.22
11515;3834;42;3;263.42
11516;3835;120;2;44.38
11517;3836;153;3;28.61
11518;3837;238;3;130.67
11519;3837;24;3;171.7
11520;3837;192;1;139.65
11521;3838;181;1;42.65
11522;3838;100;2;36.47
11523;3838;46;1;32.13
11524;3838;94;1;191.51
11525;3838;46;1;32.13
11526;3839;87;2;172.22
11527;3839;292;2;115.69
11528;3839;257;2;75.87
11529;3840;208;2;26.03
11530;3840;182;2;96.28
11531;3841;265;3;194.8
11532;3841;114;1;81.1
11533;3842;258;3;183.46
11534;3842;55;3;105.96
11535;3843;234;3;199.16
11536;3844;98;2;156.09
11537;3845;20;1;27.74
11538;3846;83;3;28.81
11539;3846;64;1;63.91
11540;3846;41;2;202.78
11541;3847;23;3;17.91
11542;3847;291;3;67.09
11543;3847;227;1;128.22
11544;3847;229;3;14.92
11545;3848;249;1;94.89
11546;3848;108;2;53.06
11547;3849;268;1;22.25
11548;3850;200;1;209.0
11549;3850;239;2;89.88
11550;3850;64;3;63.91
11551;3850;204;2;63.94
11552;3850;205;2;54.75
11553;3851;299;1;93.25
11554;3851;13;3;97.98
11555;3851;138;2;32.55
11556;3851;197;3;109.76
11557;3851;247;1;280.92
11558;3852;242;2;66.96
11559;3852;155;3;75.12
11560;3852;25;1;36.6
11561;3853;102;2;79.45
11562;3853;278;2;58.03
11563;3854;292;3;115.69
11564;3854;142;2;26.83
11565;3855;35;1;57.55
11566;3856;142;2;26.83
11567;3856;25;3;36.6
11568;3856;249;3;94.89
11569;3856;114;3;81.1
11570;3857;188;2;221.91
11571;3857;154;1;276.99
11572;3857;261;1;138.08
11573;3857;144;3;46.76
11574;3857;106;3;63.95
11575;3858;130;3;138.45
11576;3858;127;2;28.04
11577;3858;216;2;265.62
11578;3858;215;3;42.37
11579;3858;117;2;187.28
11580;3859;112;3;112.28
11581;3859;121;2;102.0
11582;3860;47;3;10.35
11583;3860;68;1;208.07
11584;3860;163;3;127.95
11585;3861;182;1;96.28
11586;3861;23;1;17.91
11587;3861;59;3;107.83
11588;3861;8;1;295.75
11589;3861;272;3;32.79
11590;3862;160;2;62.31
11591;3862;227;2;128.22
11592;3863;291;3;67.09
11593;3863;242;2;66.96
11594;3864;275;1;167.5
11595;3865;215;1;42.37
11596;3865;273;3;197.68
11597;3865;143;3;86.74
11598;3866;263;2;58.98
11599;3867;235;2;98.52
11600;3867;80;3;16.51
11601;3868;270;3;149.02
11602;3868;126;1;333.38
11603;3868;98;1;156.09
11604;3868;143;2;86.74
11605;3869;267;2;23.63
11606;3869;292;2;115.69
11607;3869;141;2;62.63
11608;3869;251;3;594.78
11609;3869;164;2;38.45
11610;3870;18;1;140.06
11611;3871;256;1;229.2
11612;3871;228;1;21.36
11613;3871;44;3;46.23
11614;3871;263;2;58.98
11615;3872;2;3;169.54
11616;3872;72;2;136.88
11617;3872;4;1;15.69
11618;3873;79;1;57.05
11619;3874;199;2;156.49
11620;3874;253;3;62.5
11621;3875;106;3;63.95
11622;3875;57;2;49.4
11623;3875;298;3;95.71
11624;3875;235;3;98.52
11625;3876;284;2;66.65
11626;3876;61;2;251.37
11627;3876;134;3;60.38
11628;3877;133;3;129.76
11629;3877;168;3;36.16
11630;3877;273;2;197.68
11631;3877;181;3;42.65
11632;3878;79;3;57.05
11633;3878;103;3;60.73
11634;3878;170;1;22.32
11635;3878;140;1;35.81
11636;3879;157;3;145.39
11637;3879;142;1;26.83
11638;3879;125;1;136.07
11639;3880;295;1;401.67
11640;3880;196;3;15.62
11641;3880;276;1;77.1
11642;3881;55;1;105.96
11643;3881;55;3;105.96
11644;3881;135;2;23.48
11645;3881;76;3;23.8
11646;3881;52;1;198.57
11647;3882;146;3;35.44
11648;3882;12;3;58.48
11649;3883;287;1;82.17
11650;3883;70;1;99.53
11651;3883;273;3;197.68
11652;3883;280;2;194.11
11653;3884;54;3;232.82
11654;3884;169;3;117.44
11655;3884;122;3;159.31
11656;3885;100;1;36.47
11657;3885;218;1;163.84
11658;3885;196;3;15.62
11659;3885;194;3;39.16
11660;3885;164;1;38.45
11661;3886;75;3;176.39
11662;3886;26;3;73.19
11663;3886;210;3;230.86
11664;3886;200;2;209.0
11665;3887;221;3;182.12
11666;3888;182;1;96.28
11667;3888;22;1;231.52
11668;3888;250;2;45.33
11669;3888;237;2;11.53
11670;3889;214;1;180.06
11671;3889;232;2;21.33
11672;3889;277;2;141.51
11673;3889;12;3;58.48
11674;3890;256;1;229.2
11675;3890;49;2;49.52
11676;3890;167;1;40.59
11677;3890;186;1;24.83
11678;3891;36;3;35.27
11679;3891;171;3;59.0
11680;3891;298;2;95.71
11681;3892;232;3;21.33
11682;3892;15;1;110.9
11683;3892;24;2;171.7
11684;3892;2;1;169.54
11685;3892;267;1;23.63
11686;3893;18;2;140.06
11687;3893;8;1;295.75
11688;3894;109;2;46.77
11689;3895;170;3;22.32
11690;3895;292;2;115.69
11691;3895;220;3;97.41
11692;3895;44;3;46.23
11693;3895;34;3;71.61
11694;3896;228;1;21.36
11695;3896;244;1;291.31
11696;3897;86;3;68.41
11697;3897;73;1;47.55
11698;3897;128;2;604.55
11699;3898;181;2;42.65
11700;3898;78;2;18.59
11701;3898;188;1;221.91
11702;3898;78;2;18.59
11703;3899;169;2;117.44
11704;3899;213;1;29.38
11705;3900;134;3;60.38
11706;3900;294;1;73.58
11707;3900;165;3;30.46
11708;3900;202;2;84.57
11709;3901;283;2;114.46
11710;3902;266;3;78.95
11711;3902;271;3;134.08
11712;3903;101;2;337.71
11713;3903;284;2;66.65
11714;3903;52;2;198.57
11715;3904;178;1;117.25
11716;3904;264;2;22.18
11717;3905;274;3;43.03
11718;3905;266;3;78.95
11719;3905;91;3;48.19
11720;3906;89;1;376.3
11721;3906;243;2;23.3
11722;3907;157;2;145.39
11723;3907;218;1;163.84
11724;3907;197;2;109.76
11725;3907;33;2;98.43
11726;3907;157;2;145.39
11727;3908;117;3;187.28
11728;3908;128;2;604.55
11729;3908;238;3;130.67
11730;3908;145;2;77.19
11731;3909;205;2;54.75
11732;3909;32;1;65.71
11733;3909;287;1;82.17
11734;3909;148;3;161.06
11735;3909;141;2;62.63
11736;3910;68;3;208.07
11737;3910;106;1;63.95
11738;3910;101;2;337.71
11739;3910;251;1;594.78
11740;3911;261;3;138.08
11741;3912;243;2;23.3
11742;3912;82;1;115.88
11743;3912;167;3;40.59
11744;3913;155;2;75.12
11745;3914;42;2;263.42
11746;3914;240;3;115.21
11747;3914;197;1;109.76
11748;3914;17;2;66.06
11749;3915;220;2;97.41
11750;3915;245;3;88.8
11751;3915;35;1;57.55
11752;3915;241;1;177.76
11753;3915;1;1;85.25
11754;3916;143;2;86.74
11755;3916;53;3;51.23
11756;3916;14;3;139.17
11757;3916;220;2;97.41
11758;3916;158;1;219.43
11759;3917;211;1;253.01
11760;3917;111;2;28.98
11761;3917;110;1;33.58
11762;3917;141;2;62.63
11763;3917;36;1;35.27
11764;3918;156;2;51.61
11765;3918;99;2;18.5
11766;3918;62;1;77.66
11767;3919;269;2;27.35
11768;3919;54;2;232.82
11769;3920;224;1;289.95
11770;3920;167;2;40.59
11771;3920;239;1;89.88
11772;3921;248;2;278.21
11773;3921;238;3;130.67
11774;3921;132;1;76.68
11775;3922;111;3;28.98
11776;3922;80;3;16.51
11777;3922;76;2;23.8
11778;3923;60;3;69.22
11779;3923;233;1;153.83
11780;3923;264;3;22.18
11781;3923;75;2;176.39
11782;3923;174;3;16.75
11783;3924;42;2;263.42
11784;3924;64;1;63.91
11785;3924;211;1;253.01
11786;3925;127;2;28.04
11787;3926;278;2;58.03
11788;3926;262;1;203.02
11789;3926;171;3;59.0
11790;3926;247;2;280.92
11791;3926;3;1;355.2
11792;3927;225;3;14.43
11793;3927;268;1;22.25
11794;3927;116;2;27.34
11795;3927;54;3;232.82
11796;3927;237;3;11.53
11797;3928;276;2;77.1
11798;3928;93;1;177.34
11799;3929;297;1;111.18
11800;3930;111;2;28.98
11801;3930;209;1;110.99
11802;3930;221;1;182.12
11803;3930;288;2;430.61
11804;3930;202;3;84.57
11805;3931;55;2;105.96
11806;3931;227;1;128.22
11807;3931;143;3;86.74
11808;3931;270;3;149.02
11809;3932;58;1;37.93
11810;3932;23;3;17.91
11811;3933;5;3;99.57
11812;3933;199;3;156.49
11813;3933;159;3;56.32
11814;3933;59;2;107.83
11815;3934;104;1;193.22
11816;3934;252;3;124.2
11817;3934;34;2;71.61
11818;3934;76;1;23.8
11819;3934;175;1;18.54
11820;3935;191;1;144.67
11821;3936;10;2;83.77
11822;3937;70;1;99.53
11823;3937;138;1;32.55
11824;3937;78;3;18.59
11825;3937;281;2;13.59
11826;3938;25;3;36.6
11827;3939;140;1;35.81
11828;3939;179;2;16.67
11829;3939;115;1;45.38
11830;3940;290;3;138.11
11831;3940;51;3;69.12
11832;3940;297;1;111.18
11833;3941;110;1;33.58
11834;3942;72;3;136.88
11835;3942;73;2;47.55
11836;3943;57;3;49.4
11837;3943;120;3;44.38
11838;3943;127;2;28.04
11839;3944;285;1;108.9
11840;3945;274;1;43.03
11841;3946;35;1;57.55
11842;3947;284;3;66.65
11843;3948;80;1;16.51
11844;3949;263;3;58.98
11845;3949;288;1;430.61
11846;3949;286;2;23.1
11847;3950;204;1;63.94
11848;3950;255;1;63.76
11849;3950;279;1;52.64
11850;3950;86;1;68.41
11851;3951;220;2;97.41
11852;3951;277;2;141.51
11853;3951;224;1;289.95
11854;3952;50;3;63.53
11855;3952;90;3;238.59
11856;3953;233;3;153.83
11857;3953;34;2;71.61
11858;3954;114;2;81.1
11859;3954;271;2;134.08
11860;3954;63;3;81.7
11861;3954;82;3;115.88
11862;3954;26;1;73.19
11863;3955;147;3;15.53
11864;3955;14;1;139.17
11865;3955;297;2;111.18
11866;3956;205;1;54.75
11867;3956;218;1;163.84
11868;3956;6;2;124.34
11869;3957;46;3;32.13
11870;3957;254;3;92.06
11871;3957;82;1;115.88
11872;3958;229;2;14.92
11873;3959;121;1;102.0
11874;3959;237;3;11.53
11875;3959;259;3;193.37
11876;3959;185;2;47.76
11877;3960;213;1;29.38
11878;3960;259;3;193.37
11879;3960;204;2;63.94
11880;3960;249;3;94.89
11881;3960;110;3;33.58
11882;3961;33;2;98.43
11883;3961;115;2;45.38
11884;3961;166;2;36.18
11885;3962;32;3;65.71
11886;3962;93;3;177.34
11887;3962;176;2;23.46
11888;3963;264;1;22.18
11889;3963;142;3;26.83
11890;3963;223;1;12.9
11891;3963;198;1;53.21
11892;3964;72;1;136.88
11893;3964;264;1;22.18
11894;3964;243;2;23.3
11895;3964;25;1;36.6
11896;3965;185;3;47.76
11897;3965;273;1;197.68
11898;3965;186;2;24.83
11899;3965;62;3;77.66
11900;3966;169;2;117.44
11901;3966;242;2;66.96
11902;3966;271;1;134.08
11903;3967;125;3;136.07
11904;3968;166;1;36.18
11905;3969;111;3;28.98
11906;3969;6;3;124.34
11907;3970;237;1;11.53
11908;3971;178;3;117.25
11909;3971;181;3;42.65
11910;3971;296;1;31.73
11911;3971;217;3;133.47
11912;3971;150;2;51.66
11913;3972;200;2;209.0
11914;3972;145;3;77.19
11915;3972;279;3;52.64
11916;3973;64;1;63.91
11917;3973;275;3;167.5
11918;3973;39;2;42.14
11919;3974;16;2;135.22
11920;3974;201;2;55.38
11921;3974;143;2;86.74
11922;3975;136;3;77.12
11923;3976;209;2;110.99
11924;3976;203;3;22.49
11925;3977;117;3;187.28
11926;3977;125;1;136.07
11927;3978;26;2;73.19
11928;3978;251;2;594.78
11929;3978;80;1;16.51
11930;3978;180;3;59.61
11931;3978;270;3;149.02
11932;3979;160;1;62.31
11933;3979;189;3;298.51
11934;3979;162;3;265.52
11935;3979;43;2;27.58
11936;3979;212;2;167.62
11937;3980;270;3;149.02
11938;3980;277;2;141.51
11939;3980;130;1;138.45
11940;3981;278;1;58.03
11941;3981;43;3;27.58
11942;3981;289;2;36.82
11943;3982;294;2;73.58
11944;3982;164;3;38.45
11945;3982;262;1;203.02
11946;3982;116;2;27.34
11947;3982;58;2;37.93
11948;3983;54;1;232.82
11949;3983;294;1;73.58
11950;3984;51;3;69.12
11951;3985;246;3;105.53
11952;3985;203;2;22.49
11953;3985;97;3;160.55
11954;3986;169;2;117.44
11955;3986;228;1;21.36
11956;3987;21;2;27.77
11957;3987;9;3;134.64
11958;3987;151;1;14.87
11959;3987;171;2;59.0
11960;3987;195;2;145.55
11961;3988;71;2;104.37
11962;3988;109;2;46.77
11963;3989;265;3;194.8
11964;3989;290;2;138.11
11965;3990;19;2;25.52
11966;3990;189;2;298.51
11967;3990;169;1;117.44
11968;3991;99;1;18.5
11969;3991;27;3;257.64
11970;3991;254;1;92.06
11971;3992;7;3;435.46
11972;3992;164;2;38.45
11973;3993;107;2;57.11
11974;3993;51;2;69.12
11975;3993;114;1;81.1
11976;3993;141;1;62.63
11977;3993;101;2;337.71
11978;3994;98;3;156.09
11979;3994;240;1;115.21
11980;3994;182;1;96.28
11981;3994;200;2;209.0
11982;3995;189;3;298.51
11983;3995;129;1;59.78
11984;3995;2;2;169.54
11985;3996;8;2;295.75
11986;3996;214;2;180.06
11987;3996;189;2;298.51
11988;3996;125;3;136.07
11989;3996;10;2;83.77
11990;3997;96;2;318.43
11991;3998;35;2;57.55
11992;3998;13;2;97.98
11993;3999;85;2;276.27
11994;3999;146;2;35.44
11995;3999;61;2;251.37
11996;3999;182;3;96.28
11997;4000;48;3;214.66
11998;4000;45;2;206.86
11999;4000;53;3;51.23
12000;4000;144;2;46.76
12001;4001;72;1;136.88
12002;4001;143;3;86.74
12003;4002;60;1;69.22
12004;4003;152;1;210.67
12005;4003;94;2;191.51
12006;4003;141;2;62.63
12007;4003;170;1;22.32
12008;4004;207;1;234.88
12009;4004;150;2;51.66
12010;4004;300;1;105.48
12011;4004;132;3;76.68
12012;4005;20;2;27.74
12013;4006;24;3;171.7
12014;4007;201;3;55.38
12015;4007;123;1;70.77
12016;4007;21;2;27.77
12017;4007;176;3;23.46
12018;4008;217;2;133.47
12019;4008;117;2;187.28
12020;4008;194;2;39.16
12021;4009;220;2;97.41
12022;4009;222;1;207.75
12023;4009;91;1;48.19
12024;4009;28;3;98.17
12025;4010;140;1;35.81
12026;4010;208;2;26.03
12027;4010;151;1;14.87
12028;4010;74;3;13.44
12029;4010;11;1;27.62
12030;4011;279;3;52.64
12031;4011;53;1;51.23
12032;4012;50;2;63.53
12033;4013;213;3;29.38
12034;4014;214;1;180.06
12035;4015;23;1;17.91
12036;4015;50;1;63.53
12037;4015;207;1;234.88
12038;4015;175;2;18.54
12039;4016;261;3;138.08
12040;4016;126;1;333.38
12041;4016;122;1;159.31
12042;4016;75;3;176.39
12043;4016;90;1;238.59
12044;4017;228;3;21.36
12045;4017;31;2;263.13
12046;4017;2;3;169.54
12047;4018;47;2;10.35
12048;4018;95;2;11.53
12049;4018;173;2;44.37
12050;4018;284;1;66.65
12051;4018;131;1;94.96
12052;4019;226;3;105.33
12053;4019;175;1;18.54
12054;4020;30;3;43.42
12055;4020;230;1;163.67
12056;4021;29;2;33.59
12057;4022;203;2;22.49
12058;4022;158;1;219.43
12059;4022;240;3;115.21
12060;4022;83;3;28.81
12061;4023;169;2;117.44
12062;4023;178;1;117.25
12063;4024;49;3;49.52
12064;4024;179;1;16.67
12065;4025;83;2;28.81
12066;4025;248;1;278.21
12067;4025;34;2;71.61
12068;4025;249;2;94.89
12069;4025;85;2;276.27
12070;4026;152;3;210.67
12071;4026;74;3;13.44
12072;4026;3;3;355.2
12073;4026;12;1;58.48
12074;4027;285;3;108.9
12075;4028;204;2;63.94
12076;4028;59;3;107.83
12077;4028;180;3;59.61
12078;4028;45;1;206.86
12079;4029;193;3;303.95
12080;4029;184;2;75.61
12081;4029;240;3;115.21
12082;4030;98;1;156.09
12083;4031;285;1;108.9
12084;4031;247;3;280.92
12085;4031;200;1;209.0
12086;4031;6;3;124.34
12087;4032;9;1;134.64
12088;4032;291;1;67.09
12089;4032;127;2;28.04
12090;4032;212;2;167.62
12091;4032;177;2;190.69
12092;4033;250;2;45.33
12093;4034;214;2;180.06
12094;4034;167;1;40.59
12095;4034;126;3;333.38
12096;4035;94;3;191.51
12097;4035;216;2;265.62
12098;4035;262;1;203.02
12099;4035;113;2;261.82
12100;4036;51;1;69.12
12101;4037;75;3;176.39
12102;4037;153;2;28.61
12103;4037;186;3;24.83
12104;4037;92;3;338.54
12105;4038;150;1;51.66
12106;4038;102;3;79.45
12107;4038;237;3;11.53
12108;4039;125;2;136.07
12109;4039;297;3;111.18
12110;4039;232;2;21.33
12111;4040;297;2;111.18
12112;4040;10;2;83.77
12113;4041;164;1;38.45
12114;4042;214;1;180.06
12115;4043;219;1;18.89
12116;4044;276;1;77.1
12117;4045;275;2;167.5
12118;4045;153;1;28.61
12119;4045;97;1;160.55
12120;4046;22;3;231.52
12121;4046;116;3;27.34
12122;4046;61;1;251.37
12123;4046;199;2;156.49
12124;4047;168;1;36.16
12125;4047;28;1;98.17
12126;4047;168;1;36.16
12127;4047;152;1;210.67
12128;4048;1;2;85.25
12129;4048;206;2;30.23
12130;4048;293;3;32.93
12131;4048;108;3;53.06
12132;4049;172;2;108.1
12133;4049;209;2;110.99
12134;4049;127;2;28.04
12135;4049;32;3;65.71
12136;4049;259;1;193.37
12137;4050;184;2;75.61
12138;4051;104;3;193.22
12139;4051;234;3;199.16
12140;4052;120;1;44.38
12141;4052;116;3;27.34
12142;4052;275;2;167.5
12143;4053;201;3;55.38
12144;4053;103;2;60.73
12145;4054;261;2;138.08
12146;4054;234;2;199.16
12147;4054;208;2;26.03
12148;4055;54;3;232.82
12149;4055;267;2;23.63
12150;4056;70;3;99.53
12151;4056;10;2;83.77
12152;4057;112;2;112.28
12153;4057;260;2;183.92
12154;4057;265;2;194.8
12155;4057;45;1;206.86
12156;4057;149;3;112.47
12157;4058;228;2;21.36
12158;4058;210;1;230.86
12159;4059;140;3;35.81
12160;4059;282;3;377.84
12161;4060;82;1;115.88
12162;4061;180;2;59.61
12163;4062;129;1;59.78
12164;4062;160;1;62.31
12165;4062;230;3;163.67
12166;4062;206;2;30.23
12167;4062;112;1;112.28
12168;4063;17;3;66.06
12169;4063;205;3;54.75
12170;4063;41;2;202.78
12171;4063;35;3;57.55
12172;4064;274;2;43.03
12173;4064;137;3;83.8
12174;4064;164;3;38.45
12175;4065;50;1;63.53
12176;4065;101;1;337.71
12177;4065;136;3;77.12
12178;4065;135;1;23.48
12179;4066;102;3;79.45
12180;4066;139;1;284.29
12181;4066;212;2;167.62
12182;4066;181;3;42.65
12183;4067;15;2;110.9
12184;4067;110;2;33.58
12185;4067;111;1;28.98
12186;4067;206;3;30.23
12187;4067;85;1;276.27
12188;4068;59;1;107.83
12189;4068;84;1;56.46
12190;4069;38;1;136.67
12191;4069;153;2;28.61
12192;4070;115;1;45.38
12193;4070;239;2;89.88
12194;4070;69;3;100.84
12195;4070;37;2;125.9
12196;4070;185;1;47.76
12197;4071;84;3;56.46
12198;4071;255;2;63.76
12199;4071;170;1;22.32
12200;4071;179;2;16.67
12201;4072;141;1;62.63
12202;4073;49;2;49.52
12203;4073;126;1;333.38
12204;4073;22;3;231.52
12205;4073;147;2;15.53
12206;4074;281;1;13.59
12207;4075;100;1;36.47
12208;4075;117;2;187.28
12209;4075;24;3;171.7
12210;4075;222;3;207.75
12211;4076;239;3;89.88
12212;4076;127;1;28.04
12213;4077;264;3;22.18
12214;4078;83;3;28.81
12215;4078;186;3;24.83
12216;4078;190;3;16.04
12217;4079;194;2;39.16
12218;4079;3;3;355.2
12219;4080;106;3;63.95
12220;4080;260;1;183.92
12221;4080;31;3;263.13
12222;4081;127;2;28.04
12223;4081;280;3;194.11
12224;4081;109;1;46.77
12225;4081;20;1;27.74
12226;4081;272;2;32.79
12227;4082;25;2;36.6
12228;4082;194;2;39.16
12229;4083;246;3;105.53
12230;4083;36;3;35.27
12231;4084;247;1;280.92
12232;4084;178;1;117.25
12233;4084;203;3;22.49
12234;4085;170;3;22.32
12235;4085;243;3;23.3
12236;4085;104;3;193.22
12237;4085;227;2;128.22
12238;4086;178;1;117.25
12239;4086;118;1;365.76
12240;4086;118;1;365.76
12241;4087;39;3;42.14
12242;4087;231;2;58.56
12243;4088;248;3;278.21
12244;4088;228;1;21.36
12245;4088;41;3;202.78
12246;4088;141;2;62.63
12247;4088;134;2;60.38
12248;4089;289;1;36.82
12249;4090;241;2;177.76
12250;4091;146;3;35.44
12251;4091;51;2;69.12
12252;4092;137;2;83.8
12253;4092;219;3;18.89
12254;4092;88;3;271.98
12255;4093;269;1;27.35
12256;4094;18;1;140.06
12257;4095;257;1;75.87
12258;4095;117;3;187.28
12259;4096;262;1;203.02
12260;4096;158;2;219.43
12261;4096;193;3;303.95
12262;4096;244;2;291.31
12263;4096;166;3;36.18
12264;4097;283;2;114.46
12265;4097;177;1;190.69
12266;4097;122;2;159.31
12267;4097;178;1;117.25
12268;4097;85;3;276.27
12269;4098;86;1;68.41
12270;4099;1;2;85.25
12271;4099;268;3;22.25
12272;4099;62;3;77.66
12273;4100;135;1;23.48
12274;4100;139;3;284.29
12275;4100;29;3;33.59
12276;4100;223;1;12.9
12277;4101;49;2;49.52
12278;4101;144;3;46.76
12279;4101;3;2;355.2
12280;4102;192;3;139.65
12281;4102;78;2;18.59
12282;4103;197;3;109.76
12283;4103;278;3;58.03
12284;4103;123;2;70.77
12285;4103;25;1;36.6
12286;4103;13;1;97.98
12287;4104;222;2;207.75
12288;4104;242;2;66.96
12289;4104;248;3;278.21
12290;4104;175;2;18.54
12291;4105;97;2;160.55
12292;4105;180;2;59.61
12293;4105;244;3;291.31
12294;4105;39;2;42.14
12295;4105;133;1;129.76
12296;4106;50;3;63.53
12297;4106;267;3;23.63
12298;4106;114;2;81.1
12299;4106;28;2;98.17
12300;4106;250;1;45.33
12301;4107;43;3;27.58
12302;4107;87;3;172.22
12303;4107;298;1;95.71
12304;4107;129;3;59.78
12305;4107;94;1;191.51
12306;4108;71;1;104.37
12307;4109;56;2;84.93
12308;4110;36;2;35.27
12309;4110;158;2;219.43
12310;4110;237;1;11.53
12311;4110;118;1;365.76
12312;4111;47;3;10.35
12313;4111;197;1;109.76
12314;4112;137;3;83.8
12315;4112;239;2;89.88
12316;4112;1;2;85.25
12317;4112;292;3;115.69
12318;4112;85;2;276.27
12319;4113;126;1;333.38
12320;4114;74;3;13.44
12321;4114;266;3;78.95
12322;4114;265;2;194.8
12323;4114;241;2;177.76
12324;4115;232;1;21.33
12325;4115;269;3;27.35
12326;4116;284;2;66.65
12327;4117;277;2;141.51
12328;4117;254;2;92.06
12329;4117;178;2;117.25
12330;4118;133;2;129.76
12331;4118;64;2;63.91
12332;4118;233;3;153.83
12333;4119;178;1;117.25
12334;4119;271;1;134.08
12335;4120;200;2;209.0
12336;4121;265;3;194.8
12337;4121;112;2;112.28
12338;4122;283;3;114.46
12339;4122;43;3;27.58
12340;4123;251;3;594.78
12341;4124;288;3;430.61
12342;4125;163;3;127.95
12343;4126;249;1;94.89
12344;4126;67;3;41.38
12345;4126;183;2;83.98
12346;4127;246;2;105.53
12347;4127;121;1;102.0
12348;4127;135;1;23.48
12349;4127;87;1;172.22
12350;4127;6;3;124.34
12351;4128;20;1;27.74
12352;4128;73;3;47.55
12353;4128;179;1;16.67
12354;4129;198;2;53.21
12355;4129;21;1;27.77
12356;4129;28;2;98.17
12357;4130;166;2;36.18
12358;4130;237;3;11.53
12359;4130;77;1;137.95
12360;4130;220;1;97.41
12361;4130;129;2;59.78
12362;4131;130;3;138.45
12363;4131;82;1;115.88
12364;4131;137;2;83.8
12365;4132;247;1;280.92
12366;4133;214;3;180.06
12367;4133;48;2;214.66
12368;4133;274;3;43.03
12369;4133;70;1;99.53
12370;4133;129;3;59.78
12371;4134;136;1;77.12
12372;4135;214;2;180.06
12373;4135;73;1;47.55
12374;4135;229;3;14.92
12375;4135;151;3;14.87
12376;4135;251;1;594.78
12377;4136;109;3;46.77
12378;4136;183;2;83.98
12379;4137;51;2;69.12
12380;4137;125;2;136.07
12381;4137;180;1;59.61
12382;4137;284;2;66.65
12383;4137;165;3;30.46
12384;4138;230;2;163.67
12385;4138;291;3;67.09
12386;4138;78;3;18.59
12387;4138;248;2;278.21
12388;4138;102;3;79.45
12389;4139;26;1;73.19
12390;4139;30;2;43.42
12391;4139;262;2;203.02
12392;4139;100;2;36.47
12393;4139;14;1;139.17
12394;4140;219;2;18.89
12395;4140;144;1;46.76
12396;4140;210;3;230.86
12397;4141;105;3;19.14
12398;4142;248;3;278.21
12399;4142;181;1;42.65
12400;4142;131;2;94.96
12401;4142;172;2;108.1
12402;4142;118;3;365.76
12403;4143;90;2;238.59
12404;4143;29;2;33.59
12405;4143;95;1;11.53
12406;4144;285;2;108.9
12407;4145;23;1;17.91
12408;4145;65;3;165.71
12409;4145;69;3;100.84
12410;4146;57;3;49.4
12411;4146;29;1;33.59
12412;4146;23;2;17.91
12413;4147;122;3;159.31
12414;4147;228;3;21.36
12415;4147;106;1;63.95
12416;4147;26;2;73.19
12417;4148;285;3;108.9
12418;4148;90;1;238.59
12419;4148;270;3;149.02
12420;4149;272;3;32.79
12421;4149;271;3;134.08
12422;4150;143;3;86.74
12423;4151;256;2;229.2
12424;4152;55;1;105.96
12425;4152;280;1;194.11
12426;4153;249;1;94.89
12427;4154;203;1;22.49
12428;4154;151;2;14.87
12429;4154;169;1;117.44
12430;4154;295;3;401.67
12431;4154;150;3;51.66
12432;4155;225;1;14.43
12433;4155;42;3;263.42
12434;4155;247;1;280.92
12435;4155;179;2;16.67
12436;4155;156;1;51.61
12437;4156;299;2;93.25
12438;4157;39;3;42.14
12439;4157;225;2;14.43
12440;4157;183;3;83.98
12441;4157;248;1;278.21
12442;4158;253;2;62.5
12443;4158;119;3;52.95
12444;4158;139;1;284.29
12445;4159;203;1;22.49
12446;4159;3;2;355.2
12447;4159;166;2;36.18
12448;4159;190;1;16.04
12449;4160;176;3;23.46
12450;4160;29;3;33.59
12451;4161;15;2;110.9
12452;4161;40;2;165.59
12453;4162;63;3;81.7
12454;4162;44;2;46.23
12455;4162;248;3;278.21
12456;4162;122;3;159.31
12457;4162;276;3;77.1
12458;4163;183;3;83.98
12459;4163;276;1;77.1
12460;4163;277;3;141.51
12461;4163;168;1;36.16
12462;4164;37;3;125.9
12463;4164;101;1;337.71
12464;4164;48;3;214.66
12465;4164;47;2;10.35
12466;4165;39;1;42.14
12467;4166;18;1;140.06
12468;4166;236;3;27.58
12469;4166;237;3;11.53
12470;4167;109;1;46.77
12471;4167;49;3;49.52
12472;4168;107;3;57.11
12473;4168;29;1;33.59
12474;4169;63;2;81.7
12475;4169;236;3;27.58
12476;4169;71;1;104.37
12477;4169;31;3;263.13
12478;4169;187;3;145.63
12479;4170;246;2;105.53
12480;4170;48;2;214.66
12481;4170;76;2;23.8
12482;4170;225;1;14.43
12483;4171;138;2;32.55
12484;4172;254;1;92.06
12485;4173;173;1;44.37
12486;4173;290;2;138.11
12487;4173;212;1;167.62
12488;4173;182;3;96.28
12489;4173;98;1;156.09
12490;4174;54;1;232.82
12491;4174;173;2;44.37
12492;4174;20;3;27.74
12493;4174;207;2;234.88
12494;4175;95;2;11.53
12495;4175;137;3;83.8
12496;4175;220;1;97.41
12497;4175;281;2;13.59
12498;4176;258;2;183.46
12499;4176;285;3;108.9
12500;4176;84;1;56.46
12501;4176;112;1;112.28
12502;4176;218;1;163.84
12503;4177;213;3;29.38
12504;4177;29;3;33.59
12505;4177;215;3;42.37
12506;4177;60;2;69.22
12507;4177;202;3;84.57
12508;4178;50;1;63.53
12509;4178;195;1;145.55
12510;4178;123;1;70.77
12511;4178;32;2;65.71
12512;4178;257;1;75.87
12513;4179;109;1;46.77
12514;4179;71;3;104.37
12515;4179;173;3;44.37
12516;4179;215;2;42.37
12517;4179;87;1;172.22
12518;4180;127;1;28.04
12519;4181;292;3;115.69
12520;4181;99;1;18.5
12521;4181;157;3;145.39
12522;4181;1;1;85.25
12523;4182;256;2;229.2
12524;4182;3;1;355.2
12525;4182;256;2;229.2
12526;4183;148;3;161.06
12527;4184;23;3;17.91
12528;4184;94;3;191.51
12529;4184;251;1;594.78
12530;4185;100;1;36.47
12531;4185;159;1;56.32
12532;4186;259;3;193.37
12533;4186;97;1;160.55
12534;4187;167;2;40.59
12535;4187;172;2;108.1
12536;4187;160;3;62.31
12537;4188;246;3;105.53
12538;4189;291;3;67.09
12539;4189;172;1;108.1
12540;4189;27;3;257.64
12541;4189;270;3;149.02
12542;4189;254;1;92.06
12543;4190;260;3;183.92
12544;4191;58;2;37.93
12545;4191;190;2;16.04
12546;4191;41;2;202.78
12547;4191;216;2;265.62
12548;4192;261;1;138.08
12549;4192;44;1;46.23
12550;4192;190;1;16.04
12551;4192;74;3;13.44
12552;4192;247;3;280.92
12553;4193;191;2;144.67
12554;4193;50;3;63.53
12555;4193;281;1;13.59
12556;4193;252;2;124.2
12557;4193;84;1;56.46
12558;4194;49;2;49.52
12559;4194;161;2;66.77
12560;4194;294;1;73.58
12561;4194;287;1;82.17
12562;4194;164;3;38.45
12563;4195;101;2;337.71
12564;4195;83;1;28.81
12565;4195;59;3;107.83
12566;4196;140;3;35.81
12567;4196;78;2;18.59
12568;4196;23;1;17.91
12569;4197;120;2;44.38
12570;4198;36;3;35.27
12571;4198;272;2;32.79
12572;4198;209;3;110.99
12573;4198;57;2;49.4
12574;4199;264;1;22.18
12575;4200;7;2;435.46
12576;4201;291;3;67.09
12577;4201;234;1;199.16
12578;4201;274;1;43.03
12579;4201;154;1;276.99
12580;4201;18;2;140.06
12581;4202;212;2;167.62
12582;4202;270;1;149.02
12583;4203;171;2;59.0
12584;4203;239;3;89.88
12585;4203;121;3;102.0
12586;4203;102;2;79.45
12587;4203;152;1;210.67
12588;4204;106;2;63.95
12589;4204;247;1;280.92
12590;4204;223;1;12.9
12591;4204;163;2;127.95
12592;4205;262;2;203.02
12593;4205;41;1;202.78
12594;4205;13;3;97.98
12595;4205;102;2;79.45
12596;4205;20;2;27.74
12597;4206;230;3;163.67
12598;4206;42;3;263.42
12599;4206;55;2;105.96
12600;4207;233;2;153.83
12601;4207;189;2;298.51
12602;4207;166;2;36.18
12603;4207;246;1;105.53
12604;4207;225;2;14.43
12605;4208;4;3;15.69
12606;4208;152;3;210.67
12607;4208;208;2;26.03
12608;4208;84;3;56.46
12609;4208;263;2;58.98
12610;4209;62;3;77.66
12611;4209;192;3;139.65
12612;4209;106;2;63.95
12613;4210;231;1;58.56
12614;4210;121;1;102.0
12615;4210;258;1;183.46
12616;4210;217;1;133.47
12617;4211;284;2;66.65
12618;4211;298;3;95.71
12619;4212;155;1;75.12
12620;4212;192;2;139.65
12621;4213;292;3;115.69
12622;4213;221;2;182.12
12623;4213;241;2;177.76
12624;4214;3;3;355.2
12625;4214;259;1;193.37
12626;4214;189;3;298.51
12627;4214;6;3;124.34
12628;4215;139;1;284.29
12629;4215;251;3;594.78
12630;4215;181;2;42.65
12631;4215;9;1;134.64
12632;4216;21;2;27.77
12633;4216;206;2;30.23
12634;4217;29;1;33.59
12635;4217;33;3;98.43
12636;4217;243;3;23.3
12637;4217;204;1;63.94
12638;4217;14;1;139.17
12639;4218;115;2;45.38
12640;4218;35;2;57.55
12641;4219;127;3;28.04
12642;4219;70;2;99.53
12643;4219;264;1;22.18
12644;4220;188;3;221.91
12645;4221;253;3;62.5
12646;4221;88;1;271.98
12647;4221;101;3;337.71
12648;4221;293;2;32.93
12649;4222;139;1;284.29
12650;4222;184;2;75.61
12651;4222;108;1;53.06
12652;4222;84;1;56.46
12653;4223;295;3;401.67
12654;4224;136;2;77.12
12655;4225;47;1;10.35
12656;4225;181;1;42.65
12657;4226;166;3;36.18
12658;4226;184;2;75.61
12659;4226;264;3;22.18
12660;4226;222;3;207.75
12661;4227;242;2;66.96
12662;4227;151;3;14.87
12663;4227;126;1;333.38
12664;4227;127;3;28.04
12665;4228;26;2;73.19
12666;4228;181;2;42.65
12667;4228;197;3;109.76
12668;4228;99;2;18.5
12669;4229;231;2;58.56
12670;4229;287;2;82.17
12671;4229;5;2;99.57
12672;4229;92;3;338.54
12673;4229;1;3;85.25
12674;4230;157;3;145.39
12675;4231;255;2;63.76
12676;4231;244;1;291.31
12677;4231;212;1;167.62
12678;4231;96;2;318.43
12679;4231;231;2;58.56
12680;4232;86;3;68.41
12681;4232;242;1;66.96
12682;4233;179;3;16.67
12683;4233;258;2;183.46
12684;4233;150;1;51.66
12685;4234;221;2;182.12
12686;4235;293;2;32.93
12687;4235;269;3;27.35
12688;4235;203;2;22.49
12689;4235;134;2;60.38
12690;4235;227;2;128.22
12691;4236;213;3;29.38
12692;4236;166;1;36.18
12693;4236;80;1;16.51
12694;4236;256;3;229.2
12695;4237;213;2;29.38
12696;4238;169;2;117.44
12697;4239;294;1;73.58
12698;4239;139;2;284.29
12699;4239;203;1;22.49
12700;4239;25;1;36.6
12701;4240;30;2;43.42
12702;4240;125;2;136.07
12703;4241;117;1;187.28
12704;4241;128;1;604.55
12705;4241;1;2;85.25
12706;4242;258;1;183.46
12707;4242;219;2;18.89
12708;4242;57;1;49.4
12709;4243;23;2;17.91
12710;4243;225;2;14.43
12711;4243;179;3;16.67
12712;4244;230;1;163.67
12713;4245;54;1;232.82
12714;4245;155;3;75.12
12715;4245;148;1;161.06
12716;4245;267;3;23.63
12717;4246;135;1;23.48
12718;4246;284;3;66.65
12719;4246;127;3;28.04
12720;4247;50;2;63.53
12721;4247;126;2;333.38
12722;4247;246;1;105.53
12723;4247;170;3;22.32
12724;4247;60;2;69.22
12725;4248;55;1;105.96
12726;4249;147;2;15.53
12727;4249;176;1;23.46
12728;4249;126;2;333.38
12729;4250;116;2;27.34
12730;4250;9;1;134.64
12731;4251;203;1;22.49
12732;4251;118;2;365.76
12733;4251;110;3;33.58
12734;4251;46;1;32.13
12735;4251;295;3;401.67
12736;4252;64;3;63.91
12737;4252;249;2;94.89
12738;4252;210;3;230.86
12739;4252;256;3;229.2
12740;4253;245;2;88.8
12741;4253;253;1;62.5
12742;4254;85;3;276.27
12743;4254;292;2;115.69
12744;4254;108;1;53.06
12745;4254;56;3;84.93
12746;4255;211;3;253.01
12747;4255;86;3;68.41
12748;4255;298;1;95.71
12749;4255;103;1;60.73
12750;4256;132;2;76.68
12751;4256;11;2;27.62
12752;4256;174;2;16.75
12753;4256;55;2;105.96
12754;4257;48;2;214.66
12755;4257;125;2;136.07
12756;4257;58;1;37.93
12757;4257;127;1;28.04
12758;4258;10;1;83.77
12759;4258;63;3;81.7
12760;4258;247;1;280.92
12761;4258;276;3;77.1
12762;4258;239;1;89.88
12763;4259;134;3;60.38
12764;4259;150;2;51.66
12765;4259;24;3;171.7
12766;4260;21;2;27.77
12767;4260;192;2;139.65
12768;4260;275;2;167.5
12769;4261;14;2;139.17
12770;4261;198;1;53.21
12771;4261;271;3;134.08
12772;4261;16;2;135.22
12773;4261;162;3;265.52
12774;4262;233;1;153.83
12775;4262;220;3;97.41
12776;4263;86;1;68.41
12777;4263;141;3;62.63
12778;4263;137;2;83.8
12779;4264;233;3;153.83
12780;4264;274;1;43.03
12781;4264;17;3;66.06
12782;4264;75;2;176.39
12783;4265;213;3;29.38
12784;4265;210;2;230.86
12785;4265;175;2;18.54
12786;4266;224;3;289.95
12787;4266;285;3;108.9
12788;4266;129;1;59.78
12789;4266;296;2;31.73
12790;4266;133;3;129.76
12791;4267;97;1;160.55
12792;4267;71;2;104.37
12793;4268;150;1;51.66
12794;4268;173;3;44.37
12795;4268;33;3;98.43
12796;4268;198;3;53.21
12797;4268;247;3;280.92
12798;4269;28;1;98.17
12799;4269;164;2;38.45
12800;4269;254;3;92.06
12801;4269;77;2;137.95
12802;4269;245;2;88.8
12803;4270;253;1;62.5
12804;4270;201;3;55.38
12805;4270;19;3;25.52
12806;4270;92;1;338.54
12807;4270;270;1;149.02
12808;4271;95;3;11.53
12809;4271;180;2;59.61
12810;4272;197;2;109.76
12811;4272;118;1;365.76
12812;4272;83;3;28.81
12813;4273;225;2;14.43
12814;4273;262;1;203.02
12815;4273;263;3;58.98
12816;4273;195;2;145.55
12817;4273;39;2;42.14
12818;4274;162;3;265.52
12819;4274;191;1;144.67
12820;4274;114;2;81.1
12821;4274;18;2;140.06
12822;4275;111;2;28.98
12823;4275;248;2;278.21
12824;4275;59;2;107.83
12825;4275;229;3;14.92
12826;4276;44;3;46.23
12827;4276;135;2;23.48
12828;4276;157;1;145.39
12829;4277;153;1;28.61
12830;4277;19;3;25.52
12831;4277;40;1;165.59
12832;4278;175;1;18.54
12833;4278;169;3;117.44
12834;4279;192;2;139.65
12835;4279;264;1;22.18
12836;4279;233;1;153.83
12837;4280;202;2;84.57
12838;4280;24;2;171.7
12839;4280;66;3;65.31
12840;4281;22;1;231.52
12841;4281;256;3;229.2
12842;4281;147;3;15.53
12843;4281;28;1;98.17
12844;4281;247;1;280.92
12845;4282;82;2;115.88
12846;4282;162;1;265.52
12847;4282;90;3;238.59
12848;4283;93;1;177.34
12849;4283;214;1;180.06
12850;4283;261;1;138.08
12851;4283;237;3;11.53
12852;4283;279;3;52.64
12853;4284;18;1;140.06
12854;4284;229;3;14.92
12855;4284;149;3;112.47
12856;4285;148;2;161.06
12857;4285;263;3;58.98
12858;4285;91;3;48.19
12859;4285;234;2;199.16
12860;4286;273;1;197.68
12861;4286;163;2;127.95
12862;4286;65;2;165.71
12863;4287;262;3;203.02
12864;4287;246;3;105.53
12865;4287;86;2;68.41
12866;4288;96;2;318.43
12867;4288;112;1;112.28
12868;4288;175;2;18.54
12869;4288;261;3;138.08
12870;4288;109;2;46.77
12871;4289;95;1;11.53
12872;4289;210;3;230.86
12873;4289;208;2;26.03
12874;4289;196;1;15.62
12875;4290;294;3;73.58
12876;4290;60;3;69.22
12877;4291;297;2;111.18
12878;4291;202;3;84.57
12879;4291;167;2;40.59
12880;4291;147;3;15.53
12881;4292;272;3;32.79
12882;4292;154;2;276.99
12883;4292;50;3;63.53
12884;4292;55;1;105.96
12885;4292;113;1;261.82
12886;4293;125;2;136.07
12887;4294;113;1;261.82
12888;4295;154;2;276.99
12889;4296;271;1;134.08
12890;4297;84;1;56.46
12891;4297;138;2;32.55
12892;4297;119;1;52.95
12893;4297;299;2;93.25
12894;4298;237;3;11.53
12895;4298;15;2;110.9
12896;4298;289;2;36.82
12897;4298;262;1;203.02
12898;4299;91;1;48.19
12899;4300;225;1;14.43
12900;4300;54;1;232.82
12901;4301;150;2;51.66
12902;4301;221;1;182.12
12903;4301;104;3;193.22
12904;4302;186;1;24.83
12905;4303;237;2;11.53
12906;4303;52;1;198.57
12907;4303;17;3;66.06
12908;4303;122;2;159.31
12909;4304;125;2;136.07
12910;4304;6;3;124.34
12911;4305;224;2;289.95
12912;4305;42;3;263.42
12913;4305;66;3;65.31
12914;4305;278;2;58.03
12915;4305;287;3;82.17
12916;4306;184;1;75.61
12917;4306;213;1;29.38
12918;4307;226;2;105.33
12919;4307;113;2;261.82
12920;4307;69;2;100.84
12921;4307;10;3;83.77
12922;4307;29;3;33.59
12923;4308;236;1;27.58
12924;4308;121;3;102.0
12925;4308;191;1;144.67
12926;4309;102;3;79.45
12927;4309;124;3;109.44
12928;4309;266;2;78.95
12929;4309;62;3;77.66
12930;4309;184;2;75.61
12931;4310;82;3;115.88
12932;4310;178;2;117.25
12933;4310;106;1;63.95
12934;4310;37;1;125.9
12935;4311;175;3;18.54
12936;4311;101;3;337.71
12937;4311;289;2;36.82
12938;4311;153;2;28.61
12939;4311;110;1;33.58
12940;4312;235;1;98.52
12941;4312;239;3;89.88
12942;4312;218;2;163.84
12943;4313;248;3;278.21
12944;4313;63;2;81.7
12945;4314;280;1;194.11
12946;4314;20;3;27.74
12947;4314;35;1;57.55
12948;4314;86;2;68.41
12949;4315;290;1;138.11
12950;4315;182;1;96.28
12951;4315;238;2;130.67
12952;4315;157;3;145.39
12953;4316;180;3;59.61
12954;4316;146;3;35.44
12955;4316;3;3;355.2
12956;4316;68;1;208.07
12957;4317;177;2;190.69
12958;4317;220;3;97.41
12959;4317;228;1;21.36
12960;4317;93;1;177.34
12961;4317;128;1;604.55
12962;4318;26;3;73.19
12963;4318;158;2;219.43
12964;4319;54;1;232.82
12965;4320;88;3;271.98
12966;4320;55;2;105.96
12967;4321;89;3;376.3
12968;4321;209;2;110.99
12969;4322;157;1;145.39
12970;4322;75;1;176.39
12971;4322;193;1;303.95
12972;4323;237;2;11.53
12973;4323;268;1;22.25
12974;4324;8;2;295.75
12975;4324;40;2;165.59
12976;4324;216;1;265.62
12977;4325;185;3;47.76
12978;4325;169;2;117.44
12979;4325;98;1;156.09
12980;4326;136;2;77.12
12981;4326;259;1;193.37
12982;4327;144;1;46.76
12983;4327;48;3;214.66
12984;4328;55;1;105.96
12985;4328;186;3;24.83
12986;4328;109;2;46.77
12987;4329;98;1;156.09
12988;4330;201;2;55.38
12989;4330;264;1;22.18
12990;4330;185;2;47.76
12991;4330;68;1;208.07
12992;4331;238;3;130.67
12993;4331;139;1;284.29
12994;4331;164;1;38.45
12995;4332;77;1;137.95
12996;4333;163;3;127.95
12997;4334;115;3;45.38
12998;4334;288;1;430.61
12999;4335;117;2;187.28
13000;4335;68;3;208.07
13001;4335;247;3;280.92
13002;4335;249;3;94.89
13003;4335;193;2;303.95
13004;4336;183;2;83.98
13005;4336;182;3;96.28
13006;4337;13;2;97.98
13007;4337;46;2;32.13
13008;4337;229;1;14.92
13009;4337;119;2;52.95
13010;4338;104;3;193.22
13011;4338;213;3;29.38
13012;4338;41;2;202.78
13013;4339;110;2;33.58
13014;4339;106;3;63.95
13015;4340;114;1;81.1
13016;4341;69;1;100.84
13017;4341;85;2;276.27
13018;4341;101;2;337.71
13019;4342;34;3;71.61
13020;4342;28;3;98.17
13021;4342;52;2;198.57
13022;4343;234;3;199.16
13023;4343;123;3;70.77
13024;4344;65;3;165.71
13025;4345;262;2;203.02
13026;4345;208;3;26.03
13027;4345;21;1;27.77
13028;4345;242;3;66.96
13029;4346;51;3;69.12
13030;4347;120;1;44.38
13031;4347;107;1;57.11
13032;4347;81;1;83.86
13033;4347;132;1;76.68
13034;4347;102;2;79.45
13035;4348;122;3;159.31
13036;4348;112;3;112.28
13037;4348;133;1;129.76
13038;4349;77;1;137.95
13039;4349;164;1;38.45
13040;4349;100;3;36.47
13041;4349;128;1;604.55
13042;4349;282;2;377.84
13043;4350;143;2;86.74
13044;4350;294;2;73.58
13045;4350;209;1;110.99
13046;4350;124;2;109.44
13047;4350;238;2;130.67
13048;4351;1;1;85.25
13049;4351;133;2;129.76
13050;4351;216;2;265.62
13051;4352;282;3;377.84
13052;4352;16;2;135.22
13053;4352;202;2;84.57
13054;4353;116;2;27.34
13055;4353;183;3;83.98
13056;4353;194;2;39.16
13057;4354;108;2;53.06
13058;4354;70;2;99.53
13059;4354;114;1;81.1
13060;4354;240;1;115.21
13061;4355;260;3;183.92
13062;4355;125;2;136.07
13063;4355;39;1;42.14
13064;4355;249;3;94.89
13065;4356;154;3;276.99
13066;4356;289;2;36.82
13067;4356;219;1;18.89
13068;4356;177;3;190.69
13069;4357;108;1;53.06
13070;4357;210;2;230.86
13071;4358;131;2;94.96
13072;4358;223;1;12.9
13073;4359;201;1;55.38
13074;4359;3;1;355.2
13075;4360;113;2;261.82
13076;4360;227;2;128.22
13077;4361;194;1;39.16
13078;4361;190;3;16.04
13079;4361;4;3;15.69
13080;4361;236;1;27.58
13081;4361;8;2;295.75
13082;4362;132;2;76.68
13083;4363;56;3;84.93
13084;4363;285;3;108.9
13085;4364;74;2;13.44
13086;4364;254;1;92.06
13087;4364;35;1;57.55
13088;4364;287;1;82.17
13089;4365;140;3;35.81
13090;4366;287;3;82.17
13091;4366;172;3;108.1
13092;4367;98;2;156.09
13093;4367;230;1;163.67
13094;4368;99;1;18.5
13095;4368;253;3;62.5
13096;4368;79;3;57.05
13097;4368;13;2;97.98
13098;4368;140;1;35.81
13099;4369;189;3;298.51
13100;4369;10;1;83.77
13101;4370;233;1;153.83
13102;4371;224;3;289.95
13103;4371;225;2;14.43
13104;4371;8;2;295.75
13105;4372;173;1;44.37
13106;4372;187;3;145.63
13107;4372;208;1;26.03
13108;4372;48;1;214.66
13109;4373;122;2;159.31
13110;4374;83;3;28.81
13111;4374;93;3;177.34
13112;4375;103;1;60.73
13113;4376;91;2;48.19
13114;4376;61;2;251.37
13115;4376;270;2;149.02
13116;4377;206;3;30.23
13117;4377;180;1;59.61
13118;4378;201;3;55.38
13119;4378;95;2;11.53
13120;4378;74;3;13.44
13121;4379;30;3;43.42
13122;4379;248;3;278.21
13123;4379;9;3;134.64
13124;4380;118;2;365.76
13125;4380;248;1;278.21
13126;4380;14;1;139.17
13127;4380;189;3;298.51
13128;4380;69;2;100.84
13129;4381;282;2;377.84
13130;4382;127;3;28.04
13131;4382;267;1;23.63
13132;4383;28;2;98.17
13133;4383;281;1;13.59
13134;4383;3;1;355.2
13135;4384;87;1;172.22
13136;4384;103;3;60.73
13137;4384;176;2;23.46
13138;4384;146;2;35.44
13139;4384;267;1;23.63
13140;4385;120;2;44.38
13141;4385;76;3;23.8
13142;4385;75;2;176.39
13143;4386;32;3;65.71
13144;4386;232;3;21.33
13145;4386;53;1;51.23
13146;4386;167;3;40.59
13147;4386;142;1;26.83
13148;4387;217;1;133.47
13149;4387;58;1;37.93
13150;4387;5;1;99.57
13151;4387;87;3;172.22
13152;4387;273;1;197.68
13153;4388;286;1;23.1
13154;4388;97;3;160.55
13155;4388;40;2;165.59
13156;4389;283;3;114.46
13157;4389;170;1;22.32
13158;4390;68;2;208.07
13159;4390;230;2;163.67
13160;4390;286;1;23.1
13161;4390;105;1;19.14
13162;4391;208;3;26.03
13163;4391;144;2;46.76
13164;4391;292;1;115.69
13165;4391;36;3;35.27
13166;4392;17;1;66.06
13167;4392;151;3;14.87
13168;4392;94;2;191.51
13169;4392;90;2;238.59
13170;4393;70;1;99.53
13171;4393;277;3;141.51
13172;4394;25;1;36.6
13173;4394;172;2;108.1
13174;4394;194;3;39.16
13175;4394;6;1;124.34
13176;4394;178;1;117.25
13177;4395;92;2;338.54
13178;4395;68;3;208.07
13179;4395;224;1;289.95
13180;4395;50;3;63.53
13181;4396;12;3;58.48
13182;4396;177;3;190.69
13183;4396;13;1;97.98
13184;4396;153;3;28.61
13185;4396;100;2;36.47
13186;4397;249;1;94.89
13187;4397;7;2;435.46
13188;4398;102;2;79.45
13189;4398;222;2;207.75
13190;4398;281;1;13.59
13191;4398;136;3;77.12
13192;4398;90;3;238.59
13193;4399;183;3;83.98
13194;4399;112;1;112.28
13195;4399;47;1;10.35
13196;4399;257;1;75.87
13197;4399;206;3;30.23
13198;4400;55;2;105.96
13199;4400;176;3;23.46
13200;4400;194;3;39.16
13201;4400;98;3;156.09
13202;4400;272;3;32.79
13203;4401;209;1;110.99
13204;4401;89;1;376.3
13205;4402;224;1;289.95
13206;4402;50;2;63.53
13207;4403;155;3;75.12
13208;4403;241;1;177.76
13209;4404;229;2;14.92
13210;4404;203;3;22.49
13211;4405;12;2;58.48
13212;4405;44;3;46.23
13213;4405;43;1;27.58
13214;4405;20;3;27.74
13215;4406;37;2;125.9
13216;4407;185;3;47.76
13217;4407;31;3;263.13
13218;4408;242;1;66.96
13219;4408;179;3;16.67
13220;4409;118;2;365.76
13221;4410;250;3;45.33
13222;4410;93;3;177.34
13223;4410;78;1;18.59
13224;4411;2;1;169.54
13225;4411;210;2;230.86
13226;4411;53;1;51.23
13227;4411;189;2;298.51
13228;4411;104;3;193.22
13229;4412;281;1;13.59
13230;4412;267;1;23.63
13231;4413;45;1;206.86
13232;4413;250;3;45.33
13233;4414;171;3;59.0
13234;4415;119;2;52.95
13235;4416;273;3;197.68
13236;4417;7;2;435.46
13237;4417;165;1;30.46
13238;4417;213;1;29.38
13239;4418;53;1;51.23
13240;4418;122;1;159.31
13241;4418;227;2;128.22
13242;4418;145;3;77.19
13243;4418;139;3;284.29
13244;4419;209;1;110.99
13245;4419;183;2;83.98
13246;4419;10;2;83.77
13247;4419;37;1;125.9
13248;4420;287;1;82.17
13249;4420;287;1;82.17
13250;4420;186;2;24.83
13251;4420;172;2;108.1
13252;4420;54;1;232.82
13253;4421;174;1;16.75
13254;4421;222;2;207.75
13255;4421;274;1;43.03
13256;4422;262;3;203.02
13257;4422;197;1;109.76
13258;4422;222;1;207.75
13259;4422;143;3;86.74
13260;4422;280;2;194.11
13261;4423;77;3;137.95
13262;4423;143;2;86.74
13263;4423;18;2;140.06
13264;4424;172;3;108.1
13265;4424;135;3;23.48
13266;4425;280;2;194.11
13267;4426;80;2;16.51
13268;4427;269;1;27.35
13269;4428;41;1;202.78
13270;4428;48;2;214.66
13271;4429;17;3;66.06
13272;4429;256;3;229.2
13273;4429;54;3;232.82
13274;4430;242;3;66.96
13275;4430;187;3;145.63
13276;4431;170;2;22.32
13277;4431;52;2;198.57
13278;4432;18;1;140.06
13279;4432;294;2;73.58
13280;4433;244;1;291.31
13281;4433;97;2;160.55
13282;4433;3;3;355.2
13283;4434;16;1;135.22
13284;4434;131;2;94.96
13285;4434;134;3;60.38
13286;4435;33;3;98.43
13287;4435;10;2;83.77
13288;4436;62;1;77.66
13289;4437;206;1;30.23
13290;4437;228;2;21.36
13291;4438;122;3;159.31
13292;4438;68;2;208.07
13293;4439;296;2;31.73
13294;4439;173;2;44.37
13295;4439;110;2;33.58
13296;4440;282;2;377.84
13297;4440;123;3;70.77
13298;4441;84;3;56.46
13299;4442;166;3;36.18
13300;4442;284;3;66.65
13301;4443;62;3;77.66
13302;4443;243;1;23.3
13303;4443;113;2;261.82
13304;4444;247;1;280.92
13305;4444;195;2;145.55
13306;4445;11;3;27.62
13307;4445;98;3;156.09
13308;4445;143;2;86.74
13309;4446;8;1;295.75
13310;4446;102;2;79.45
13311;4446;68;2;208.07
13312;4446;165;2;30.46
13313;4447;250;2;45.33
13314;4448;139;2;284.29
13315;4449;8;3;295.75
13316;4449;276;2;77.1
13317;4449;79;3;57.05
13318;4450;30;2;43.42
13319;4450;209;1;110.99
13320;4451;73;3;47.55
13321;4451;116;3;27.34
13322;4451;184;3;75.61
13323;4451;298;1;95.71
13324;4452;247;3;280.92
13325;4452;147;3;15.53
13326;4452;279;1;52.64
13327;4452;209;1;110.99
13328;4452;151;2;14.87
13329;4453;82;1;115.88
13330;4453;239;2;89.88
13331;4453;192;3;139.65
13332;4453;22;3;231.52
13333;4454;239;2;89.88
13334;4454;266;3;78.95
13335;4454;75;1;176.39
13336;4454;7;2;435.46
13337;4455;214;3;180.06
13338;4455;227;1;128.22
13339;4455;35;1;57.55
13340;4455;260;1;183.92
13341;4455;184;2;75.61
13342;4456;127;2;28.04
13343;4456;233;3;153.83
13344;4457;40;1;165.59
13345;4458;137;1;83.8
13346;4458;126;2;333.38
13347;4458;60;3;69.22
13348;4459;257;1;75.87
13349;4459;32;2;65.71
13350;4459;155;2;75.12
13351;4459;249;2;94.89
13352;4459;252;2;124.2
13353;4460;240;1;115.21
13354;4460;198;3;53.21
13355;4460;259;1;193.37
13356;4460;47;1;10.35
13357;4460;64;3;63.91
13358;4461;36;3;35.27
13359;4461;88;2;271.98
13360;4461;174;3;16.75
13361;4461;225;3;14.43
13362;4461;39;1;42.14
13363;4462;57;3;49.4
13364;4462;18;3;140.06
13365;4462;82;3;115.88
13366;4462;220;2;97.41
13367;4463;269;1;27.35
13368;4463;111;1;28.98
13369;4463;145;1;77.19
13370;4463;119;1;52.95
13371;4464;260;3;183.92
13372;4464;71;1;104.37
13373;4464;123;2;70.77
13374;4465;208;2;26.03
13375;4465;134;2;60.38
13376;4465;64;3;63.91
13377;4465;287;3;82.17
13378;4466;122;1;159.31
13379;4466;188;2;221.91
13380;4466;299;1;93.25
13381;4467;253;3;62.5
13382;4467;65;1;165.71
13383;4467;137;1;83.8
13384;4467;198;1;53.21
13385;4468;46;3;32.13
13386;4469;234;2;199.16
13387;4469;72;2;136.88
13388;4469;112;2;112.28
13389;4470;228;3;21.36
13390;4470;44;1;46.23
13391;4470;241;1;177.76
13392;4470;265;3;194.8
13393;4471;237;2;11.53
13394;4471;227;1;128.22
13395;4471;156;2;51.61
13396;4472;61;1;251.37
13397;4472;59;3;107.83
13398;4472;23;2;17.91
13399;4472;38;3;136.67
13400;4472;10;3;83.77
13401;4473;212;1;167.62
13402;4473;270;1;149.02
13403;4473;216;2;265.62
13404;4473;273;3;197.68
13405;4473;121;1;102.0
13406;4474;167;1;40.59
13407;4475;62;1;77.66
13408;4476;272;2;32.79
13409;4476;206;1;30.23
13410;4476;103;1;60.73
13411;4476;106;3;63.95
13412;4477;134;3;60.38
13413;4477;246;2;105.53
13414;4478;4;2;15.69
13415;4479;94;2;191.51
13416;4479;185;3;47.76
13417;4479;267;3;23.63
13418;4479;68;3;208.07
13419;4479;254;2;92.06
13420;4480;229;3;14.92
13421;4480;17;3;66.06
13422;4481;225;3;14.43
13423;4482;237;2;11.53
13424;4483;238;3;130.67
13425;4483;84;2;56.46
13426;4483;220;1;97.41
13427;4483;264;3;22.18
13428;4483;231;3;58.56
13429;4484;192;1;139.65
13430;4484;123;1;70.77
13431;4484;8;2;295.75
13432;4484;40;2;165.59
13433;4484;138;2;32.55
13434;4485;181;1;42.65
13435;4486;288;2;430.61
13436;4487;252;2;124.2
13437;4487;230;1;163.67
13438;4488;45;3;206.86
13439;4489;3;2;355.2
13440;4490;205;3;54.75
13441;4490;229;1;14.92
13442;4491;180;3;59.61
13443;4492;175;3;18.54
13444;4492;126;3;333.38
13445;4492;195;2;145.55
13446;4493;65;3;165.71
13447;4494;17;1;66.06
13448;4494;260;2;183.92
13449;4494;282;2;377.84
13450;4494;233;2;153.83
13451;4495;27;3;257.64
13452;4495;218;2;163.84
13453;4495;260;2;183.92
13454;4495;68;1;208.07
13455;4496;77;1;137.95
13456;4497;47;1;10.35
13457;4497;297;3;111.18
13458;4498;182;2;96.28
13459;4498;149;1;112.47
13460;4498;259;3;193.37
13461;4498;197;2;109.76
13462;4498;204;1;63.94
13463;4499;195;2;145.55
13464;4500;87;3;172.22
13465;4500;237;2;11.53
13466;4500;158;3;219.43
13467;4500;160;3;62.31
13468;4501;8;3;295.75
13469;4501;164;3;38.45
13470;4501;66;2;65.31
13471;4501;153;2;28.61
13472;4502;46;3;32.13
13473;4502;76;2;23.8
13474;4502;116;3;27.34
13475;4503;75;1;176.39
13476;4503;166;1;36.18
13477;4504;109;3;46.77
13478;4505;142;2;26.83
13479;4505;7;1;435.46
13480;4505;60;2;69.22
13481;4506;277;1;141.51
13482;4506;267;1;23.63
13483;4506;187;1;145.63
13484;4506;121;3;102.0
13485;4507;278;1;58.03
13486;4507;160;2;62.31
13487;4507;275;3;167.5
13488;4507;35;2;57.55
13489;4508;219;3;18.89
13490;4508;144;3;46.76
13491;4508;280;3;194.11
13492;4509;161;1;66.77
13493;4509;214;3;180.06
13494;4509;284;2;66.65
13495;4509;83;3;28.81
13496;4509;158;2;219.43
13497;4510;22;1;231.52
13498;4510;64;3;63.91
13499;4510;153;2;28.61
13500;4510;18;3;140.06
13501;4511;156;1;51.61
13502;4511;281;3;13.59
13503;4511;290;3;138.11
13504;4511;250;1;45.33
13505;4511;239;2;89.88
13506;4512;68;3;208.07
13507;4512;31;2;263.13
13508;4512;108;1;53.06
13509;4512;159;1;56.32
13510;4513;14;2;139.17
13511;4514;150;2;51.66
13512;4514;124;1;109.44
13513;4515;121;1;102.0
13514;4515;32;3;65.71
13515;4515;266;2;78.95
13516;4515;131;3;94.96
13517;4515;294;1;73.58
13518;4516;165;2;30.46
13519;4516;232;2;21.33
13520;4516;20;2;27.74
13521;4516;53;2;51.23
13522;4517;298;2;95.71
13523;4517;227;1;128.22
13524;4517;89;1;376.3
13525;4518;283;2;114.46
13526;4518;76;1;23.8
13527;4518;60;1;69.22
13528;4518;202;1;84.57
13529;4519;290;3;138.11
13530;4520;183;2;83.98
13531;4520;159;3;56.32
13532;4521;12;2;58.48
13533;4522;211;3;253.01
13534;4523;115;3;45.38
13535;4523;129;1;59.78
13536;4523;114;2;81.1
13537;4524;162;3;265.52
13538;4524;13;1;97.98
13539;4524;75;1;176.39
13540;4524;212;2;167.62
13541;4524;169;2;117.44
13542;4525;170;1;22.32
13543;4526;42;3;263.42
13544;4527;213;2;29.38
13545;4528;229;1;14.92
13546;4529;67;2;41.38
13547;4529;223;2;12.9
13548;4529;112;3;112.28
13549;4529;197;2;109.76
13550;4530;168;1;36.16
13551;4530;174;3;16.75
13552;4531;175;1;18.54
13553;4531;34;1;71.61
13554;4531;48;2;214.66
13555;4531;241;3;177.76
13556;4532;174;1;16.75
13557;4532;163;3;127.95
13558;4532;226;1;105.33
13559;4533;226;2;105.33
13560;4533;46;2;32.13
13561;4533;158;1;219.43
13562;4534;180;2;59.61
13563;4534;115;2;45.38
13564;4534;43;3;27.58
13565;4534;235;2;98.52
13566;4535;226;3;105.33
13567;4536;260;2;183.92
13568;4537;269;3;27.35
13569;4537;57;2;49.4
13570;4538;182;3;96.28
13571;4538;60;3;69.22
13572;4539;264;3;22.18
13573;4539;52;3;198.57
13574;4539;23;1;17.91
13575;4539;181;1;42.65
13576;4540;173;1;44.37
13577;4541;300;3;105.48
13578;4541;184;1;75.61
13579;4542;39;2;42.14
13580;4543;45;3;206.86
13581;4543;151;2;14.87
13582;4543;143;2;86.74
13583;4543;292;1;115.69
13584;4543;165;1;30.46
13585;4544;25;2;36.6
13586;4545;179;3;16.67
13587;4545;175;3;18.54
13588;4546;94;2;191.51
13589;4547;193;3;303.95
13590;4547;297;1;111.18
13591;4547;18;1;140.06
13592;4548;24;2;171.7
13593;4549;242;3;66.96
13594;4549;109;3;46.77
13595;4549;240;1;115.21
13596;4550;21;2;27.77
13597;4550;137;1;83.8
13598;4550;72;2;136.88
13599;4550;133;1;129.76
13600;4550;144;3;46.76
13601;4551;217;1;133.47
13602;4551;182;3;96.28
13603;4551;271;2;134.08
13604;4552;296;2;31.73
13605;4552;195;1;145.55
13606;4552;62;2;77.66
13607;4553;183;3;83.98
13608;4554;178;3;117.25
13609;4554;296;1;31.73
13610;4554;86;3;68.41
13611;4554;148;3;161.06
13612;4555;93;2;177.34
13613;4556;150;3;51.66
13614;4556;69;2;100.84
13615;4556;244;2;291.31
13616;4557;78;3;18.59
13617;4557;267;1;23.63
13618;4557;132;3;76.68
13619;4557;236;1;27.58
13620;4557;175;3;18.54
13621;4558;244;3;291.31
13622;4558;117;1;187.28
13623;4559;100;2;36.47
13624;4559;47;1;10.35
13625;4559;297;1;111.18
13626;4560;273;2;197.68
13627;4560;73;2;47.55
13628;4560;296;1;31.73
13629;4561;155;2;75.12
13630;4561;271;2;134.08
13631;4561;36;1;35.27
13632;4561;279;3;52.64
13633;4562;222;1;207.75
13634;4563;254;3;92.06
13635;4563;158;3;219.43
13636;4564;130;2;138.45
13637;4564;284;1;66.65
13638;4564;92;3;338.54
13639;4564;196;3;15.62
13640;4565;230;2;163.67
13641;4565;1;1;85.25
13642;4565;118;2;365.76
13643;4565;239;3;89.88
13644;4565;87;1;172.22
13645;4566;252;2;124.2
13646;4566;193;3;303.95
13647;4566;53;2;51.23
13648;4566;76;1;23.8
13649;4566;82;3;115.88
13650;4567;54;2;232.82
13651;4568;162;3;265.52
13652;4568;238;2;130.67
13653;4568;199;1;156.49
13654;4568;83;2;28.81
13655;4569;89;2;376.3
13656;4569;56;3;84.93
13657;4569;298;1;95.71
13658;4570;31;2;263.13
13659;4570;77;3;137.95
13660;4570;238;3;130.67
13661;4571;61;2;251.37
13662;4571;194;2;39.16
13663;4571;137;1;83.8
13664;4571;32;1;65.71
13665;4571;100;3;36.47
13666;4572;24;3;171.7
13667;4572;152;2;210.67
13668;4573;220;3;97.41
13669;4573;208;2;26.03
13670;4574;290;3;138.11
13671;4574;78;3;18.59
13672;4574;142;1;26.83
13673;4574;69;3;100.84
13674;4574;108;2;53.06
13675;4575;211;2;253.01
13676;4575;187;1;145.63
13677;4575;27;2;257.64
13678;4575;228;3;21.36
13679;4576;255;1;63.76
13680;4577;29;2;33.59
13681;4577;217;1;133.47
13682;4577;298;1;95.71
13683;4577;46;1;32.13
13684;4578;164;2;38.45
13685;4578;27;2;257.64
13686;4578;232;1;21.33
13687;4578;133;3;129.76
13688;4578;229;1;14.92
13689;4579;46;1;32.13
13690;4580;280;2;194.11
13691;4581;114;3;81.1
13692;4581;117;2;187.28
13693;4582;203;1;22.49
13694;4582;295;2;401.67
13695;4582;137;2;83.8
13696;4582;22;2;231.52
13697;4583;99;2;18.5
13698;4583;73;3;47.55
13699;4584;248;3;278.21
13700;4584;94;3;191.51
13701;4584;230;2;163.67
13702;4584;237;1;11.53
13703;4584;268;3;22.25
13704;4585;199;1;156.49
13705;4585;35;2;57.55
13706;4585;298;1;95.71
13707;4585;193;2;303.95
13708;4586;297;3;111.18
13709;4586;59;3;107.83
13710;4587;227;2;128.22
13711;4587;150;2;51.66
13712;4588;190;3;16.04
13713;4588;115;1;45.38
13714;4589;185;2;47.76
13715;4589;178;1;117.25
13716;4589;95;1;11.53
13717;4589;135;3;23.48
13718;4590;163;3;127.95
13719;4591;236;1;27.58
13720;4591;274;3;43.03
13721;4591;98;3;156.09
13722;4592;219;3;18.89
13723;4592;196;2;15.62
13724;4592;168;2;36.16
13725;4592;240;2;115.21
13726;4592;105;3;19.14
13727;4593;108;3;53.06
13728;4593;43;1;27.58
13729;4593;224;3;289.95
13730;4593;84;3;56.46
13731;4594;281;3;13.59
13732;4594;241;1;177.76
13733;4594;49;1;49.52
13734;4594;50;2;63.53
13735;4595;204;1;63.94
13736;4595;181;2;42.65
13737;4595;13;1;97.98
13738;4596;153;1;28.61
13739;4596;260;2;183.92
13740;4597;244;2;291.31
13741;4597;205;1;54.75
13742;4597;165;2;30.46
13743;4598;2;1;169.54
13744;4598;115;3;45.38
13745;4599;87;3;172.22
13746;4599;18;1;140.06
13747;4599;173;1;44.37
13748;4599;40;2;165.59
13749;4600;202;1;84.57
13750;4600;199;3;156.49
13751;4600;19;2;25.52
13752;4601;33;1;98.43
13753;4601;299;1;93.25
13754;4602;139;1;284.29
13755;4602;275;1;167.5
13756;4602;260;2;183.92
13757;4603;86;1;68.41
13758;4603;122;1;159.31
13759;4603;231;1;58.56
13760;4603;219;3;18.89
13761;4604;43;3;27.58
13762;4604;49;3;49.52
13763;4604;191;3;144.67
13764;4604;45;1;206.86
13765;4605;254;3;92.06
13766;4605;184;2;75.61
13767;4606;172;1;108.1
13768;4606;17;2;66.06
13769;4606;211;3;253.01
13770;4606;42;1;263.42
13771;4606;229;2;14.92
13772;4607;168;3;36.16
13773;4608;186;3;24.83
13774;4608;198;2;53.21
13775;4608;117;2;187.28
13776;4608;292;3;115.69
13777;4609;197;2;109.76
13778;4610;119;2;52.95
13779;4610;199;2;156.49
13780;4610;283;3;114.46
13781;4611;125;2;136.07
13782;4611;258;3;183.46
13783;4612;216;3;265.62
13784;4612;78;3;18.59
13785;4612;146;1;35.44
13786;4613;69;1;100.84
13787;4614;237;2;11.53
13788;4614;162;1;265.52
13789;4614;226;1;105.33
13790;4615;121;1;102.0
13791;4615;130;3;138.45
13792;4616;167;3;40.59
13793;4616;14;3;139.17
13794;4616;11;2;27.62
13795;4616;159;2;56.32
13796;4616;16;3;135.22
13797;4617;208;1;26.03
13798;4617;163;2;127.95
13799;4618;77;1;137.95
13800;4619;86;3;68.41
13801;4620;17;3;66.06
13802;4620;66;1;65.31
13803;4620;32;3;65.71
13804;4620;68;2;208.07
13805;4621;254;1;92.06
13806;4622;126;2;333.38
13807;4622;177;3;190.69
13808;4622;176;3;23.46
13809;4622;106;2;63.95
13810;4622;181;1;42.65
13811;4623;122;1;159.31
13812;4623;50;3;63.53
13813;4623;65;2;165.71
13814;4624;115;3;45.38
13815;4624;34;2;71.61
13816;4624;177;2;190.69
13817;4624;54;1;232.82
13818;4624;111;1;28.98
13819;4625;298;3;95.71
13820;4625;233;3;153.83
13821;4625;246;3;105.53
13822;4625;89;3;376.3
13823;4626;221;3;182.12
13824;4626;159;1;56.32
13825;4626;29;2;33.59
13826;4626;290;1;138.11
13827;4626;99;2;18.5
13828;4627;139;1;284.29
13829;4627;134;1;60.38
13830;4627;77;3;137.95
13831;4628;212;3;167.62
13832;4628;221;1;182.12
13833;4628;264;2;22.18
13834;4629;183;1;83.98
13835;4629;261;2;138.08
13836;4629;163;1;127.95
13837;4630;50;2;63.53
13838;4630;49;3;49.52
13839;4630;1;1;85.25
13840;4630;112;2;112.28
13841;4631;273;3;197.68
13842;4631;174;1;16.75
13843;4631;190;3;16.04
13844;4631;185;3;47.76
13845;4632;237;1;11.53
13846;4632;129;1;59.78
13847;4632;195;2;145.55
13848;4632;270;3;149.02
13849;4632;145;1;77.19
13850;4633;195;2;145.55
13851;4633;66;1;65.31
13852;4634;45;1;206.86
13853;4634;3;2;355.2
13854;4634;103;1;60.73
13855;4635;153;2;28.61
13856;4635;135;3;23.48
13857;4635;239;1;89.88
13858;4636;286;3;23.1
13859;4636;162;2;265.52
13860;4636;111;1;28.98
13861;4636;262;3;203.02
13862;4637;134;1;60.38
13863;4637;260;2;183.92
13864;4637;257;3;75.87
13865;4637;268;3;22.25
13866;4638;47;3;10.35
13867;4638;63;2;81.7
13868;4638;11;3;27.62
13869;4638;154;1;276.99
13870;4638;262;2;203.02
13871;4639;274;2;43.03
13872;4639;46;2;32.13
13873;4640;117;1;187.28
13874;4640;244;3;291.31
13875;4640;244;2;291.31
13876;4640;255;2;63.76
13877;4641;175;3;18.54
13878;4641;115;1;45.38
13879;4641;106;3;63.95
13880;4641;48;3;214.66
13881;4641;39;2;42.14
13882;4642;155;3;75.12
13883;4642;140;2;35.81
13884;4642;136;3;77.12
13885;4642;64;3;63.91
13886;4642;177;3;190.69
13887;4643;240;3;115.21
13888;4643;164;1;38.45
13889;4643;134;2;60.38
13890;4643;164;2;38.45
13891;4644;147;3;15.53
13892;4644;138;2;32.55
13893;4644;225;2;14.43
13894;4644;177;2;190.69
13895;4644;65;1;165.71
13896;4645;7;2;435.46
13897;4645;153;1;28.61
13898;4645;266;1;78.95
13899;4645;70;2;99.53
13900;4645;244;3;291.31
13901;4646;181;1;42.65
13902;4646;275;2;167.5
13903;4646;87;3;172.22
13904;4646;38;1;136.67
13905;4647;207;2;234.88
13906;4647;227;2;128.22
13907;4647;233;3;153.83
13908;4648;9;3;134.64
13909;4648;202;3;84.57
13910;4649;172;3;108.1
13911;4649;256;3;229.2
13912;4649;99;3;18.5
13913;4650;152;1;210.67
13914;4651;268;2;22.25
13915;4651;286;1;23.1
13916;4652;99;1;18.5
13917;4652;259;3;193.37
13918;4652;10;2;83.77
13919;4653;283;3;114.46
13920;4653;55;3;105.96
13921;4653;144;1;46.76
13922;4653;289;3;36.82
13923;4654;261;3;138.08
13924;4654;232;3;21.33
13925;4654;31;1;263.13
13926;4654;152;1;210.67
13927;4654;198;2;53.21
13928;4655;170;2;22.32
13929;4656;278;3;58.03
13930;4656;32;2;65.71
13931;4656;144;3;46.76
13932;4656;29;3;33.59
13933;4656;254;1;92.06
13934;4657;293;1;32.93
13935;4658;19;3;25.52
13936;4658;117;1;187.28
13937;4658;54;1;232.82
13938;4659;46;3;32.13
13939;4659;2;3;169.54
13940;4659;132;1;76.68
13941;4659;126;3;333.38
13942;4660;269;3;27.35
13943;4660;218;3;163.84
13944;4661;51;2;69.12
13945;4661;72;3;136.88
13946;4661;177;2;190.69
13947;4661;251;1;594.78
13948;4662;206;1;30.23
13949;4662;85;3;276.27
13950;4662;173;3;44.37
13951;4662;190;3;16.04
13952;4663;113;2;261.82
13953;4663;81;2;83.86
13954;4663;21;1;27.77
13955;4663;233;1;153.83
13956;4663;237;3;11.53
13957;4664;234;3;199.16
13958;4664;274;3;43.03
13959;4664;169;2;117.44
13960;4665;248;3;278.21
13961;4665;102;2;79.45
13962;4666;247;3;280.92
13963;4666;42;1;263.42
13964;4666;228;2;21.36
13965;4666;110;3;33.58
13966;4666;96;1;318.43
13967;4667;178;3;117.25
13968;4667;272;3;32.79
13969;4667;142;3;26.83
13970;4667;201;1;55.38
13971;4667;276;3;77.1
13972;4668;161;3;66.77
13973;4668;137;1;83.8
13974;4668;100;1;36.47
13975;4669;104;1;193.22
13976;4670;76;2;23.8
13977;4670;185;1;47.76
13978;4670;68;2;208.07
13979;4671;290;3;138.11
13980;4672;289;2;36.82
13981;4672;256;3;229.2
13982;4672;62;3;77.66
13983;4673;70;2;99.53
13984;4673;124;3;109.44
13985;4673;4;1;15.69
13986;4673;217;3;133.47
13987;4674;186;2;24.83
13988;4674;209;1;110.99
13989;4674;270;2;149.02
13990;4675;239;3;89.88
13991;4675;153;2;28.61
13992;4675;186;1;24.83
13993;4675;204;1;63.94
13994;4675;80;3;16.51
13995;4676;273;3;197.68
13996;4676;231;2;58.56
13997;4676;97;1;160.55
13998;4677;280;3;194.11
13999;4678;133;3;129.76
14000;4678;19;2;25.52
14001;4678;228;1;21.36
14002;4678;70;2;99.53
14003;4679;29;1;33.59
14004;4680;15;3;110.9
14005;4680;30;3;43.42
14006;4680;118;2;365.76
14007;4681;150;1;51.66
14008;4681;130;3;138.45
14009;4681;291;3;67.09
14010;4682;36;1;35.27
14011;4682;179;1;16.67
14012;4682;172;2;108.1
14013;4683;259;2;193.37
14014;4683;128;3;604.55
14015;4683;281;2;13.59
14016;4683;24;1;171.7
14017;4684;172;3;108.1
14018;4684;284;1;66.65
14019;4684;159;1;56.32
14020;4684;300;3;105.48
14021;4685;217;1;133.47
14022;4685;213;2;29.38
14023;4685;212;2;167.62
14024;4685;170;3;22.32
14025;4686;7;2;435.46
14026;4687;269;1;27.35
14027;4687;168;2;36.16
14028;4687;185;3;47.76
14029;4687;281;1;13.59
14030;4688;258;1;183.46
14031;4688;182;2;96.28
14032;4689;17;2;66.06
14033;4689;134;1;60.38
14034;4690;256;3;229.2
14035;4691;137;2;83.8
14036;4691;240;2;115.21
14037;4691;43;3;27.58
14038;4692;105;3;19.14
14039;4692;186;3;24.83
14040;4693;266;2;78.95
14041;4693;184;1;75.61
14042;4694;223;3;12.9
14043;4695;133;2;129.76
14044;4695;192;3;139.65
14045;4695;115;2;45.38
14046;4695;140;2;35.81
14047;4695;63;2;81.7
14048;4696;92;2;338.54
14049;4696;31;2;263.13
14050;4697;254;1;92.06
14051;4697;34;1;71.61
14052;4697;143;1;86.74
14053;4698;109;1;46.77
14054;4699;229;3;14.92
14055;4699;58;3;37.93
14056;4699;40;1;165.59
14057;4700;173;2;44.37
14058;4700;62;2;77.66
14059;4700;45;2;206.86
14060;4701;73;1;47.55
14061;4702;187;2;145.63
14062;4702;75;3;176.39
14063;4703;36;2;35.27
14064;4703;175;2;18.54
14065;4704;120;1;44.38
14066;4704;165;1;30.46
14067;4704;180;2;59.61
14068;4705;295;2;401.67
14069;4705;57;3;49.4
14070;4706;183;1;83.98
14071;4706;163;2;127.95
14072;4706;65;3;165.71
14073;4706;107;1;57.11
14074;4706;36;3;35.27
14075;4707;137;2;83.8
14076;4708;64;3;63.91
14077;4708;182;2;96.28
14078;4709;236;2;27.58
14079;4710;6;3;124.34
14080;4710;242;2;66.96
14081;4710;182;1;96.28
14082;4711;162;2;265.52
14083;4711;284;2;66.65
14084;4711;153;3;28.61
14085;4711;181;1;42.65
14086;4712;174;3;16.75
14087;4712;266;3;78.95
14088;4712;167;3;40.59
14089;4712;30;3;43.42
14090;4713;198;1;53.21
14091;4713;91;3;48.19
14092;4713;233;3;153.83
14093;4714;252;3;124.2
14094;4714;98;2;156.09
14095;4714;179;2;16.67
14096;4715;4;2;15.69
14097;4715;167;2;40.59
14098;4715;49;2;49.52
14099;4715;243;3;23.3
14100;4715;163;1;127.95
14101;4716;50;2;63.53
14102;4716;110;2;33.58
14103;4716;43;3;27.58
14104;4717;60;3;69.22
14105;4717;85;2;276.27
14106;4718;212;1;167.62
14107;4719;121;3;102.0
14108;4719;130;2;138.45
14109;4720;270;2;149.02
14110;4720;288;3;430.61
14111;4720;276;2;77.1
14112;4720;62;2;77.66
14113;4721;35;1;57.55
14114;4721;196;3;15.62
14115;4722;151;3;14.87
14116;4722;95;1;11.53
14117;4722;258;3;183.46
14118;4722;99;2;18.5
14119;4722;69;3;100.84
14120;4723;128;3;604.55
14121;4723;147;1;15.53
14122;4723;217;3;133.47
14123;4723;66;1;65.31
14124;4724;26;2;73.19
14125;4724;252;3;124.2
14126;4724;172;1;108.1
14127;4725;157;1;145.39
14128;4726;157;3;145.39
14129;4726;9;3;134.64
14130;4726;275;1;167.5
14131;4726;221;2;182.12
14132;4726;161;1;66.77
14133;4727;97;3;160.55
14134;4728;34;2;71.61
14135;4728;118;3;365.76
14136;4728;151;3;14.87
14137;4729;25;2;36.6
14138;4729;38;1;136.67
14139;4729;101;3;337.71
14140;4729;179;1;16.67
14141;4729;181;2;42.65
14142;4730;186;2;24.83
14143;4730;171;2;59.0
14144;4730;160;3;62.31
14145;4730;231;3;58.56
14146;4731;178;2;117.25
14147;4731;289;2;36.82
14148;4732;125;3;136.07
14149;4732;270;3;149.02
14150;4733;40;3;165.59
14151;4733;292;2;115.69
14152;4733;9;2;134.64
14153;4734;81;3;83.86
14154;4734;53;2;51.23
14155;4734;42;1;263.42
14156;4735;260;2;183.92
14157;4736;92;3;338.54
14158;4736;73;2;47.55
14159;4736;156;3;51.61
14160;4736;10;3;83.77
14161;4736;276;2;77.1
14162;4737;199;2;156.49
14163;4737;83;2;28.81
14164;4738;158;3;219.43
14165;4738;229;1;14.92
14166;4738;98;1;156.09
14167;4739;24;3;171.7
14168;4740;199;2;156.49
14169;4740;260;2;183.92
14170;4740;154;1;276.99
14171;4740;179;1;16.67
14172;4741;281;1;13.59
14173;4741;234;2;199.16
14174;4742;222;3;207.75
14175;4743;238;2;130.67
14176;4743;93;3;177.34
14177;4744;209;1;110.99
14178;4744;147;3;15.53
14179;4745;83;1;28.81
14180;4745;9;1;134.64
14181;4745;65;3;165.71
14182;4745;257;3;75.87
14183;4745;249;2;94.89
14184;4746;66;3;65.31
14185;4746;155;3;75.12
14186;4747;51;3;69.12
14187;4747;142;3;26.83
14188;4747;95;3;11.53
14189;4748;189;2;298.51
14190;4749;9;3;134.64
14191;4749;154;3;276.99
14192;4749;121;3;102.0
14193;4750;37;3;125.9
14194;4751;143;2;86.74
14195;4751;264;1;22.18
14196;4752;203;3;22.49
14197;4752;31;3;263.13
14198;4752;242;1;66.96
14199;4752;9;3;134.64
14200;4753;194;2;39.16
14201;4753;3;3;355.2
14202;4754;81;2;83.86
14203;4754;244;1;291.31
14204;4755;111;1;28.98
14205;4755;41;2;202.78
14206;4756;11;2;27.62
14207;4756;2;2;169.54
14208;4757;115;3;45.38
14209;4758;224;2;289.95
14210;4758;199;2;156.49
14211;4758;129;1;59.78
14212;4759;165;1;30.46
14213;4759;52;3;198.57
14214;4759;182;1;96.28
14215;4759;85;3;276.27
14216;4760;263;1;58.98
14217;4760;107;1;57.11
14218;4761;50;2;63.53
14219;4761;114;1;81.1
14220;4761;298;2;95.71
14221;4761;99;1;18.5
14222;4762;202;3;84.57
14223;4762;89;3;376.3
14224;4762;113;3;261.82
14225;4762;88;3;271.98
14226;4763;226;3;105.33
14227;4763;81;3;83.86
14228;4763;14;2;139.17
14229;4763;23;2;17.91
14230;4763;91;3;48.19
14231;4764;55;3;105.96
14232;4765;78;3;18.59
14233;4765;170;2;22.32
14234;4765;97;2;160.55
14235;4766;120;1;44.38
14236;4766;182;1;96.28
14237;4766;110;3;33.58
14238;4766;295;2;401.67
14239;4767;187;3;145.63
14240;4768;53;3;51.23
14241;4768;114;3;81.1
14242;4768;31;2;263.13
14243;4768;117;1;187.28
14244;4768;118;3;365.76
14245;4769;252;1;124.2
14246;4769;178;3;117.25
14247;4770;29;2;33.59
14248;4770;26;2;73.19
14249;4771;282;1;377.84
14250;4771;42;3;263.42
14251;4772;264;2;22.18
14252;4772;278;3;58.03
14253;4772;9;3;134.64
14254;4773;300;2;105.48
14255;4773;89;2;376.3
14256;4773;124;3;109.44
14257;4773;90;2;238.59
14258;4773;125;1;136.07
14259;4774;199;3;156.49
14260;4774;30;3;43.42
14261;4774;294;3;73.58
14262;4774;147;1;15.53
14263;4775;273;2;197.68
14264;4775;242;2;66.96
14265;4776;89;2;376.3
14266;4776;221;2;182.12
14267;4777;254;3;92.06
14268;4777;162;1;265.52
14269;4777;164;3;38.45
14270;4777;176;2;23.46
14271;4777;237;3;11.53
14272;4778;115;2;45.38
14273;4778;181;2;42.65
14274;4779;147;2;15.53
14275;4780;180;1;59.61
14276;4781;17;1;66.06
14277;4782;155;1;75.12
14278;4783;29;3;33.59
14279;4783;257;3;75.87
14280;4783;298;1;95.71
14281;4783;176;3;23.46
14282;4783;5;1;99.57
14283;4784;139;3;284.29
14284;4784;112;3;112.28
14285;4784;171;2;59.0
14286;4785;170;1;22.32
14287;4785;128;3;604.55
14288;4785;116;2;27.34
14289;4785;43;2;27.58
14290;4785;80;1;16.51
14291;4786;243;2;23.3
14292;4786;155;1;75.12
14293;4786;166;1;36.18
14294;4787;144;1;46.76
14295;4787;55;3;105.96
14296;4787;82;3;115.88
14297;4787;201;3;55.38
14298;4787;237;3;11.53
14299;4788;169;2;117.44
14300;4788;215;3;42.37
14301;4788;120;3;44.38
14302;4788;164;3;38.45
14303;4789;196;2;15.62
14304;4789;87;3;172.22
14305;4789;123;3;70.77
14306;4790;165;2;30.46
14307;4790;69;2;100.84
14308;4790;163;2;127.95
14309;4791;231;1;58.56
14310;4791;212;2;167.62
14311;4791;290;2;138.11
14312;4791;286;2;23.1
14313;4791;273;3;197.68
14314;4792;95;3;11.53
14315;4792;191;1;144.67
14316;4792;61;2;251.37
14317;4792;15;3;110.9
14318;4792;75;2;176.39
14319;4793;268;1;22.25
14320;4793;280;3;194.11
14321;4793;107;3;57.11
14322;4793;229;2;14.92
14323;4794;167;1;40.59
14324;4795;243;3;23.3
14325;4795;171;2;59.0
14326;4795;230;1;163.67
14327;4796;46;3;32.13
14328;4796;267;3;23.63
14329;4796;275;2;167.5
14330;4797;129;2;59.78
14331;4797;292;3;115.69
14332;4797;24;2;171.7
14333;4797;174;2;16.75
14334;4797;82;1;115.88
14335;4798;108;1;53.06
14336;4799;188;2;221.91
14337;4799;215;3;42.37
14338;4799;82;1;115.88
14339;4799;126;1;333.38
14340;4800;58;1;37.93
14341;4800;111;1;28.98
14342;4800;124;2;109.44
14343;4800;114;2;81.1
14344;4800;193;2;303.95
14345;4801;277;3;141.51
14346;4801;95;2;11.53
14347;4802;43;2;27.58
14348;4802;286;1;23.1
14349;4802;133;3;129.76
14350;4802;13;2;97.98
14351;4803;240;2;115.21
14352;4803;36;2;35.27
14353;4803;241;1;177.76
14354;4803;26;2;73.19
14355;4803;63;2;81.7
14356;4804;190;3;16.04
14357;4804;291;2;67.09
14358;4804;266;1;78.95
14359;4805;61;1;251.37
14360;4805;171;2;59.0
14361;4805;88;3;271.98
14362;4805;149;3;112.47
14363;4805;241;3;177.76
14364;4806;290;3;138.11
14365;4806;231;3;58.56
14366;4807;178;3;117.25
14367;4807;126;1;333.38
14368;4808;80;3;16.51
14369;4808;22;1;231.52
14370;4809;36;3;35.27
14371;4809;159;2;56.32
14372;4809;141;3;62.63
14373;4809;189;3;298.51
14374;4810;239;3;89.88
14375;4810;297;3;111.18
14376;4810;67;3;41.38
14377;4810;165;2;30.46
14378;4811;91;1;48.19
14379;4811;185;1;47.76
14380;4812;60;1;69.22
14381;4813;27;1;257.64
14382;4813;234;3;199.16
14383;4814;18;2;140.06
14384;4814;114;3;81.1
14385;4814;287;1;82.17
14386;4814;291;1;67.09
14387;4814;44;1;46.23
14388;4815;239;2;89.88
14389;4815;46;1;32.13
14390;4815;22;2;231.52
14391;4815;184;2;75.61
14392;4815;116;2;27.34
14393;4816;8;3;295.75
14394;4817;181;2;42.65
14395;4817;42;3;263.42
14396;4818;221;2;182.12
14397;4818;120;1;44.38
14398;4818;86;3;68.41
14399;4818;268;2;22.25
14400;4819;258;2;183.46
14401;4819;117;1;187.28
14402;4820;157;2;145.39
14403;4820;46;3;32.13
14404;4820;262;2;203.02
14405;4820;153;3;28.61
14406;4821;285;2;108.9
14407;4821;47;2;10.35
14408;4821;220;2;97.41
14409;4821;7;3;435.46
14410;4822;139;1;284.29
14411;4823;209;3;110.99
14412;4823;280;2;194.11
14413;4824;296;3;31.73
14414;4825;207;1;234.88
14415;4826;131;2;94.96
14416;4826;143;1;86.74
14417;4827;197;3;109.76
14418;4827;117;3;187.28
14419;4827;145;2;77.19
14420;4828;188;3;221.91
14421;4828;282;2;377.84
14422;4828;90;2;238.59
14423;4828;65;3;165.71
14424;4829;128;3;604.55
14425;4829;47;3;10.35
14426;4829;286;2;23.1
14427;4830;198;3;53.21
14428;4830;88;1;271.98
14429;4830;120;2;44.38
14430;4830;69;2;100.84
14431;4830;59;2;107.83
14432;4831;77;3;137.95
14433;4831;42;3;263.42
14434;4831;2;1;169.54
14435;4831;129;2;59.78
14436;4832;251;1;594.78
14437;4833;108;3;53.06
14438;4833;104;2;193.22
14439;4833;243;2;23.3
14440;4833;3;1;355.2
14441;4833;208;3;26.03
14442;4834;257;1;75.87
14443;4834;48;1;214.66
14444;4834;268;3;22.25
14445;4835;230;1;163.67
14446;4835;260;3;183.92
14447;4836;55;2;105.96
14448;4836;95;2;11.53
14449;4837;211;2;253.01
14450;4837;21;2;27.77
14451;4837;295;1;401.67
14452;4838;161;1;66.77
14453;4838;284;2;66.65
14454;4838;79;1;57.05
14455;4838;160;1;62.31
14456;4838;279;1;52.64
14457;4839;252;2;124.2
14458;4839;154;3;276.99
14459;4839;67;3;41.38
14460;4839;187;3;145.63
14461;4840;203;2;22.49
14462;4840;284;2;66.65
14463;4840;24;3;171.7
14464;4840;265;2;194.8
14465;4841;284;2;66.65
14466;4841;241;1;177.76
14467;4841;133;2;129.76
14468;4841;253;1;62.5
14469;4842;264;3;22.18
14470;4842;212;2;167.62
14471;4843;107;2;57.11
14472;4843;74;3;13.44
14473;4844;204;1;63.94
14474;4845;85;3;276.27
14475;4845;246;3;105.53
14476;4845;43;1;27.58
14477;4845;291;3;67.09
14478;4846;86;2;68.41
14479;4846;55;3;105.96
14480;4846;171;1;59.0
14481;4846;287;2;82.17
14482;4846;138;2;32.55
14483;4847;282;1;377.84
14484;4847;202;2;84.57
14485;4847;178;2;117.25
14486;4848;219;3;18.89
14487;4848;13;1;97.98
14488;4848;78;3;18.59
14489;4848;55;1;105.96
14490;4848;166;2;36.18
14491;4849;24;1;171.7
14492;4850;255;2;63.76
14493;4850;168;3;36.16
14494;4850;180;2;59.61
14495;4850;5;2;99.57
14496;4850;160;2;62.31
14497;4851;101;1;337.71
14498;4851;102;2;79.45
14499;4851;189;2;298.51
14500;4852;38;3;136.67
14501;4853;158;2;219.43
14502;4853;21;2;27.77
14503;4853;46;2;32.13
14504;4854;29;3;33.59
14505;4855;212;2;167.62
14506;4855;143;1;86.74
14507;4855;229;1;14.92
14508;4855;8;1;295.75
14509;4856;85;1;276.27
14510;4856;264;3;22.18
14511;4856;8;3;295.75
14512;4856;240;3;115.21
14513;4857;297;2;111.18
14514;4857;2;3;169.54
14515;4857;288;3;430.61
14516;4857;138;1;32.55
14517;4858;240;2;115.21
14518;4858;59;2;107.83
14519;4858;274;1;43.03
14520;4858;187;1;145.63
14521;4859;283;1;114.46
14522;4859;104;2;193.22
14523;4859;288;1;430.61
14524;4859;114;1;81.1
14525;4859;132;1;76.68
14526;4860;2;3;169.54
14527;4860;51;2;69.12
14528;4861;271;1;134.08
14529;4861;34;3;71.61
14530;4861;49;3;49.52
14531;4861;204;3;63.94
14532;4861;84;1;56.46
14533;4862;257;1;75.87
14534;4862;117;2;187.28
14535;4862;269;2;27.35
14536;4862;40;3;165.59
14537;4863;123;2;70.77
14538;4863;153;2;28.61
14539;4863;34;2;71.61
14540;4863;248;3;278.21
14541;4863;239;1;89.88
14542;4864;300;3;105.48
14543;4864;89;1;376.3
14544;4864;10;1;83.77
14545;4864;81;3;83.86
14546;4864;272;1;32.79
14547;4865;38;1;136.67
14548;4865;274;2;43.03
14549;4865;109;1;46.77
14550;4865;180;1;59.61
14551;4865;180;1;59.61
14552;4866;46;2;32.13
14553;4866;19;3;25.52
14554;4866;174;1;16.75
14555;4866;156;2;51.61
14556;4867;258;1;183.46
14557;4868;208;1;26.03
14558;4868;13;1;97.98
14559;4869;299;3;93.25
14560;4869;261;3;138.08
14561;4869;153;2;28.61
14562;4870;298;1;95.71
14563;4870;143;2;86.74
14564;4870;216;2;265.62
14565;4870;151;1;14.87
14566;4871;130;2;138.45
14567;4872;203;1;22.49
14568;4872;218;1;163.84
14569;4872;171;1;59.0
14570;4872;129;3;59.78
14571;4873;226;2;105.33
14572;4874;240;3;115.21
14573;4874;129;2;59.78
14574;4874;143;1;86.74
14575;4874;9;3;134.64
14576;4874;77;2;137.95
14577;4875;46;3;32.13
14578;4875;79;2;57.05
14579;4876;1;2;85.25
14580;4876;80;1;16.51
14581;4876;70;2;99.53
14582;4876;201;3;55.38
14583;4877;285;1;108.9
14584;4877;258;1;183.46
14585;4878;218;3;163.84
14586;4878;222;1;207.75
14587;4878;230;3;163.67
14588;4878;291;2;67.09
14589;4878;155;2;75.12
14590;4879;262;3;203.02
14591;4879;111;1;28.98
14592;4879;186;2;24.83
14593;4879;143;2;86.74
14594;4879;182;2;96.28
14595;4880;288;3;430.61
14596;4880;53;2;51.23
14597;4881;93;2;177.34
14598;4882;42;3;263.42
14599;4882;86;2;68.41
14600;4883;298;2;95.71
14601;4883;11;3;27.62
14602;4883;93;1;177.34
14603;4883;293;3;32.93
14604;4884;201;2;55.38
14605;4884;25;1;36.6
14606;4885;248;2;278.21
14607;4885;88;2;271.98
14608;4885;53;3;51.23
14609;4885;22;3;231.52
14610;4885;83;2;28.81
14611;4886;149;3;112.47
14612;4886;112;3;112.28
14613;4886;24;1;171.7
14614;4886;88;3;271.98
14615;4887;218;2;163.84
14616;4887;210;1;230.86
14617;4888;42;3;263.42
14618;4888;228;1;21.36
14619;4888;267;2;23.63
14620;4889;87;1;172.22
14621;4890;149;3;112.47
14622;4891;197;3;109.76
14623;4891;102;3;79.45
14624;4891;65;3;165.71
14625;4892;17;3;66.06
14626;4892;255;3;63.76
14627;4892;236;3;27.58
14628;4893;66;2;65.31
14629;4893;24;1;171.7
14630;4893;239;3;89.88
14631;4894;81;2;83.86
14632;4894;123;1;70.77
14633;4894;49;3;49.52
14634;4894;94;3;191.51
14635;4894;101;2;337.71
14636;4895;90;1;238.59
14637;4895;187;2;145.63
14638;4895;96;1;318.43
14639;4896;23;2;17.91
14640;4896;179;1;16.67
14641;4896;161;1;66.77
14642;4896;203;2;22.49
14643;4896;16;2;135.22
14644;4897;10;2;83.77
14645;4897;131;3;94.96
14646;4897;222;3;207.75
14647;4897;282;2;377.84
14648;4897;9;3;134.64
14649;4898;13;2;97.98
14650;4899;25;1;36.6
14651;4899;139;2;284.29
14652;4900;298;3;95.71
14653;4901;79;3;57.05
14654;4901;224;3;289.95
14655;4901;261;3;138.08
14656;4901;147;3;15.53
14657;4901;112;2;112.28
14658;4902;199;2;156.49
14659;4902;55;1;105.96
14660;4903;160;2;62.31
14661;4903;252;3;124.2
14662;4903;63;2;81.7
14663;4903;276;1;77.1
14664;4904;165;2;30.46
14665;4904;8;3;295.75
14666;4905;138;1;32.55
14667;4905;150;2;51.66
14668;4905;87;3;172.22
14669;4905;282;1;377.84
14670;4906;18;3;140.06
14671;4906;170;1;22.32
14672;4906;290;1;138.11
14673;4906;163;2;127.95
14674;4906;33;3;98.43
14675;4907;33;1;98.43
14676;4907;149;3;112.47
14677;4907;138;1;32.55
14678;4908;15;2;110.9
14679;4908;285;1;108.9
14680;4908;187;3;145.63
14681;4908;266;2;78.95
14682;4909;201;2;55.38
14683;4909;66;1;65.31
14684;4909;239;1;89.88
14685;4910;220;1;97.41
14686;4910;63;3;81.7
14687;4910;99;3;18.5
14688;4911;137;1;83.8
14689;4911;171;3;59.0
14690;4911;176;2;23.46
14691;4912;202;1;84.57
14692;4912;44;1;46.23
14693;4913;206;2;30.23
14694;4913;299;1;93.25
14695;4913;131;2;94.96
14696;4914;116;1;27.34
14697;4914;245;2;88.8
14698;4914;289;3;36.82
14699;4914;161;1;66.77
14700;4914;182;3;96.28
14701;4915;119;2;52.95
14702;4915;210;1;230.86
14703;4916;7;3;435.46
14704;4917;1;1;85.25
14705;4918;27;1;257.64
14706;4918;224;1;289.95
14707;4918;73;3;47.55
14708;4918;270;3;149.02
14709;4919;63;1;81.7
14710;4919;53;1;51.23
14711;4919;299;3;93.25
14712;4920;112;1;112.28
14713;4920;32;1;65.71
14714;4920;250;1;45.33
14715;4920;131;3;94.96
14716;4921;264;2;22.18
14717;4921;236;3;27.58
14718;4922;34;1;71.61
14719;4923;73;3;47.55
14720;4923;172;3;108.1
14721;4923;244;2;291.31
14722;4923;131;3;94.96
14723;4923;57;1;49.4
14724;4924;255;2;63.76
14725;4924;261;2;138.08
14726;4924;63;1;81.7
14727;4925;26;2;73.19
14728;4925;258;1;183.46
14729;4925;276;3;77.1
14730;4926;7;1;435.46
14731;4926;236;2;27.58
14732;4926;67;3;41.38
14733;4926;250;3;45.33
14734;4926;73;1;47.55
14735;4927;149;2;112.47
14736;4927;117;3;187.28
14737;4927;71;3;104.37
14738;4928;162;2;265.52
14739;4929;224;3;289.95
14740;4929;273;2;197.68
14741;4929;56;1;84.93
14742;4929;200;2;209.0
14743;4929;191;2;144.67
14744;4930;23;3;17.91
14745;4930;47;1;10.35
14746;4930;135;2;23.48
14747;4930;71;1;104.37
14748;4930;176;3;23.46
14749;4931;32;3;65.71
14750;4931;128;1;604.55
14751;4931;123;3;70.77
14752;4932;135;1;23.48
14753;4932;101;1;337.71
14754;4932;267;1;23.63
14755;4932;279;1;52.64
14756;4932;284;2;66.65
14757;4933;230;3;163.67
14758;4933;180;3;59.61
14759;4933;299;2;93.25
14760;4933;26;3;73.19
14761;4934;19;2;25.52
14762;4934;41;3;202.78
14763;4934;124;3;109.44
14764;4935;12;2;58.48
14765;4935;164;2;38.45
14766;4936;20;2;27.74
14767;4936;157;3;145.39
14768;4937;296;1;31.73
14769;4937;194;1;39.16
14770;4938;115;3;45.38
14771;4938;258;1;183.46
14772;4938;41;1;202.78
14773;4939;83;2;28.81
14774;4939;279;3;52.64
14775;4940;165;2;30.46
14776;4940;88;1;271.98
14777;4940;255;2;63.76
14778;4941;5;1;99.57
14779;4941;137;2;83.8
14780;4941;298;2;95.71
14781;4941;294;3;73.58
14782;4941;184;3;75.61
14783;4942;297;1;111.18
14784;4942;98;1;156.09
14785;4943;166;1;36.18
14786;4943;115;3;45.38
14787;4943;21;2;27.77
14788;4943;54;1;232.82
14789;4944;5;1;99.57
14790;4945;293;2;32.93
14791;4945;268;3;22.25
14792;4945;33;2;98.43
14793;4945;265;3;194.8
14794;4946;128;3;604.55
14795;4946;286;3;23.1
14796;4947;49;2;49.52
14797;4947;56;3;84.93
14798;4948;224;2;289.95
14799;4948;224;1;289.95
14800;4948;243;2;23.3
14801;4949;137;3;83.8
14802;4949;95;2;11.53
14803;4950;191;3;144.67
14804;4950;155;1;75.12
14805;4950;12;1;58.48
14806;4950;63;1;81.7
14807;4950;204;2;63.94
14808;4951;109;3;46.77
14809;4952;285;3;108.9
14810;4952;284;3;66.65
14811;4953;23;2;17.91
14812;4953;222;3;207.75
14813;4953;56;3;84.93
14814;4954;72;3;136.88
14815;4954;98;1;156.09
14816;4954;112;1;112.28
14817;4955;260;3;183.92
14818;4955;149;3;112.47
14819;4955;44;2;46.23
14820;4955;251;2;594.78
14821;4956;211;2;253.01
14822;4956;191;2;144.67
14823;4957;140;2;35.81
14824;4958;281;2;13.59
14825;4958;17;2;66.06
14826;4958;265;1;194.8
14827;4959;137;3;83.8
14828;4959;154;1;276.99
14829;4960;10;3;83.77
14830;4960;275;3;167.5
14831;4960;134;1;60.38
14832;4961;261;3;138.08
14833;4962;36;1;35.27
14834;4962;165;3;30.46
14835;4962;170;3;22.32
14836;4962;294;1;73.58
14837;4962;191;3;144.67
14838;4963;79;3;57.05
14839;4963;137;2;83.8
14840;4963;18;2;140.06
14841;4963;277;2;141.51
14842;4964;99;3;18.5
14843;4964;124;1;109.44
14844;4964;73;3;47.55
14845;4965;210;3;230.86
14846;4966;152;1;210.67
14847;4966;249;2;94.89
14848;4966;235;3;98.52
14849;4966;276;1;77.1
14850;4967;288;1;430.61
14851;4967;110;3;33.58
14852;4967;32;3;65.71
14853;4967;255;3;63.76
14854;4968;94;3;191.51
14855;4969;184;3;75.61
14856;4969;273;3;197.68
14857;4969;241;2;177.76
14858;4969;251;1;594.78
14859;4970;38;2;136.67
14860;4970;120;2;44.38
14861;4971;271;1;134.08
14862;4972;218;2;163.84
14863;4972;69;1;100.84
14864;4972;287;3;82.17
14865;4973;30;3;43.42
14866;4973;265;2;194.8
14867;4973;191;2;144.67
14868;4973;46;3;32.13
14869;4974;291;3;67.09
14870;4975;31;2;263.13
14871;4975;29;2;33.59
14872;4975;300;1;105.48
14873;4975;8;1;295.75
14874;4976;88;1;271.98
14875;4976;64;2;63.91
14876;4976;285;1;108.9
14877;4976;85;1;276.27
14878;4976;169;3;117.44
14879;4977;164;2;38.45
14880;4977;125;2;136.07
14881;4977;162;3;265.52
14882;4978;7;1;435.46
14883;4978;60;2;69.22
14884;4979;109;2;46.77
14885;4979;205;3;54.75
14886;4980;219;2;18.89
14887;4980;191;1;144.67
14888;4980;292;2;115.69
14889;4980;90;1;238.59
14890;4980;116;3;27.34
14891;4981;257;1;75.87
14892;4981;216;3;265.62
14893;4981;8;3;295.75
14894;4982;103;2;60.73
14895;4982;284;2;66.65
14896;4982;172;3;108.1
14897;4982;19;2;25.52
14898;4982;146;1;35.44
14899;4983;188;3;221.91
14900;4984;198;2;53.21
14901;4984;188;1;221.91
14902;4985;244;1;291.31
14903;4985;273;1;197.68
14904;4985;128;2;604.55
14905;4985;16;1;135.22
14906;4986;20;2;27.74
14907;4986;154;2;276.99
14908;4986;17;1;66.06
14909;4986;176;1;23.46
14910;4987;254;3;92.06
14911;4988;18;3;140.06
14912;4989;142;2;26.83
14913;4989;290;1;138.11
14914;4989;75;3;176.39
14915;4989;50;2;63.53
14916;4990;281;2;13.59
14917;4990;114;2;81.1
14918;4990;278;1;58.03
14919;4990;92;2;338.54
14920;4991;129;1;59.78
14921;4991;217;2;133.47
14922;4991;22;3;231.52
14923;4991;188;2;221.91
14924;4992;133;1;129.76
14925;4992;281;2;13.59
14926;4992;82;1;115.88
14927;4992;48;3;214.66
14928;4993;120;1;44.38
14929;4994;123;1;70.77
14930;4994;3;1;355.2
14931;4995;155;3;75.12
14932;4995;286;2;23.1
14933;4995;146;2;35.44
14934;4996;15;1;110.9
14935;4996;80;2;16.51
14936;4996;5;3;99.57
14937;4996;37;3;125.9
14938;4997;141;3;62.63
14939;4997;185;1;47.76
14940;4997;62;2;77.66
14941;4997;16;1;135.22
14942;4998;84;2;56.46
14943;4998;135;2;23.48
14944;4998;220;3;97.41
14945;4998;117;3;187.28
14946;4999;60;2;69.22
14947;4999;265;3;194.8
14948;4999;25;2;36.6
14949;4999;188;2;221.91
14950;4999;167;1;40.59
14951;5000;85;2;276.27
14952;5000;260;3;183.92
14953;5000;81;2;83.86
14954;5000;202;3;84.57
14955;5001;112;1;112.28
14956;5002;196;2;15.62
14957;5002;238;2;130.67
14958;5002;252;1;124.2
14959;5003;152;3;210.67
14960;5004;6;1;124.34
14961;5004;151;2;14.87
14962;5004;29;1;33.59
14963;5004;178;3;117.25
14964;5004;22;3;231.52
14965;5005;102;3;79.45
14966;5005;67;3;41.38
14967;5005;113;2;261.82
14968;5006;299;1;93.25
14969;5006;104;1;193.22
14970;5006;164;2;38.45
14971;5007;231;1;58.56
14972;5007;156;3;51.61
14973;5007;211;1;253.01
14974;5007;143;1;86.74
14975;5008;202;2;84.57
14976;5008;106;3;63.95
14977;5008;99;2;18.5
14978;5008;46;1;32.13
14979;5009;20;2;27.74
14980;5009;180;3;59.61
14981;5009;160;1;62.31
14982;5009;229;2;14.92
14983;5010;226;1;105.33
14984;5010;291;1;67.09
14985;5010;185;1;47.76
14986;5010;93;2;177.34
14987;5010;271;1;134.08
14988;5011;177;1;190.69
14989;5012;85;3;276.27
14990;5012;279;3;52.64
14991;5012;289;3;36.82
14992;5012;193;1;303.95
14993;5012;232;1;21.33
14994;5013;249;3;94.89
14995;5013;15;1;110.9
14996;5013;116;2;27.34
14997;5013;102;2;79.45
14998;5014;32;1;65.71
14999;5014;187;2;145.63
15000;5014;215;1;42.37
15001;5014;66;3;65.31
15002;5015;90;2;238.59
15003;5015;157;1;145.39
15004;5015;20;1;27.74
15005;5016;22;2;231.52
15006;5016;145;2;77.19
15007;5016;116;2;27.34
15008;5016;59;2;107.83
15009;5016;77;1;137.95
15010;5017;259;1;193.37
15011;5017;224;1;289.95
15012;5017;184;2;75.61
15013;5017;258;3;183.46
15014;5017;200;1;209.0
15015;5018;47;1;10.35
15016;5018;58;1;37.93
15017;5018;113;3;261.82
15018;5018;64;1;63.91
15019;5018;61;3;251.37
15020;5019;78;3;18.59
15021;5020;10;1;83.77
15022;5021;245;2;88.8
15023;5021;55;1;105.96
15024;5021;221;2;182.12
15025;5021;155;1;75.12
15026;5022;254;2;92.06
15027;5022;206;3;30.23
15028;5023;47;3;10.35
15029;5023;90;1;238.59
15030;5023;183;1;83.98
15031;5023;245;3;88.8
15032;5024;284;2;66.65
15033;5024;65;2;165.71
15034;5024;182;1;96.28
15035;5024;41;1;202.78
15036;5025;199;3;156.49
15037;5025;102;1;79.45
15038;5025;160;2;62.31
15039;5025;11;2;27.62
15040;5026;183;1;83.98
15041;5026;135;1;23.48
15042;5027;126;3;333.38
15043;5027;36;3;35.27
15044;5027;1;1;85.25
15045;5027;220;3;97.41
15046;5028;148;1;161.06
15047;5028;51;1;69.12
15048;5028;226;2;105.33
15049;5029;239;2;89.88
15050;5029;145;3;77.19
15051;5030;97;1;160.55
15052;5030;269;3;27.35
15053;5030;117;2;187.28
15054;5030;81;2;83.86
15055;5030;78;3;18.59
15056;5031;173;2;44.37
15057;5031;298;1;95.71
15058;5032;194;2;39.16
15059;5032;166;1;36.18
15060;5032;287;1;82.17
15061;5033;266;3;78.95
15062;5033;269;1;27.35
15063;5034;127;2;28.04
15064;5034;209;2;110.99
15065;5034;60;1;69.22
15066;5034;10;3;83.77
15067;5035;253;1;62.5
15068;5035;203;1;22.49
15069;5035;294;2;73.58
15070;5035;229;3;14.92
15071;5036;232;1;21.33
15072;5036;166;3;36.18
15073;5037;76;2;23.8
15074;5037;289;2;36.82
15075;5038;197;1;109.76
15076;5039;178;2;117.25
15077;5040;4;2;15.69
15078;5041;29;3;33.59
15079;5041;258;3;183.46
15080;5041;196;1;15.62
15081;5041;260;3;183.92
15082;5042;208;1;26.03
15083;5042;116;1;27.34
15084;5042;37;3;125.9
15085;5042;257;1;75.87
15086;5042;79;1;57.05
15087;5043;23;1;17.91
15088;5043;297;3;111.18
15089;5043;270;2;149.02
15090;5043;155;1;75.12
15091;5044;91;3;48.19
15092;5044;297;3;111.18
15093;5044;89;3;376.3
15094;5044;158;3;219.43
15095;5044;57;3;49.4
15096;5045;4;3;15.69
15097;5045;210;3;230.86
15098;5045;223;1;12.9
15099;5046;4;1;15.69
15100;5046;106;3;63.95
15101;5047;208;3;26.03
15102;5048;126;3;333.38
15103;5048;8;1;295.75
15104;5048;272;2;32.79
15105;5048;97;2;160.55
15106;5049;278;1;58.03
15107;5049;136;2;77.12
15108;5049;73;1;47.55
15109;5049;268;1;22.25
15110;5050;117;3;187.28
15111;5050;82;3;115.88
15112;5050;150;3;51.66
15113;5051;124;1;109.44
15114;5052;3;2;355.2
15115;5052;214;1;180.06
15116;5052;217;3;133.47
15117;5052;219;3;18.89
15118;5053;38;3;136.67
15119;5053;233;3;153.83
15120;5053;88;3;271.98
15121;5053;98;2;156.09
15122;5054;8;2;295.75
15123;5054;172;1;108.1
15124;5054;158;1;219.43
15125;5054;23;2;17.91
15126;5055;119;1;52.95
15127;5055;256;3;229.2
15128;5055;91;3;48.19
15129;5055;152;3;210.67
15130;5055;168;1;36.16
15131;5056;254;3;92.06
15132;5056;187;1;145.63
15133;5057;232;3;21.33
15134;5057;30;1;43.42
15135;5057;279;2;52.64
15136;5058;148;2;161.06
15137;5058;2;3;169.54
15138;5058;239;1;89.88
15139;5058;71;3;104.37
15140;5058;17;3;66.06
15141;5059;131;3;94.96
15142;5059;167;3;40.59
15143;5059;274;1;43.03
15144;5060;24;1;171.7
15145;5060;155;3;75.12
15146;5060;2;3;169.54
15147;5060;223;2;12.9
15148;5060;49;1;49.52
15149;5061;195;1;145.55
15150;5061;294;1;73.58
15151;5061;204;3;63.94
15152;5062;47;2;10.35
15153;5062;201;3;55.38
15154;5062;241;3;177.76
15155;5062;173;1;44.37
15156;5062;194;2;39.16
15157;5063;153;3;28.61
15158;5063;201;3;55.38
15159;5063;38;1;136.67
15160;5063;218;1;163.84
15161;5064;24;3;171.7
15162;5064;232;2;21.33
15163;5064;183;3;83.98
15164;5064;8;1;295.75
15165;5064;154;1;276.99
15166;5065;148;2;161.06
15167;5065;246;2;105.53
15168;5065;99;3;18.5
15169;5066;159;3;56.32
15170;5066;267;3;23.63
15171;5067;87;2;172.22
15172;5067;150;3;51.66
15173;5067;124;1;109.44
15174;5068;255;2;63.76
15175;5069;202;1;84.57
15176;5069;129;3;59.78
15177;5069;236;1;27.58
15178;5069;235;1;98.52
15179;5069;54;2;232.82
15180;5070;126;3;333.38
15181;5070;286;2;23.1
15182;5070;63;2;81.7
15183;5070;25;1;36.6
15184;5071;217;3;133.47
15185;5071;96;2;318.43
15186;5072;207;2;234.88
15187;5073;291;2;67.09
15188;5073;29;1;33.59
15189;5073;162;2;265.52
15190;5073;96;1;318.43
15191;5073;132;2;76.68
15192;5074;147;3;15.53
15193;5074;119;2;52.95
15194;5074;297;2;111.18
15195;5074;269;1;27.35
15196;5075;280;1;194.11
15197;5075;156;2;51.61
15198;5075;152;1;210.67
15199;5075;141;3;62.63
15200;5076;233;1;153.83
15201;5076;23;1;17.91
15202;5076;228;1;21.36
15203;5076;275;1;167.5
15204;5076;104;3;193.22
15205;5077;128;2;604.55
15206;5077;44;1;46.23
15207;5078;274;3;43.03
15208;5078;158;3;219.43
15209;5078;299;1;93.25
15210;5078;204;2;63.94
15211;5078;106;3;63.95
15212;5079;222;2;207.75
15213;5079;176;2;23.46
15214;5079;267;1;23.63
15215;5079;238;3;130.67
15216;5080;99;2;18.5
15217;5081;79;2;57.05
15218;5081;198;1;53.21
15219;5082;77;1;137.95
15220;5082;20;3;27.74
15221;5082;31;2;263.13
15222;5082;283;1;114.46
15223;5082;155;1;75.12
15224;5083;64;1;63.91
15225;5083;219;3;18.89
15226;5083;240;1;115.21
15227;5084;252;3;124.2
15228;5084;291;2;67.09
15229;5084;162;3;265.52
15230;5085;113;3;261.82
15231;5085;189;3;298.51
15232;5085;52;3;198.57
15233;5085;85;2;276.27
15234;5086;112;3;112.28
15235;5086;58;3;37.93
15236;5087;240;1;115.21
15237;5088;154;1;276.99
15238;5088;63;3;81.7
15239;5088;242;2;66.96
15240;5089;36;2;35.27
15241;5089;296;1;31.73
15242;5089;260;1;183.92
15243;5089;209;1;110.99
15244;5090;104;1;193.22
15245;5090;210;1;230.86
15246;5090;22;2;231.52
15247;5090;184;2;75.61
15248;5091;134;2;60.38
15249;5091;35;2;57.55
15250;5091;297;1;111.18
15251;5091;270;2;149.02
15252;5092;236;3;27.58
15253;5092;21;2;27.77
15254;5092;125;1;136.07
15255;5093;130;1;138.45
15256;5093;208;1;26.03
15257;5093;206;3;30.23
15258;5093;47;3;10.35
15259;5094;296;3;31.73
15260;5094;176;3;23.46
15261;5095;280;2;194.11
15262;5095;85;3;276.27
15263;5095;227;1;128.22
15264;5095;55;3;105.96
15265;5096;199;1;156.49
15266;5096;129;3;59.78
15267;5097;15;3;110.9
15268;5098;223;3;12.9
15269;5099;92;3;338.54
15270;5099;270;3;149.02
15271;5100;161;3;66.77
15272;5101;290;1;138.11
15273;5101;157;2;145.39
15274;5101;300;3;105.48
15275;5102;195;3;145.55
15276;5102;119;1;52.95
15277;5102;10;2;83.77
15278;5102;103;3;60.73
15279;5103;52;2;198.57
15280;5104;125;3;136.07
15281;5105;289;2;36.82
15282;5105;115;2;45.38
15283;5105;213;3;29.38
15284;5105;267;1;23.63
15285;5105;80;2;16.51
15286;5106;10;3;83.77
15287;5106;167;1;40.59
15288;5106;146;2;35.44
15289;5106;283;2;114.46
15290;5107;127;3;28.04
15291;5107;100;2;36.47
15292;5108;81;3;83.86
15293;5108;212;3;167.62
15294;5108;160;2;62.31
15295;5108;175;1;18.54
15296;5109;7;3;435.46
15297;5109;280;2;194.11
15298;5109;85;1;276.27
15299;5109;273;3;197.68
15300;5110;118;3;365.76
15301;5110;118;2;365.76
15302;5110;69;2;100.84
15303;5110;197;3;109.76
15304;5110;168;1;36.16
15305;5111;214;3;180.06
15306;5111;61;1;251.37
15307;5111;21;3;27.77
15308;5112;282;1;377.84
15309;5112;286;1;23.1
15310;5113;247;2;280.92
15311;5113;5;3;99.57
15312;5113;269;1;27.35
15313;5114;44;3;46.23
15314;5114;62;2;77.66
15315;5115;190;3;16.04
15316;5115;229;2;14.92
15317;5115;195;2;145.55
15318;5115;156;1;51.61
15319;5116;8;3;295.75
15320;5116;152;1;210.67
15321;5117;267;1;23.63
15322;5117;225;1;14.43
15323;5118;88;1;271.98
15324;5118;83;2;28.81
15325;5118;119;2;52.95
15326;5118;157;2;145.39
15327;5118;258;2;183.46
15328;5119;179;3;16.67
15329;5119;145;2;77.19
15330;5119;82;2;115.88
15331;5120;133;1;129.76
15332;5120;159;2;56.32
15333;5120;89;3;376.3
15334;5121;119;3;52.95
15335;5122;10;3;83.77
15336;5122;23;1;17.91
15337;5122;122;3;159.31
15338;5122;142;2;26.83
15339;5123;172;2;108.1
15340;5123;138;3;32.55
15341;5123;166;1;36.18
15342;5123;68;2;208.07
15343;5124;17;1;66.06
15344;5124;60;1;69.22
15345;5124;140;2;35.81
15346;5124;196;3;15.62
15347;5124;7;2;435.46
15348;5125;183;3;83.98
15349;5125;249;3;94.89
15350;5125;168;2;36.16
15351;5126;235;3;98.52
15352;5127;171;2;59.0
15353;5127;167;1;40.59
15354;5127;255;2;63.76
15355;5127;163;1;127.95
15356;5127;108;3;53.06
15357;5128;265;3;194.8
15358;5128;154;3;276.99
15359;5128;202;2;84.57
15360;5128;288;1;430.61
15361;5128;44;1;46.23
15362;5129;30;1;43.42
15363;5129;1;3;85.25
15364;5129;190;2;16.04
15365;5129;62;3;77.66
15366;5129;12;2;58.48
15367;5130;173;2;44.37
15368;5130;271;3;134.08
15369;5130;48;1;214.66
15370;5130;100;3;36.47
15371;5130;62;1;77.66
15372;5131;227;1;128.22
15373;5131;228;1;21.36
15374;5131;189;2;298.51
15375;5132;76;2;23.8
15376;5132;253;1;62.5
15377;5132;291;2;67.09
15378;5132;186;2;24.83
15379;5132;178;1;117.25
15380;5133;186;3;24.83
15381;5133;185;1;47.76
15382;5134;184;2;75.61
15383;5134;105;2;19.14
15384;5135;228;1;21.36
15385;5136;294;1;73.58
15386;5136;65;3;165.71
15387;5136;15;1;110.9
15388;5137;296;3;31.73
15389;5137;97;1;160.55
15390;5138;1;2;85.25
15391;5138;14;2;139.17
15392;5139;284;2;66.65
15393;5139;269;3;27.35
15394;5139;50;2;63.53
15395;5140;117;1;187.28
15396;5140;41;1;202.78
15397;5140;245;2;88.8
15398;5141;79;1;57.05
15399;5142;117;3;187.28
15400;5142;262;2;203.02
15401;5142;22;1;231.52
15402;5142;152;3;210.67
15403;5143;163;2;127.95
15404;5143;261;3;138.08
15405;5143;156;3;51.61
15406;5143;29;2;33.59
15407;5144;184;3;75.61
15408;5144;245;1;88.8
15409;5144;71;2;104.37
15410;5144;137;3;83.8
15411;5144;28;3;98.17
15412;5145;7;1;435.46
15413;5146;187;3;145.63
15414;5146;11;3;27.62
15415;5146;78;2;18.59
15416;5146;236;3;27.58
15417;5146;290;3;138.11
15418;5147;221;3;182.12
15419;5147;297;3;111.18
15420;5147;242;3;66.96
15421;5147;91;2;48.19
15422;5148;130;1;138.45
15423;5148;78;3;18.59
15424;5148;111;1;28.98
15425;5148;34;2;71.61
15426;5149;52;3;198.57
15427;5149;32;2;65.71
15428;5150;282;3;377.84
15429;5150;248;1;278.21
15430;5150;140;3;35.81
15431;5150;158;2;219.43
15432;5150;171;3;59.0
15433;5151;283;3;114.46
15434;5151;230;2;163.67
15435;5151;247;2;280.92
15436;5151;136;1;77.12
15437;5152;109;3;46.77
15438;5152;189;2;298.51
15439;5152;240;1;115.21
15440;5152;18;2;140.06
15441;5152;160;2;62.31
15442;5153;75;1;176.39
15443;5153;94;3;191.51
15444;5153;26;3;73.19
15445;5153;157;3;145.39
15446;5153;100;2;36.47
15447;5154;35;1;57.55
15448;5155;249;1;94.89
15449;5155;4;2;15.69
15450;5155;21;3;27.77
15451;5156;126;1;333.38
15452;5156;135;2;23.48
15453;5156;188;2;221.91
15454;5156;146;1;35.44
15455;5156;85;2;276.27
15456;5157;225;1;14.43
15457;5157;223;1;12.9
15458;5157;161;3;66.77
15459;5158;210;1;230.86
15460;5158;191;3;144.67
15461;5158;21;1;27.77
15462;5158;249;3;94.89
15463;5159;25;1;36.6
15464;5159;128;3;604.55
15465;5159;129;3;59.78
15466;5159;14;1;139.17
15467;5160;213;2;29.38
15468;5161;89;2;376.3
15469;5161;237;2;11.53
15470;5161;125;1;136.07
15471;5162;7;3;435.46
15472;5162;67;1;41.38
15473;5162;245;2;88.8
15474;5162;141;2;62.63
15475;5162;113;1;261.82
15476;5163;36;3;35.27
15477;5163;85;2;276.27
15478;5163;172;2;108.1
15479;5163;39;2;42.14
15480;5163;236;2;27.58
15481;5164;208;2;26.03
15482;5164;200;3;209.0
15483;5164;156;3;51.61
15484;5164;144;1;46.76
15485;5165;253;2;62.5
15486;5165;105;2;19.14
15487;5165;91;2;48.19
15488;5165;172;1;108.1
15489;5165;45;2;206.86
15490;5166;26;1;73.19
15491;5166;235;3;98.52
15492;5166;51;1;69.12
15493;5166;299;3;93.25
15494;5166;117;1;187.28
15495;5167;93;2;177.34
15496;5167;111;1;28.98
15497;5167;258;1;183.46
15498;5167;292;1;115.69
15499;5167;204;2;63.94
15500;5168;297;2;111.18
15501;5168;92;3;338.54
15502;5168;100;1;36.47
15503;5168;4;1;15.69
15504;5168;43;1;27.58
15505;5169;76;3;23.8
15506;5169;114;3;81.1
15507;5169;266;3;78.95
15508;5169;220;1;97.41
15509;5169;297;1;111.18
15510;5170;298;2;95.71
15511;5170;216;2;265.62
15512;5171;154;3;276.99
15513;5171;178;2;117.25
15514;5172;152;2;210.67
15515;5173;223;1;12.9
15516;5173;154;2;276.99
15517;5173;122;1;159.31
15518;5174;274;1;43.03
15519;5174;76;3;23.8
15520;5175;166;3;36.18
15521;5175;237;1;11.53
15522;5175;80;2;16.51
15523;5175;192;1;139.65
15524;5176;107;3;57.11
15525;5176;145;1;77.19
15526;5176;21;3;27.77
15527;5176;183;3;83.98
15528;5177;209;1;110.99
15529;5177;122;2;159.31
15530;5177;159;3;56.32
15531;5177;268;1;22.25
15532;5177;46;2;32.13
15533;5178;144;2;46.76
15534;5178;137;1;83.8
15535;5178;193;3;303.95
15536;5178;49;3;49.52
15537;5179;166;2;36.18
15538;5179;199;1;156.49
15539;5179;112;3;112.28
15540;5180;195;1;145.55
15541;5181;2;1;169.54
15542;5181;96;3;318.43
15543;5182;237;2;11.53
15544;5182;296;3;31.73
15545;5182;152;2;210.67
15546;5182;236;3;27.58
15547;5183;142;1;26.83
15548;5183;40;1;165.59
15549;5183;276;2;77.1
15550;5183;6;1;124.34
15551;5183;229;2;14.92
15552;5184;213;3;29.38
15553;5184;208;3;26.03
15554;5185;137;3;83.8
15555;5185;19;1;25.52
15556;5186;103;3;60.73
15557;5186;34;3;71.61
15558;5186;255;2;63.76
15559;5187;118;2;365.76
15560;5188;37;3;125.9
15561;5188;222;1;207.75
15562;5188;254;2;92.06
15563;5188;153;1;28.61
15564;5188;56;1;84.93
15565;5189;180;2;59.61
15566;5189;145;1;77.19
15567;5189;229;2;14.92
15568;5190;204;3;63.94
15569;5191;185;3;47.76
15570;5192;14;2;139.17
15571;5192;26;2;73.19
15572;5192;27;3;257.64
15573;5192;281;2;13.59
15574;5193;99;2;18.5
15575;5193;187;3;145.63
15576;5193;109;1;46.77
15577;5193;242;2;66.96
15578;5193;70;3;99.53
15579;5194;74;3;13.44
15580;5194;146;3;35.44
15581;5194;93;1;177.34
15582;5195;237;3;11.53
15583;5195;34;3;71.61
15584;5195;263;2;58.98
15585;5195;18;1;140.06
15586;5196;236;3;27.58
15587;5196;23;3;17.91
15588;5196;224;3;289.95
15589;5196;91;3;48.19
15590;5197;274;3;43.03
15591;5197;221;3;182.12
15592;5197;292;1;115.69
15593;5198;32;1;65.71
15594;5198;166;3;36.18
15595;5198;250;2;45.33
15596;5199;77;1;137.95
15597;5199;207;2;234.88
15598;5199;36;1;35.27
15599;5199;97;3;160.55
15600;5200;129;2;59.78
15601;5200;13;1;97.98
15602;5200;99;2;18.5
15603;5200;41;1;202.78
15604;5201;143;2;86.74
15605;5201;208;1;26.03
15606;5201;230;2;163.67
15607;5201;224;1;289.95
15608;5201;151;2;14.87
15609;5202;232;2;21.33
15610;5202;23;1;17.91
15611;5203;106;3;63.95
15612;5204;96;2;318.43
15613;5204;121;2;102.0
15614;5204;200;3;209.0
15615;5204;127;1;28.04
15616;5205;206;3;30.23
15617;5205;215;2;42.37
15618;5205;1;3;85.25
15619;5205;265;2;194.8
15620;5205;198;2;53.21
15621;5206;80;1;16.51
15622;5206;247;3;280.92
15623;5207;132;1;76.68
15624;5207;289;2;36.82
15625;5207;6;2;124.34
15626;5207;125;2;136.07
15627;5208;95;2;11.53
15628;5208;269;1;27.35
15629;5209;92;3;338.54
15630;5210;239;1;89.88
15631;5210;274;3;43.03
15632;5210;108;1;53.06
15633;5210;287;1;82.17
15634;5210;93;3;177.34
15635;5211;214;2;180.06
15636;5211;4;1;15.69
15637;5211;222;3;207.75
15638;5211;200;2;209.0
15639;5212;274;3;43.03
15640;5212;96;1;318.43
15641;5212;151;2;14.87
15642;5212;242;2;66.96
15643;5212;164;2;38.45
15644;5213;208;1;26.03
15645;5213;147;1;15.53
15646;5213;158;1;219.43
15647;5213;114;2;81.1
15648;5214;39;3;42.14
15649;5215;288;1;430.61
15650;5216;164;2;38.45
15651;5217;164;2;38.45
15652;5218;47;2;10.35
15653;5219;73;2;47.55
15654;5219;179;3;16.67
15655;5219;206;2;30.23
15656;5220;52;3;198.57
15657;5220;21;1;27.77
15658;5220;103;1;60.73
15659;5220;74;2;13.44
15660;5221;147;3;15.53
15661;5222;156;3;51.61
15662;5223;64;1;63.91
15663;5223;227;3;128.22
15664;5223;111;2;28.98
15665;5223;192;2;139.65
15666;5223;38;2;136.67
15667;5224;68;2;208.07
15668;5224;8;2;295.75
15669;5224;76;2;23.8
15670;5224;299;1;93.25
15671;5224;210;3;230.86
15672;5225;9;1;134.64
15673;5226;190;2;16.04
15674;5226;147;3;15.53
15675;5226;17;2;66.06
15676;5226;126;2;333.38
15677;5226;205;2;54.75
15678;5227;294;3;73.58
15679;5227;55;3;105.96
15680;5227;52;2;198.57
15681;5227;212;3;167.62
15682;5228;133;3;129.76
15683;5228;126;2;333.38
15684;5228;25;3;36.6
15685;5228;155;2;75.12
15686;5229;95;3;11.53
15687;5230;75;2;176.39
15688;5231;3;1;355.2
15689;5231;287;1;82.17
15690;5231;92;1;338.54
15691;5231;123;1;70.77
15692;5232;92;2;338.54
15693;5232;260;2;183.92
15694;5232;200;3;209.0
15695;5232;189;3;298.51
15696;5233;260;1;183.92
15697;5233;68;1;208.07
15698;5234;50;1;63.53
15699;5234;77;3;137.95
15700;5234;115;3;45.38
15701;5234;250;3;45.33
15702;5234;13;2;97.98
15703;5235;102;2;79.45
15704;5236;160;2;62.31
15705;5237;223;3;12.9
15706;5237;50;1;63.53
15707;5237;28;1;98.17
15708;5237;167;1;40.59
15709;5237;192;2;139.65
15710;5238;197;2;109.76
15711;5238;141;3;62.63
15712;5238;24;1;171.7
15713;5238;133;1;129.76
15714;5238;4;1;15.69
15715;5239;280;3;194.11
15716;5239;111;1;28.98
15717;5239;125;1;136.07
15718;5239;27;2;257.64
15719;5239;81;1;83.86
15720;5240;288;3;430.61
15721;5240;89;2;376.3
15722;5241;285;1;108.9
15723;5241;168;1;36.16
15724;5242;185;2;47.76
15725;5242;255;2;63.76
15726;5242;101;1;337.71
15727;5242;151;2;14.87
15728;5243;88;1;271.98
15729;5243;269;3;27.35
15730;5243;111;1;28.98
15731;5243;214;3;180.06
15732;5243;295;3;401.67
15733;5244;121;1;102.0
15734;5244;41;3;202.78
15735;5244;225;2;14.43
15736;5244;121;2;102.0
15737;5244;81;3;83.86
15738;5245;300;2;105.48
15739;5245;117;3;187.28
15740;5245;183;3;83.98
15741;5246;173;1;44.37
15742;5246;283;2;114.46
15743;5246;41;2;202.78
15744;5247;237;2;11.53
15745;5248;249;3;94.89
15746;5248;59;3;107.83
15747;5248;40;2;165.59
15748;5248;72;1;136.88
15749;5249;236;1;27.58
15750;5249;101;2;337.71
15751;5249;213;2;29.38
15752;5249;226;1;105.33
15753;5249;230;3;163.67
15754;5250;145;2;77.19
15755;5250;209;1;110.99
15756;5250;96;2;318.43
15757;5251;121;1;102.0
15758;5252;152;2;210.67
15759;5252;111;1;28.98
15760;5253;221;1;182.12
15761;5253;5;1;99.57
15762;5253;261;2;138.08
15763;5254;271;2;134.08
15764;5254;77;3;137.95
15765;5254;91;3;48.19
15766;5255;260;3;183.92
15767;5256;94;3;191.51
15768;5256;226;3;105.33
15769;5257;22;1;231.52
15770;5258;53;1;51.23
15771;5258;164;2;38.45
15772;5258;292;2;115.69
15773;5259;186;2;24.83
15774;5260;39;1;42.14
15775;5261;265;2;194.8
15776;5262;28;1;98.17
15777;5262;210;2;230.86
15778;5262;107;1;57.11
15779;5262;26;2;73.19
15780;5263;106;2;63.95
15781;5264;277;1;141.51
15782;5264;125;1;136.07
15783;5264;236;3;27.58
15784;5265;123;2;70.77
15785;5265;152;1;210.67
15786;5265;263;2;58.98
15787;5265;200;2;209.0
15788;5265;3;2;355.2
15789;5266;273;3;197.68
15790;5267;150;3;51.66
15791;5267;9;2;134.64
15792;5268;171;1;59.0
15793;5269;39;2;42.14
15794;5270;8;1;295.75
15795;5270;242;2;66.96
15796;5271;278;1;58.03
15797;5271;4;1;15.69
15798;5271;13;1;97.98
15799;5272;179;3;16.67
15800;5272;166;2;36.18
15801;5272;33;1;98.43
15802;5272;161;1;66.77
15803;5272;94;1;191.51
15804;5273;105;3;19.14
15805;5273;286;2;23.1
15806;5273;276;3;77.1
15807;5274;219;1;18.89
15808;5274;132;3;76.68
15809;5274;60;1;69.22
15810;5275;99;1;18.5
15811;5276;45;2;206.86
15812;5276;78;1;18.59
15813;5277;266;1;78.95
15814;5277;132;3;76.68
15815;5277;201;2;55.38
15816;5277;171;2;59.0
15817;5278;102;1;79.45
15818;5278;125;3;136.07
15819;5278;69;3;100.84
15820;5279;222;2;207.75
15821;5279;263;3;58.98
15822;5279;24;2;171.7
15823;5280;145;3;77.19
15824;5281;69;3;100.84
15825;5281;191;3;144.67
15826;5281;169;1;117.44
15827;5281;37;1;125.9
15828;5281;144;3;46.76
15829;5282;156;3;51.61
15830;5282;65;3;165.71
15831;5282;230;3;163.67
15832;5283;67;1;41.38
15833;5284;76;2;23.8
15834;5284;126;3;333.38
15835;5284;43;3;27.58
15836;5285;39;2;42.14
15837;5285;199;2;156.49
15838;5285;60;2;69.22
15839;5286;119;2;52.95
15840;5287;281;3;13.59
15841;5288;168;3;36.16
15842;5288;170;3;22.32
15843;5289;295;1;401.67
15844;5289;139;2;284.29
15845;5289;90;2;238.59
15846;5290;277;2;141.51
15847;5290;210;2;230.86
15848;5290;249;1;94.89
15849;5291;205;3;54.75
15850;5291;162;1;265.52
15851;5292;278;3;58.03
15852;5292;57;3;49.4
15853;5292;182;3;96.28
15854;5292;167;1;40.59
15855;5292;127;3;28.04
15856;5293;61;1;251.37
15857;5293;70;3;99.53
15858;5293;138;3;32.55
15859;5293;93;3;177.34
15860;5294;293;3;32.93
15861;5294;42;2;263.42
15862;5295;100;1;36.47
15863;5295;14;1;139.17
15864;5295;141;3;62.63
15865;5295;61;3;251.37
15866;5295;61;3;251.37
15867;5296;27;1;257.64
15868;5296;139;1;284.29
15869;5297;295;1;401.67
15870;5297;164;1;38.45
15871;5297;147;2;15.53
15872;5297;279;2;52.64
15873;5297;55;3;105.96
15874;5298;74;1;13.44
15875;5298;236;1;27.58
15876;5298;2;2;169.54
15877;5298;115;2;45.38
15878;5299;207;2;234.88
15879;5299;54;1;232.82
15880;5300;14;1;139.17
15881;5300;67;2;41.38
15882;5300;199;2;156.49
15883;5300;88;1;271.98
15884;5300;237;1;11.53
15885;5301;66;2;65.31
15886;5301;277;1;141.51
15887;5302;5;2;99.57
15888;5303;62;3;77.66
15889;5303;146;2;35.44
15890;5303;2;1;169.54
15891;5303;9;2;134.64
15892;5303;282;3;377.84
15893;5304;157;1;145.39
15894;5304;61;1;251.37
15895;5304;17;2;66.06
15896;5304;140;1;35.81
15897;5305;248;1;278.21
15898;5305;275;2;167.5
15899;5305;221;3;182.12
15900;5306;211;2;253.01
15901;5306;137;3;83.8
15902;5307;215;3;42.37
15903;5307;43;2;27.58
15904;5308;37;2;125.9
15905;5308;278;2;58.03
15906;5308;264;1;22.18
15907;5308;195;2;145.55
15908;5309;128;2;604.55
15909;5309;73;2;47.55
15910;5310;111;3;28.98
15911;5311;25;2;36.6
15912;5311;8;2;295.75
15913;5311;230;3;163.67
15914;5311;240;2;115.21
15915;5311;236;3;27.58
15916;5312;48;3;214.66
15917;5312;3;3;355.2
15918;5313;244;3;291.31
15919;5313;140;3;35.81
15920;5313;109;3;46.77
15921;5313;214;3;180.06
15922;5313;41;1;202.78
15923;5314;265;2;194.8
15924;5314;127;2;28.04
15925;5314;78;2;18.59
15926;5314;242;1;66.96
15927;5314;287;1;82.17
15928;5315;80;1;16.51
15929;5315;287;1;82.17
15930;5315;174;3;16.75
15931;5316;279;2;52.64
15932;5317;70;2;99.53
15933;5317;282;2;377.84
15934;5318;97;3;160.55
15935;5318;50;3;63.53
15936;5318;159;1;56.32
15937;5319;281;2;13.59
15938;5319;252;3;124.2
15939;5319;247;2;280.92
15940;5319;228;1;21.36
15941;5320;275;3;167.5
15942;5321;45;3;206.86
15943;5321;135;3;23.48
15944;5321;122;3;159.31
15945;5321;271;2;134.08
15946;5322;245;3;88.8
15947;5322;232;3;21.33
15948;5322;95;2;11.53
15949;5322;283;2;114.46
15950;5323;241;3;177.76
15951;5323;282;2;377.84
15952;5323;130;1;138.45
15953;5323;47;3;10.35
15954;5323;246;2;105.53
15955;5324;50;1;63.53
15956;5324;223;1;12.9
15957;5324;259;3;193.37
15958;5324;69;2;100.84
15959;5325;182;3;96.28
15960;5326;16;2;135.22
15961;5327;53;1;51.23
15962;5327;104;1;193.22
15963;5328;83;3;28.81
15964;5328;134;2;60.38
15965;5328;218;2;163.84
15966;5329;125;2;136.07
15967;5330;262;1;203.02
15968;5330;103;3;60.73
15969;5330;238;1;130.67
15970;5330;215;2;42.37
15971;5331;256;2;229.2
15972;5332;273;2;197.68
15973;5333;254;1;92.06
15974;5333;290;3;138.11
15975;5333;63;2;81.7
15976;5334;56;1;84.93
15977;5334;96;1;318.43
15978;5334;19;1;25.52
15979;5334;26;3;73.19
15980;5334;114;2;81.1
15981;5335;285;3;108.9
15982;5336;278;3;58.03
15983;5336;221;2;182.12
15984;5336;292;2;115.69
15985;5336;296;2;31.73
15986;5337;45;3;206.86
15987;5337;267;3;23.63
15988;5338;128;3;604.55
15989;5338;35;2;57.55
15990;5338;116;3;27.34
15991;5338;149;3;112.47
15992;5339;47;2;10.35
15993;5340;15;2;110.9
15994;5340;274;2;43.03
15995;5340;244;3;291.31
15996;5340;132;3;76.68
15997;5341;279;1;52.64
15998;5341;44;3;46.23
15999;5341;119;2;52.95
16000;5341;261;3;138.08
16001;5341;115;2;45.38
16002;5342;73;3;47.55
16003;5342;26;1;73.19
16004;5342;257;3;75.87
16005;5342;45;2;206.86
16006;5343;169;3;117.44
16007;5343;113;2;261.82
16008;5343;165;1;30.46
16009;5343;125;1;136.07
16010;5343;276;1;77.1
16011;5344;186;2;24.83
16012;5345;4;3;15.69
16013;5345;292;2;115.69
16014;5346;45;2;206.86
16015;5346;19;3;25.52
16016;5346;213;2;29.38
16017;5346;172;2;108.1
16018;5347;14;2;139.17
16019;5347;118;1;365.76
16020;5347;91;2;48.19
16021;5347;92;3;338.54
16022;5348;284;3;66.65
16023;5348;60;2;69.22
16024;5348;264;1;22.18
16025;5348;266;2;78.95
16026;5349;107;2;57.11
16027;5349;99;1;18.5
16028;5349;61;2;251.37
16029;5350;17;3;66.06
16030;5351;283;3;114.46
16031;5351;235;3;98.52
16032;5351;170;3;22.32
16033;5351;271;3;134.08
16034;5351;130;2;138.45
16035;5352;283;1;114.46
16036;5352;151;3;14.87
16037;5352;156;2;51.61
16038;5352;51;3;69.12
16039;5353;208;3;26.03
16040;5353;44;3;46.23
16041;5353;24;3;171.7
16042;5353;89;3;376.3
16043;5354;146;1;35.44
16044;5355;112;3;112.28
16045;5355;42;3;263.42
16046;5355;242;1;66.96
16047;5356;112;2;112.28
16048;5356;20;1;27.74
16049;5356;57;2;49.4
16050;5357;276;2;77.1
16051;5357;196;1;15.62
16052;5358;40;2;165.59
16053;5359;90;2;238.59
16054;5360;231;2;58.56
16055;5360;258;1;183.46
16056;5360;101;2;337.71
16057;5361;121;3;102.0
16058;5361;9;2;134.64
16059;5361;274;2;43.03
16060;5362;7;1;435.46
16061;5362;122;1;159.31
16062;5362;16;2;135.22
16063;5362;236;1;27.58
16064;5362;173;3;44.37
16065;5363;19;3;25.52
16066;5363;210;1;230.86
16067;5363;13;2;97.98
16068;5363;164;1;38.45
16069;5363;120;1;44.38
16070;5364;45;1;206.86
16071;5364;227;1;128.22
16072;5364;115;1;45.38
16073;5364;39;2;42.14
16074;5364;49;2;49.52
16075;5365;194;1;39.16
16076;5365;120;1;44.38
16077;5365;92;2;338.54
16078;5366;246;1;105.53
16079;5366;198;1;53.21
16080;5366;149;2;112.47
16081;5367;60;2;69.22
16082;5367;268;2;22.25
16083;5367;179;1;16.67
16084;5367;141;1;62.63
16085;5368;291;2;67.09
16086;5368;129;2;59.78
16087;5369;182;3;96.28
16088;5369;206;1;30.23
16089;5369;162;3;265.52
16090;5369;62;3;77.66
16091;5369;246;3;105.53
16092;5370;154;2;276.99
16093;5370;10;3;83.77
16094;5371;107;2;57.11
16095;5372;97;3;160.55
16096;5372;123;2;70.77
16097;5373;172;2;108.1
16098;5373;69;1;100.84
16099;5374;141;2;62.63
16100;5374;130;2;138.45
16101;5374;256;1;229.2
16102;5374;239;1;89.88
16103;5375;227;2;128.22
16104;5375;13;3;97.98
16105;5375;179;3;16.67
16106;5376;71;1;104.37
16107;5376;137;1;83.8
16108;5376;13;3;97.98
16109;5376;65;1;165.71
16110;5376;87;2;172.22
16111;5377;186;2;24.83
16112;5377;61;1;251.37
16113;5377;57;3;49.4
16114;5378;199;3;156.49
16115;5378;278;3;58.03
16116;5378;181;3;42.65
16117;5378;281;2;13.59
16118;5378;192;3;139.65
16119;5379;47;1;10.35
16120;5379;5;3;99.57
16121;5379;109;1;46.77
16122;5379;53;2;51.23
16123;5379;102;2;79.45
16124;5380;95;2;11.53
16125;5380;286;3;23.1
16126;5380;224;1;289.95
16127;5381;18;3;140.06
16128;5382;134;2;60.38
16129;5382;118;1;365.76
16130;5382;95;1;11.53
16131;5382;260;2;183.92
16132;5382;18;3;140.06
16133;5383;102;3;79.45
16134;5384;59;3;107.83
16135;5384;263;3;58.98
16136;5384;59;2;107.83
16137;5384;96;1;318.43
16138;5385;190;1;16.04
16139;5385;166;2;36.18
16140;5386;34;2;71.61
16141;5386;57;3;49.4
16142;5386;20;1;27.74
16143;5386;69;2;100.84
16144;5387;222;2;207.75
16145;5387;246;2;105.53
16146;5388;197;1;109.76
16147;5389;215;2;42.37
16148;5389;247;1;280.92
16149;5389;201;1;55.38
16150;5389;123;2;70.77
16151;5389;250;1;45.33
16152;5390;22;2;231.52
16153;5390;57;2;49.4
16154;5391;238;2;130.67
16155;5391;133;2;129.76
16156;5392;31;2;263.13
16157;5392;83;1;28.81
16158;5392;272;3;32.79
16159;5392;124;2;109.44
16160;5392;158;1;219.43
16161;5393;24;3;171.7
16162;5393;38;1;136.67
16163;5394;113;2;261.82
16164;5394;13;3;97.98
16165;5395;124;1;109.44
16166;5396;250;2;45.33
16167;5397;70;3;99.53
16168;5397;247;3;280.92
16169;5397;27;1;257.64
16170;5397;204;1;63.94
16171;5397;37;3;125.9
16172;5398;192;2;139.65
16173;5398;299;1;93.25
16174;5398;244;2;291.31
16175;5398;45;3;206.86
16176;5398;88;3;271.98
16177;5399;297;3;111.18
16178;5399;205;1;54.75
16179;5399;140;2;35.81
16180;5400;77;3;137.95
16181;5400;294;2;73.58
16182;5400;181;3;42.65
16183;5400;215;2;42.37
16184;5401;103;3;60.73
16185;5401;140;3;35.81
16186;5402;154;1;276.99
16187;5402;184;1;75.61
16188;5402;276;3;77.1
16189;5403;79;2;57.05
16190;5403;17;1;66.06
16191;5403;192;3;139.65
16192;5404;81;1;83.86
16193;5404;267;2;23.63
16194;5404;73;2;47.55
16195;5404;176;1;23.46
16196;5405;90;1;238.59
16197;5406;46;3;32.13
16198;5406;293;3;32.93
16199;5406;107;3;57.11
16200;5406;14;1;139.17
16201;5406;252;1;124.2
16202;5407;128;3;604.55
16203;5407;300;2;105.48
16204;5407;236;3;27.58
16205;5407;203;1;22.49
16206;5408;193;3;303.95
16207;5408;130;3;138.45
16208;5408;231;1;58.56
16209;5409;90;1;238.59
16210;5409;217;2;133.47
16211;5409;61;1;251.37
16212;5409;214;3;180.06
16213;5409;4;2;15.69
16214;5410;180;3;59.61
16215;5410;152;2;210.67
16216;5411;68;3;208.07
16217;5411;214;3;180.06
16218;5411;148;3;161.06
16219;5412;15;1;110.9
16220;5412;125;2;136.07
16221;5412;286;2;23.1
16222;5412;169;3;117.44
16223;5412;60;1;69.22
16224;5413;40;1;165.59
16225;5413;262;1;203.02
16226;5413;27;1;257.64
16227;5413;201;2;55.38
16228;5413;265;3;194.8
16229;5414;278;3;58.03
16230;5414;44;2;46.23
16231;5414;5;1;99.57
16232;5414;91;2;48.19
16233;5414;125;2;136.07
16234;5415;8;1;295.75
16235;5416;260;3;183.92
16236;5417;37;3;125.9
16237;5418;42;2;263.42
16238;5418;158;2;219.43
16239;5418;85;2;276.27
16240;5419;195;1;145.55
16241;5419;83;3;28.81
16242;5419;176;2;23.46
16243;5420;256;3;229.2
16244;5421;10;2;83.77
16245;5421;22;3;231.52
16246;5421;174;1;16.75
16247;5421;147;3;15.53
16248;5422;290;2;138.11
16249;5422;209;3;110.99
16250;5422;259;1;193.37
16251;5422;151;1;14.87
16252;5422;245;3;88.8
16253;5423;229;2;14.92
16254;5423;211;3;253.01
16255;5423;52;2;198.57
16256;5424;82;3;115.88
16257;5424;274;1;43.03
16258;5425;78;1;18.59
16259;5425;113;3;261.82
16260;5425;162;1;265.52
16261;5425;232;3;21.33
16262;5425;299;1;93.25
16263;5426;183;1;83.98
16264;5426;166;1;36.18
16265;5426;31;1;263.13
16266;5426;219;1;18.89
16267;5426;121;3;102.0
16268;5427;247;2;280.92
16269;5427;282;1;377.84
16270;5427;283;3;114.46
16271;5427;203;3;22.49
16272;5427;3;3;355.2
16273;5428;265;3;194.8
16274;5429;267;2;23.63
16275;5429;279;2;52.64
16276;5429;164;1;38.45
16277;5429;240;3;115.21
16278;5430;47;3;10.35
16279;5431;20;1;27.74
16280;5431;130;3;138.45
16281;5431;36;1;35.27
16282;5432;253;2;62.5
16283;5432;250;1;45.33
16284;5433;256;2;229.2
16285;5433;48;2;214.66
16286;5433;239;2;89.88
16287;5433;36;2;35.27
16288;5433;72;2;136.88
16289;5434;296;2;31.73
16290;5434;39;3;42.14
16291;5434;181;3;42.65
16292;5434;256;3;229.2
16293;5435;215;3;42.37
16294;5435;19;2;25.52
16295;5435;76;2;23.8
16296;5435;73;3;47.55
16297;5435;171;1;59.0
16298;5436;107;2;57.11
16299;5436;271;2;134.08
16300;5437;13;3;97.98
16301;5437;268;3;22.25
16302;5437;67;2;41.38
16303;5438;75;2;176.39
16304;5438;229;3;14.92
16305;5438;177;2;190.69
16306;5439;56;2;84.93
16307;5439;14;1;139.17
16308;5439;156;1;51.61
16309;5440;58;2;37.93
16310;5441;51;2;69.12
16311;5441;268;2;22.25
16312;5441;59;1;107.83
16313;5442;158;1;219.43
16314;5442;160;1;62.31
16315;5442;294;1;73.58
16316;5443;86;1;68.41
16317;5443;205;3;54.75
16318;5443;91;3;48.19
16319;5443;97;2;160.55
16320;5444;38;2;136.67
16321;5444;212;3;167.62
16322;5444;9;2;134.64
16323;5444;93;2;177.34
16324;5445;237;3;11.53
16325;5445;236;3;27.58
16326;5445;291;1;67.09
16327;5446;79;2;57.05
16328;5446;267;3;23.63
16329;5446;13;2;97.98
16330;5446;246;1;105.53
16331;5446;56;3;84.93
16332;5447;2;3;169.54
16333;5448;43;1;27.58
16334;5449;224;1;289.95
16335;5449;32;1;65.71
16336;5449;222;3;207.75
16337;5450;218;2;163.84
16338;5451;116;1;27.34
16339;5451;6;2;124.34
16340;5451;166;2;36.18
16341;5452;259;2;193.37
16342;5452;74;3;13.44
16343;5452;29;3;33.59
16344;5452;87;2;172.22
16345;5452;64;2;63.91
16346;5453;281;1;13.59
16347;5453;245;3;88.8
16348;5453;272;3;32.79
16349;5453;35;3;57.55
16350;5453;137;3;83.8
16351;5454;80;3;16.51
16352;5454;298;2;95.71
16353;5455;104;2;193.22
16354;5455;157;2;145.39
16355;5455;125;2;136.07
16356;5455;250;3;45.33
16357;5456;175;3;18.54
16358;5456;156;2;51.61
16359;5457;50;1;63.53
16360;5458;118;2;365.76
16361;5459;174;3;16.75
16362;5459;239;3;89.88
16363;5459;107;1;57.11
16364;5460;86;1;68.41
16365;5460;230;3;163.67
16366;5460;294;2;73.58
16367;5460;189;1;298.51
16368;5461;107;1;57.11
16369;5461;254;3;92.06
16370;5461;252;3;124.2
16371;5462;57;1;49.4
16372;5462;35;3;57.55
16373;5462;50;3;63.53
16374;5462;69;2;100.84
16375;5463;116;2;27.34
16376;5463;269;2;27.35
16377;5463;116;2;27.34
16378;5463;120;2;44.38
16379;5463;101;3;337.71
16380;5464;293;2;32.93
16381;5464;111;1;28.98
16382;5464;166;1;36.18
16383;5464;117;3;187.28
16384;5464;188;2;221.91
16385;5465;185;1;47.76
16386;5465;27;3;257.64
16387;5466;154;1;276.99
16388;5466;219;2;18.89
16389;5467;133;1;129.76
16390;5467;298;3;95.71
16391;5467;284;3;66.65
16392;5467;7;1;435.46
16393;5468;207;3;234.88
16394;5468;111;2;28.98
16395;5468;180;2;59.61
16396;5468;283;2;114.46
16397;5468;113;2;261.82
16398;5469;184;1;75.61
16399;5469;236;3;27.58
16400;5469;15;1;110.9
16401;5469;105;2;19.14
16402;5469;119;1;52.95
16403;5470;234;3;199.16
16404;5470;280;2;194.11
16405;5470;162;1;265.52
16406;5471;143;3;86.74
16407;5472;41;2;202.78
16408;5473;183;3;83.98
16409;5473;244;2;291.31
16410;5473;78;2;18.59
16411;5474;268;1;22.25
16412;5474;32;2;65.71
16413;5475;19;2;25.52
16414;5475;66;1;65.31
16415;5475;91;3;48.19
16416;5476;266;1;78.95
16417;5477;137;3;83.8
16418;5478;66;1;65.31
16419;5478;206;3;30.23
16420;5478;80;1;16.51
16421;5479;135;3;23.48
16422;5479;257;2;75.87
16423;5480;251;2;594.78
16424;5481;262;1;203.02
16425;5481;186;1;24.83
16426;5481;144;3;46.76
16427;5481;291;1;67.09
16428;5482;32;2;65.71
16429;5482;259;3;193.37
16430;5483;154;3;276.99
16431;5483;172;2;108.1
16432;5484;177;1;190.69
16433;5484;20;1;27.74
16434;5484;44;2;46.23
16435;5485;159;1;56.32
16436;5485;72;2;136.88
16437;5486;17;3;66.06
16438;5486;71;2;104.37
16439;5487;70;2;99.53
16440;5487;41;2;202.78
16441;5487;274;1;43.03
16442;5487;225;1;14.43
16443;5488;177;3;190.69
16444;5489;136;2;77.12
16445;5490;214;1;180.06
16446;5491;170;2;22.32
16447;5491;272;3;32.79
16448;5491;158;2;219.43
16449;5492;180;1;59.61
16450;5493;3;2;355.2
16451;5494;88;1;271.98
16452;5494;218;1;163.84
16453;5494;203;1;22.49
16454;5495;12;3;58.48
16455;5495;247;2;280.92
16456;5495;119;3;52.95
16457;5495;291;3;67.09
16458;5495;28;3;98.17
16459;5496;295;2;401.67
16460;5496;25;3;36.6
16461;5496;270;2;149.02
16462;5496;237;1;11.53
16463;5497;95;1;11.53
16464;5497;49;3;49.52
16465;5497;35;3;57.55
16466;5498;140;1;35.81
16467;5498;158;3;219.43
16468;5498;31;2;263.13
16469;5498;176;3;23.46
16470;5498;68;1;208.07
16471;5499;163;3;127.95
16472;5499;283;1;114.46
16473;5499;216;3;265.62
16474;5499;171;2;59.0
16475;5499;241;1;177.76
16476;5500;281;2;13.59
16477;5500;61;1;251.37
16478;5500;83;2;28.81
16479;5500;247;1;280.92
16480;5501;42;3;263.42
16481;5502;153;2;28.61
16482;5503;189;2;298.51
16483;5503;223;1;12.9
16484;5503;190;3;16.04
16485;5503;35;2;57.55
16486;5503;239;1;89.88
16487;5504;257;2;75.87
16488;5504;268;3;22.25
16489;5505;229;2;14.92
16490;5506;180;2;59.61
16491;5507;147;2;15.53
16492;5508;78;1;18.59
16493;5508;265;2;194.8
16494;5509;195;2;145.55
16495;5509;292;2;115.69
16496;5509;54;2;232.82
16497;5509;223;1;12.9
16498;5510;20;1;27.74
16499;5510;240;2;115.21
16500;5511;277;2;141.51
16501;5512;233;3;153.83
16502;5512;116;2;27.34
16503;5512;143;3;86.74
16504;5513;242;3;66.96
16505;5513;214;3;180.06
16506;5513;2;3;169.54
16507;5513;289;3;36.82
16508;5514;134;2;60.38
16509;5514;41;1;202.78
16510;5514;80;2;16.51
16511;5514;1;1;85.25
16512;5515;288;3;430.61
16513;5515;186;3;24.83
16514;5515;40;1;165.59
16515;5516;272;1;32.79
16516;5516;201;3;55.38
16517;5516;34;2;71.61
16518;5517;246;2;105.53
16519;5518;293;1;32.93
16520;5518;76;2;23.8
16521;5518;62;1;77.66
16522;5519;55;1;105.96
16523;5519;216;3;265.62
16524;5519;18;3;140.06
16525;5519;144;2;46.76
16526;5520;209;3;110.99
16527;5520;139;2;284.29
16528;5521;276;3;77.1
16529;5521;246;1;105.53
16530;5521;205;3;54.75
16531;5522;115;2;45.38
16532;5522;162;2;265.52
16533;5522;133;1;129.76
16534;5523;175;3;18.54
16535;5523;41;1;202.78
16536;5523;227;2;128.22
16537;5524;226;1;105.33
16538;5525;300;3;105.48
16539;5525;98;3;156.09
16540;5525;173;1;44.37
16541;5525;186;3;24.83
16542;5526;260;1;183.92
16543;5526;66;3;65.31
16544;5527;15;2;110.9
16545;5527;262;3;203.02
16546;5527;90;2;238.59
16547;5527;181;3;42.65
16548;5527;65;2;165.71
16549;5528;235;3;98.52
16550;5528;104;1;193.22
16551;5528;145;1;77.19
16552;5529;129;2;59.78
16553;5530;240;1;115.21
16554;5530;224;3;289.95
16555;5530;2;3;169.54
16556;5530;168;3;36.16
16557;5530;91;1;48.19
16558;5531;172;1;108.1
16559;5532;191;3;144.67
16560;5532;107;2;57.11
16561;5533;96;2;318.43
16562;5534;48;2;214.66
16563;5534;95;1;11.53
16564;5534;255;3;63.76
16565;5534;124;1;109.44
16566;5534;174;3;16.75
16567;5535;238;1;130.67
16568;5536;204;1;63.94
16569;5537;251;1;594.78
16570;5537;134;1;60.38
16571;5537;164;3;38.45
16572;5537;161;1;66.77
16573;5537;216;2;265.62
16574;5538;287;3;82.17
16575;5538;134;1;60.38
16576;5539;174;3;16.75
16577;5539;134;1;60.38
16578;5539;133;3;129.76
16579;5540;273;3;197.68
16580;5540;205;1;54.75
16581;5541;273;2;197.68
16582;5541;2;3;169.54
16583;5541;146;1;35.44
16584;5541;239;1;89.88
16585;5541;225;2;14.43
16586;5542;197;1;109.76
16587;5542;82;1;115.88
16588;5542;25;3;36.6
16589;5542;9;1;134.64
16590;5543;28;2;98.17
16591;5543;50;2;63.53
16592;5544;14;1;139.17
16593;5544;110;1;33.58
16594;5544;21;1;27.77
16595;5544;50;1;63.53
16596;5545;272;3;32.79
16597;5546;209;3;110.99
16598;5546;6;1;124.34
16599;5546;22;2;231.52
16600;5546;13;2;97.98
16601;5547;258;1;183.46
16602;5547;278;2;58.03
16603;5547;133;2;129.76
16604;5548;55;3;105.96
16605;5548;265;3;194.8
16606;5548;234;1;199.16
16607;5549;237;1;11.53
16608;5549;68;3;208.07
16609;5549;22;3;231.52
16610;5549;159;2;56.32
16611;5549;176;1;23.46
16612;5550;78;1;18.59
16613;5550;97;2;160.55
16614;5551;75;1;176.39
16615;5551;124;3;109.44
16616;5552;295;1;401.67
16617;5552;104;3;193.22
16618;5552;32;2;65.71
16619;5552;100;2;36.47
16620;5552;140;3;35.81
16621;5553;48;2;214.66
16622;5553;87;1;172.22
16623;5554;237;2;11.53
16624;5555;182;1;96.28
16625;5555;74;3;13.44
16626;5555;8;3;295.75
16627;5555;261;3;138.08
16628;5555;81;1;83.86
16629;5556;149;3;112.47
16630;5556;267;1;23.63
16631;5556;228;1;21.36
16632;5556;75;2;176.39
16633;5556;183;2;83.98
16634;5557;120;1;44.38
16635;5557;156;1;51.61
16636;5557;244;3;291.31
16637;5558;196;2;15.62
16638;5558;4;2;15.69
16639;5558;274;2;43.03
16640;5558;288;1;430.61
16641;5558;213;2;29.38
16642;5559;193;1;303.95
16643;5559;265;1;194.8
16644;5559;118;1;365.76
16645;5559;95;1;11.53
16646;5559;202;3;84.57
16647;5560;260;3;183.92
16648;5560;20;2;27.74
16649;5560;52;2;198.57
16650;5560;166;3;36.18
16651;5560;267;1;23.63
16652;5561;103;3;60.73
16653;5561;31;1;263.13
16654;5561;1;3;85.25
16655;5562;132;3;76.68
16656;5562;110;2;33.58
16657;5562;183;2;83.98
16658;5562;57;3;49.4
16659;5563;126;1;333.38
16660;5563;246;1;105.53
16661;5563;275;1;167.5
16662;5563;121;3;102.0
16663;5564;153;2;28.61
16664;5565;107;2;57.11
16665;5565;16;2;135.22
16666;5565;271;1;134.08
16667;5566;2;3;169.54
16668;5566;243;2;23.3
16669;5566;30;3;43.42
16670;5567;250;3;45.33
16671;5567;164;1;38.45
16672;5568;81;2;83.86
16673;5568;214;3;180.06
16674;5568;45;3;206.86
16675;5569;235;3;98.52
16676;5569;219;1;18.89
16677;5570;26;2;73.19
16678;5570;127;1;28.04
16679;5571;203;2;22.49
16680;5571;197;2;109.76
16681;5571;276;3;77.1
16682;5571;29;3;33.59
16683;5572;222;2;207.75
16684;5572;290;2;138.11
16685;5572;45;2;206.86
16686;5572;189;3;298.51
16687;5573;90;3;238.59
16688;5573;262;3;203.02
16689;5573;260;3;183.92
16690;5573;33;3;98.43
16691;5573;271;3;134.08
16692;5574;213;1;29.38
16693;5574;27;1;257.64
16694;5574;40;1;165.59
16695;5574;291;2;67.09
16696;5575;173;2;44.37
16697;5575;125;2;136.07
16698;5575;23;1;17.91
16699;5575;250;3;45.33
16700;5576;190;2;16.04
16701;5576;163;3;127.95
16702;5577;215;2;42.37
16703;5577;141;2;62.63
16704;5577;73;2;47.55
16705;5577;227;2;128.22
16706;5577;193;2;303.95
16707;5578;126;3;333.38
16708;5579;43;1;27.58
16709;5579;26;2;73.19
16710;5579;85;1;276.27
16711;5580;144;1;46.76
16712;5580;148;2;161.06
16713;5580;92;3;338.54
16714;5581;57;3;49.4
16715;5581;241;1;177.76
16716;5582;31;3;263.13
16717;5582;39;2;42.14
16718;5582;247;1;280.92
16719;5582;157;2;145.39
16720;5582;35;3;57.55
16721;5583;201;1;55.38
16722;5583;214;1;180.06
16723;5583;75;1;176.39
16724;5583;89;3;376.3
16725;5583;25;1;36.6
16726;5584;92;1;338.54
16727;5585;122;1;159.31
16728;5585;111;3;28.98
16729;5585;238;2;130.67
16730;5586;146;3;35.44
16731;5587;228;3;21.36
16732;5587;125;2;136.07
16733;5587;251;1;594.78
16734;5587;78;1;18.59
16735;5587;281;1;13.59
16736;5588;192;1;139.65
16737;5588;120;2;44.38
16738;5588;240;1;115.21
16739;5588;229;1;14.92
16740;5589;243;2;23.3
16741;5589;181;1;42.65
16742;5589;237;1;11.53
16743;5589;201;3;55.38
16744;5590;268;2;22.25
16745;5591;255;1;63.76
16746;5591;185;1;47.76
16747;5591;221;3;182.12
16748;5592;61;1;251.37
16749;5592;256;2;229.2
16750;5592;2;2;169.54
16751;5592;298;2;95.71
16752;5592;77;3;137.95
16753;5593;263;1;58.98
16754;5593;273;2;197.68
16755;5593;168;2;36.16
16756;5593;196;2;15.62
16757;5593;178;1;117.25
16758;5594;60;3;69.22
16759;5594;34;3;71.61
16760;5595;260;3;183.92
16761;5595;177;2;190.69
16762;5595;138;2;32.55
16763;5595;292;1;115.69
16764;5595;107;2;57.11
16765;5596;293;3;32.93
16766;5596;14;2;139.17
16767;5597;108;1;53.06
16768;5597;12;1;58.48
16769;5597;116;1;27.34
16770;5597;27;1;257.64
16771;5598;126;2;333.38
16772;5599;139;2;284.29
16773;5599;158;3;219.43
16774;5599;164;3;38.45
16775;5600;106;2;63.95
16776;5600;132;1;76.68
16777;5600;196;1;15.62
16778;5601;112;1;112.28
16779;5601;181;1;42.65
16780;5601;234;1;199.16
16781;5602;257;3;75.87
16782;5603;270;2;149.02
16783;5603;121;1;102.0
16784;5603;22;2;231.52
16785;5603;177;2;190.69
16786;5604;223;2;12.9
16787;5605;184;3;75.61
16788;5606;3;1;355.2
16789;5606;272;2;32.79
16790;5606;228;3;21.36
16791;5606;13;3;97.98
16792;5606;202;2;84.57
16793;5607;221;1;182.12
16794;5607;264;2;22.18
16795;5607;223;2;12.9
16796;5607;20;3;27.74
16797;5608;118;3;365.76
16798;5608;37;2;125.9
16799;5609;196;2;15.62
16800;5609;39;2;42.14
16801;5609;5;3;99.57
16802;5610;106;2;63.95
16803;5610;29;3;33.59
16804;5611;214;3;180.06
16805;5611;263;1;58.98
16806;5612;216;3;265.62
16807;5612;46;3;32.13
16808;5613;115;2;45.38
16809;5614;171;3;59.0
16810;5614;21;3;27.77
16811;5615;267;2;23.63
16812;5616;23;1;17.91
16813;5616;198;1;53.21
16814;5616;104;1;193.22
16815;5617;138;3;32.55
16816;5618;147;1;15.53
16817;5618;205;2;54.75
16818;5618;88;3;271.98
16819;5619;96;3;318.43
16820;5619;156;2;51.61
16821;5619;213;3;29.38
16822;5620;31;3;263.13
16823;5621;168;3;36.16
16824;5621;284;2;66.65
16825;5621;62;1;77.66
16826;5621;86;2;68.41
16827;5621;137;2;83.8
16828;5622;229;3;14.92
16829;5622;284;1;66.65
16830;5622;116;2;27.34
16831;5623;169;2;117.44
16832;5623;202;3;84.57
16833;5623;106;2;63.95
16834;5623;85;2;276.27
16835;5623;172;2;108.1
16836;5624;89;3;376.3
16837;5625;193;3;303.95
16838;5625;149;3;112.47
16839;5625;272;1;32.79
16840;5625;241;1;177.76
16841;5625;12;1;58.48
16842;5626;291;2;67.09
16843;5626;289;3;36.82
16844;5626;121;2;102.0
16845;5626;207;1;234.88
16846;5626;284;1;66.65
16847;5627;222;3;207.75
16848;5627;100;3;36.47
16849;5627;173;1;44.37
16850;5628;204;1;63.94
16851;5628;49;1;49.52
16852;5628;214;3;180.06
16853;5628;100;2;36.47
16854;5629;14;3;139.17
16855;5629;275;2;167.5
16856;5630;155;1;75.12
16857;5630;88;2;271.98
16858;5630;136;2;77.12
16859;5631;10;2;83.77
16860;5631;122;1;159.31
16861;5631;142;2;26.83
16862;5631;241;1;177.76
16863;5631;145;2;77.19
16864;5632;66;2;65.31
16865;5632;269;2;27.35
16866;5633;226;1;105.33
16867;5633;116;2;27.34
16868;5633;252;1;124.2
16869;5634;241;1;177.76
16870;5634;294;2;73.58
16871;5634;239;3;89.88
16872;5634;41;1;202.78
16873;5635;77;2;137.95
16874;5636;45;1;206.86
16875;5636;152;2;210.67
16876;5636;155;1;75.12
16877;5636;221;2;182.12
16878;5637;174;2;16.75
16879;5637;248;2;278.21
16880;5637;67;1;41.38
16881;5637;171;1;59.0
16882;5638;16;1;135.22
16883;5638;273;1;197.68
16884;5638;293;3;32.93
16885;5639;237;1;11.53
16886;5639;41;2;202.78
16887;5639;242;3;66.96
16888;5640;128;1;604.55
16889;5640;282;3;377.84
16890;5640;55;1;105.96
16891;5641;290;2;138.11
16892;5641;19;3;25.52
16893;5642;269;2;27.35
16894;5642;270;2;149.02
16895;5642;24;2;171.7
16896;5642;176;3;23.46
16897;5642;95;3;11.53
16898;5643;240;2;115.21
16899;5643;178;3;117.25
16900;5644;95;3;11.53
16901;5645;178;1;117.25
16902;5646;197;2;109.76
16903;5646;67;1;41.38
16904;5646;259;1;193.37
16905;5646;238;2;130.67
16906;5647;100;1;36.47
16907;5648;250;1;45.33
16908;5648;196;3;15.62
16909;5648;90;3;238.59
16910;5648;132;1;76.68
16911;5649;45;2;206.86
16912;5649;115;1;45.38
16913;5649;39;3;42.14
16914;5649;288;2;430.61
16915;5650;164;2;38.45
16916;5650;150;2;51.66
16917;5650;145;3;77.19
16918;5650;39;1;42.14
16919;5651;61;3;251.37
16920;5651;83;1;28.81
16921;5651;29;2;33.59
16922;5651;84;3;56.46
16923;5651;292;3;115.69
16924;5652;191;2;144.67
16925;5652;217;2;133.47
16926;5653;129;2;59.78
16927;5653;271;2;134.08
16928;5653;232;3;21.33
16929;5653;82;2;115.88
16930;5653;184;1;75.61
16931;5654;208;1;26.03
16932;5655;237;3;11.53
16933;5655;35;2;57.55
16934;5655;9;1;134.64
16935;5655;238;1;130.67
16936;5656;208;3;26.03
16937;5656;52;2;198.57
16938;5656;111;1;28.98
16939;5656;59;2;107.83
16940;5656;49;2;49.52
16941;5657;209;1;110.99
16942;5657;183;1;83.98
16943;5657;191;3;144.67
16944;5657;18;3;140.06
16945;5657;174;1;16.75
16946;5658;163;2;127.95
16947;5658;1;1;85.25
16948;5658;52;1;198.57
16949;5658;13;1;97.98
16950;5659;40;3;165.59
16951;5660;13;1;97.98
16952;5660;60;1;69.22
16953;5661;287;1;82.17
16954;5661;269;1;27.35
16955;5661;188;2;221.91
16956;5662;103;1;60.73
16957;5662;137;1;83.8
16958;5662;159;3;56.32
16959;5662;81;1;83.86
16960;5663;77;1;137.95
16961;5663;23;3;17.91
16962;5663;233;3;153.83
16963;5663;71;2;104.37
16964;5664;55;3;105.96
16965;5664;74;1;13.44
16966;5664;68;1;208.07
16967;5664;47;1;10.35
16968;5664;277;2;141.51
16969;5665;75;1;176.39
16970;5666;270;1;149.02
16971;5666;141;2;62.63
16972;5666;75;3;176.39
16973;5667;111;1;28.98
16974;5668;243;2;23.3
16975;5668;255;1;63.76
16976;5668;47;1;10.35
16977;5669;61;2;251.37
16978;5669;132;3;76.68
16979;5669;73;2;47.55
16980;5670;283;3;114.46
16981;5670;203;3;22.49
16982;5670;149;1;112.47
16983;5670;110;3;33.58
16984;5671;39;2;42.14
16985;5671;110;1;33.58
16986;5672;59;3;107.83
16987;5672;173;1;44.37
16988;5672;140;2;35.81
16989;5673;278;3;58.03
16990;5673;215;3;42.37
16991;5673;36;2;35.27
16992;5673;229;1;14.92
16993;5673;249;1;94.89
16994;5674;56;1;84.93
16995;5674;214;1;180.06
16996;5674;13;1;97.98
16997;5674;72;2;136.88
16998;5675;32;2;65.71
16999;5675;210;1;230.86
17000;5675;212;3;167.62
17001;5675;96;2;318.43
17002;5676;281;3;13.59
17003;5676;275;2;167.5
17004;5677;97;1;160.55
17005;5677;201;2;55.38
17006;5678;146;2;35.44
17007;5679;130;1;138.45
17008;5679;219;3;18.89
17009;5679;92;3;338.54
17010;5679;30;3;43.42
17011;5679;73;1;47.55
17012;5680;283;1;114.46
17013;5680;263;3;58.98
17014;5681;212;1;167.62
17015;5681;257;1;75.87
17016;5682;56;1;84.93
17017;5683;200;2;209.0
17018;5683;251;1;594.78
17019;5683;111;1;28.98
17020;5683;125;1;136.07
17021;5683;32;2;65.71
17022;5684;238;1;130.67
17023;5684;268;2;22.25
17024;5684;68;2;208.07
17025;5685;77;2;137.95
17026;5685;98;2;156.09
17027;5686;74;1;13.44
17028;5687;12;2;58.48
17029;5688;119;1;52.95
17030;5688;34;2;71.61
17031;5688;91;3;48.19
17032;5689;228;1;21.36
17033;5689;129;1;59.78
17034;5690;289;3;36.82
17035;5690;225;3;14.43
17036;5690;26;1;73.19
17037;5691;268;1;22.25
17038;5691;135;3;23.48
17039;5691;265;1;194.8
17040;5692;169;1;117.44
17041;5693;285;2;108.9
17042;5693;227;2;128.22
17043;5693;197;3;109.76
17044;5694;261;2;138.08
17045;5694;56;3;84.93
17046;5695;115;1;45.38
17047;5695;247;1;280.92
17048;5696;275;2;167.5
17049;5696;155;3;75.12
17050;5696;222;1;207.75
17051;5697;243;1;23.3
17052;5697;187;3;145.63
17053;5697;259;3;193.37
17054;5697;49;2;49.52
17055;5697;159;3;56.32
17056;5698;146;3;35.44
17057;5698;289;3;36.82
17058;5699;195;1;145.55
17059;5699;126;1;333.38
17060;5699;153;3;28.61
17061;5700;212;1;167.62
17062;5700;272;2;32.79
17063;5701;296;2;31.73
17064;5701;224;3;289.95
17065;5702;53;1;51.23
17066;5702;45;2;206.86
17067;5702;202;3;84.57
17068;5702;121;3;102.0
17069;5703;254;2;92.06
17070;5703;35;3;57.55
17071;5703;256;1;229.2
17072;5703;58;2;37.93
17073;5704;261;2;138.08
17074;5704;179;3;16.67
17075;5704;16;3;135.22
17076;5704;138;2;32.55
17077;5704;204;1;63.94
17078;5705;219;2;18.89
17079;5705;300;3;105.48
17080;5705;82;2;115.88
17081;5706;85;3;276.27
17082;5706;17;2;66.06
17083;5706;27;3;257.64
17084;5707;275;3;167.5
17085;5707;270;2;149.02
17086;5708;175;1;18.54
17087;5708;293;3;32.93
17088;5708;47;1;10.35
17089;5709;94;3;191.51
17090;5709;60;1;69.22
17091;5710;143;1;86.74
17092;5710;287;3;82.17
17093;5711;231;1;58.56
17094;5711;300;3;105.48
17095;5711;287;3;82.17
17096;5711;274;3;43.03
17097;5712;222;3;207.75
17098;5713;255;3;63.76
17099;5714;297;2;111.18
17100;5714;90;2;238.59
17101;5714;71;2;104.37
17102;5715;214;2;180.06
17103;5715;81;3;83.86
17104;5715;137;2;83.8
17105;5716;54;2;232.82
17106;5716;65;3;165.71
17107;5716;41;1;202.78
17108;5717;298;1;95.71
17109;5717;56;3;84.93
17110;5717;192;2;139.65
17111;5718;246;2;105.53
17112;5718;98;3;156.09
17113;5718;5;2;99.57
17114;5719;222;2;207.75
17115;5719;280;2;194.11
17116;5719;158;1;219.43
17117;5720;77;2;137.95
17118;5720;174;2;16.75
17119;5720;71;3;104.37
17120;5720;58;3;37.93
17121;5721;2;2;169.54
17122;5721;153;3;28.61
17123;5721;123;1;70.77
17124;5722;26;2;73.19
17125;5722;249;1;94.89
17126;5723;266;2;78.95
17127;5723;291;1;67.09
17128;5723;45;2;206.86
17129;5724;242;3;66.96
17130;5724;123;1;70.77
17131;5725;122;2;159.31
17132;5725;233;2;153.83
17133;5725;60;1;69.22
17134;5725;277;2;141.51
17135;5726;249;1;94.89
17136;5726;251;2;594.78
17137;5727;109;1;46.77
17138;5727;273;1;197.68
17139;5727;170;3;22.32
17140;5727;20;2;27.74
17141;5727;229;2;14.92
17142;5728;244;3;291.31
17143;5728;185;1;47.76
17144;5729;4;1;15.69
17145;5729;121;3;102.0
17146;5729;168;1;36.16
17147;5729;149;3;112.47
17148;5730;201;3;55.38
17149;5730;256;3;229.2
17150;5730;131;3;94.96
17151;5730;74;3;13.44
17152;5730;188;1;221.91
17153;5731;92;3;338.54
17154;5731;182;3;96.28
17155;5731;55;2;105.96
17156;5731;44;1;46.23
17157;5731;131;3;94.96
17158;5732;28;2;98.17
17159;5732;295;1;401.67
17160;5732;88;2;271.98
17161;5732;94;3;191.51
17162;5732;52;1;198.57
17163;5733;113;2;261.82
17164;5733;283;2;114.46
17165;5733;75;3;176.39
17166;5733;135;1;23.48
17167;5734;9;3;134.64
17168;5735;139;3;284.29
17169;5735;184;1;75.61
17170;5735;144;2;46.76
17171;5735;188;1;221.91
17172;5736;75;1;176.39
17173;5736;135;3;23.48
17174;5737;125;2;136.07
17175;5737;183;3;83.98
17176;5737;188;1;221.91
17177;5737;300;2;105.48
17178;5738;149;2;112.47
17179;5738;219;1;18.89
17180;5739;209;1;110.99
17181;5740;204;2;63.94
17182;5740;213;2;29.38
17183;5740;164;2;38.45
17184;5740;137;1;83.8
17185;5740;154;1;276.99
17186;5741;294;1;73.58
17187;5741;206;2;30.23
17188;5741;127;2;28.04
17189;5741;139;3;284.29
17190;5742;60;3;69.22
17191;5742;179;1;16.67
17192;5742;90;3;238.59
17193;5742;241;1;177.76
17194;5742;290;2;138.11
17195;5743;290;3;138.11
17196;5743;276;3;77.1
17197;5744;186;2;24.83
17198;5744;11;3;27.62
17199;5744;253;3;62.5
17200;5745;267;3;23.63
17201;5745;172;2;108.1
17202;5745;185;3;47.76
17203;5745;130;1;138.45
17204;5746;267;2;23.63
17205;5746;38;1;136.67
17206;5746;252;2;124.2
17207;5746;43;2;27.58
17208;5746;256;1;229.2
17209;5747;93;2;177.34
17210;5747;66;1;65.31
17211;5747;158;3;219.43
17212;5747;224;3;289.95
17213;5747;125;1;136.07
17214;5748;150;3;51.66
17215;5748;192;3;139.65
17216;5748;136;3;77.12
17217;5748;121;1;102.0
17218;5748;4;1;15.69
17219;5749;81;2;83.86
17220;5749;42;1;263.42
17221;5749;257;1;75.87
17222;5749;293;1;32.93
17223;5749;67;3;41.38
17224;5750;33;1;98.43
17225;5751;229;1;14.92
17226;5752;144;2;46.76
17227;5752;69;1;100.84
17228;5753;162;3;265.52
17229;5753;230;3;163.67
17230;5753;144;3;46.76
17231;5753;39;1;42.14
17232;5754;197;2;109.76
17233;5755;213;2;29.38
17234;5756;136;2;77.12
17235;5756;47;1;10.35
17236;5757;283;3;114.46
17237;5757;30;1;43.42
17238;5757;115;1;45.38
17239;5757;147;3;15.53
17240;5757;170;2;22.32
17241;5758;22;3;231.52
17242;5758;140;3;35.81
17243;5758;210;3;230.86
17244;5758;9;1;134.64
17245;5758;117;2;187.28
17246;5759;61;3;251.37
17247;5759;89;1;376.3
17248;5759;142;1;26.83
17249;5759;3;2;355.2
17250;5760;217;3;133.47
17251;5760;41;3;202.78
17252;5761;39;3;42.14
17253;5761;293;1;32.93
17254;5761;89;2;376.3
17255;5761;181;3;42.65
17256;5761;207;1;234.88
17257;5762;113;2;261.82
17258;5762;207;2;234.88
17259;5762;273;1;197.68
17260;5762;50;1;63.53
17261;5762;288;2;430.61
17262;5763;198;2;53.21
17263;5763;109;3;46.77
17264;5763;150;1;51.66
17265;5764;58;1;37.93
17266;5764;192;3;139.65
17267;5764;39;1;42.14
17268;5765;237;3;11.53
17269;5765;298;2;95.71
17270;5765;212;2;167.62
17271;5765;261;3;138.08
17272;5765;291;3;67.09
17273;5766;281;3;13.59
17274;5766;104;2;193.22
17275;5766;27;3;257.64
17276;5766;55;2;105.96
17277;5767;218;3;163.84
17278;5767;247;1;280.92
17279;5767;80;3;16.51
17280;5767;232;3;21.33
17281;5767;158;2;219.43
17282;5768;295;2;401.67
17283;5769;172;1;108.1
17284;5770;130;1;138.45
17285;5771;165;2;30.46
17286;5771;220;1;97.41
17287;5772;279;2;52.64
17288;5772;291;1;67.09
17289;5772;29;3;33.59
17290;5772;296;1;31.73
17291;5772;178;3;117.25
17292;5773;286;2;23.1
17293;5773;129;1;59.78
17294;5773;92;3;338.54
17295;5774;227;1;128.22
17296;5774;139;3;284.29
17297;5774;189;1;298.51
17298;5775;73;1;47.55
17299;5776;96;1;318.43
17300;5776;216;2;265.62
17301;5776;81;2;83.86
17302;5776;53;3;51.23
17303;5777;263;1;58.98
17304;5777;105;2;19.14
17305;5777;190;1;16.04
17306;5777;258;1;183.46
17307;5778;16;1;135.22
17308;5778;227;1;128.22
17309;5778;58;3;37.93
17310;5778;160;3;62.31
17311;5778;240;3;115.21
17312;5779;153;2;28.61
17313;5779;45;3;206.86
17314;5779;208;1;26.03
17315;5780;283;3;114.46
17316;5781;53;2;51.23
17317;5781;25;1;36.6
17318;5781;196;1;15.62
17319;5781;261;3;138.08
17320;5782;285;2;108.9
17321;5783;32;2;65.71
17322;5783;116;2;27.34
17323;5783;138;3;32.55
17324;5783;139;3;284.29
17325;5783;222;2;207.75
17326;5784;224;1;289.95
17327;5785;188;3;221.91
17328;5785;223;3;12.9
17329;5785;182;1;96.28
17330;5786;184;1;75.61
17331;5786;292;2;115.69
17332;5786;30;3;43.42
17333;5787;58;2;37.93
17334;5787;294;2;73.58
17335;5788;280;1;194.11
17336;5788;23;1;17.91
17337;5788;279;1;52.64
17338;5788;260;1;183.92
17339;5789;190;3;16.04
17340;5789;135;3;23.48
17341;5789;34;1;71.61
17342;5789;44;3;46.23
17343;5790;294;1;73.58
17344;5790;5;2;99.57
17345;5790;190;3;16.04
17346;5791;68;3;208.07
17347;5791;210;3;230.86
17348;5791;148;2;161.06
17349;5791;156;1;51.61
17350;5792;127;1;28.04
17351;5792;156;3;51.61
17352;5792;215;1;42.37
17353;5793;110;2;33.58
17354;5793;30;1;43.42
17355;5793;140;3;35.81
17356;5793;3;3;355.2
17357;5793;101;2;337.71
17358;5794;268;1;22.25
17359;5794;205;1;54.75
17360;5795;258;1;183.46
17361;5795;210;3;230.86
17362;5796;288;3;430.61
17363;5796;202;3;84.57
17364;5796;296;1;31.73
17365;5797;256;2;229.2
17366;5797;26;3;73.19
17367;5797;297;2;111.18
17368;5797;10;1;83.77
17369;5797;222;1;207.75
17370;5798;121;1;102.0
17371;5798;1;1;85.25
17372;5798;71;3;104.37
17373;5798;286;1;23.1
17374;5799;172;3;108.1
17375;5800;104;3;193.22
17376;5800;275;1;167.5
17377;5801;204;3;63.94
17378;5802;139;1;284.29
17379;5802;2;2;169.54
17380;5802;200;1;209.0
17381;5803;36;1;35.27
17382;5803;35;1;57.55
17383;5803;38;3;136.67
17384;5803;244;1;291.31
17385;5804;286;2;23.1
17386;5804;296;1;31.73
17387;5804;231;2;58.56
17388;5805;220;3;97.41
17389;5805;4;2;15.69
17390;5806;170;1;22.32
17391;5806;32;3;65.71
17392;5806;115;1;45.38
17393;5806;23;1;17.91
17394;5806;66;3;65.31
17395;5807;252;1;124.2
17396;5808;99;3;18.5
17397;5808;2;3;169.54
17398;5808;80;2;16.51
17399;5808;188;3;221.91
17400;5809;178;3;117.25
17401;5809;59;1;107.83
17402;5809;218;3;163.84
17403;5810;250;1;45.33
17404;5810;76;3;23.8
17405;5810;193;3;303.95
17406;5811;242;3;66.96
17407;5811;121;2;102.0
17408;5811;161;2;66.77
17409;5811;68;1;208.07
17410;5811;139;3;284.29
17411;5812;99;1;18.5
17412;5813;5;2;99.57
17413;5814;227;2;128.22
17414;5814;103;3;60.73
17415;5814;217;2;133.47
17416;5814;219;2;18.89
17417;5815;140;2;35.81
17418;5815;72;2;136.88
17419;5815;57;2;49.4
17420;5816;129;1;59.78
17421;5816;59;1;107.83
17422;5816;210;1;230.86
17423;5816;278;1;58.03
17424;5817;275;3;167.5
17425;5817;104;3;193.22
17426;5817;248;3;278.21
17427;5818;140;3;35.81
17428;5818;249;3;94.89
17429;5819;119;3;52.95
17430;5819;68;1;208.07
17431;5819;6;3;124.34
17432;5820;246;2;105.53
17433;5820;47;1;10.35
17434;5821;291;2;67.09
17435;5822;272;1;32.79
17436;5822;85;3;276.27
17437;5822;240;1;115.21
17438;5822;130;3;138.45
17439;5823;75;3;176.39
17440;5823;179;2;16.67
17441;5824;167;3;40.59
17442;5824;161;1;66.77
17443;5824;58;3;37.93
17444;5825;283;3;114.46
17445;5825;77;3;137.95
17446;5825;294;3;73.58
17447;5826;153;3;28.61
17448;5827;197;1;109.76
17449;5828;298;2;95.71
17450;5829;188;1;221.91
17451;5829;171;1;59.0
17452;5829;194;2;39.16
17453;5829;47;2;10.35
17454;5829;271;3;134.08
17455;5830;279;2;52.64
17456;5830;208;3;26.03
17457;5830;213;3;29.38
17458;5830;36;3;35.27
17459;5830;214;3;180.06
17460;5831;284;3;66.65
17461;5832;253;2;62.5
17462;5833;172;2;108.1
17463;5833;138;1;32.55
17464;5834;94;3;191.51
17465;5834;47;2;10.35
17466;5835;91;3;48.19
17467;5835;178;2;117.25
17468;5835;149;1;112.47
17469;5835;291;1;67.09
17470;5835;267;1;23.63
17471;5836;177;2;190.69
17472;5836;68;1;208.07
17473;5836;111;3;28.98
17474;5836;23;2;17.91
17475;5836;164;2;38.45
17476;5837;130;2;138.45
17477;5837;146;1;35.44
17478;5837;75;1;176.39
17479;5837;176;2;23.46
17480;5837;200;1;209.0
17481;5838;112;2;112.28
17482;5838;263;1;58.98
17483;5838;187;1;145.63
17484;5839;101;3;337.71
17485;5839;94;2;191.51
17486;5840;38;3;136.67
17487;5840;208;3;26.03
17488;5840;58;1;37.93
17489;5840;174;1;16.75
17490;5840;97;1;160.55
17491;5841;226;2;105.33
17492;5842;36;2;35.27
17493;5843;23;2;17.91
17494;5843;37;1;125.9
17495;5843;51;1;69.12
17496;5843;13;3;97.98
17497;5843;268;2;22.25
17498;5844;62;3;77.66
17499;5844;225;2;14.43
17500;5844;297;3;111.18
17501;5845;176;1;23.46
17502;5845;244;3;291.31
17503;5845;208;3;26.03
17504;5846;76;2;23.8
17505;5846;9;3;134.64
17506;5847;68;1;208.07
17507;5847;10;2;83.77
17508;5847;259;1;193.37
17509;5847;197;2;109.76
17510;5848;126;2;333.38
17511;5849;34;1;71.61
17512;5849;143;3;86.74
17513;5850;214;2;180.06
17514;5850;49;3;49.52
17515;5851;247;2;280.92
17516;5851;273;3;197.68
17517;5851;141;2;62.63
17518;5851;158;2;219.43
17519;5852;131;1;94.96
17520;5852;227;3;128.22
17521;5852;29;1;33.59
17522;5853;279;3;52.64
17523;5853;98;2;156.09
17524;5853;72;3;136.88
17525;5853;300;2;105.48
17526;5854;65;3;165.71
17527;5854;98;1;156.09
17528;5854;112;2;112.28
17529;5855;23;3;17.91
17530;5855;252;1;124.2
17531;5855;132;3;76.68
17532;5856;155;2;75.12
17533;5856;183;2;83.98
17534;5857;64;2;63.91
17535;5857;203;2;22.49
17536;5857;118;1;365.76
17537;5858;239;1;89.88
17538;5858;239;3;89.88
17539;5858;52;1;198.57
17540;5859;177;1;190.69
17541;5859;221;3;182.12
17542;5859;73;1;47.55
17543;5860;52;2;198.57
17544;5860;162;1;265.52
17545;5860;198;2;53.21
17546;5860;178;3;117.25
17547;5860;19;1;25.52
17548;5861;1;3;85.25
17549;5861;97;2;160.55
17550;5861;163;3;127.95
17551;5861;209;2;110.99
17552;5862;96;1;318.43
17553;5862;114;1;81.1
17554;5863;122;1;159.31
17555;5863;2;1;169.54
17556;5863;80;2;16.51
17557;5864;85;1;276.27
17558;5864;159;2;56.32
17559;5864;197;1;109.76
17560;5864;174;1;16.75
17561;5864;234;1;199.16
17562;5865;275;2;167.5
17563;5865;261;3;138.08
17564;5865;234;1;199.16
17565;5865;190;2;16.04
17566;5866;191;2;144.67
17567;5866;161;1;66.77
17568;5866;26;2;73.19
17569;5866;241;2;177.76
17570;5866;286;3;23.1
17571;5867;240;3;115.21
17572;5867;78;3;18.59
17573;5868;8;3;295.75
17574;5868;8;3;295.75
17575;5868;299;3;93.25
17576;5869;6;2;124.34
17577;5870;276;1;77.1
17578;5870;111;3;28.98
17579;5870;156;2;51.61
17580;5870;79;1;57.05
17581;5871;295;2;401.67
17582;5871;201;3;55.38
17583;5871;271;2;134.08
17584;5871;191;3;144.67
17585;5872;63;1;81.7
17586;5872;173;2;44.37
17587;5872;97;2;160.55
17588;5873;204;3;63.94
17589;5874;206;3;30.23
17590;5874;257;3;75.87
17591;5875;26;2;73.19
17592;5875;57;1;49.4
17593;5875;249;2;94.89
17594;5876;68;2;208.07
17595;5876;9;2;134.64
17596;5876;132;2;76.68
17597;5877;5;3;99.57
17598;5877;52;3;198.57
17599;5877;258;3;183.46
17600;5878;104;1;193.22
17601;5878;71;2;104.37
17602;5879;285;3;108.9
17603;5879;86;2;68.41
17604;5879;59;1;107.83
17605;5879;98;1;156.09
17606;5879;37;3;125.9
17607;5880;232;2;21.33
17608;5880;128;3;604.55
17609;5881;239;3;89.88
17610;5881;80;3;16.51
17611;5881;170;1;22.32
17612;5882;147;2;15.53
17613;5882;268;1;22.25
17614;5882;177;2;190.69
17615;5882;206;2;30.23
17616;5882;32;1;65.71
17617;5883;79;2;57.05
17618;5884;99;2;18.5
17619;5884;73;3;47.55
17620;5884;62;2;77.66
17621;5884;108;1;53.06
17622;5885;299;1;93.25
17623;5886;279;2;52.64
17624;5886;93;3;177.34
17625;5886;70;3;99.53
17626;5886;88;3;271.98
17627;5886;164;1;38.45
17628;5887;105;2;19.14
17629;5887;293;1;32.93
17630;5887;84;3;56.46
17631;5888;110;2;33.58
17632;5889;118;3;365.76
17633;5889;175;3;18.54
17634;5889;109;2;46.77
17635;5889;29;1;33.59
17636;5890;30;2;43.42
17637;5890;92;2;338.54
17638;5890;293;1;32.93
17639;5891;110;3;33.58
17640;5891;206;3;30.23
17641;5891;4;1;15.69
17642;5891;89;3;376.3
17643;5891;154;1;276.99
17644;5892;113;1;261.82
17645;5892;189;3;298.51
17646;5893;47;1;10.35
17647;5893;130;1;138.45
17648;5893;144;1;46.76
17649;5893;2;1;169.54
17650;5893;86;3;68.41
17651;5894;87;2;172.22
17652;5894;72;1;136.88
17653;5895;58;2;37.93
17654;5896;55;1;105.96
17655;5896;171;1;59.0
17656;5896;121;3;102.0
17657;5896;290;1;138.11
17658;5896;86;3;68.41
17659;5897;105;1;19.14
17660;5898;229;2;14.92
17661;5898;25;1;36.6
17662;5898;293;3;32.93
17663;5898;135;1;23.48
17664;5898;1;2;85.25
17665;5899;202;2;84.57
17666;5899;106;2;63.95
17667;5900;181;1;42.65
17668;5901;94;1;191.51
17669;5901;150;1;51.66
17670;5902;79;1;57.05
17671;5902;142;1;26.83
17672;5902;59;3;107.83
17673;5902;193;3;303.95
17674;5903;59;3;107.83
17675;5903;80;3;16.51
17676;5903;177;1;190.69
17677;5903;64;2;63.91
17678;5904;271;3;134.08
17679;5904;231;2;58.56
17680;5904;2;1;169.54
17681;5904;155;1;75.12
17682;5905;108;1;53.06
17683;5905;257;2;75.87
17684;5905;244;3;291.31
17685;5905;119;1;52.95
17686;5906;180;1;59.61
17687;5906;78;1;18.59
17688;5907;117;1;187.28
17689;5907;101;1;337.71
17690;5907;86;2;68.41
17691;5908;209;3;110.99
17692;5908;208;1;26.03
17693;5908;146;3;35.44
17694;5909;37;3;125.9
17695;5909;231;1;58.56
17696;5910;70;3;99.53
17697;5910;68;3;208.07
17698;5910;267;1;23.63
17699;5911;212;3;167.62
17700;5911;69;3;100.84
17701;5911;160;1;62.31
17702;5911;130;2;138.45
17703;5912;161;3;66.77
17704;5913;57;2;49.4
17705;5913;125;2;136.07
17706;5913;201;3;55.38
17707;5913;85;3;276.27
17708;5914;49;3;49.52
17709;5915;289;2;36.82
17710;5915;64;2;63.91
17711;5916;145;2;77.19
17712;5916;119;3;52.95
17713;5916;206;3;30.23
17714;5917;247;2;280.92
17715;5917;250;2;45.33
17716;5918;83;3;28.81
17717;5918;52;2;198.57
17718;5918;179;2;16.67
17719;5919;141;2;62.63
17720;5919;79;2;57.05
17721;5919;115;2;45.38
17722;5919;72;1;136.88
17723;5919;223;3;12.9
17724;5920;153;1;28.61
17725;5920;198;3;53.21
17726;5920;180;3;59.61
17727;5920;267;1;23.63
17728;5921;60;1;69.22
17729;5921;265;1;194.8
17730;5921;120;2;44.38
17731;5922;12;2;58.48
17732;5922;255;3;63.76
17733;5922;202;1;84.57
17734;5922;209;1;110.99
17735;5923;283;2;114.46
17736;5923;176;1;23.46
17737;5923;296;3;31.73
17738;5923;285;2;108.9
17739;5923;114;3;81.1
17740;5924;282;3;377.84
17741;5925;199;2;156.49
17742;5925;31;3;263.13
17743;5925;198;3;53.21
17744;5925;176;3;23.46
17745;5925;207;3;234.88
17746;5926;8;2;295.75
17747;5926;228;2;21.36
17748;5926;238;1;130.67
17749;5926;39;1;42.14
17750;5926;157;1;145.39
17751;5927;13;2;97.98
17752;5927;85;3;276.27
17753;5927;187;3;145.63
17754;5927;21;3;27.77
17755;5928;117;1;187.28
17756;5929;29;3;33.59
17757;5929;96;1;318.43
17758;5930;2;1;169.54
17759;5930;96;2;318.43
17760;5930;297;2;111.18
17761;5931;211;3;253.01
17762;5931;81;1;83.86
17763;5931;49;1;49.52
17764;5931;68;2;208.07
17765;5932;205;2;54.75
17766;5932;264;2;22.18
17767;5932;237;2;11.53
17768;5932;88;2;271.98
17769;5932;237;3;11.53
17770;5933;185;2;47.76
17771;5933;42;2;263.42
17772;5934;21;1;27.77
17773;5934;35;2;57.55
17774;5934;289;1;36.82
17775;5934;114;2;81.1
17776;5935;72;3;136.88
17777;5936;170;2;22.32
17778;5936;21;2;27.77
17779;5936;85;1;276.27
17780;5936;153;2;28.61
17781;5937;145;2;77.19
17782;5937;109;3;46.77
17783;5937;135;2;23.48
17784;5937;22;2;231.52
17785;5938;33;3;98.43
17786;5938;185;2;47.76
17787;5938;159;1;56.32
17788;5938;86;2;68.41
17789;5938;168;2;36.16
17790;5939;103;3;60.73
17791;5939;194;3;39.16
17792;5940;24;2;171.7
17793;5940;174;3;16.75
17794;5940;292;2;115.69
17795;5940;159;2;56.32
17796;5940;131;1;94.96
17797;5941;141;2;62.63
17798;5941;199;3;156.49
17799;5942;16;2;135.22
17800;5942;25;3;36.6
17801;5942;216;1;265.62
17802;5942;22;3;231.52
17803;5942;19;1;25.52
17804;5943;124;3;109.44
17805;5943;206;2;30.23
17806;5943;126;2;333.38
17807;5943;51;1;69.12
17808;5944;60;1;69.22
17809;5944;146;1;35.44
17810;5945;13;3;97.98
17811;5945;224;3;289.95
17812;5945;21;1;27.77
17813;5945;167;1;40.59
17814;5945;36;1;35.27
17815;5946;122;1;159.31
17816;5947;123;2;70.77
17817;5947;178;1;117.25
17818;5948;259;1;193.37
17819;5948;257;3;75.87
17820;5948;40;1;165.59
17821;5948;101;3;337.71
17822;5948;99;2;18.5
17823;5949;246;2;105.53
17824;5949;109;1;46.77
17825;5949;76;3;23.8
17826;5949;250;1;45.33
17827;5949;133;2;129.76
17828;5950;94;1;191.51
17829;5951;176;2;23.46
17830;5951;232;2;21.33
17831;5951;234;2;199.16
17832;5951;287;1;82.17
17833;5952;120;1;44.38
17834;5952;258;1;183.46
17835;5952;89;1;376.3
17836;5952;159;2;56.32
17837;5952;71;3;104.37
17838;5953;19;1;25.52
17839;5953;33;3;98.43
17840;5953;271;2;134.08
17841;5953;145;3;77.19
17842;5953;121;2;102.0
17843;5954;88;1;271.98
17844;5954;270;2;149.02
17845;5954;61;1;251.37
17846;5955;50;3;63.53
17847;5955;247;2;280.92
17848;5956;158;3;219.43
17849;5956;39;2;42.14
17850;5956;63;3;81.7
17851;5956;133;2;129.76
17852;5956;282;3;377.84
17853;5957;97;2;160.55
17854;5957;55;1;105.96
17855;5957;214;2;180.06
17856;5957;76;3;23.8
17857;5957;28;1;98.17
17858;5958;122;1;159.31
17859;5958;102;2;79.45
17860;5958;270;2;149.02
17861;5959;213;2;29.38
17862;5960;50;1;63.53
17863;5960;83;1;28.81
17864;5961;154;3;276.99
17865;5961;225;1;14.43
17866;5962;34;1;71.61
17867;5962;110;2;33.58
17868;5963;187;3;145.63
17869;5963;199;1;156.49
17870;5963;225;2;14.43
17871;5964;66;2;65.31
17872;5964;286;1;23.1
17873;5964;91;2;48.19
17874;5964;191;3;144.67
17875;5964;176;1;23.46
17876;5965;199;1;156.49
17877;5966;142;2;26.83
17878;5967;282;3;377.84
17879;5967;120;1;44.38
17880;5967;116;3;27.34
17881;5968;274;2;43.03
17882;5968;150;3;51.66
17883;5969;6;3;124.34
17884;5969;265;2;194.8
17885;5969;98;1;156.09
17886;5970;159;1;56.32
17887;5970;192;2;139.65
17888;5970;91;3;48.19
17889;5971;108;2;53.06
17890;5971;96;1;318.43
17891;5972;202;2;84.57
17892;5972;253;1;62.5
17893;5972;73;3;47.55
17894;5972;162;1;265.52
17895;5973;249;2;94.89
17896;5973;68;1;208.07
17897;5973;56;2;84.93
17898;5974;32;3;65.71
17899;5975;262;1;203.02
17900;5975;228;1;21.36
17901;5975;216;3;265.62
17902;5976;119;2;52.95
17903;5976;74;3;13.44
17904;5976;140;3;35.81
17905;5977;110;2;33.58
17906;5977;282;3;377.84
17907;5977;284;1;66.65
17908;5977;27;1;257.64
17909;5978;106;1;63.95
17910;5978;250;3;45.33
17911;5978;289;2;36.82
17912;5978;5;2;99.57
17913;5978;68;3;208.07
17914;5979;37;2;125.9
17915;5980;151;3;14.87
17916;5980;130;2;138.45
17917;5980;108;3;53.06
17918;5980;259;1;193.37
17919;5981;29;2;33.59
17920;5981;82;2;115.88
17921;5982;118;1;365.76
17922;5982;25;1;36.6
17923;5982;77;1;137.95
17924;5982;216;3;265.62
17925;5983;74;2;13.44
17926;5983;24;3;171.7
17927;5984;223;2;12.9
17928;5984;69;1;100.84
17929;5985;164;3;38.45
17930;5985;65;3;165.71
17931;5986;286;1;23.1
17932;5986;159;3;56.32
17933;5986;247;2;280.92
17934;5987;89;2;376.3
17935;5987;276;1;77.1
17936;5987;133;2;129.76
17937;5987;93;2;177.34
17938;5988;89;2;376.3
17939;5988;47;1;10.35
17940;5988;91;2;48.19
17941;5989;131;2;94.96
17942;5989;191;2;144.67
17943;5989;239;1;89.88
17944;5990;208;3;26.03
17945;5990;218;1;163.84
17946;5990;202;3;84.57
17947;5990;176;3;23.46
17948;5990;150;1;51.66
17949;5991;6;1;124.34
17950;5991;224;3;289.95
17951;5992;207;1;234.88
17952;5993;65;2;165.71
17953;5993;18;1;140.06
17954;5993;17;2;66.06
17955;5994;191;2;144.67
17956;5994;188;2;221.91
17957;5994;205;3;54.75
17958;5994;285;1;108.9
17959;5994;47;2;10.35
17960;5995;267;3;23.63
17961;5995;198;1;53.21
17962;5995;292;3;115.69
17963;5996;67;1;41.38
17964;5996;81;1;83.86
17965;5996;14;3;139.17
17966;5997;98;3;156.09
17967;5997;69;1;100.84
17968;5998;75;3;176.39
17969;5999;297;2;111.18
17970;5999;51;1;69.12
17971;5999;89;1;376.3
17972;5999;95;2;11.53
17973;6000;91;1;48.19
17974;6000;13;3;97.98
17975;6000;143;1;86.74
17976;6001;33;3;98.43
17977;6001;26;2;73.19
17978;6001;185;3;47.76
17979;6002;107;3;57.11
17980;6002;278;2;58.03
17981;6002;54;2;232.82
17982;6003;232;1;21.33
17983;6003;46;3;32.13
17984;6003;12;3;58.48
17985;6003;41;2;202.78
17986;6003;15;3;110.9
17987;6004;127;2;28.04
17988;6005;48;1;214.66
17989;6005;124;2;109.44
17990;6005;157;3;145.39
17991;6006;196;2;15.62
17992;6006;125;1;136.07
17993;6006;208;3;26.03
17994;6007;288;2;430.61
17995;6007;140;3;35.81
17996;6007;66;3;65.31
17997;6007;25;1;36.6
17998;6007;159;2;56.32
17999;6008;259;1;193.37
18000;6008;160;2;62.31
18001;6008;250;2;45.33
18002;6008;166;1;36.18
18003;6009;92;1;338.54
18004;6009;134;1;60.38
18005;6009;298;1;95.71
18006;6010;190;2;16.04
18007;6010;102;2;79.45
18008;6010;217;2;133.47
18009;6010;26;1;73.19
18010;6011;24;3;171.7
18011;6011;150;2;51.66
18012;6011;44;3;46.23
18013;6011;210;3;230.86
18014;6012;179;3;16.67
18015;6012;117;3;187.28
18016;6012;84;1;56.46
18017;6013;254;2;92.06
18018;6014;216;2;265.62
18019;6015;169;1;117.44
18020;6015;234;1;199.16
18021;6015;153;1;28.61
18022;6015;24;1;171.7
18023;6016;122;2;159.31
18024;6016;166;1;36.18
18025;6017;173;2;44.37
18026;6018;289;1;36.82
18027;6019;209;2;110.99
18028;6019;194;1;39.16
18029;6019;38;2;136.67
18030;6019;3;2;355.2
18031;6019;57;3;49.4
18032;6020;213;1;29.38
18033;6020;295;3;401.67
18034;6020;226;3;105.33
18035;6021;177;2;190.69
18036;6021;99;1;18.5
18037;6021;141;2;62.63
18038;6021;27;1;257.64
18039;6022;284;3;66.65
18040;6022;42;2;263.42
18041;6023;51;3;69.12
18042;6023;135;3;23.48
18043;6024;274;1;43.03
18044;6024;169;2;117.44
18045;6024;260;1;183.92
18046;6024;203;3;22.49
18047;6025;96;2;318.43
18048;6025;240;1;115.21
18049;6025;25;1;36.6
18050;6025;291;3;67.09
18051;6025;186;3;24.83
18052;6026;203;1;22.49
18053;6027;11;3;27.62
18054;6027;176;2;23.46
18055;6028;130;1;138.45
18056;6028;225;1;14.43
18057;6028;50;2;63.53
18058;6028;174;1;16.75
18059;6028;114;1;81.1
18060;6029;242;2;66.96
18061;6029;34;2;71.61
18062;6029;164;2;38.45
18063;6029;17;3;66.06
18064;6030;53;3;51.23
18065;6030;170;3;22.32
18066;6031;50;1;63.53
18067;6031;130;3;138.45
18068;6031;297;1;111.18
18069;6032;257;3;75.87
18070;6033;274;2;43.03
18071;6034;102;1;79.45
18072;6034;29;3;33.59
18073;6035;157;2;145.39
18074;6036;234;2;199.16
18075;6036;50;1;63.53
18076;6036;79;3;57.05
18077;6037;33;2;98.43
18078;6037;292;3;115.69
18079;6038;70;3;99.53
18080;6039;4;3;15.69
18081;6039;124;1;109.44
18082;6040;226;3;105.33
18083;6040;16;1;135.22
18084;6040;51;1;69.12
18085;6040;228;1;21.36
18086;6040;9;2;134.64
18087;6041;167;3;40.59
18088;6041;256;2;229.2
18089;6041;211;1;253.01
18090;6041;112;2;112.28
18091;6041;62;1;77.66
18092;6042;166;2;36.18
18093;6042;197;3;109.76
18094;6042;126;2;333.38
18095;6042;39;3;42.14
18096;6043;16;1;135.22
18097;6043;115;2;45.38
18098;6044;256;3;229.2
18099;6044;49;1;49.52
18100;6044;129;1;59.78
18101;6044;168;2;36.16
18102;6045;276;3;77.1
18103;6046;156;1;51.61
18104;6046;33;3;98.43
18105;6046;285;1;108.9
18106;6046;61;2;251.37
18107;6047;279;3;52.64
18108;6047;166;2;36.18
18109;6047;84;2;56.46
18110;6047;272;3;32.79
18111;6048;173;2;44.37
18112;6049;172;1;108.1
18113;6049;96;2;318.43
18114;6050;20;1;27.74
18115;6051;144;3;46.76
18116;6052;220;1;97.41
18117;6052;48;2;214.66
18118;6052;202;3;84.57
18119;6052;225;3;14.43
18120;6052;180;3;59.61
18121;6053;273;2;197.68
18122;6053;80;2;16.51
18123;6054;278;1;58.03
18124;6054;276;1;77.1
18125;6054;167;3;40.59
18126;6055;125;1;136.07
18127;6055;191;2;144.67
18128;6055;193;3;303.95
18129;6055;228;2;21.36
18130;6055;174;3;16.75
18131;6056;126;2;333.38
18132;6056;40;2;165.59
18133;6056;287;3;82.17
18134;6056;255;1;63.76
18135;6056;146;2;35.44
18136;6057;217;2;133.47
18137;6057;219;3;18.89
18138;6057;137;3;83.8
18139;6057;104;3;193.22
18140;6058;48;2;214.66
18141;6058;15;1;110.9
18142;6058;7;3;435.46
18143;6058;4;2;15.69
18144;6059;41;2;202.78
18145;6059;243;3;23.3
18146;6059;164;1;38.45
18147;6059;275;2;167.5
18148;6060;210;3;230.86
18149;6060;126;2;333.38
18150;6060;143;2;86.74
18151;6061;143;3;86.74
18152;6061;87;1;172.22
18153;6062;156;3;51.61
18154;6062;85;3;276.27
18155;6063;65;2;165.71
18156;6063;193;2;303.95
18157;6063;241;1;177.76
18158;6063;157;1;145.39
18159;6064;144;1;46.76
18160;6064;134;1;60.38
18161;6064;149;1;112.47
18162;6064;259;2;193.37
18163;6064;155;1;75.12
18164;6065;41;2;202.78
18165;6065;11;3;27.62
18166;6066;243;3;23.3
18167;6067;176;2;23.46
18168;6067;21;3;27.77
18169;6068;180;3;59.61
18170;6068;15;2;110.9
18171;6068;282;1;377.84
18172;6069;123;1;70.77
18173;6069;100;3;36.47
18174;6069;31;2;263.13
18175;6069;33;3;98.43
18176;6069;173;3;44.37
18177;6070;41;1;202.78
18178;6070;236;1;27.58
18179;6070;54;3;232.82
18180;6070;232;3;21.33
18181;6071;7;2;435.46
18182;6071;183;2;83.98
18183;6071;67;2;41.38
18184;6071;41;2;202.78
18185;6071;261;3;138.08
18186;6072;253;3;62.5
18187;6072;140;2;35.81
18188;6072;239;3;89.88
18189;6072;260;2;183.92
18190;6073;298;2;95.71
18191;6074;46;2;32.13
18192;6074;107;3;57.11
18193;6074;78;2;18.59
18194;6074;99;3;18.5
18195;6074;108;3;53.06
18196;6075;18;3;140.06
18197;6075;175;1;18.54
18198;6076;143;2;86.74
18199;6076;117;3;187.28
18200;6076;248;2;278.21
18201;6076;4;2;15.69
18202;6077;114;1;81.1
18203;6077;240;3;115.21
18204;6078;221;1;182.12
18205;6078;193;2;303.95
18206;6078;173;3;44.37
18207;6078;178;1;117.25
18208;6079;165;3;30.46
18209;6079;12;1;58.48
18210;6079;17;1;66.06
18211;6079;109;3;46.77
18212;6079;246;1;105.53
18213;6080;138;3;32.55
18214;6080;33;3;98.43
18215;6080;131;1;94.96
18216;6080;129;3;59.78
18217;6080;298;2;95.71
18218;6081;35;3;57.55
18219;6081;121;3;102.0
18220;6081;246;3;105.53
18221;6082;52;2;198.57
18222;6082;73;3;47.55
18223;6083;2;3;169.54
18224;6083;214;2;180.06
18225;6083;14;2;139.17
18226;6083;116;1;27.34
18227;6084;43;1;27.58
18228;6084;214;2;180.06
18229;6085;33;3;98.43
18230;6085;175;3;18.54
18231;6085;11;2;27.62
18232;6085;189;1;298.51
18233;6086;173;2;44.37
18234;6086;52;3;198.57
18235;6086;184;1;75.61
18236;6086;158;3;219.43
18237;6087;71;1;104.37
18238;6088;237;3;11.53
18239;6088;164;1;38.45
18240;6089;206;1;30.23
18241;6089;149;2;112.47
18242;6089;123;1;70.77
18243;6089;71;3;104.37
18244;6090;185;2;47.76
18245;6090;4;1;15.69
18246;6090;151;3;14.87
18247;6090;73;3;47.55
18248;6090;234;2;199.16
18249;6091;108;2;53.06
18250;6091;105;2;19.14
18251;6091;272;2;32.79
18252;6092;201;2;55.38
18253;6092;117;3;187.28
18254;6093;193;3;303.95
18255;6093;271;1;134.08
18256;6093;83;3;28.81
18257;6094;39;2;42.14
18258;6095;126;1;333.38
18259;6095;297;1;111.18
18260;6095;247;3;280.92
18261;6095;184;2;75.61
18262;6096;181;1;42.65
18263;6096;44;3;46.23
18264;6097;127;1;28.04
18265;6097;159;1;56.32
18266;6097;79;2;57.05
18267;6097;89;1;376.3
18268;6097;216;1;265.62
18269;6098;271;2;134.08
18270;6098;264;1;22.18
18271;6098;296;2;31.73
18272;6098;96;1;318.43
18273;6098;43;2;27.58
18274;6099;18;1;140.06
18275;6099;83;1;28.81
18276;6099;76;2;23.8
18277;6099;105;1;19.14
18278;6100;98;2;156.09
18279;6100;280;3;194.11
18280;6100;10;1;83.77
18281;6100;11;1;27.62
18282;6100;165;2;30.46
18283;6101;215;3;42.37
18284;6101;13;2;97.98
18285;6101;26;2;73.19
18286;6102;116;2;27.34
18287;6102;272;1;32.79
18288;6102;261;3;138.08
18289;6103;118;1;365.76
18290;6103;292;3;115.69
18291;6103;40;1;165.59
18292;6103;164;2;38.45
18293;6104;152;3;210.67
18294;6104;39;3;42.14
18295;6104;192;1;139.65
18296;6105;21;2;27.77
18297;6105;280;3;194.11
18298;6105;81;3;83.86
18299;6106;3;3;355.2
18300;6106;172;2;108.1
18301;6106;64;2;63.91
18302;6106;176;1;23.46
18303;6107;80;2;16.51
18304;6107;26;3;73.19
18305;6107;294;1;73.58
18306;6107;219;3;18.89
18307;6108;272;3;32.79
18308;6108;164;2;38.45
18309;6108;139;3;284.29
18310;6109;84;2;56.46
18311;6109;49;2;49.52
18312;6110;21;2;27.77
18313;6110;152;1;210.67
18314;6110;143;3;86.74
18315;6110;60;2;69.22
18316;6111;189;3;298.51
18317;6111;299;2;93.25
18318;6111;267;3;23.63
18319;6111;128;1;604.55
18320;6112;273;3;197.68
18321;6112;69;3;100.84
18322;6112;105;1;19.14
18323;6113;78;1;18.59
18324;6113;6;2;124.34
18325;6113;214;2;180.06
18326;6114;17;3;66.06
18327;6114;43;3;27.58
18328;6114;89;1;376.3
18329;6115;63;3;81.7
18330;6115;188;3;221.91
18331;6115;116;1;27.34
18332;6115;297;3;111.18
18333;6116;181;2;42.65
18334;6117;224;2;289.95
18335;6117;94;2;191.51
18336;6118;234;2;199.16
18337;6118;257;1;75.87
18338;6118;224;1;289.95
18339;6118;215;2;42.37
18340;6118;6;1;124.34
18341;6119;255;1;63.76
18342;6120;76;3;23.8
18343;6120;73;2;47.55
18344;6120;50;3;63.53
18345;6120;95;1;11.53
18346;6121;226;2;105.33
18347;6121;154;3;276.99
18348;6121;27;3;257.64
18349;6121;137;1;83.8
18350;6121;276;1;77.1
18351;6122;187;2;145.63
18352;6122;222;3;207.75
18353;6123;110;2;33.58
18354;6123;96;1;318.43
18355;6123;90;1;238.59
18356;6123;138;1;32.55
18357;6124;291;2;67.09
18358;6124;137;1;83.8
18359;6125;33;2;98.43
18360;6126;257;1;75.87
18361;6126;133;2;129.76
18362;6126;282;1;377.84
18363;6127;69;3;100.84
18364;6127;118;2;365.76
18365;6127;34;2;71.61
18366;6127;247;3;280.92
18367;6128;202;1;84.57
18368;6128;70;3;99.53
18369;6128;13;2;97.98
18370;6128;266;2;78.95
18371;6129;178;1;117.25
18372;6129;29;2;33.59
18373;6130;122;3;159.31
18374;6131;246;3;105.53
18375;6131;36;2;35.27
18376;6131;127;3;28.04
18377;6131;27;1;257.64
18378;6132;80;1;16.51
18379;6132;160;3;62.31
18380;6133;294;2;73.58
18381;6133;138;3;32.55
18382;6133;211;3;253.01
18383;6133;102;1;79.45
18384;6133;293;2;32.93
18385;6134;294;1;73.58
18386;6134;116;2;27.34
18387;6134;226;2;105.33
18388;6134;52;1;198.57
18389;6134;253;1;62.5
18390;6135;223;3;12.9
18391;6136;73;3;47.55
18392;6137;48;2;214.66
18393;6137;155;3;75.12
18394;6137;143;1;86.74
18395;6137;92;2;338.54
18396;6138;139;1;284.29
18397;6138;234;1;199.16
18398;6138;210;3;230.86
18399;6139;203;1;22.49
18400;6139;139;2;284.29
18401;6139;214;1;180.06
18402;6139;135;3;23.48
18403;6140;267;1;23.63
18404;6140;147;3;15.53
18405;6141;199;2;156.49
18406;6141;112;2;112.28
18407;6141;184;1;75.61
18408;6142;221;3;182.12
18409;6142;63;1;81.7
18410;6143;89;1;376.3
18411;6143;259;3;193.37
18412;6144;160;3;62.31
18413;6144;256;1;229.2
18414;6144;47;3;10.35
18415;6144;180;1;59.61
18416;6144;34;1;71.61
18417;6145;30;1;43.42
18418;6145;269;3;27.35
18419;6145;244;2;291.31
18420;6146;261;1;138.08
18421;6146;180;2;59.61
18422;6146;253;3;62.5
18423;6146;264;1;22.18
18424;6146;250;1;45.33
18425;6147;46;3;32.13
18426;6148;59;1;107.83
18427;6148;173;2;44.37
18428;6148;234;2;199.16
18429;6149;104;3;193.22
18430;6149;65;3;165.71
18431;6149;229;1;14.92
18432;6149;9;1;134.64
18433;6150;65;1;165.71
18434;6150;297;3;111.18
18435;6150;3;1;355.2
18436;6150;226;2;105.33
18437;6150;43;2;27.58
18438;6151;198;2;53.21
18439;6152;269;1;27.35
18440;6152;158;3;219.43
18441;6153;93;2;177.34
18442;6153;227;1;128.22
18443;6153;67;1;41.38
18444;6153;251;3;594.78
18445;6154;1;1;85.25
18446;6155;148;3;161.06
18447;6155;61;2;251.37
18448;6155;13;1;97.98
18449;6156;239;3;89.88
18450;6156;225;3;14.43
18451;6156;188;3;221.91
18452;6156;215;1;42.37
18453;6157;142;2;26.83
18454;6157;41;1;202.78
18455;6157;241;1;177.76
18456;6157;217;3;133.47
18457;6158;57;3;49.4
18458;6158;234;1;199.16
18459;6159;70;1;99.53
18460;6159;3;3;355.2
18461;6159;298;2;95.71
18462;6159;71;2;104.37
18463;6160;294;1;73.58
18464;6161;266;3;78.95
18465;6161;37;1;125.9
18466;6161;24;1;171.7
18467;6162;158;3;219.43
18468;6162;190;2;16.04
18469;6163;228;3;21.36
18470;6163;42;1;263.42
18471;6163;96;1;318.43
18472;6163;88;2;271.98
18473;6164;260;1;183.92
18474;6164;185;3;47.76
18475;6164;253;1;62.5
18476;6164;288;3;430.61
18477;6164;258;1;183.46
18478;6165;171;3;59.0
18479;6165;209;2;110.99
18480;6165;128;1;604.55
18481;6165;182;3;96.28
18482;6166;242;2;66.96
18483;6167;236;2;27.58
18484;6167;172;2;108.1
18485;6167;123;3;70.77
18486;6167;294;3;73.58
18487;6168;249;3;94.89
18488;6168;277;1;141.51
18489;6168;205;2;54.75
18490;6168;251;2;594.78
18491;6169;246;3;105.53
18492;6169;278;3;58.03
18493;6170;68;2;208.07
18494;6170;180;3;59.61
18495;6170;44;3;46.23
18496;6171;171;3;59.0
18497;6171;74;2;13.44
18498;6172;117;2;187.28
18499;6172;112;1;112.28
18500;6172;290;3;138.11
18501;6173;65;2;165.71
18502;6173;22;2;231.52
18503;6173;248;3;278.21
18504;6173;72;3;136.88
18505;6173;207;3;234.88
18506;6174;11;3;27.62
18507;6174;137;1;83.8
18508;6175;107;3;57.11
18509;6176;284;1;66.65
18510;6176;3;1;355.2
18511;6177;296;3;31.73
18512;6178;294;1;73.58
18513;6178;25;2;36.6
18514;6179;298;1;95.71
18515;6180;125;1;136.07
18516;6181;75;2;176.39
18517;6181;149;1;112.47
18518;6181;291;3;67.09
18519;6182;225;2;14.43
18520;6183;277;1;141.51
18521;6184;67;3;41.38
18522;6184;142;3;26.83
18523;6184;55;1;105.96
18524;6184;233;2;153.83
18525;6184;128;1;604.55
18526;6185;105;3;19.14
18527;6185;208;2;26.03
18528;6185;139;1;284.29
18529;6186;179;1;16.67
18530;6186;85;3;276.27
18531;6186;9;2;134.64
18532;6187;75;2;176.39
18533;6187;139;3;284.29
18534;6188;22;2;231.52
18535;6188;163;2;127.95
18536;6188;280;2;194.11
18537;6188;47;2;10.35
18538;6189;245;3;88.8
18539;6189;196;3;15.62
18540;6189;253;1;62.5
18541;6190;78;2;18.59
18542;6190;288;1;430.61
18543;6191;226;1;105.33
18544;6191;40;3;165.59
18545;6191;209;2;110.99
18546;6192;263;3;58.98
18547;6192;183;3;83.98
18548;6192;156;2;51.61
18549;6192;130;3;138.45
18550;6193;263;2;58.98
18551;6194;278;3;58.03
18552;6195;174;2;16.75
18553;6195;280;3;194.11
18554;6195;187;3;145.63
18555;6196;19;3;25.52
18556;6196;206;1;30.23
18557;6196;237;2;11.53
18558;6197;27;2;257.64
18559;6197;192;1;139.65
18560;6197;229;3;14.92
18561;6197;56;2;84.93
18562;6198;217;2;133.47
18563;6199;22;3;231.52
18564;6200;266;3;78.95
18565;6200;298;1;95.71
18566;6200;136;3;77.12
18567;6200;103;1;60.73
18568;6200;216;2;265.62
18569;6201;113;2;261.82
18570;6201;24;3;171.7
18571;6201;221;1;182.12
18572;6202;6;3;124.34
18573;6203;79;3;57.05
18574;6203;199;1;156.49
18575;6203;192;1;139.65
18576;6203;242;3;66.96
18577;6204;183;1;83.98
18578;6204;290;2;138.11
18579;6204;154;3;276.99
18580;6204;224;1;289.95
18581;6204;175;1;18.54
18582;6205;248;3;278.21
18583;6205;59;2;107.83
18584;6206;25;2;36.6
18585;6206;220;1;97.41
18586;6206;159;2;56.32
18587;6206;200;1;209.0
18588;6207;193;1;303.95
18589;6207;132;2;76.68
18590;6207;190;3;16.04
18591;6207;64;1;63.91
18592;6208;126;1;333.38
18593;6208;121;3;102.0
18594;6208;45;1;206.86
18595;6208;271;2;134.08
18596;6208;89;2;376.3
18597;6209;265;2;194.8
18598;6209;130;1;138.45
18599;6209;160;2;62.31
18600;6210;86;1;68.41
18601;6210;238;1;130.67
18602;6210;269;2;27.35
18603;6210;58;2;37.93
18604;6211;138;1;32.55
18605;6212;277;3;141.51
18606;6212;112;2;112.28
18607;6212;64;2;63.91
18608;6213;240;3;115.21
18609;6213;100;2;36.47
18610;6213;228;1;21.36
18611;6214;127;3;28.04
18612;6214;284;3;66.65
18613;6214;296;1;31.73
18614;6214;179;2;16.67
18615;6214;245;3;88.8
18616;6215;41;2;202.78
18617;6215;144;1;46.76
18618;6215;269;2;27.35
18619;6215;255;1;63.76
18620;6216;115;1;45.38
18621;6216;273;1;197.68
18622;6216;295;3;401.67
18623;6217;262;2;203.02
18624;6217;156;2;51.61
18625;6218;289;3;36.82
18626;6218;39;1;42.14
18627;6218;15;3;110.9
18628;6218;14;1;139.17
18629;6219;221;3;182.12
18630;6219;258;3;183.46
18631;6219;184;1;75.61
18632;6220;188;1;221.91
18633;6220;116;1;27.34
18634;6221;296;2;31.73
18635;6221;250;3;45.33
18636;6221;53;2;51.23
18637;6222;298;1;95.71
18638;6222;102;2;79.45
18639;6222;219;3;18.89
18640;6223;21;2;27.77
18641;6223;184;3;75.61
18642;6223;65;3;165.71
18643;6223;155;1;75.12
18644;6224;231;1;58.56
18645;6224;227;3;128.22
18646;6225;217;1;133.47
18647;6225;157;2;145.39
18648;6226;28;1;98.17
18649;6227;270;2;149.02
18650;6227;194;1;39.16
18651;6227;176;2;23.46
18652;6227;266;3;78.95
18653;6228;170;2;22.32
18654;6229;283;1;114.46
18655;6230;113;3;261.82
18656;6231;127;1;28.04
18657;6231;279;1;52.64
18658;6231;3;1;355.2
18659;6231;138;2;32.55
18660;6231;32;2;65.71
18661;6232;221;2;182.12
18662;6232;200;3;209.0
18663;6232;119;1;52.95
18664;6233;23;2;17.91
18665;6233;67;1;41.38
18666;6233;290;3;138.11
18667;6233;17;1;66.06
18668;6234;252;3;124.2
18669;6234;292;3;115.69
18670;6234;18;3;140.06
18671;6234;22;3;231.52
18672;6235;153;2;28.61
18673;6236;24;1;171.7
18674;6237;151;3;14.87
18675;6237;275;3;167.5
18676;6237;116;3;27.34
18677;6237;215;3;42.37
18678;6237;113;3;261.82
18679;6238;143;2;86.74
18680;6238;170;3;22.32
18681;6239;198;1;53.21
18682;6239;68;2;208.07
18683;6239;214;2;180.06
18684;6239;119;2;52.95
18685;6239;66;2;65.31
18686;6240;189;3;298.51
18687;6240;129;1;59.78
18688;6241;52;3;198.57
18689;6241;96;1;318.43
18690;6241;97;3;160.55
18691;6242;6;1;124.34
18692;6242;115;3;45.38
18693;6242;86;2;68.41
18694;6243;267;3;23.63
18695;6244;250;3;45.33
18696;6244;160;2;62.31
18697;6245;106;1;63.95
18698;6245;25;2;36.6
18699;6245;42;2;263.42
18700;6245;44;3;46.23
18701;6246;102;2;79.45
18702;6247;147;3;15.53
18703;6247;111;3;28.98
18704;6247;67;3;41.38
18705;6248;242;2;66.96
18706;6248;149;2;112.47
18707;6248;229;2;14.92
18708;6248;157;3;145.39
18709;6248;298;2;95.71
18710;6249;45;1;206.86
18711;6249;52;3;198.57
18712;6249;149;2;112.47
18713;6250;20;3;27.74
18714;6251;243;3;23.3
18715;6251;180;3;59.61
18716;6251;254;2;92.06
18717;6251;281;3;13.59
18718;6251;86;3;68.41
18719;6252;299;2;93.25
18720;6252;26;2;73.19
18721;6252;249;2;94.89
18722;6252;199;1;156.49
18723;6253;25;3;36.6
18724;6253;93;3;177.34
18725;6253;112;3;112.28
18726;6253;190;3;16.04
18727;6254;188;3;221.91
18728;6254;51;1;69.12
18729;6254;258;3;183.46
18730;6255;92;3;338.54
18731;6255;230;3;163.67
18732;6255;234;2;199.16
18733;6255;98;1;156.09
18734;6256;23;3;17.91
18735;6256;133;2;129.76
18736;6256;105;3;19.14
18737;6256;130;2;138.45
18738;6257;226;3;105.33
18739;6258;273;3;197.68
18740;6258;191;3;144.67
18741;6258;135;2;23.48
18742;6259;228;1;21.36
18743;6259;293;1;32.93
18744;6259;32;2;65.71
18745;6259;264;2;22.18
18746;6259;149;2;112.47
18747;6260;28;1;98.17
18748;6260;75;1;176.39
18749;6261;176;1;23.46
18750;6261;131;1;94.96
18751;6262;157;2;145.39
18752;6262;220;1;97.41
18753;6262;119;1;52.95
18754;6262;16;1;135.22
18755;6263;90;3;238.59
18756;6263;35;3;57.55
18757;6264;105;3;19.14
18758;6264;231;2;58.56
18759;6264;210;1;230.86
18760;6265;287;3;82.17
18761;6265;252;2;124.2
18762;6266;252;1;124.2
18763;6266;147;3;15.53
18764;6266;24;3;171.7
18765;6266;286;3;23.1
18766;6266;224;1;289.95
18767;6267;196;3;15.62
18768;6267;137;2;83.8
18769;6267;71;1;104.37
18770;6268;57;1;49.4
18771;6269;23;1;17.91
18772;6269;19;2;25.52
18773;6269;48;3;214.66
18774;6270;66;3;65.31
18775;6270;203;1;22.49
18776;6270;266;1;78.95
18777;6270;124;2;109.44
18778;6270;8;3;295.75
18779;6271;289;1;36.82
18780;6271;148;2;161.06
18781;6272;38;2;136.67
18782;6273;193;2;303.95
18783;6273;38;2;136.67
18784;6273;157;3;145.39
18785;6273;7;1;435.46
18786;6274;245;3;88.8
18787;6274;225;1;14.43
18788;6274;147;3;15.53
18789;6275;50;2;63.53
18790;6275;215;2;42.37
18791;6275;52;2;198.57
18792;6275;191;1;144.67
18793;6275;48;2;214.66
18794;6276;269;2;27.35
18795;6276;165;3;30.46
18796;6276;5;3;99.57
18797;6276;49;2;49.52
18798;6276;164;3;38.45
18799;6277;158;1;219.43
18800;6277;113;1;261.82
18801;6278;191;1;144.67
18802;6279;194;3;39.16
18803;6279;98;2;156.09
18804;6279;286;3;23.1
18805;6279;234;2;199.16
18806;6279;105;1;19.14
18807;6280;169;1;117.44
18808;6281;204;3;63.94
18809;6281;14;3;139.17
18810;6282;83;2;28.81
18811;6282;191;3;144.67
18812;6282;50;1;63.53
18813;6282;102;3;79.45
18814;6283;217;1;133.47
18815;6283;24;3;171.7
18816;6283;283;2;114.46
18817;6283;40;3;165.59
18818;6283;203;3;22.49
18819;6284;221;1;182.12
18820;6284;175;3;18.54
18821;6285;87;1;172.22
18822;6285;90;3;238.59
18823;6285;96;3;318.43
18824;6286;251;1;594.78
18825;6286;230;3;163.67
18826;6287;291;2;67.09
18827;6287;132;3;76.68
18828;6288;240;2;115.21
18829;6288;188;3;221.91
18830;6288;212;1;167.62
18831;6288;184;3;75.61
18832;6289;226;2;105.33
18833;6289;130;2;138.45
18834;6289;53;2;51.23
18835;6289;97;3;160.55
18836;6289;9;1;134.64
18837;6290;98;2;156.09
18838;6290;212;3;167.62
18839;6290;35;1;57.55
18840;6290;145;3;77.19
18841;6291;208;3;26.03
18842;6292;278;1;58.03
18843;6292;293;3;32.93
18844;6292;259;3;193.37
18845;6292;141;3;62.63
18846;6292;270;3;149.02
18847;6293;207;3;234.88
18848;6293;106;2;63.95
18849;6293;27;3;257.64
18850;6293;231;3;58.56
18851;6294;290;2;138.11
18852;6294;62;3;77.66
18853;6294;273;3;197.68
18854;6294;147;1;15.53
18855;6295;61;1;251.37
18856;6295;75;2;176.39
18857;6295;214;3;180.06
18858;6296;34;1;71.61
18859;6296;132;3;76.68
18860;6296;90;1;238.59
18861;6296;7;2;435.46
18862;6296;236;3;27.58
18863;6297;7;3;435.46
18864;6298;21;3;27.77
18865;6298;65;2;165.71
18866;6298;227;2;128.22
18867;6299;230;3;163.67
18868;6299;193;1;303.95
18869;6299;103;1;60.73
18870;6300;252;2;124.2
18871;6301;124;2;109.44
18872;6301;190;3;16.04
18873;6301;257;2;75.87
18874;6301;259;1;193.37
18875;6301;99;1;18.5
18876;6302;178;2;117.25
18877;6302;96;2;318.43
18878;6302;62;3;77.66
18879;6303;173;2;44.37
18880;6303;185;2;47.76
18881;6303;100;2;36.47
18882;6303;292;1;115.69
18883;6304;150;3;51.66
18884;6304;71;2;104.37
18885;6304;138;1;32.55
18886;6305;293;2;32.93
18887;6305;178;2;117.25
18888;6305;39;1;42.14
18889;6305;34;1;71.61
18890;6306;170;1;22.32
18891;6306;206;2;30.23
18892;6306;108;1;53.06
18893;6306;134;1;60.38
18894;6307;158;3;219.43
18895;6308;270;2;149.02
18896;6308;284;3;66.65
18897;6308;235;2;98.52
18898;6308;161;3;66.77
18899;6309;108;1;53.06
18900;6310;80;3;16.51
18901;6310;227;1;128.22
18902;6310;226;1;105.33
18903;6310;265;3;194.8
18904;6310;201;2;55.38
18905;6311;167;1;40.59
18906;6311;59;2;107.83
18907;6312;250;1;45.33
18908;6312;156;2;51.61
18909;6312;39;1;42.14
18910;6313;68;3;208.07
18911;6313;125;3;136.07
18912;6313;290;1;138.11
18913;6313;265;3;194.8
18914;6314;52;3;198.57
18915;6314;212;2;167.62
18916;6314;255;2;63.76
18917;6315;191;1;144.67
18918;6315;293;3;32.93
18919;6315;31;1;263.13
18920;6315;48;3;214.66
18921;6316;96;1;318.43
18922;6316;186;1;24.83
18923;6316;219;1;18.89
18924;6316;167;1;40.59
18925;6316;232;1;21.33
18926;6317;115;1;45.38
18927;6317;26;1;73.19
18928;6317;150;3;51.66
18929;6318;204;2;63.94
18930;6319;44;3;46.23
18931;6320;200;2;209.0
18932;6320;225;2;14.43
18933;6320;9;2;134.64
18934;6321;228;1;21.36
18935;6321;262;3;203.02
18936;6321;173;2;44.37
18937;6321;28;1;98.17
18938;6321;8;1;295.75
18939;6322;225;3;14.43
18940;6323;211;3;253.01
18941;6323;14;2;139.17
18942;6324;15;2;110.9
18943;6324;126;3;333.38
18944;6325;204;1;63.94
18945;6325;57;2;49.4
18946;6325;263;3;58.98
18947;6325;85;1;276.27
18948;6325;280;3;194.11
18949;6326;78;2;18.59
18950;6326;157;1;145.39
18951;6326;67;2;41.38
18952;6327;247;1;280.92
18953;6327;4;2;15.69
18954;6327;87;3;172.22
18955;6328;52;2;198.57
18956;6328;200;2;209.0
18957;6328;201;1;55.38
18958;6329;120;3;44.38
18959;6330;246;3;105.53
18960;6330;269;1;27.35
18961;6330;193;2;303.95
18962;6330;244;2;291.31
18963;6331;63;1;81.7
18964;6331;283;2;114.46
18965;6331;205;3;54.75
18966;6331;173;3;44.37
18967;6331;36;2;35.27
18968;6332;83;3;28.81
18969;6332;167;3;40.59
18970;6333;70;2;99.53
18971;6333;199;3;156.49
18972;6333;225;2;14.43
18973;6334;40;1;165.59
18974;6334;169;1;117.44
18975;6334;265;2;194.8
18976;6334;52;3;198.57
18977;6335;49;3;49.52
18978;6335;245;2;88.8
18979;6335;263;1;58.98
18980;6335;237;2;11.53
18981;6335;187;1;145.63
18982;6336;100;3;36.47
18983;6337;73;1;47.55
18984;6337;44;3;46.23
18985;6337;232;1;21.33
18986;6338;160;3;62.31
18987;6338;149;3;112.47
18988;6338;17;3;66.06
18989;6338;260;1;183.92
18990;6338;36;1;35.27
18991;6339;230;3;163.67
18992;6339;287;1;82.17
18993;6339;162;1;265.52
18994;6340;225;3;14.43
18995;6340;173;3;44.37
18996;6340;139;3;284.29
18997;6340;235;3;98.52
18998;6340;177;3;190.69
18999;6341;185;1;47.76
19000;6341;279;3;52.64
19001;6342;236;2;27.58
19002;6342;39;2;42.14
19003;6342;30;3;43.42
19004;6343;274;1;43.03
19005;6343;61;3;251.37
19006;6343;43;3;27.58
19007;6344;137;2;83.8
19008;6344;51;2;69.12
19009;6344;77;2;137.95
19010;6345;296;3;31.73
19011;6345;250;3;45.33
19012;6346;78;2;18.59
19013;6346;280;2;194.11
19014;6347;218;1;163.84
19015;6347;206;2;30.23
19016;6347;41;1;202.78
19017;6348;100;1;36.47
19018;6348;61;2;251.37
19019;6349;152;1;210.67
19020;6349;224;3;289.95
19021;6350;170;1;22.32
19022;6351;55;2;105.96
19023;6352;29;1;33.59
19024;6352;124;2;109.44
19025;6352;245;2;88.8
19026;6352;300;3;105.48
19027;6353;93;1;177.34
19028;6354;249;1;94.89
19029;6354;148;2;161.06
19030;6354;287;1;82.17
19031;6355;137;1;83.8
19032;6355;269;3;27.35
19033;6355;128;2;604.55
19034;6355;63;1;81.7
19035;6355;249;3;94.89
19036;6356;225;3;14.43
19037;6356;36;3;35.27
19038;6357;193;2;303.95
19039;6357;206;1;30.23
19040;6357;186;1;24.83
19041;6357;261;1;138.08
19042;6358;142;1;26.83
19043;6358;290;2;138.11
19044;6358;67;3;41.38
19045;6359;34;3;71.61
19046;6359;164;1;38.45
19047;6359;99;2;18.5
19048;6359;174;2;16.75
19049;6359;72;3;136.88
19050;6360;53;2;51.23
19051;6361;209;2;110.99
19052;6361;285;1;108.9
19053;6362;242;1;66.96
19054;6362;209;1;110.99
19055;6363;270;2;149.02
19056;6363;103;1;60.73
19057;6364;279;3;52.64
19058;6365;166;2;36.18
19059;6365;71;1;104.37
19060;6365;177;1;190.69
19061;6366;220;1;97.41
19062;6366;250;3;45.33
19063;6366;268;3;22.25
19064;6366;102;3;79.45
19065;6367;158;1;219.43
19066;6367;289;3;36.82
19067;6367;152;2;210.67
19068;6367;190;1;16.04
19069;6367;36;1;35.27
19070;6368;138;1;32.55
19071;6368;50;2;63.53
19072;6369;218;2;163.84
19073;6369;154;2;276.99
19074;6369;98;2;156.09
19075;6369;75;3;176.39
19076;6369;12;3;58.48
19077;6370;160;3;62.31
19078;6370;196;3;15.62
19079;6370;193;2;303.95
19080;6370;89;1;376.3
19081;6370;245;1;88.8
19082;6371;187;2;145.63
19083;6372;72;1;136.88
19084;6373;109;2;46.77
19085;6373;68;1;208.07
19086;6373;245;1;88.8
19087;6373;84;3;56.46
19088;6374;196;3;15.62
19089;6374;286;3;23.1
19090;6374;241;3;177.76
19091;6374;85;2;276.27
19092;6374;120;1;44.38
19093;6375;264;1;22.18
19094;6375;224;2;289.95
19095;6375;229;1;14.92
19096;6375;6;1;124.34
19097;6375;147;3;15.53
19098;6376;106;1;63.95
19099;6376;46;3;32.13
19100;6376;93;3;177.34
19101;6376;21;1;27.77
19102;6377;142;1;26.83
19103;6378;147;3;15.53
19104;6378;272;1;32.79
19105;6378;176;2;23.46
19106;6378;268;2;22.25
19107;6379;281;3;13.59
19108;6380;234;1;199.16
19109;6380;112;2;112.28
19110;6380;76;2;23.8
19111;6381;147;3;15.53
19112;6381;78;3;18.59
19113;6382;297;3;111.18
19114;6382;234;3;199.16
19115;6383;42;1;263.42
19116;6384;229;3;14.92
19117;6384;197;3;109.76
19118;6384;217;2;133.47
19119;6384;127;2;28.04
19120;6385;253;2;62.5
19121;6385;222;1;207.75
19122;6385;56;3;84.93
19123;6386;104;2;193.22
19124;6386;100;2;36.47
19125;6386;215;2;42.37
19126;6386;149;2;112.47
19127;6386;94;2;191.51
19128;6387;110;1;33.58
19129;6387;287;3;82.17
19130;6387;69;3;100.84
19131;6387;133;3;129.76
19132;6388;96;2;318.43
19133;6388;67;3;41.38
19134;6388;46;2;32.13
19135;6388;40;2;165.59
19136;6388;282;2;377.84
19137;6389;30;3;43.42
19138;6389;201;3;55.38
19139;6389;89;3;376.3
19140;6390;4;2;15.69
19141;6390;212;1;167.62
19142;6390;32;3;65.71
19143;6390;195;3;145.55
19144;6391;149;3;112.47
19145;6391;34;1;71.61
19146;6391;160;3;62.31
19147;6392;176;3;23.46
19148;6392;101;1;337.71
19149;6393;227;2;128.22
19150;6393;152;2;210.67
19151;6393;243;2;23.3
19152;6393;59;1;107.83
19153;6394;169;3;117.44
19154;6394;165;3;30.46
19155;6395;192;1;139.65
19156;6395;42;1;263.42
19157;6395;106;2;63.95
19158;6395;250;2;45.33
19159;6395;65;3;165.71
19160;6396;270;2;149.02
19161;6396;202;1;84.57
19162;6396;108;2;53.06
19163;6397;136;3;77.12
19164;6397;53;3;51.23
19165;6397;258;1;183.46
19166;6397;277;3;141.51
19167;6398;232;3;21.33
19168;6399;21;3;27.77
19169;6400;186;2;24.83
19170;6400;279;3;52.64
19171;6400;142;3;26.83
19172;6400;250;3;45.33
19173;6400;204;2;63.94
19174;6401;44;3;46.23
19175;6401;14;3;139.17
19176;6401;34;1;71.61
19177;6401;292;1;115.69
19178;6401;115;1;45.38
19179;6402;140;1;35.81
19180;6402;200;3;209.0
19181;6402;3;1;355.2
19182;6403;222;3;207.75
19183;6403;78;1;18.59
19184;6403;185;2;47.76
19185;6403;235;3;98.52
19186;6404;60;2;69.22
19187;6404;163;3;127.95
19188;6404;220;2;97.41
19189;6404;103;2;60.73
19190;6405;261;3;138.08
19191;6405;61;2;251.37
19192;6405;230;3;163.67
19193;6405;155;1;75.12
19194;6406;23;3;17.91
19195;6407;219;1;18.89
19196;6408;174;3;16.75
19197;6409;109;1;46.77
19198;6409;192;3;139.65
19199;6410;270;1;149.02
19200;6410;205;2;54.75
19201;6410;263;1;58.98
19202;6410;184;2;75.61
19203;6410;92;3;338.54
19204;6411;298;3;95.71
19205;6411;242;2;66.96
19206;6412;256;3;229.2
19207;6412;253;1;62.5
19208;6413;198;1;53.21
19209;6413;263;2;58.98
19210;6413;189;3;298.51
19211;6413;256;3;229.2
19212;6414;72;1;136.88
19213;6414;141;1;62.63
19214;6415;229;3;14.92
19215;6416;240;2;115.21
19216;6416;150;2;51.66
19217;6416;194;2;39.16
19218;6416;159;1;56.32
19219;6416;182;3;96.28
19220;6417;70;3;99.53
19221;6418;25;2;36.6
19222;6418;193;1;303.95
19223;6418;210;1;230.86
19224;6418;179;3;16.67
19225;6418;268;2;22.25
19226;6419;287;1;82.17
19227;6420;223;3;12.9
19228;6420;90;3;238.59
19229;6420;112;1;112.28
19230;6421;164;2;38.45
19231;6421;117;2;187.28
19232;6421;12;3;58.48
19233;6421;147;1;15.53
19234;6422;282;1;377.84
19235;6422;35;1;57.55
19236;6423;194;2;39.16
19237;6423;65;1;165.71
19238;6424;208;1;26.03
19239;6424;207;3;234.88
19240;6424;25;1;36.6
19241;6424;78;3;18.59
19242;6425;90;2;238.59
19243;6426;1;2;85.25
19244;6426;66;2;65.31
19245;6426;52;1;198.57
19246;6426;276;2;77.1
19247;6426;38;1;136.67
19248;6427;294;1;73.58
19249;6427;25;3;36.6
19250;6427;133;2;129.76
19251;6427;5;1;99.57
19252;6428;241;2;177.76
19253;6429;23;1;17.91
19254;6430;211;3;253.01
19255;6430;296;2;31.73
19256;6431;79;1;57.05
19257;6431;76;3;23.8
19258;6432;135;2;23.48
19259;6432;177;2;190.69
19260;6433;93;2;177.34
19261;6433;52;3;198.57
19262;6434;137;2;83.8
19263;6434;56;3;84.93
19264;6434;36;3;35.27
19265;6435;88;1;271.98
19266;6435;236;2;27.58
19267;6436;80;3;16.51
19268;6436;73;1;47.55
19269;6436;168;3;36.16
19270;6436;43;1;27.58
19271;6437;59;2;107.83
19272;6437;117;2;187.28
19273;6437;82;2;115.88
19274;6437;188;2;221.91
19275;6438;157;3;145.39
19276;6438;248;1;278.21
19277;6439;47;3;10.35
19278;6439;219;1;18.89
19279;6440;225;1;14.43
19280;6440;166;2;36.18
19281;6440;264;1;22.18
19282;6440;6;1;124.34
19283;6441;182;2;96.28
19284;6441;127;3;28.04
19285;6441;140;3;35.81
19286;6441;295;2;401.67
19287;6442;266;1;78.95
19288;6442;36;1;35.27
19289;6442;61;2;251.37
19290;6442;60;2;69.22
19291;6442;175;1;18.54
19292;6443;209;3;110.99
19293;6444;223;3;12.9
19294;6444;284;1;66.65
19295;6444;132;3;76.68
19296;6445;137;1;83.8
19297;6445;300;1;105.48
19298;6446;256;3;229.2
19299;6446;167;1;40.59
19300;6446;259;1;193.37
19301;6446;73;2;47.55
19302;6447;5;2;99.57
19303;6447;245;3;88.8
19304;6448;29;1;33.59
19305;6448;80;3;16.51
19306;6448;65;1;165.71
19307;6448;187;1;145.63
19308;6449;243;2;23.3
19309;6449;99;2;18.5
19310;6449;4;1;15.69
19311;6449;53;2;51.23
19312;6450;165;1;30.46
19313;6450;200;2;209.0
19314;6450;130;2;138.45
19315;6451;23;3;17.91
19316;6451;53;2;51.23
19317;6451;89;2;376.3
19318;6451;254;2;92.06
19319;6452;22;3;231.52
19320;6452;287;3;82.17
19321;6452;13;3;97.98
19322;6452;141;3;62.63
19323;6453;181;2;42.65
19324;6453;164;3;38.45
19325;6453;90;1;238.59
19326;6453;183;3;83.98
19327;6454;163;3;127.95
19328;6454;121;2;102.0
19329;6454;192;3;139.65
19330;6454;78;3;18.59
19331;6455;77;2;137.95
19332;6455;182;3;96.28
19333;6456;298;2;95.71
19334;6457;32;3;65.71
19335;6457;263;1;58.98
19336;6457;234;3;199.16
19337;6457;273;1;197.68
19338;6458;234;1;199.16
19339;6458;38;1;136.67
19340;6459;66;2;65.31
19341;6460;275;2;167.5
19342;6460;241;3;177.76
19343;6460;156;2;51.61
19344;6460;101;3;337.71
19345;6460;272;3;32.79
19346;6461;60;2;69.22
19347;6461;28;1;98.17
19348;6461;171;2;59.0
19349;6462;78;3;18.59
19350;6462;236;2;27.58
19351;6462;77;3;137.95
19352;6462;25;1;36.6
19353;6462;175;2;18.54
19354;6463;94;1;191.51
19355;6463;58;3;37.93
19356;6463;226;2;105.33
19357;6463;224;2;289.95
19358;6463;235;2;98.52
19359;6464;1;1;85.25
19360;6464;177;3;190.69
19361;6464;10;3;83.77
19362;6464;172;3;108.1
19363;6465;12;2;58.48
19364;6465;152;2;210.67
19365;6465;104;3;193.22
19366;6466;261;3;138.08
19367;6466;234;2;199.16
19368;6466;6;1;124.34
19369;6466;99;1;18.5
19370;6467;21;1;27.77
19371;6467;24;3;171.7
19372;6467;280;1;194.11
19373;6467;165;1;30.46
19374;6468;153;3;28.61
19375;6468;190;2;16.04
19376;6468;40;2;165.59
19377;6468;10;2;83.77
19378;6469;29;2;33.59
19379;6469;207;1;234.88
19380;6470;289;1;36.82
19381;6471;12;2;58.48
19382;6471;208;3;26.03
19383;6472;150;2;51.66
19384;6472;230;2;163.67
19385;6472;126;2;333.38
19386;6473;175;2;18.54
19387;6474;251;3;594.78
19388;6475;201;3;55.38
19389;6475;73;3;47.55
19390;6475;261;3;138.08
19391;6475;280;2;194.11
19392;6475;204;3;63.94
19393;6476;154;3;276.99
19394;6476;84;1;56.46
19395;6477;28;3;98.17
19396;6477;116;1;27.34
19397;6477;29;2;33.59
19398;6478;48;1;214.66
19399;6478;67;2;41.38
19400;6478;263;1;58.98
19401;6479;23;3;17.91
19402;6480;91;2;48.19
19403;6480;269;3;27.35
19404;6480;46;3;32.13
19405;6481;148;3;161.06
19406;6482;172;1;108.1
19407;6482;250;2;45.33
19408;6482;277;1;141.51
19409;6482;83;3;28.81
19410;6483;105;1;19.14
19411;6483;145;1;77.19
19412;6484;263;3;58.98
19413;6484;255;3;63.76
19414;6484;152;2;210.67
19415;6485;216;3;265.62
19416;6485;173;2;44.37
19417;6485;192;3;139.65
19418;6485;176;1;23.46
19419;6485;62;2;77.66
19420;6486;197;3;109.76
19421;6486;50;2;63.53
19422;6487;156;1;51.61
19423;6488;98;1;156.09
19424;6488;279;1;52.64
19425;6488;72;2;136.88
19426;6488;232;2;21.33
19427;6489;131;2;94.96
19428;6489;294;1;73.58
19429;6490;168;1;36.16
19430;6490;104;2;193.22
19431;6490;179;2;16.67
19432;6490;72;2;136.88
19433;6490;28;2;98.17
19434;6491;71;1;104.37
19435;6491;152;1;210.67
19436;6491;256;2;229.2
19437;6491;270;2;149.02
19438;6491;251;2;594.78
19439;6492;30;2;43.42
19440;6492;13;2;97.98
19441;6493;149;3;112.47
19442;6493;55;2;105.96
19443;6493;296;2;31.73
19444;6493;54;1;232.82
19445;6494;256;1;229.2
19446;6494;177;2;190.69
19447;6495;82;1;115.88
19448;6495;80;1;16.51
19449;6496;216;3;265.62
19450;6496;215;3;42.37
19451;6497;246;3;105.53
19452;6497;15;1;110.9
19453;6497;229;1;14.92
19454;6497;38;3;136.67
19455;6498;284;1;66.65
19456;6499;105;2;19.14
19457;6499;133;1;129.76
19458;6499;207;1;234.88
19459;6499;115;2;45.38
19460;6499;180;1;59.61
19461;6500;143;2;86.74
19462;6500;81;1;83.86
19463;6500;2;1;169.54
19464;6500;9;2;134.64
19465;6500;125;3;136.07
19466;6501;118;1;365.76
19467;6502;73;2;47.55
19468;6502;219;3;18.89
19469;6502;40;3;165.59
19470;6502;37;1;125.9
19471;6503;79;2;57.05
19472;6504;154;1;276.99
19473;6504;159;1;56.32
19474;6505;119;2;52.95
19475;6505;67;1;41.38
19476;6506;21;2;27.77
19477;6506;22;2;231.52
19478;6506;99;2;18.5
19479;6507;211;1;253.01
19480;6507;93;3;177.34
19481;6507;41;2;202.78
19482;6508;2;3;169.54
19483;6508;56;1;84.93
19484;6508;21;3;27.77
19485;6508;65;3;165.71
19486;6509;37;3;125.9
19487;6509;212;2;167.62
19488;6509;225;1;14.43
19489;6509;192;2;139.65
19490;6509;43;2;27.58
19491;6510;163;1;127.95
19492;6510;12;1;58.48
19493;6510;5;3;99.57
19494;6510;253;3;62.5
19495;6510;296;3;31.73
19496;6511;188;3;221.91
19497;6511;295;2;401.67
19498;6511;110;1;33.58
19499;6511;73;3;47.55
19500;6511;230;3;163.67
19501;6512;214;3;180.06
19502;6513;261;3;138.08
19503;6513;177;2;190.69
19504;6513;142;2;26.83
19505;6513;158;3;219.43
19506;6513;107;2;57.11
19507;6514;280;1;194.11
19508;6514;237;1;11.53
19509;6515;2;3;169.54
19510;6515;281;1;13.59
19511;6516;295;2;401.67
19512;6516;40;1;165.59
19513;6517;52;1;198.57
19514;6517;272;3;32.79
19515;6518;209;1;110.99
19516;6518;9;1;134.64
19517;6518;143;1;86.74
19518;6518;187;1;145.63
19519;6518;242;2;66.96
19520;6519;72;2;136.88
19521;6519;28;1;98.17
19522;6520;120;2;44.38
19523;6520;111;2;28.98
19524;6521;243;3;23.3
19525;6521;203;2;22.49
19526;6521;85;2;276.27
19527;6521;206;3;30.23
19528;6521;152;1;210.67
19529;6522;6;3;124.34
19530;6523;176;2;23.46
19531;6524;267;2;23.63
19532;6525;136;3;77.12
19533;6525;211;1;253.01
19534;6526;121;1;102.0
19535;6526;75;3;176.39
19536;6526;234;1;199.16
19537;6526;142;3;26.83
19538;6526;268;2;22.25
19539;6527;262;1;203.02
19540;6527;207;3;234.88
19541;6527;139;1;284.29
19542;6527;121;2;102.0
19543;6527;169;2;117.44
19544;6528;12;2;58.48
19545;6528;256;1;229.2
19546;6528;14;3;139.17
19547;6528;80;1;16.51
19548;6529;184;3;75.61
19549;6529;99;2;18.5
19550;6529;50;1;63.53
19551;6529;168;1;36.16
19552;6530;47;3;10.35
19553;6530;226;3;105.33
19554;6531;175;2;18.54
19555;6532;188;3;221.91
19556;6532;125;2;136.07
19557;6532;73;1;47.55
19558;6533;203;2;22.49
19559;6533;105;3;19.14
19560;6533;192;3;139.65
19561;6533;274;1;43.03
19562;6533;156;2;51.61
19563;6534;287;3;82.17
19564;6534;84;3;56.46
19565;6534;269;1;27.35
19566;6534;209;2;110.99
19567;6535;3;1;355.2
19568;6535;270;3;149.02
19569;6535;83;3;28.81
19570;6535;237;1;11.53
19571;6535;272;1;32.79
19572;6536;111;1;28.98
19573;6537;181;1;42.65
19574;6537;162;2;265.52
19575;6537;227;2;128.22
19576;6537;154;1;276.99
19577;6537;119;3;52.95
19578;6538;260;3;183.92
19579;6539;174;2;16.75
19580;6540;263;2;58.98
19581;6540;148;1;161.06
19582;6540;198;1;53.21
19583;6540;224;2;289.95
19584;6541;140;1;35.81
19585;6542;270;1;149.02
19586;6542;99;3;18.5
19587;6542;48;3;214.66
19588;6542;190;3;16.04
19589;6543;255;2;63.76
19590;6543;216;3;265.62
19591;6543;18;3;140.06
19592;6543;250;2;45.33
19593;6543;106;1;63.95
19594;6544;3;1;355.2
19595;6544;86;2;68.41
19596;6545;193;1;303.95
19597;6545;63;1;81.7
19598;6546;142;1;26.83
19599;6546;2;2;169.54
19600;6546;114;2;81.1
19601;6546;137;2;83.8
19602;6546;172;1;108.1
19603;6547;179;2;16.67
19604;6547;69;2;100.84
19605;6547;65;1;165.71
19606;6547;129;3;59.78
19607;6548;181;1;42.65
19608;6548;272;1;32.79
19609;6548;36;3;35.27
19610;6549;115;2;45.38
19611;6549;263;3;58.98
19612;6550;246;1;105.53
19613;6550;94;2;191.51
19614;6550;55;3;105.96
19615;6551;249;3;94.89
19616;6551;181;2;42.65
19617;6551;41;3;202.78
19618;6551;21;1;27.77
19619;6552;79;3;57.05
19620;6552;69;1;100.84
19621;6553;237;2;11.53
19622;6553;257;3;75.87
19623;6553;87;2;172.22
19624;6553;122;1;159.31
19625;6554;297;1;111.18
19626;6554;172;1;108.1
19627;6554;119;3;52.95
19628;6555;158;2;219.43
19629;6556;184;1;75.61
19630;6556;199;2;156.49
19631;6557;236;2;27.58
19632;6557;68;2;208.07
19633;6558;264;2;22.18
19634;6559;130;1;138.45
19635;6559;83;1;28.81
19636;6559;174;2;16.75
19637;6559;233;2;153.83
19638;6560;108;2;53.06
19639;6561;190;2;16.04
19640;6561;2;1;169.54
19641;6561;222;1;207.75
19642;6562;117;3;187.28
19643;6562;102;3;79.45
19644;6563;117;2;187.28
19645;6563;150;1;51.66
19646;6564;130;1;138.45
19647;6564;202;2;84.57
19648;6564;168;1;36.16
19649;6564;165;1;30.46
19650;6565;155;1;75.12
19651;6565;195;1;145.55
19652;6565;206;3;30.23
19653;6565;92;1;338.54
19654;6565;140;3;35.81
19655;6566;113;1;261.82
19656;6567;286;3;23.1
19657;6567;153;3;28.61
19658;6568;111;3;28.98
19659;6569;27;2;257.64
19660;6569;141;3;62.63
19661;6569;11;3;27.62
19662;6569;244;1;291.31
19663;6569;245;3;88.8
19664;6570;102;3;79.45
19665;6570;189;1;298.51
19666;6571;102;2;79.45
19667;6571;50;3;63.53
19668;6571;93;3;177.34
19669;6571;288;3;430.61
19670;6572;231;3;58.56
19671;6572;131;2;94.96
19672;6572;213;3;29.38
19673;6572;244;1;291.31
19674;6573;94;1;191.51
19675;6573;213;1;29.38
19676;6573;264;3;22.18
19677;6573;126;3;333.38
19678;6573;172;2;108.1
19679;6574;278;1;58.03
19680;6574;141;1;62.63
19681;6574;274;3;43.03
19682;6574;19;3;25.52
19683;6574;197;2;109.76
19684;6575;88;1;271.98
19685;6575;27;3;257.64
19686;6576;266;1;78.95
19687;6577;6;1;124.34
19688;6577;122;1;159.31
19689;6578;233;2;153.83
19690;6578;164;3;38.45
19691;6578;175;1;18.54
19692;6578;203;3;22.49
19693;6578;181;2;42.65
19694;6579;289;2;36.82
19695;6579;123;1;70.77
19696;6579;27;1;257.64
19697;6579;266;1;78.95
19698;6580;147;2;15.53
19699;6581;110;1;33.58
19700;6581;270;1;149.02
19701;6581;41;2;202.78
19702;6582;94;2;191.51
19703;6582;55;3;105.96
19704;6583;108;2;53.06
19705;6583;298;1;95.71
19706;6583;48;2;214.66
19707;6584;62;3;77.66
19708;6584;51;1;69.12
19709;6584;178;2;117.25
19710;6585;246;1;105.53
19711;6585;23;3;17.91
19712;6585;3;3;355.2
19713;6585;175;1;18.54
19714;6585;255;2;63.76
19715;6586;258;2;183.46
19716;6586;2;3;169.54
19717;6586;82;1;115.88
19718;6587;282;2;377.84
19719;6587;16;1;135.22
19720;6587;68;2;208.07
19721;6588;152;1;210.67
19722;6588;291;1;67.09
19723;6588;148;2;161.06
19724;6588;121;3;102.0
19725;6589;251;2;594.78
19726;6589;203;3;22.49
19727;6589;172;2;108.1
19728;6589;193;1;303.95
19729;6590;147;3;15.53
19730;6590;188;1;221.91
19731;6590;178;1;117.25
19732;6590;83;3;28.81
19733;6590;222;1;207.75
19734;6591;202;3;84.57
19735;6591;48;3;214.66
19736;6592;118;3;365.76
19737;6592;32;3;65.71
19738;6592;194;2;39.16
19739;6592;100;1;36.47
19740;6593;96;1;318.43
19741;6593;22;2;231.52
19742;6594;194;1;39.16
19743;6595;147;3;15.53
19744;6595;267;2;23.63
19745;6595;88;1;271.98
19746;6595;115;2;45.38
19747;6596;157;1;145.39
19748;6596;279;3;52.64
19749;6597;52;3;198.57
19750;6598;179;2;16.67
19751;6599;286;2;23.1
19752;6599;111;3;28.98
19753;6599;221;1;182.12
19754;6599;58;2;37.93
19755;6600;139;2;284.29
19756;6600;208;1;26.03
19757;6601;208;1;26.03
19758;6601;156;1;51.61
19759;6601;258;2;183.46
19760;6601;238;2;130.67
19761;6602;211;2;253.01
19762;6602;53;3;51.23
19763;6602;67;3;41.38
19764;6602;100;2;36.47
19765;6602;10;1;83.77
19766;6603;100;2;36.47
19767;6603;102;3;79.45
19768;6604;192;3;139.65
19769;6604;250;3;45.33
19770;6604;56;3;84.93
19771;6604;173;2;44.37
19772;6605;51;1;69.12
19773;6605;49;1;49.52
19774;6606;56;3;84.93
19775;6606;254;2;92.06
19776;6607;157;2;145.39
19777;6608;51;1;69.12
19778;6608;24;3;171.7
19779;6608;124;1;109.44
19780;6608;169;1;117.44
19781;6608;164;3;38.45
19782;6609;262;1;203.02
19783;6609;242;1;66.96
19784;6609;110;1;33.58
19785;6609;217;1;133.47
19786;6610;14;2;139.17
19787;6610;265;1;194.8
19788;6610;26;2;73.19
19789;6610;57;3;49.4
19790;6610;25;1;36.6
19791;6611;26;1;73.19
19792;6612;284;3;66.65
19793;6612;85;3;276.27
19794;6612;46;2;32.13
19795;6613;33;3;98.43
19796;6613;106;2;63.95
19797;6613;135;1;23.48
19798;6613;219;3;18.89
19799;6614;154;1;276.99
19800;6614;203;3;22.49
19801;6614;76;3;23.8
19802;6614;218;1;163.84
19803;6614;126;2;333.38
19804;6615;259;3;193.37
19805;6615;280;2;194.11
19806;6615;205;2;54.75
19807;6616;297;3;111.18
19808;6616;266;3;78.95
19809;6617;277;2;141.51
19810;6617;168;3;36.16
19811;6617;134;3;60.38
19812;6617;285;3;108.9
19813;6617;215;2;42.37
19814;6618;95;2;11.53
19815;6618;20;3;27.74
19816;6618;118;2;365.76
19817;6619;89;3;376.3
19818;6619;293;2;32.93
19819;6620;119;2;52.95
19820;6620;283;2;114.46
19821;6620;189;1;298.51
19822;6620;70;3;99.53
19823;6620;272;1;32.79
19824;6621;175;3;18.54
19825;6621;241;1;177.76
19826;6621;49;1;49.52
19827;6622;29;1;33.59
19828;6622;141;3;62.63
19829;6622;288;1;430.61
19830;6622;249;1;94.89
19831;6623;20;2;27.74
19832;6623;228;3;21.36
19833;6623;225;3;14.43
19834;6624;240;3;115.21
19835;6625;158;3;219.43
19836;6625;242;1;66.96
19837;6625;66;2;65.31
19838;6626;55;1;105.96
19839;6626;202;3;84.57
19840;6626;82;1;115.88
19841;6626;211;1;253.01
19842;6626;211;3;253.01
19843;6627;2;3;169.54
19844;6627;72;2;136.88
19845;6627;255;2;63.76
19846;6627;149;1;112.47
19847;6627;167;1;40.59
19848;6628;241;1;177.76
19849;6628;297;3;111.18
19850;6628;39;2;42.14
19851;6629;208;3;26.03
19852;6629;173;3;44.37
19853;6629;128;1;604.55
19854;6629;220;2;97.41
19855;6630;299;2;93.25
19856;6630;162;2;265.52
19857;6630;175;3;18.54
19858;6630;297;2;111.18
19859;6630;242;1;66.96
19860;6631;96;3;318.43
19861;6631;156;3;51.61
19862;6631;86;2;68.41
19863;6631;49;2;49.52
19864;6632;183;2;83.98
19865;6632;246;2;105.53
19866;6632;98;3;156.09
19867;6632;33;2;98.43
19868;6633;211;2;253.01
19869;6633;178;1;117.25
19870;6633;174;3;16.75
19871;6633;288;2;430.61
19872;6633;231;2;58.56
19873;6634;286;1;23.1
19874;6634;90;2;238.59
19875;6634;274;2;43.03
19876;6634;254;3;92.06
19877;6634;174;3;16.75
19878;6635;113;3;261.82
19879;6635;153;2;28.61
19880;6635;272;1;32.79
19881;6635;180;1;59.61
19882;6636;146;3;35.44
19883;6636;155;3;75.12
19884;6636;256;2;229.2
19885;6636;235;3;98.52
19886;6636;173;2;44.37
19887;6637;50;1;63.53
19888;6638;56;3;84.93
19889;6639;38;2;136.67
19890;6639;103;1;60.73
19891;6639;92;1;338.54
19892;6640;127;1;28.04
19893;6640;203;1;22.49
19894;6640;65;2;165.71
19895;6641;143;1;86.74
19896;6641;204;1;63.94
19897;6641;85;3;276.27
19898;6642;162;1;265.52
19899;6642;278;1;58.03
19900;6642;157;3;145.39
19901;6642;227;3;128.22
19902;6642;141;1;62.63
19903;6643;107;3;57.11
19904;6643;68;1;208.07
19905;6643;188;1;221.91
19906;6643;55;2;105.96
19907;6643;117;1;187.28
19908;6644;238;3;130.67
19909;6644;147;2;15.53
19910;6645;39;2;42.14
19911;6646;57;1;49.4
19912;6647;136;2;77.12
19913;6647;250;2;45.33
19914;6648;31;2;263.13
19915;6648;65;3;165.71
19916;6648;114;1;81.1
19917;6648;276;1;77.1
19918;6649;122;2;159.31
19919;6649;243;2;23.3
19920;6649;38;2;136.67
19921;6649;168;2;36.16
19922;6650;189;3;298.51
19923;6650;281;1;13.59
19924;6650;293;1;32.93
19925;6650;36;2;35.27
19926;6650;77;3;137.95
19927;6651;80;2;16.51
19928;6651;218;3;163.84
19929;6651;276;3;77.1
19930;6651;27;3;257.64
19931;6651;103;1;60.73
19932;6652;179;3;16.67
19933;6652;269;2;27.35
19934;6652;143;2;86.74
19935;6652;287;1;82.17
19936;6653;189;3;298.51
19937;6653;89;3;376.3
19938;6653;296;3;31.73
19939;6653;143;1;86.74
19940;6654;101;1;337.71
19941;6654;262;1;203.02
19942;6654;83;3;28.81
19943;6654;3;3;355.2
19944;6654;29;3;33.59
19945;6655;8;1;295.75
19946;6655;159;3;56.32
19947;6655;265;1;194.8
19948;6655;36;2;35.27
19949;6656;144;1;46.76
19950;6656;10;3;83.77
19951;6657;90;3;238.59
19952;6657;206;2;30.23
19953;6657;213;2;29.38
19954;6657;116;2;27.34
19955;6657;43;3;27.58
19956;6658;201;1;55.38
19957;6658;172;3;108.1
19958;6658;220;1;97.41
19959;6658;281;3;13.59
19960;6659;97;3;160.55
19961;6659;55;1;105.96
19962;6659;231;2;58.56
19963;6659;81;2;83.86
19964;6659;282;3;377.84
19965;6660;189;1;298.51
19966;6660;266;1;78.95
19967;6660;199;1;156.49
19968;6661;198;3;53.21
19969;6661;224;3;289.95
19970;6661;143;3;86.74
19971;6662;298;2;95.71
19972;6662;1;2;85.25
19973;6662;191;3;144.67
19974;6662;138;3;32.55
19975;6663;182;3;96.28
19976;6663;73;1;47.55
19977;6664;38;2;136.67
19978;6664;171;3;59.0
19979;6664;244;1;291.31
19980;6665;23;1;17.91
19981;6666;255;3;63.76
19982;6666;100;1;36.47
19983;6667;25;1;36.6
19984;6667;231;1;58.56
19985;6667;16;2;135.22
19986;6668;53;1;51.23
19987;6669;165;3;30.46
19988;6669;207;3;234.88
19989;6670;261;3;138.08
19990;6670;292;3;115.69
19991;6671;113;2;261.82
19992;6671;80;2;16.51
19993;6671;152;3;210.67
19994;6672;62;3;77.66
19995;6672;8;2;295.75
19996;6672;195;3;145.55
19997;6673;269;2;27.35
19998;6673;117;2;187.28
19999;6674;85;2;276.27
20000;6674;118;2;365.76
20001;6674;185;1;47.76
20002;6674;61;1;251.37
20003;6674;84;1;56.46
20004;6675;289;2;36.82
20005;6675;122;2;159.31
20006;6675;178;2;117.25
20007;6676;52;2;198.57
20008;6676;238;2;130.67
20009;6676;22;2;231.52
20010;6677;181;1;42.65
20011;6677;179;3;16.67
20012;6677;100;1;36.47
20013;6677;196;2;15.62
20014;6678;62;2;77.66
20015;6678;207;3;234.88
20016;6679;297;1;111.18
20017;6680;168;1;36.16
20018;6680;208;1;26.03
20019;6680;58;1;37.93
20020;6680;215;1;42.37
20021;6680;19;3;25.52
20022;6681;287;2;82.17
20023;6681;78;2;18.59
20024;6682;155;1;75.12
20025;6682;43;1;27.58
20026;6682;57;1;49.4
20027;6683;95;1;11.53
20028;6683;126;1;333.38
20029;6683;129;3;59.78
20030;6683;168;1;36.16
20031;6684;47;2;10.35
20032;6684;218;2;163.84
20033;6684;152;1;210.67
20034;6684;278;1;58.03
20035;6684;59;2;107.83
20036;6685;132;3;76.68
20037;6685;15;1;110.9
20038;6685;141;2;62.63
20039;6685;99;2;18.5
20040;6685;209;1;110.99
20041;6686;50;3;63.53
20042;6686;210;2;230.86
20043;6686;19;3;25.52
20044;6686;11;2;27.62
20045;6687;88;3;271.98
20046;6687;176;3;23.46
20047;6687;19;3;25.52
20048;6687;132;1;76.68
20049;6687;121;3;102.0
20050;6688;230;1;163.67
20051;6689;160;1;62.31
20052;6689;131;1;94.96
20053;6689;260;1;183.92
20054;6689;203;1;22.49
20055;6689;245;3;88.8
20056;6690;131;3;94.96
20057;6690;287;1;82.17
20058;6690;22;2;231.52
20059;6690;51;2;69.12
20060;6690;100;2;36.47
20061;6691;171;1;59.0
20062;6691;20;1;27.74
20063;6691;78;3;18.59
20064;6691;98;3;156.09
20065;6692;200;2;209.0
20066;6693;200;2;209.0
20067;6694;3;3;355.2
20068;6694;180;2;59.61
20069;6695;118;2;365.76
20070;6695;135;1;23.48
20071;6695;217;1;133.47
20072;6695;253;1;62.5
20073;6696;250;2;45.33
20074;6696;67;2;41.38
20075;6696;155;3;75.12
20076;6697;100;3;36.47
20077;6697;25;2;36.6
20078;6697;252;2;124.2
20079;6697;150;1;51.66
20080;6697;56;3;84.93
20081;6698;262;1;203.02
20082;6698;25;3;36.6
20083;6698;186;3;24.83
20084;6699;101;1;337.71
20085;6699;152;2;210.67
20086;6699;112;3;112.28
20087;6699;163;2;127.95
20088;6700;62;3;77.66
20089;6700;89;3;376.3
20090;6700;205;2;54.75
20091;6700;79;1;57.05
20092;6700;103;2;60.73
20093;6701;43;1;27.58
20094;6701;139;2;284.29
20095;6701;52;3;198.57
20096;6702;51;1;69.12
20097;6702;258;2;183.46
20098;6702;176;3;23.46
20099;6702;286;1;23.1
20100;6702;155;3;75.12
20101;6703;287;2;82.17
20102;6703;165;1;30.46
20103;6703;97;1;160.55
20104;6703;83;3;28.81
20105;6704;40;3;165.59
20106;6705;20;1;27.74
20107;6706;77;2;137.95
20108;6706;42;1;263.42
20109;6706;211;2;253.01
20110;6706;9;2;134.64
20111;6707;119;1;52.95
20112;6707;86;2;68.41
20113;6708;176;1;23.46
20114;6708;272;3;32.79
20115;6708;26;2;73.19
20116;6708;259;2;193.37
20117;6709;87;3;172.22
20118;6709;270;2;149.02
20119;6710;248;1;278.21
20120;6711;31;1;263.13
20121;6712;16;3;135.22
20122;6712;67;1;41.38
20123;6712;27;1;257.64
20124;6713;93;1;177.34
20125;6713;262;3;203.02
20126;6713;196;1;15.62
20127;6714;9;3;134.64
20128;6714;268;2;22.25
20129;6714;98;1;156.09
20130;6714;235;2;98.52
20131;6714;98;2;156.09
20132;6715;46;2;32.13
20133;6715;158;3;219.43
20134;6715;153;2;28.61
20135;6716;266;1;78.95
20136;6717;113;2;261.82
20137;6718;98;1;156.09
20138;6718;279;2;52.64
20139;6718;44;1;46.23
20140;6718;106;3;63.95
20141;6719;82;3;115.88
20142;6719;129;1;59.78
20143;6719;6;2;124.34
20144;6719;226;2;105.33
20145;6720;195;2;145.55
20146;6720;132;3;76.68
20147;6720;153;2;28.61
20148;6721;118;3;365.76
20149;6721;17;2;66.06
20150;6722;30;2;43.42
20151;6722;268;3;22.25
20152;6723;139;1;284.29
20153;6723;200;2;209.0
20154;6723;113;3;261.82
20155;6724;170;1;22.32
20156;6724;73;3;47.55
20157;6724;90;3;238.59
20158;6725;147;3;15.53
20159;6725;255;3;63.76
20160;6725;28;2;98.17
20161;6725;66;2;65.31
20162;6725;19;3;25.52
20163;6726;138;3;32.55
20164;6726;70;3;99.53
20165;6726;187;1;145.63
20166;6727;110;2;33.58
20167;6727;21;2;27.77
20168;6728;32;2;65.71
20169;6728;127;3;28.04
20170;6728;2;3;169.54
20171;6729;158;1;219.43
20172;6729;196;2;15.62
20173;6729;26;2;73.19
20174;6729;151;3;14.87
20175;6730;154;2;276.99
20176;6730;284;1;66.65
20177;6730;273;3;197.68
20178;6731;120;3;44.38
20179;6731;133;3;129.76
20180;6731;182;3;96.28
20181;6732;32;1;65.71
20182;6733;219;2;18.89
20183;6733;29;2;33.59
20184;6734;152;2;210.67
20185;6734;104;2;193.22
20186;6735;89;2;376.3
20187;6735;32;3;65.71
20188;6735;45;1;206.86
20189;6735;99;2;18.5
20190;6736;191;1;144.67
20191;6736;234;2;199.16
20192;6736;182;1;96.28
20193;6737;290;1;138.11
20194;6737;118;1;365.76
20195;6738;168;2;36.16
20196;6738;115;1;45.38
20197;6738;92;1;338.54
20198;6738;193;1;303.95
20199;6739;4;1;15.69
20200;6739;264;3;22.18
20201;6739;291;2;67.09
20202;6739;67;2;41.38
20203;6740;296;1;31.73
20204;6740;172;1;108.1
20205;6740;156;2;51.61
20206;6740;151;3;14.87
20207;6740;170;2;22.32
20208;6741;262;1;203.02
20209;6741;115;3;45.38
20210;6741;156;2;51.61
20211;6742;77;1;137.95
20212;6742;189;2;298.51
20213;6742;115;2;45.38
20214;6742;100;3;36.47
20215;6743;11;3;27.62
20216;6744;82;1;115.88
20217;6744;139;1;284.29
20218;6745;168;3;36.16
20219;6745;285;2;108.9
20220;6745;209;2;110.99
20221;6745;272;3;32.79
20222;6745;253;2;62.5
20223;6746;177;3;190.69
20224;6746;170;1;22.32
20225;6746;29;3;33.59
20226;6746;40;2;165.59
20227;6746;185;3;47.76
20228;6747;168;1;36.16
20229;6748;279;3;52.64
20230;6748;57;3;49.4
20231;6748;107;1;57.11
20232;6748;34;3;71.61
20233;6748;26;1;73.19
20234;6749;122;2;159.31
20235;6750;206;1;30.23
20236;6750;204;2;63.94
20237;6750;184;1;75.61
20238;6750;285;3;108.9
20239;6750;235;2;98.52
20240;6751;269;2;27.35
20241;6751;297;2;111.18
20242;6751;117;3;187.28
20243;6751;139;2;284.29
20244;6752;41;2;202.78
20245;6752;160;1;62.31
20246;6752;113;3;261.82
20247;6753;292;1;115.69
20248;6753;290;3;138.11
20249;6753;203;1;22.49
20250;6753;299;1;93.25
20251;6754;226;3;105.33
20252;6754;28;1;98.17
20253;6755;11;1;27.62
20254;6755;29;2;33.59
20255;6756;161;1;66.77
20256;6756;77;1;137.95
20257;6757;294;2;73.58
20258;6757;292;3;115.69
20259;6758;275;3;167.5
20260;6758;108;1;53.06
20261;6758;148;3;161.06
20262;6759;267;2;23.63
20263;6759;211;1;253.01
20264;6759;259;2;193.37
20265;6759;158;1;219.43
20266;6759;213;3;29.38
20267;6760;142;2;26.83
20268;6761;252;2;124.2
20269;6761;128;1;604.55
20270;6762;105;1;19.14
20271;6762;75;1;176.39
20272;6763;108;3;53.06
20273;6763;23;1;17.91
20274;6763;260;2;183.92
20275;6763;202;3;84.57
20276;6763;132;2;76.68
20277;6764;206;1;30.23
20278;6765;105;3;19.14
20279;6765;92;2;338.54
20280;6765;234;1;199.16
20281;6766;50;1;63.53
20282;6767;26;3;73.19
20283;6768;153;3;28.61
20284;6768;71;2;104.37
20285;6768;198;2;53.21
20286;6769;245;1;88.8
20287;6769;288;3;430.61
20288;6769;289;3;36.82
20289;6769;112;2;112.28
20290;6769;251;1;594.78
20291;6770;39;3;42.14
20292;6770;7;1;435.46
20293;6771;64;2;63.91
20294;6771;98;1;156.09
20295;6771;135;2;23.48
20296;6772;59;3;107.83
20297;6773;142;3;26.83
20298;6774;115;2;45.38
20299;6774;15;3;110.9
20300;6774;103;3;60.73
20301;6775;261;3;138.08
20302;6775;244;2;291.31
20303;6775;182;3;96.28
20304;6775;212;3;167.62
20305;6775;134;1;60.38
20306;6776;114;1;81.1
20307;6776;250;2;45.33
20308;6776;148;1;161.06
20309;6777;74;2;13.44
20310;6777;156;1;51.61
20311;6777;58;1;37.93
20312;6777;179;2;16.67
20313;6777;77;1;137.95
20314;6778;126;2;333.38
20315;6779;292;3;115.69
20316;6779;222;3;207.75
20317;6780;126;1;333.38
20318;6780;93;1;177.34
20319;6780;5;1;99.57
20320;6780;78;1;18.59
20321;6781;158;2;219.43
20322;6781;282;2;377.84
20323;6782;261;2;138.08
20324;6782;248;1;278.21
20325;6782;53;2;51.23
20326;6782;98;3;156.09
20327;6783;86;2;68.41
20328;6783;4;3;15.69
20329;6783;14;2;139.17
20330;6784;100;3;36.47
20331;6784;177;2;190.69
20332;6784;15;2;110.9
20333;6784;221;1;182.12
20334;6785;93;1;177.34
20335;6785;241;2;177.76
20336;6785;215;3;42.37
20337;6785;136;1;77.12
20338;6786;49;3;49.52
20339;6787;16;3;135.22
20340;6787;217;1;133.47
20341;6787;293;1;32.93
20342;6787;253;3;62.5
20343;6788;132;1;76.68
20344;6788;58;1;37.93
20345;6788;152;1;210.67
20346;6788;131;1;94.96
20347;6789;246;3;105.53
20348;6790;64;1;63.91
20349;6790;124;3;109.44
20350;6790;217;2;133.47
20351;6790;92;2;338.54
20352;6791;184;3;75.61
20353;6791;108;3;53.06
20354;6791;50;1;63.53
20355;6792;253;3;62.5
20356;6793;279;2;52.64
20357;6793;90;1;238.59
20358;6794;279;2;52.64
20359;6794;276;3;77.1
20360;6794;105;1;19.14
20361;6795;7;2;435.46
20362;6795;99;2;18.5
20363;6795;195;3;145.55
20364;6795;186;3;24.83
20365;6795;199;2;156.49
20366;6796;109;2;46.77
20367;6796;90;3;238.59
20368;6796;255;2;63.76
20369;6796;83;1;28.81
20370;6796;162;1;265.52
20371;6797;39;1;42.14
20372;6798;107;1;57.11
20373;6798;128;3;604.55
20374;6798;267;1;23.63
20375;6798;193;1;303.95
20376;6798;226;3;105.33
20377;6799;129;3;59.78
20378;6799;160;1;62.31
20379;6799;20;1;27.74
20380;6800;201;3;55.38
20381;6800;176;1;23.46
20382;6800;269;1;27.35
20383;6800;191;2;144.67
20384;6800;28;2;98.17
20385;6801;188;1;221.91
20386;6802;216;3;265.62
20387;6803;253;1;62.5
20388;6803;197;1;109.76
20389;6803;19;1;25.52
20390;6804;21;2;27.77
20391;6804;238;3;130.67
20392;6805;182;1;96.28
20393;6805;286;3;23.1
20394;6805;237;3;11.53
20395;6805;182;1;96.28
20396;6805;127;3;28.04
20397;6806;175;3;18.54
20398;6806;28;1;98.17
20399;6806;258;1;183.46
20400;6806;251;2;594.78
20401;6807;248;1;278.21
20402;6807;8;1;295.75
20403;6808;86;3;68.41
20404;6808;251;3;594.78
20405;6809;165;1;30.46
20406;6809;267;2;23.63
20407;6809;141;1;62.63
20408;6809;198;3;53.21
20409;6809;84;3;56.46
20410;6810;171;2;59.0
20411;6810;95;1;11.53
20412;6810;149;2;112.47
20413;6811;220;3;97.41
20414;6811;135;3;23.48
20415;6811;223;1;12.9
20416;6812;273;3;197.68
20417;6812;137;1;83.8
20418;6812;55;1;105.96
20419;6813;11;1;27.62
20420;6813;5;2;99.57
20421;6813;179;3;16.67
20422;6814;236;2;27.58
20423;6814;214;3;180.06
20424;6815;14;1;139.17
20425;6815;69;1;100.84
20426;6815;39;2;42.14
20427;6815;28;1;98.17
20428;6815;275;1;167.5
20429;6816;46;1;32.13
20430;6816;103;1;60.73
20431;6816;196;1;15.62
20432;6816;147;2;15.53
20433;6817;241;1;177.76
20434;6818;77;3;137.95
20435;6819;39;2;42.14
20436;6819;1;2;85.25
20437;6819;32;2;65.71
20438;6820;262;1;203.02
20439;6821;207;1;234.88
20440;6821;292;3;115.69
20441;6821;19;2;25.52
20442;6821;83;2;28.81
20443;6822;76;3;23.8
20444;6822;205;1;54.75
20445;6822;138;1;32.55
20446;6822;84;3;56.46
20447;6823;163;1;127.95
20448;6823;75;3;176.39
20449;6823;145;3;77.19
20450;6823;34;3;71.61
20451;6824;75;3;176.39
20452;6825;149;3;112.47
20453;6826;44;1;46.23
20454;6826;13;1;97.98
20455;6826;107;2;57.11
20456;6826;274;3;43.03
20457;6827;28;2;98.17
20458;6828;3;2;355.2
20459;6828;32;3;65.71
20460;6828;141;3;62.63
20461;6828;32;2;65.71
20462;6828;147;3;15.53
20463;6829;191;1;144.67
20464;6829;244;2;291.31
20465;6830;109;1;46.77
20466;6830;38;2;136.67
20467;6830;60;1;69.22
20468;6830;266;2;78.95
20469;6830;152;1;210.67
20470;6831;152;3;210.67
20471;6831;117;2;187.28
20472;6831;211;3;253.01
20473;6831;59;1;107.83
20474;6832;155;3;75.12
20475;6832;160;3;62.31
20476;6832;107;3;57.11
20477;6832;267;1;23.63
20478;6832;239;3;89.88
20479;6833;109;3;46.77
20480;6833;262;1;203.02
20481;6833;76;1;23.8
20482;6833;161;1;66.77
20483;6834;76;1;23.8
20484;6834;61;3;251.37
20485;6835;171;2;59.0
20486;6835;76;3;23.8
20487;6836;95;1;11.53
20488;6837;177;3;190.69
20489;6837;237;1;11.53
20490;6837;137;1;83.8
20491;6838;183;1;83.98
20492;6838;121;3;102.0
20493;6838;226;2;105.33
20494;6839;36;1;35.27
20495;6840;72;1;136.88
20496;6840;279;2;52.64
20497;6840;201;2;55.38
20498;6841;289;3;36.82
20499;6841;151;1;14.87
20500;6841;210;3;230.86
20501;6841;11;2;27.62
20502;6842;132;3;76.68
20503;6842;175;1;18.54
20504;6843;29;2;33.59
20505;6843;74;2;13.44
20506;6843;296;3;31.73
20507;6844;164;1;38.45
20508;6844;51;2;69.12
20509;6844;81;1;83.86
20510;6844;252;1;124.2
20511;6845;87;2;172.22
20512;6845;274;2;43.03
20513;6845;109;1;46.77
20514;6846;58;3;37.93
20515;6846;34;3;71.61
20516;6846;200;3;209.0
20517;6847;96;3;318.43
20518;6848;50;3;63.53
20519;6848;296;3;31.73
20520;6849;233;2;153.83
20521;6849;89;1;376.3
20522;6850;76;3;23.8
20523;6850;18;3;140.06
20524;6850;41;1;202.78
20525;6850;152;3;210.67
20526;6850;219;3;18.89
20527;6851;216;2;265.62
20528;6851;186;2;24.83
20529;6851;251;1;594.78
20530;6852;19;1;25.52
20531;6852;192;2;139.65
20532;6852;221;2;182.12
20533;6853;67;2;41.38
20534;6853;214;2;180.06
20535;6853;296;3;31.73
20536;6854;249;1;94.89
20537;6854;103;2;60.73
20538;6855;164;1;38.45
20539;6855;178;3;117.25
20540;6856;23;1;17.91
20541;6856;111;3;28.98
20542;6856;40;2;165.59
20543;6856;62;1;77.66
20544;6857;227;3;128.22
20545;6857;263;1;58.98
20546;6857;247;3;280.92
20547;6857;222;2;207.75
20548;6858;236;2;27.58
20549;6858;271;1;134.08
20550;6858;106;3;63.95
20551;6859;145;3;77.19
20552;6859;242;1;66.96
20553;6859;108;1;53.06
20554;6859;247;2;280.92
20555;6859;130;3;138.45
20556;6860;127;1;28.04
20557;6860;130;2;138.45
20558;6860;144;1;46.76
20559;6860;18;3;140.06
20560;6860;80;3;16.51
20561;6861;112;3;112.28
20562;6862;230;3;163.67
20563;6862;26;3;73.19
20564;6863;275;2;167.5
20565;6863;20;3;27.74
20566;6863;183;3;83.98
20567;6863;204;3;63.94
20568;6863;80;1;16.51
20569;6864;215;1;42.37
20570;6864;246;3;105.53
20571;6865;89;2;376.3
20572;6865;117;1;187.28
20573;6866;122;2;159.31
20574;6866;145;1;77.19
20575;6866;173;1;44.37
20576;6866;76;2;23.8
20577;6866;206;1;30.23
20578;6867;61;1;251.37
20579;6867;152;2;210.67
20580;6868;46;2;32.13
20581;6868;118;1;365.76
20582;6868;232;2;21.33
20583;6868;79;1;57.05
20584;6868;222;3;207.75
20585;6869;10;3;83.77
20586;6869;166;1;36.18
20587;6869;219;2;18.89
20588;6869;248;2;278.21
20589;6870;272;2;32.79
20590;6870;69;2;100.84
20591;6871;111;2;28.98
20592;6872;40;1;165.59
20593;6872;64;2;63.91
20594;6872;156;3;51.61
20595;6873;132;2;76.68
20596;6873;39;2;42.14
20597;6873;23;1;17.91
20598;6873;106;3;63.95
20599;6874;160;2;62.31
20600;6874;33;1;98.43
20601;6874;232;1;21.33
20602;6874;155;3;75.12
20603;6874;163;3;127.95
20604;6875;248;3;278.21
20605;6875;4;1;15.69
20606;6876;229;2;14.92
20607;6876;190;2;16.04
20608;6876;63;3;81.7
20609;6877;78;3;18.59
20610;6877;130;2;138.45
20611;6877;29;1;33.59
20612;6877;185;2;47.76
20613;6877;186;3;24.83
20614;6878;284;3;66.65
20615;6878;278;1;58.03
20616;6879;150;1;51.66
20617;6880;137;2;83.8
20618;6880;183;1;83.98
20619;6881;25;1;36.6
20620;6881;145;2;77.19
20621;6881;149;3;112.47
20622;6882;96;2;318.43
20623;6882;195;3;145.55
20624;6882;15;3;110.9
20625;6882;261;2;138.08
20626;6883;266;2;78.95
20627;6884;5;3;99.57
20628;6884;214;3;180.06
20629;6884;54;1;232.82
20630;6884;54;2;232.82
20631;6884;300;1;105.48
20632;6885;90;3;238.59
20633;6885;123;2;70.77
20634;6885;26;1;73.19
20635;6886;173;2;44.37
20636;6886;86;2;68.41
20637;6886;42;1;263.42
20638;6887;163;1;127.95
20639;6888;238;2;130.67
20640;6888;84;3;56.46
20641;6888;33;1;98.43
20642;6888;63;2;81.7
20643;6889;268;2;22.25
20644;6889;215;2;42.37
20645;6889;258;2;183.46
20646;6890;58;1;37.93
20647;6890;279;3;52.64
20648;6890;27;1;257.64
20649;6890;212;1;167.62
20650;6891;254;3;92.06
20651;6891;148;1;161.06
20652;6891;2;3;169.54
20653;6891;284;1;66.65
20654;6892;201;2;55.38
20655;6892;87;1;172.22
20656;6892;146;3;35.44
20657;6892;300;1;105.48
20658;6892;194;3;39.16
20659;6893;148;1;161.06
20660;6893;248;2;278.21
20661;6893;10;1;83.77
20662;6894;283;3;114.46
20663;6894;278;3;58.03
20664;6895;88;2;271.98
20665;6895;11;1;27.62
20666;6896;126;2;333.38
20667;6896;160;2;62.31
20668;6896;73;2;47.55
20669;6896;162;1;265.52
20670;6896;126;2;333.38
20671;6897;29;1;33.59
20672;6897;254;1;92.06
20673;6898;70;1;99.53
20674;6898;214;3;180.06
20675;6899;4;2;15.69
20676;6899;31;1;263.13
20677;6899;228;1;21.36
20678;6900;163;1;127.95
20679;6900;219;1;18.89
20680;6900;220;3;97.41
20681;6900;178;1;117.25
20682;6901;75;3;176.39
20683;6901;122;3;159.31
20684;6901;91;3;48.19
20685;6901;141;3;62.63
20686;6901;245;2;88.8
20687;6902;183;2;83.98
20688;6902;151;3;14.87
20689;6902;172;3;108.1
20690;6903;220;2;97.41
20691;6903;168;3;36.16
20692;6903;217;1;133.47
20693;6904;109;1;46.77
20694;6905;151;1;14.87
20695;6906;190;2;16.04
20696;6907;247;2;280.92
20697;6907;189;1;298.51
20698;6907;258;1;183.46
20699;6907;226;1;105.33
20700;6907;26;1;73.19
20701;6908;219;3;18.89
20702;6908;270;1;149.02
20703;6908;242;3;66.96
20704;6909;199;2;156.49
20705;6909;259;1;193.37
20706;6910;155;2;75.12
20707;6910;258;1;183.46
20708;6910;128;1;604.55
20709;6910;153;3;28.61
20710;6910;17;3;66.06
20711;6911;249;1;94.89
20712;6912;11;3;27.62
20713;6912;256;2;229.2
20714;6912;7;2;435.46
20715;6912;113;2;261.82
20716;6912;246;2;105.53
20717;6913;142;3;26.83
20718;6913;86;2;68.41
20719;6914;228;1;21.36
20720;6915;144;1;46.76
20721;6916;34;2;71.61
20722;6916;144;2;46.76
20723;6916;185;2;47.76
20724;6917;266;3;78.95
20725;6917;284;3;66.65
20726;6917;179;1;16.67
20727;6917;112;1;112.28
20728;6918;264;3;22.18
20729;6918;297;3;111.18
20730;6918;153;1;28.61
20731;6918;295;1;401.67
20732;6919;34;3;71.61
20733;6919;208;1;26.03
20734;6919;108;3;53.06
20735;6920;130;3;138.45
20736;6920;253;1;62.5
20737;6920;189;1;298.51
20738;6920;267;3;23.63
20739;6920;189;3;298.51
20740;6921;36;1;35.27
20741;6922;242;3;66.96
20742;6922;117;1;187.28
20743;6922;273;1;197.68
20744;6922;257;3;75.87
20745;6922;102;1;79.45
20746;6923;91;1;48.19
20747;6923;130;2;138.45
20748;6923;67;3;41.38
20749;6923;276;2;77.1
20750;6924;183;2;83.98
20751;6924;182;1;96.28
20752;6924;70;2;99.53
20753;6924;60;3;69.22
20754;6924;243;3;23.3
20755;6925;1;2;85.25
20756;6926;70;1;99.53
20757;6926;274;3;43.03
20758;6926;244;3;291.31
20759;6926;105;2;19.14
20760;6927;229;1;14.92
20761;6927;211;1;253.01
20762;6927;184;3;75.61
20763;6928;150;2;51.66
20764;6928;128;1;604.55
20765;6928;269;3;27.35
20766;6929;185;2;47.76
20767;6929;2;2;169.54
20768;6929;35;3;57.55
20769;6929;20;3;27.74
20770;6929;203;1;22.49
20771;6930;126;1;333.38
20772;6930;259;2;193.37
20773;6930;284;1;66.65
20774;6930;40;2;165.59
20775;6931;35;1;57.55
20776;6931;63;2;81.7
20777;6932;85;3;276.27
20778;6932;200;2;209.0
20779;6932;111;3;28.98
20780;6932;132;3;76.68
20781;6933;22;2;231.52
20782;6933;29;1;33.59
20783;6933;228;2;21.36
20784;6933;289;1;36.82
20785;6934;163;2;127.95
20786;6934;98;3;156.09
20787;6934;88;3;271.98
20788;6935;261;3;138.08
20789;6935;236;3;27.58
20790;6935;5;1;99.57
20791;6936;174;2;16.75
20792;6936;284;1;66.65
20793;6936;195;2;145.55
20794;6937;151;2;14.87
20795;6938;82;2;115.88
20796;6938;92;3;338.54
20797;6939;286;3;23.1
20798;6939;81;1;83.86
20799;6939;224;1;289.95
20800;6939;256;3;229.2
20801;6940;87;3;172.22
20802;6941;84;1;56.46
20803;6941;187;3;145.63
20804;6942;112;1;112.28
20805;6942;266;1;78.95
20806;6943;221;2;182.12
20807;6943;60;1;69.22
20808;6944;73;3;47.55
20809;6944;230;3;163.67
20810;6944;26;3;73.19
20811;6944;130;1;138.45
20812;6944;205;2;54.75
20813;6945;94;1;191.51
20814;6945;46;1;32.13
20815;6946;64;3;63.91
20816;6947;60;3;69.22
20817;6947;239;1;89.88
20818;6947;126;2;333.38
20819;6948;279;3;52.64
20820;6948;137;1;83.8
20821;6949;34;2;71.61
20822;6949;54;3;232.82
20823;6949;300;2;105.48
20824;6949;68;3;208.07
20825;6949;120;1;44.38
20826;6950;94;2;191.51
20827;6951;248;3;278.21
20828;6951;19;2;25.52
20829;6951;190;1;16.04
20830;6951;129;2;59.78
20831;6951;297;1;111.18
20832;6952;114;2;81.1
20833;6952;228;2;21.36
20834;6952;202;2;84.57
20835;6953;145;3;77.19
20836;6953;272;2;32.79
20837;6953;248;1;278.21
20838;6953;180;1;59.61
20839;6954;67;2;41.38
20840;6954;278;2;58.03
20841;6955;69;2;100.84
20842;6955;15;1;110.9
20843;6955;285;2;108.9
20844;6956;297;1;111.18
20845;6957;297;2;111.18
20846;6957;71;2;104.37
20847;6958;203;3;22.49
20848;6958;264;3;22.18
20849;6958;274;3;43.03
20850;6958;11;3;27.62
20851;6958;10;1;83.77
20852;6959;154;2;276.99
20853;6959;276;2;77.1
20854;6960;135;1;23.48
20855;6960;294;1;73.58
20856;6960;101;2;337.71
20857;6961;255;3;63.76
20858;6962;216;1;265.62
20859;6962;260;1;183.92
20860;6962;96;3;318.43
20861;6962;29;2;33.59
20862;6963;8;2;295.75
20863;6964;297;2;111.18
20864;6964;185;2;47.76
20865;6964;225;2;14.43
20866;6964;190;1;16.04
20867;6964;242;1;66.96
20868;6965;154;2;276.99
20869;6965;19;1;25.52
20870;6965;300;2;105.48
20871;6965;288;3;430.61
20872;6965;38;3;136.67
20873;6966;144;2;46.76
20874;6966;277;3;141.51
20875;6967;55;3;105.96
20876;6967;196;1;15.62
20877;6968;226;3;105.33
20878;6968;102;2;79.45
20879;6969;237;2;11.53
20880;6969;218;2;163.84
20881;6969;57;2;49.4
20882;6970;121;1;102.0
20883;6970;109;1;46.77
20884;6970;139;3;284.29
20885;6970;96;1;318.43
20886;6971;192;3;139.65
20887;6971;171;3;59.0
20888;6971;165;3;30.46
20889;6971;121;3;102.0
20890;6972;44;2;46.23
20891;6972;195;2;145.55
20892;6973;119;2;52.95
20893;6973;3;1;355.2
20894;6973;19;2;25.52
20895;6973;210;3;230.86
20896;6974;239;1;89.88
20897;6974;291;3;67.09
20898;6975;18;2;140.06
20899;6975;54;1;232.82
20900;6975;180;3;59.61
20901;6975;131;1;94.96
20902;6975;144;2;46.76
20903;6976;252;1;124.2
20904;6976;205;3;54.75
20905;6977;288;2;430.61
20906;6977;210;3;230.86
20907;6978;138;1;32.55
20908;6978;224;2;289.95
20909;6978;73;1;47.55
20910;6979;232;2;21.33
20911;6980;296;3;31.73
20912;6980;249;3;94.89
20913;6980;174;2;16.75
20914;6981;135;3;23.48
20915;6981;155;1;75.12
20916;6982;182;3;96.28
20917;6982;134;3;60.38
20918;6982;169;1;117.44
20919;6982;152;1;210.67
20920;6982;100;3;36.47
20921;6983;271;2;134.08
20922;6984;227;2;128.22
20923;6984;238;3;130.67
20924;6984;202;2;84.57
20925;6984;97;2;160.55
20926;6985;135;3;23.48
20927;6985;4;2;15.69
20928;6986;241;2;177.76
20929;6986;87;1;172.22
20930;6986;131;1;94.96
20931;6986;188;2;221.91
20932;6987;52;2;198.57
20933;6987;42;1;263.42
20934;6988;39;3;42.14
20935;6989;4;1;15.69
20936;6989;288;1;430.61
20937;6989;130;2;138.45
20938;6990;204;3;63.94
20939;6991;104;2;193.22
20940;6991;146;1;35.44
20941;6991;275;1;167.5
20942;6991;59;1;107.83
20943;6992;78;3;18.59
20944;6992;34;3;71.61
20945;6992;240;2;115.21
20946;6993;284;2;66.65
20947;6993;6;3;124.34
20948;6994;197;1;109.76
20949;6994;84;2;56.46
20950;6994;175;1;18.54
20951;6994;226;2;105.33
20952;6994;84;2;56.46
20953;6995;18;2;140.06
20954;6995;213;1;29.38
20955;6996;83;1;28.81
20956;6996;76;1;23.8
20957;6996;219;2;18.89
20958;6996;238;2;130.67
20959;6996;253;2;62.5
20960;6997;164;3;38.45
20961;6997;207;1;234.88
20962;6997;14;2;139.17
20963;6997;142;2;26.83
20964;6998;3;2;355.2
20965;6999;138;1;32.55
20966;6999;247;2;280.92
20967;7000;223;3;12.9
20968;7000;79;2;57.05
20969;7001;215;1;42.37
20970;7001;291;2;67.09
20971;7001;236;2;27.58
20972;7002;239;3;89.88
20973;7003;92;3;338.54
20974;7003;225;1;14.43
20975;7003;56;2;84.93
20976;7003;27;1;257.64
20977;7004;117;1;187.28
20978;7004;95;2;11.53
20979;7004;135;2;23.48
20980;7005;207;2;234.88
20981;7005;8;3;295.75
20982;7006;37;1;125.9
20983;7006;186;1;24.83
20984;7006;112;1;112.28
20985;7006;178;1;117.25
20986;7006;276;2;77.1
20987;7007;107;1;57.11
20988;7007;119;2;52.95
20989;7007;174;3;16.75
20990;7007;197;3;109.76
20991;7008;33;1;98.43
20992;7008;39;1;42.14
20993;7008;95;3;11.53
20994;7009;289;3;36.82
20995;7009;149;3;112.47
20996;7009;20;2;27.74
20997;7010;217;1;133.47
20998;7010;139;3;284.29
20999;7010;216;2;265.62
21000;7010;203;2;22.49
21001;7010;194;3;39.16
21002;7011;186;1;24.83
21003;7011;105;2;19.14
21004;7011;252;2;124.2
21005;7012;260;2;183.92
21006;7012;232;1;21.33
21007;7013;258;1;183.46
21008;7013;204;1;63.94
21009;7014;227;2;128.22
21010;7014;209;2;110.99
21011;7014;14;1;139.17
21012;7014;89;1;376.3
21013;7014;107;2;57.11
21014;7015;285;2;108.9
21015;7016;120;3;44.38
21016;7016;25;2;36.6
21017;7016;192;1;139.65
21018;7016;20;3;27.74
21019;7016;153;3;28.61
21020;7017;170;3;22.32
21021;7017;158;1;219.43
21022;7017;243;2;23.3
21023;7018;290;3;138.11
21024;7018;227;3;128.22
21025;7019;4;2;15.69
21026;7019;223;1;12.9
21027;7019;281;3;13.59
21028;7020;119;1;52.95
21029;7020;224;2;289.95
21030;7020;74;3;13.44
21031;7021;226;3;105.33
21032;7021;184;1;75.61
21033;7021;157;1;145.39
21034;7022;6;3;124.34
21035;7022;119;1;52.95
21036;7022;247;2;280.92
21037;7023;92;2;338.54
21038;7023;287;1;82.17
21039;7024;144;2;46.76
21040;7024;208;1;26.03
21041;7024;247;2;280.92
21042;7024;249;3;94.89
21043;7025;168;2;36.16
21044;7025;178;2;117.25
21045;7025;167;1;40.59
21046;7025;274;1;43.03
21047;7026;102;3;79.45
21048;7026;16;2;135.22
21049;7026;2;2;169.54
21050;7027;27;2;257.64
21051;7027;129;2;59.78
21052;7027;166;3;36.18
21053;7027;253;3;62.5
21054;7027;230;2;163.67
21055;7028;139;1;284.29
21056;7028;123;1;70.77
21057;7028;235;3;98.52
21058;7029;14;3;139.17
21059;7029;72;1;136.88
21060;7029;18;1;140.06
21061;7029;125;1;136.07
21062;7029;137;3;83.8
21063;7030;181;3;42.65
21064;7030;146;2;35.44
21065;7030;184;3;75.61
21066;7030;231;2;58.56
21067;7031;248;1;278.21
21068;7031;6;3;124.34
21069;7031;271;3;134.08
21070;7032;35;2;57.55
21071;7032;222;1;207.75
21072;7032;295;1;401.67
21073;7032;245;1;88.8
21074;7032;143;3;86.74
21075;7033;54;2;232.82
21076;7034;122;1;159.31
21077;7035;31;1;263.13
21078;7036;122;2;159.31
21079;7036;108;2;53.06
21080;7037;161;2;66.77
21081;7037;155;2;75.12
21082;7037;203;1;22.49
21083;7037;164;3;38.45
21084;7038;163;1;127.95
21085;7038;50;2;63.53
21086;7038;196;1;15.62
21087;7039;175;1;18.54
21088;7039;184;3;75.61
21089;7039;257;3;75.87
21090;7039;200;1;209.0
21091;7039;211;2;253.01
21092;7040;49;1;49.52
21093;7040;183;2;83.98
21094;7040;171;3;59.0
21095;7041;291;2;67.09
21096;7041;194;3;39.16
21097;7042;218;2;163.84
21098;7042;204;1;63.94
21099;7042;66;3;65.31
21100;7042;126;2;333.38
21101;7042;164;3;38.45
21102;7043;83;1;28.81
21103;7043;36;3;35.27
21104;7043;140;1;35.81
21105;7044;233;3;153.83
21106;7044;202;3;84.57
21107;7045;4;1;15.69
21108;7045;173;3;44.37
21109;7045;185;1;47.76
21110;7045;66;1;65.31
21111;7045;145;3;77.19
21112;7046;176;2;23.46
21113;7046;250;3;45.33
21114;7046;187;3;145.63
21115;7046;238;3;130.67
21116;7047;194;3;39.16
21117;7047;281;2;13.59
21118;7048;289;2;36.82
21119;7048;69;1;100.84
21120;7048;49;3;49.52
21121;7049;238;3;130.67
21122;7049;241;2;177.76
21123;7050;148;2;161.06
21124;7050;153;2;28.61
21125;7050;42;2;263.42
21126;7050;7;2;435.46
21127;7050;85;3;276.27
21128;7051;239;3;89.88
21129;7051;281;2;13.59
21130;7051;10;3;83.77
21131;7052;271;2;134.08
21132;7052;284;3;66.65
21133;7052;179;1;16.67
21134;7052;248;2;278.21
21135;7052;203;1;22.49
21136;7053;112;3;112.28
21137;7053;231;2;58.56
21138;7054;190;3;16.04
21139;7054;202;2;84.57
21140;7055;273;2;197.68
21141;7055;50;2;63.53
21142;7056;233;1;153.83
21143;7056;82;3;115.88
21144;7056;3;1;355.2
21145;7056;272;1;32.79
21146;7057;273;3;197.68
21147;7057;95;3;11.53
21148;7057;64;2;63.91
21149;7057;230;2;163.67
21150;7057;213;1;29.38
21151;7058;212;3;167.62
21152;7059;71;3;104.37
21153;7059;10;3;83.77
21154;7059;175;2;18.54
21155;7060;108;3;53.06
21156;7060;76;2;23.8
21157;7061;63;2;81.7
21158;7062;290;2;138.11
21159;7062;126;3;333.38
21160;7063;53;1;51.23
21161;7063;46;1;32.13
21162;7064;181;1;42.65
21163;7064;286;2;23.1
21164;7064;5;1;99.57
21165;7064;179;2;16.67
21166;7064;253;1;62.5
21167;7065;269;2;27.35
21168;7065;278;1;58.03
21169;7066;80;1;16.51
21170;7066;38;3;136.67
21171;7066;221;3;182.12
21172;7067;51;1;69.12
21173;7067;297;3;111.18
21174;7067;58;1;37.93
21175;7067;65;2;165.71
21176;7068;259;2;193.37
21177;7069;101;2;337.71
21178;7069;264;1;22.18
21179;7070;38;1;136.67
21180;7070;278;2;58.03
21181;7071;119;1;52.95
21182;7071;169;2;117.44
21183;7071;157;2;145.39
21184;7072;286;3;23.1
21185;7072;122;1;159.31
21186;7072;113;1;261.82
21187;7072;245;2;88.8
21188;7073;60;3;69.22
21189;7073;233;1;153.83
21190;7074;234;3;199.16
21191;7074;23;1;17.91
21192;7074;76;2;23.8
21193;7074;11;1;27.62
21194;7074;143;2;86.74
21195;7075;103;1;60.73
21196;7075;24;3;171.7
21197;7076;32;1;65.71
21198;7076;236;1;27.58
21199;7076;158;2;219.43
21200;7076;248;3;278.21
21201;7077;150;2;51.66
21202;7077;86;2;68.41
21203;7077;32;3;65.71
21204;7078;47;3;10.35
21205;7078;65;2;165.71
21206;7078;56;3;84.93
21207;7078;99;1;18.5
21208;7078;183;1;83.98
21209;7079;230;2;163.67
21210;7079;12;1;58.48
21211;7079;243;2;23.3
21212;7080;206;3;30.23
21213;7080;246;2;105.53
21214;7080;223;3;12.9
21215;7081;53;1;51.23
21216;7081;216;1;265.62
21217;7081;159;1;56.32
21218;7081;243;1;23.3
21219;7082;146;1;35.44
21220;7083;115;3;45.38
21221;7083;178;2;117.25
21222;7084;71;3;104.37
21223;7084;10;1;83.77
21224;7084;101;1;337.71
21225;7085;277;3;141.51
21226;7085;137;2;83.8
21227;7085;166;1;36.18
21228;7085;275;2;167.5
21229;7086;271;2;134.08
21230;7086;217;1;133.47
21231;7086;281;3;13.59
21232;7087;166;1;36.18
21233;7087;72;3;136.88
21234;7087;281;2;13.59
21235;7087;285;1;108.9
21236;7087;8;3;295.75
21237;7088;269;1;27.35
21238;7089;163;2;127.95
21239;7089;297;3;111.18
21240;7089;196;1;15.62
21241;7090;296;2;31.73
21242;7090;16;3;135.22
21243;7090;277;2;141.51
21244;7090;133;1;129.76
21245;7091;94;3;191.51
21246;7092;233;1;153.83
21247;7093;107;3;57.11
21248;7093;242;2;66.96
21249;7094;126;2;333.38
21250;7094;177;1;190.69
21251;7094;6;3;124.34
21252;7094;176;2;23.46
21253;7094;46;2;32.13
21254;7095;267;2;23.63
21255;7095;251;2;594.78
21256;7095;202;1;84.57
21257;7096;73;2;47.55
21258;7096;260;3;183.92
21259;7096;110;1;33.58
21260;7097;183;3;83.98
21261;7098;289;1;36.82
21262;7099;95;3;11.53
21263;7099;247;2;280.92
21264;7099;56;1;84.93
21265;7100;48;1;214.66
21266;7100;196;2;15.62
21267;7100;252;2;124.2
21268;7100;64;1;63.91
21269;7100;188;3;221.91
21270;7101;173;3;44.37
21271;7101;30;1;43.42
21272;7102;276;1;77.1
21273;7102;283;2;114.46
21274;7102;23;2;17.91
21275;7103;198;3;53.21
21276;7103;144;1;46.76
21277;7103;282;2;377.84
21278;7103;227;2;128.22
21279;7103;92;1;338.54
21280;7104;263;1;58.98
21281;7104;215;1;42.37
21282;7104;187;2;145.63
21283;7104;105;3;19.14
21284;7105;251;2;594.78
21285;7105;189;2;298.51
21286;7106;209;2;110.99
21287;7106;55;2;105.96
21288;7106;143;2;86.74
21289;7106;126;3;333.38
21290;7107;282;2;377.84
21291;7107;129;1;59.78
21292;7107;298;2;95.71
21293;7107;285;2;108.9
21294;7108;294;1;73.58
21295;7108;102;1;79.45
21296;7108;188;1;221.91
21297;7108;67;3;41.38
21298;7108;188;2;221.91
21299;7109;121;3;102.0
21300;7110;296;2;31.73
21301;7111;11;1;27.62
21302;7111;9;1;134.64
21303;7112;35;1;57.55
21304;7112;146;3;35.44
21305;7112;92;1;338.54
21306;7112;37;3;125.9
21307;7113;124;1;109.44
21308;7114;44;3;46.23
21309;7114;98;3;156.09
21310;7115;256;3;229.2
21311;7115;85;1;276.27
21312;7115;77;1;137.95
21313;7115;129;3;59.78
21314;7115;59;1;107.83
21315;7116;5;2;99.57
21316;7116;215;3;42.37
21317;7116;296;2;31.73
21318;7117;293;1;32.93
21319;7117;259;2;193.37
21320;7117;194;2;39.16
21321;7118;187;1;145.63
21322;7118;219;1;18.89
21323;7119;19;3;25.52
21324;7119;196;1;15.62
21325;7119;20;3;27.74
21326;7120;207;2;234.88
21327;7120;235;3;98.52
21328;7121;224;2;289.95
21329;7121;85;1;276.27
21330;7121;65;3;165.71
21331;7121;239;2;89.88
21332;7122;127;1;28.04
21333;7122;9;3;134.64
21334;7122;221;3;182.12
21335;7122;244;3;291.31
21336;7122;191;2;144.67
21337;7123;75;1;176.39
21338;7124;282;2;377.84
21339;7124;233;1;153.83
21340;7124;224;1;289.95
21341;7124;17;1;66.06
21342;7125;34;1;71.61
21343;7126;263;3;58.98
21344;7127;6;1;124.34
21345;7127;241;2;177.76
21346;7128;33;3;98.43
21347;7128;105;2;19.14
21348;7129;279;3;52.64
21349;7129;290;1;138.11
21350;7129;216;2;265.62
21351;7129;191;3;144.67
21352;7129;17;1;66.06
21353;7130;132;3;76.68
21354;7130;145;2;77.19
21355;7130;141;3;62.63
21356;7130;242;1;66.96
21357;7131;18;3;140.06
21358;7131;48;1;214.66
21359;7131;216;1;265.62
21360;7131;64;1;63.91
21361;7132;258;2;183.46
21362;7132;270;2;149.02
21363;7132;102;3;79.45
21364;7132;254;2;92.06
21365;7132;128;2;604.55
21366;7133;294;1;73.58
21367;7133;34;2;71.61
21368;7133;194;2;39.16
21369;7134;9;3;134.64
21370;7134;103;2;60.73
21371;7134;141;3;62.63
21372;7134;101;1;337.71
21373;7134;160;3;62.31
21374;7135;155;3;75.12
21375;7135;219;2;18.89
21376;7136;134;3;60.38
21377;7136;89;3;376.3
21378;7136;95;3;11.53
21379;7136;216;1;265.62
21380;7136;109;3;46.77
21381;7137;108;3;53.06
21382;7137;7;2;435.46
21383;7137;241;2;177.76
21384;7137;61;1;251.37
21385;7137;181;3;42.65
21386;7138;218;1;163.84
21387;7139;73;2;47.55
21388;7139;153;2;28.61
21389;7140;2;1;169.54
21390;7140;11;2;27.62
21391;7140;246;1;105.53
21392;7141;207;3;234.88
21393;7141;293;1;32.93
21394;7141;204;3;63.94
21395;7141;242;3;66.96
21396;7142;48;2;214.66
21397;7142;36;3;35.27
21398;7142;217;1;133.47
21399;7142;238;2;130.67
21400;7142;12;1;58.48
21401;7143;280;3;194.11
21402;7143;155;3;75.12
21403;7143;28;2;98.17
21404;7143;121;1;102.0
21405;7143;287;1;82.17
21406;7144;254;2;92.06
21407;7145;9;1;134.64
21408;7145;179;2;16.67
21409;7145;113;1;261.82
21410;7146;128;3;604.55
21411;7146;291;2;67.09
21412;7146;203;2;22.49
21413;7146;296;3;31.73
21414;7147;167;3;40.59
21415;7147;38;2;136.67
21416;7147;189;2;298.51
21417;7147;41;2;202.78
21418;7147;134;2;60.38
21419;7148;287;2;82.17
21420;7148;185;3;47.76
21421;7148;70;3;99.53
21422;7148;127;3;28.04
21423;7148;132;2;76.68
21424;7149;58;1;37.93
21425;7150;141;2;62.63
21426;7150;98;2;156.09
21427;7151;210;2;230.86
21428;7151;202;2;84.57
21429;7152;240;2;115.21
21430;7153;212;3;167.62
21431;7153;296;1;31.73
21432;7153;296;2;31.73
21433;7153;178;3;117.25
21434;7154;277;3;141.51
21435;7154;185;1;47.76
21436;7154;30;3;43.42
21437;7154;292;2;115.69
21438;7155;160;1;62.31
21439;7155;240;1;115.21
21440;7155;265;3;194.8
21441;7155;220;3;97.41
21442;7155;202;1;84.57
21443;7156;200;3;209.0
21444;7157;11;3;27.62
21445;7157;46;3;32.13
21446;7157;215;1;42.37
21447;7158;65;1;165.71
21448;7158;92;2;338.54
21449;7158;287;1;82.17
21450;7159;274;3;43.03
21451;7160;283;1;114.46
21452;7161;180;2;59.61
21453;7161;226;2;105.33
21454;7161;134;1;60.38
21455;7162;243;2;23.3
21456;7162;254;2;92.06
21457;7163;90;1;238.59
21458;7163;204;3;63.94
21459;7164;181;1;42.65
21460;7164;275;1;167.5
21461;7164;291;1;67.09
21462;7164;261;2;138.08
21463;7164;267;1;23.63
21464;7165;175;3;18.54
21465;7165;101;3;337.71
21466;7166;83;3;28.81
21467;7166;101;2;337.71
21468;7166;105;3;19.14
21469;7166;150;1;51.66
21470;7167;134;1;60.38
21471;7167;212;2;167.62
21472;7167;115;3;45.38
21473;7168;57;1;49.4
21474;7168;33;3;98.43
21475;7168;53;3;51.23
21476;7169;62;3;77.66
21477;7170;293;2;32.93
21478;7170;19;3;25.52
21479;7170;77;1;137.95
21480;7170;222;1;207.75
21481;7170;146;1;35.44
21482;7171;221;3;182.12
21483;7172;101;3;337.71
21484;7172;180;3;59.61
21485;7172;292;1;115.69
21486;7172;185;2;47.76
21487;7173;213;3;29.38
21488;7173;184;2;75.61
21489;7173;75;1;176.39
21490;7173;253;2;62.5
21491;7174;263;3;58.98
21492;7174;240;1;115.21
21493;7174;77;1;137.95
21494;7175;98;3;156.09
21495;7175;289;3;36.82
21496;7175;105;1;19.14
21497;7176;146;3;35.44
21498;7176;73;3;47.55
21499;7176;230;2;163.67
21500;7176;240;3;115.21
21501;7177;264;1;22.18
21502;7177;14;3;139.17
21503;7177;294;1;73.58
21504;7177;288;1;430.61
21505;7177;3;2;355.2
21506;7178;197;2;109.76
21507;7178;33;2;98.43
21508;7178;216;3;265.62
21509;7178;203;1;22.49
21510;7178;51;1;69.12
21511;7179;282;2;377.84
21512;7179;243;3;23.3
21513;7179;1;3;85.25
21514;7179;193;2;303.95
21515;7180;283;3;114.46
21516;7180;155;3;75.12
21517;7180;70;3;99.53
21518;7180;162;3;265.52
21519;7181;127;3;28.04
21520;7181;37;1;125.9
21521;7181;231;2;58.56
21522;7181;115;2;45.38
21523;7182;238;2;130.67
21524;7182;180;3;59.61
21525;7182;131;2;94.96
21526;7182;73;2;47.55
21527;7182;285;3;108.9
21528;7183;95;2;11.53
21529;7183;259;2;193.37
21530;7184;101;2;337.71
21531;7185;218;2;163.84
21532;7185;5;3;99.57
21533;7185;41;2;202.78
21534;7185;67;3;41.38
21535;7186;170;3;22.32
21536;7186;240;1;115.21
21537;7186;66;2;65.31
21538;7187;88;3;271.98
21539;7188;290;3;138.11
21540;7188;59;2;107.83
21541;7188;31;2;263.13
21542;7189;285;3;108.9
21543;7189;53;3;51.23
21544;7190;270;2;149.02
21545;7190;262;2;203.02
21546;7190;160;2;62.31
21547;7191;32;3;65.71
21548;7191;172;3;108.1
21549;7191;45;2;206.86
21550;7191;82;3;115.88
21551;7191;46;2;32.13
21552;7192;183;1;83.98
21553;7192;186;2;24.83
21554;7193;40;2;165.59
21555;7194;292;2;115.69
21556;7194;126;2;333.38
21557;7194;298;3;95.71
21558;7194;165;3;30.46
21559;7195;37;1;125.9
21560;7195;185;1;47.76
21561;7195;160;3;62.31
21562;7195;16;1;135.22
21563;7195;134;2;60.38
21564;7196;221;2;182.12
21565;7196;80;3;16.51
21566;7196;238;3;130.67
21567;7197;77;1;137.95
21568;7198;188;2;221.91
21569;7198;186;1;24.83
21570;7199;154;1;276.99
21571;7199;125;1;136.07
21572;7200;69;3;100.84
21573;7200;236;3;27.58
21574;7201;4;2;15.69
21575;7201;244;3;291.31
21576;7201;6;1;124.34
21577;7201;20;2;27.74
21578;7201;33;1;98.43
21579;7202;21;3;27.77
21580;7202;153;1;28.61
21581;7203;275;1;167.5
21582;7203;121;3;102.0
21583;7203;156;2;51.61
21584;7203;271;1;134.08
21585;7204;187;2;145.63
21586;7204;159;3;56.32
21587;7205;25;2;36.6
21588;7205;111;1;28.98
21589;7206;294;2;73.58
21590;7206;18;2;140.06
21591;7206;236;2;27.58
21592;7206;162;3;265.52
21593;7206;62;1;77.66
21594;7207;259;3;193.37
21595;7208;271;2;134.08
21596;7208;143;1;86.74
21597;7209;236;1;27.58
21598;7209;5;1;99.57
21599;7210;98;3;156.09
21600;7210;23;2;17.91
21601;7210;174;2;16.75
21602;7210;70;2;99.53
21603;7211;46;1;32.13
21604;7211;217;2;133.47
21605;7212;278;3;58.03
21606;7212;281;3;13.59
21607;7212;46;2;32.13
21608;7212;231;3;58.56
21609;7212;110;3;33.58
21610;7213;289;3;36.82
21611;7213;129;3;59.78
21612;7213;213;1;29.38
21613;7214;288;2;430.61
21614;7215;129;3;59.78
21615;7215;254;3;92.06
21616;7215;47;3;10.35
21617;7215;136;1;77.12
21618;7215;23;1;17.91
21619;7216;96;1;318.43
21620;7216;239;3;89.88
21621;7216;126;3;333.38
21622;7216;190;3;16.04
21623;7216;61;2;251.37
21624;7217;237;2;11.53
21625;7217;193;3;303.95
21626;7217;273;3;197.68
21627;7218;133;3;129.76
21628;7218;204;2;63.94
21629;7218;151;3;14.87
21630;7218;277;2;141.51
21631;7218;299;2;93.25
21632;7219;105;2;19.14
21633;7219;60;1;69.22
21634;7220;83;3;28.81
21635;7220;258;3;183.46
21636;7220;290;1;138.11
21637;7220;176;2;23.46
21638;7221;23;3;17.91
21639;7221;180;1;59.61
21640;7221;278;2;58.03
21641;7221;289;3;36.82
21642;7221;191;2;144.67
21643;7222;219;3;18.89
21644;7222;14;1;139.17
21645;7222;192;3;139.65
21646;7223;171;2;59.0
21647;7223;92;1;338.54
21648;7223;277;2;141.51
21649;7224;198;2;53.21
21650;7225;249;2;94.89
21651;7226;59;3;107.83
21652;7226;38;1;136.67
21653;7226;1;1;85.25
21654;7226;8;1;295.75
21655;7226;54;2;232.82
21656;7227;143;2;86.74
21657;7227;266;3;78.95
21658;7228;155;3;75.12
21659;7229;241;2;177.76
21660;7229;67;2;41.38
21661;7229;255;1;63.76
21662;7229;84;3;56.46
21663;7229;196;2;15.62
21664;7230;92;1;338.54
21665;7230;207;2;234.88
21666;7230;59;3;107.83
21667;7230;39;1;42.14
21668;7231;55;3;105.96
21669;7231;85;3;276.27
21670;7231;295;2;401.67
21671;7231;40;1;165.59
21672;7231;121;3;102.0
21673;7232;283;3;114.46
21674;7232;83;2;28.81
21675;7232;18;2;140.06
21676;7232;178;1;117.25
21677;7233;239;2;89.88
21678;7234;171;3;59.0
21679;7234;291;1;67.09
21680;7234;251;3;594.78
21681;7235;12;1;58.48
21682;7235;149;1;112.47
21683;7235;254;3;92.06
21684;7235;254;1;92.06
21685;7236;16;2;135.22
21686;7236;153;2;28.61
21687;7236;258;3;183.46
21688;7236;45;1;206.86
21689;7237;159;1;56.32
21690;7237;213;2;29.38
21691;7237;133;1;129.76
21692;7237;66;2;65.31
21693;7238;200;2;209.0
21694;7238;85;2;276.27
21695;7238;130;1;138.45
21696;7238;295;2;401.67
21697;7238;224;1;289.95
21698;7239;135;2;23.48
21699;7239;108;1;53.06
21700;7240;53;1;51.23
21701;7240;10;1;83.77
21702;7240;239;1;89.88
21703;7240;149;2;112.47
21704;7240;58;2;37.93
21705;7241;65;1;165.71
21706;7242;77;2;137.95
21707;7242;141;2;62.63
21708;7242;279;1;52.64
21709;7243;214;3;180.06
21710;7243;87;2;172.22
21711;7243;177;3;190.69
21712;7243;17;2;66.06
21713;7244;221;2;182.12
21714;7245;23;1;17.91
21715;7246;96;1;318.43
21716;7246;228;2;21.36
21717;7246;74;2;13.44
21718;7247;190;2;16.04
21719;7248;34;3;71.61
21720;7248;75;1;176.39
21721;7248;143;1;86.74
21722;7248;96;3;318.43
21723;7248;196;2;15.62
21724;7249;89;2;376.3
21725;7249;277;3;141.51
21726;7250;109;1;46.77
21727;7250;107;2;57.11
21728;7251;62;2;77.66
21729;7251;144;3;46.76
21730;7251;76;3;23.8
21731;7251;175;3;18.54
21732;7251;253;3;62.5
21733;7252;232;3;21.33
21734;7252;142;2;26.83
21735;7252;158;2;219.43
21736;7253;166;2;36.18
21737;7253;74;1;13.44
21738;7253;148;2;161.06
21739;7253;189;3;298.51
21740;7254;250;3;45.33
21741;7254;257;3;75.87
21742;7254;64;1;63.91
21743;7254;181;1;42.65
21744;7254;127;1;28.04
21745;7255;266;1;78.95
21746;7255;258;2;183.46
21747;7255;67;2;41.38
21748;7255;298;3;95.71
21749;7255;117;1;187.28
21750;7256;178;2;117.25
21751;7256;46;2;32.13
21752;7256;203;1;22.49
21753;7257;28;1;98.17
21754;7257;102;3;79.45
21755;7258;19;2;25.52
21756;7258;249;2;94.89
21757;7259;52;1;198.57
21758;7260;204;2;63.94
21759;7261;71;2;104.37
21760;7261;83;1;28.81
21761;7261;121;2;102.0
21762;7261;2;3;169.54
21763;7262;265;2;194.8
21764;7262;134;3;60.38
21765;7262;215;3;42.37
21766;7263;136;3;77.12
21767;7263;85;3;276.27
21768;7263;67;2;41.38
21769;7263;112;3;112.28
21770;7263;244;2;291.31
21771;7264;223;1;12.9
21772;7265;200;3;209.0
21773;7265;84;1;56.46
21774;7266;235;3;98.52
21775;7266;280;2;194.11
21776;7266;155;1;75.12
21777;7266;234;2;199.16
21778;7267;58;3;37.93
21779;7268;257;3;75.87
21780;7268;50;3;63.53
21781;7269;156;3;51.61
21782;7270;103;1;60.73
21783;7270;84;2;56.46
21784;7270;180;2;59.61
21785;7270;220;3;97.41
21786;7271;22;3;231.52
21787;7271;288;3;430.61
21788;7272;200;3;209.0
21789;7272;46;2;32.13
21790;7272;33;3;98.43
21791;7272;4;2;15.69
21792;7272;244;3;291.31
21793;7273;158;2;219.43
21794;7273;278;3;58.03
21795;7273;160;3;62.31
21796;7273;137;3;83.8
21797;7274;9;2;134.64
21798;7274;18;1;140.06
21799;7274;204;1;63.94
21800;7274;146;1;35.44
21801;7274;20;1;27.74
21802;7275;286;3;23.1
21803;7275;219;3;18.89
21804;7275;277;1;141.51
21805;7276;120;2;44.38
21806;7276;82;2;115.88
21807;7276;159;3;56.32
21808;7276;98;3;156.09
21809;7276;147;2;15.53
21810;7277;294;2;73.58
21811;7277;201;3;55.38
21812;7277;236;2;27.58
21813;7277;58;3;37.93
21814;7278;25;1;36.6
21815;7278;34;2;71.61
21816;7278;88;2;271.98
21817;7279;34;3;71.61
21818;7280;123;3;70.77
21819;7280;253;2;62.5
21820;7280;87;2;172.22
21821;7280;133;3;129.76
21822;7280;218;1;163.84
21823;7281;177;1;190.69
21824;7281;205;1;54.75
21825;7281;173;3;44.37
21826;7282;41;2;202.78
21827;7282;242;2;66.96
21828;7282;256;1;229.2
21829;7282;111;2;28.98
21830;7283;283;3;114.46
21831;7283;219;2;18.89
21832;7283;54;2;232.82
21833;7283;279;2;52.64
21834;7283;299;2;93.25
21835;7284;119;3;52.95
21836;7284;83;3;28.81
21837;7284;23;1;17.91
21838;7285;70;1;99.53
21839;7285;267;2;23.63
21840;7285;277;2;141.51
21841;7285;156;2;51.61
21842;7285;51;2;69.12
21843;7286;145;3;77.19
21844;7286;80;2;16.51
21845;7287;154;3;276.99
21846;7288;252;2;124.2
21847;7288;119;3;52.95
21848;7288;84;2;56.46
21849;7288;271;2;134.08
21850;7289;107;1;57.11
21851;7289;251;2;594.78
21852;7289;297;3;111.18
21853;7289;169;3;117.44
21854;7289;10;3;83.77
21855;7290;24;2;171.7
21856;7290;49;2;49.52
21857;7291;21;1;27.77
21858;7291;114;2;81.1
21859;7292;56;3;84.93
21860;7292;233;1;153.83
21861;7292;24;3;171.7
21862;7293;133;3;129.76
21863;7293;100;3;36.47
21864;7293;70;1;99.53
21865;7293;219;1;18.89
21866;7293;51;2;69.12
21867;7294;118;1;365.76
21868;7294;203;2;22.49
21869;7294;173;3;44.37
21870;7294;286;3;23.1
21871;7295;100;2;36.47
21872;7295;286;1;23.1
21873;7295;132;2;76.68
21874;7295;174;3;16.75
21875;7295;172;2;108.1
21876;7296;179;3;16.67
21877;7296;95;3;11.53
21878;7297;198;2;53.21
21879;7297;204;2;63.94
21880;7298;140;3;35.81
21881;7299;19;3;25.52
21882;7299;33;1;98.43
21883;7299;266;2;78.95
21884;7299;73;2;47.55
21885;7300;112;3;112.28
21886;7301;247;1;280.92
21887;7302;238;2;130.67
21888;7303;132;3;76.68
21889;7303;256;2;229.2
21890;7303;69;3;100.84
21891;7303;240;2;115.21
21892;7303;104;1;193.22
21893;7304;56;2;84.93
21894;7304;248;1;278.21
21895;7305;44;3;46.23
21896;7305;294;3;73.58
21897;7305;102;2;79.45
21898;7306;273;3;197.68
21899;7306;118;1;365.76
21900;7306;193;2;303.95
21901;7307;59;2;107.83
21902;7307;73;1;47.55
21903;7307;229;1;14.92
21904;7307;238;2;130.67
21905;7308;153;2;28.61
21906;7308;159;1;56.32
21907;7308;78;2;18.59
21908;7308;36;1;35.27
21909;7308;32;1;65.71
21910;7309;28;3;98.17
21911;7310;80;3;16.51
21912;7310;296;3;31.73
21913;7310;78;3;18.59
21914;7310;76;3;23.8
21915;7311;105;1;19.14
21916;7311;264;2;22.18
21917;7311;181;2;42.65
21918;7311;238;3;130.67
21919;7311;189;2;298.51
21920;7312;21;2;27.77
21921;7312;264;1;22.18
21922;7312;75;2;176.39
21923;7312;127;3;28.04
21924;7312;239;1;89.88
21925;7313;114;1;81.1
21926;7313;92;2;338.54
21927;7314;49;2;49.52
21928;7314;286;2;23.1
21929;7314;171;3;59.0
21930;7314;280;3;194.11
21931;7314;272;1;32.79
21932;7315;231;3;58.56
21933;7315;198;3;53.21
21934;7315;186;2;24.83
21935;7315;201;3;55.38
21936;7316;207;2;234.88
21937;7316;166;2;36.18
21938;7317;51;1;69.12
21939;7317;18;3;140.06
21940;7317;161;3;66.77
21941;7317;294;3;73.58
21942;7318;255;1;63.76
21943;7318;4;1;15.69
21944;7319;176;3;23.46
21945;7319;272;3;32.79
21946;7319;47;1;10.35
21947;7319;36;2;35.27
21948;7319;289;1;36.82
21949;7320;76;3;23.8
21950;7320;269;1;27.35
21951;7321;266;1;78.95
21952;7321;89;3;376.3
21953;7321;42;2;263.42
21954;7322;217;2;133.47
21955;7322;134;2;60.38
21956;7322;4;1;15.69
21957;7322;227;3;128.22
21958;7323;46;2;32.13
21959;7323;191;1;144.67
21960;7324;201;1;55.38
21961;7324;284;2;66.65
21962;7324;174;3;16.75
21963;7325;79;1;57.05
21964;7325;183;1;83.98
21965;7325;213;3;29.38
21966;7326;29;2;33.59
21967;7326;195;2;145.55
21968;7326;111;1;28.98
21969;7326;89;1;376.3
21970;7326;19;2;25.52
21971;7327;252;1;124.2
21972;7327;262;3;203.02
21973;7327;48;1;214.66
21974;7327;248;2;278.21
21975;7327;27;3;257.64
21976;7328;120;3;44.38
21977;7328;124;2;109.44
21978;7328;73;3;47.55
21979;7328;182;2;96.28
21980;7328;270;1;149.02
21981;7329;85;1;276.27
21982;7329;153;2;28.61
21983;7330;300;3;105.48
21984;7330;194;1;39.16
21985;7330;4;1;15.69
21986;7330;199;2;156.49
21987;7331;88;3;271.98
21988;7331;31;1;263.13
21989;7331;113;3;261.82
21990;7331;17;3;66.06
21991;7332;109;1;46.77
21992;7332;50;2;63.53
21993;7332;4;2;15.69
21994;7333;35;1;57.55
21995;7333;131;2;94.96
21996;7333;132;3;76.68
21997;7334;184;3;75.61
21998;7334;160;1;62.31
21999;7334;271;1;134.08
22000;7335;157;1;145.39
22001;7335;253;2;62.5
22002;7335;141;1;62.63
22003;7335;101;2;337.71
22004;7335;134;3;60.38
22005;7336;63;1;81.7
22006;7336;75;1;176.39
22007;7337;51;3;69.12
22008;7337;135;2;23.48
22009;7337;21;3;27.77
22010;7337;228;1;21.36
22011;7337;247;2;280.92
22012;7338;137;1;83.8
22013;7338;215;2;42.37
22014;7339;280;1;194.11
22015;7339;53;2;51.23
22016;7339;227;3;128.22
22017;7339;253;2;62.5
22018;7340;198;2;53.21
22019;7340;4;1;15.69
22020;7341;129;3;59.78
22021;7342;181;2;42.65
22022;7342;153;2;28.61
22023;7342;85;1;276.27
22024;7342;106;2;63.95
22025;7342;50;2;63.53
22026;7343;116;2;27.34
22027;7343;151;2;14.87
22028;7343;96;3;318.43
22029;7343;261;1;138.08
22030;7344;240;1;115.21
22031;7344;146;3;35.44
22032;7344;12;2;58.48
22033;7344;167;2;40.59
22034;7345;34;2;71.61
22035;7346;144;1;46.76
22036;7346;28;1;98.17
22037;7347;212;1;167.62
22038;7347;240;3;115.21
22039;7348;248;3;278.21
22040;7348;11;3;27.62
22041;7348;51;2;69.12
22042;7348;35;3;57.55
22043;7349;87;2;172.22
22044;7349;71;2;104.37
22045;7349;99;3;18.5
22046;7349;69;3;100.84
22047;7350;177;1;190.69
22048;7350;298;1;95.71
22049;7351;198;1;53.21
22050;7351;203;1;22.49
22051;7352;62;3;77.66
22052;7353;293;1;32.93
22053;7353;237;2;11.53
22054;7353;291;1;67.09
22055;7354;92;3;338.54
22056;7354;113;3;261.82
22057;7354;14;2;139.17
22058;7354;172;2;108.1
22059;7355;200;2;209.0
22060;7355;108;2;53.06
22061;7356;259;3;193.37
22062;7356;17;2;66.06
22063;7356;195;2;145.55
22064;7356;95;3;11.53
22065;7357;196;1;15.62
22066;7357;234;3;199.16
22067;7357;255;1;63.76
22068;7357;3;3;355.2
22069;7357;63;2;81.7
22070;7358;210;1;230.86
22071;7358;294;3;73.58
22072;7358;123;1;70.77
22073;7358;120;3;44.38
22074;7358;11;3;27.62
22075;7359;149;2;112.47
22076;7359;104;3;193.22
22077;7359;62;2;77.66
22078;7360;28;2;98.17
22079;7361;194;1;39.16
22080;7362;223;1;12.9
22081;7362;182;1;96.28
22082;7362;80;2;16.51
22083;7362;155;2;75.12
22084;7362;49;1;49.52
22085;7363;122;3;159.31
22086;7363;277;3;141.51
22087;7364;16;3;135.22
22088;7364;236;1;27.58
22089;7365;300;3;105.48
22090;7366;35;2;57.55
22091;7366;214;2;180.06
22092;7366;94;1;191.51
22093;7366;32;2;65.71
22094;7367;196;1;15.62
22095;7367;92;3;338.54
22096;7367;270;2;149.02
22097;7367;229;2;14.92
22098;7367;102;1;79.45
22099;7368;182;2;96.28
22100;7368;267;3;23.63
22101;7368;289;1;36.82
22102;7368;295;3;401.67
22103;7368;106;1;63.95
22104;7369;54;2;232.82
22105;7369;195;2;145.55
22106;7369;105;3;19.14
22107;7370;207;3;234.88
22108;7370;146;1;35.44
22109;7370;110;3;33.58
22110;7370;206;3;30.23
22111;7371;258;3;183.46
22112;7372;21;1;27.77
22113;7372;214;3;180.06
22114;7372;63;3;81.7
22115;7372;109;2;46.77
22116;7373;161;1;66.77
22117;7374;212;2;167.62
22118;7374;52;1;198.57
22119;7374;126;3;333.38
22120;7375;198;3;53.21
22121;7376;143;3;86.74
22122;7376;241;1;177.76
22123;7377;233;3;153.83
22124;7377;227;3;128.22
22125;7378;184;1;75.61
22126;7378;186;2;24.83
22127;7378;264;2;22.18
22128;7378;181;1;42.65
22129;7378;150;3;51.66
22130;7379;3;2;355.2
22131;7379;39;3;42.14
22132;7379;257;2;75.87
22133;7379;271;2;134.08
22134;7380;66;3;65.31
22135;7380;177;2;190.69
22136;7380;80;1;16.51
22137;7380;16;3;135.22
22138;7380;207;1;234.88
22139;7381;275;3;167.5
22140;7381;259;3;193.37
22141;7382;85;3;276.27
22142;7382;143;1;86.74
22143;7382;274;3;43.03
22144;7383;33;2;98.43
22145;7383;166;3;36.18
22146;7383;193;1;303.95
22147;7383;241;1;177.76
22148;7384;181;3;42.65
22149;7384;116;2;27.34
22150;7384;11;2;27.62
22151;7384;184;3;75.61
22152;7384;174;1;16.75
22153;7385;242;1;66.96
22154;7386;10;3;83.77
22155;7386;256;3;229.2
22156;7386;197;3;109.76
22157;7386;138;2;32.55
22158;7387;243;1;23.3
22159;7388;176;3;23.46
22160;7388;112;1;112.28
22161;7389;2;3;169.54
22162;7390;3;2;355.2
22163;7390;43;1;27.58
22164;7391;52;2;198.57
22165;7391;251;3;594.78
22166;7392;279;2;52.64
22167;7392;39;1;42.14
22168;7392;127;3;28.04
22169;7392;221;1;182.12
22170;7392;20;3;27.74
22171;7393;300;2;105.48
22172;7393;243;2;23.3
22173;7393;282;3;377.84
22174;7393;3;2;355.2
22175;7394;261;1;138.08
22176;7395;242;1;66.96
22177;7395;258;3;183.46
22178;7396;21;1;27.77
22179;7397;66;2;65.31
22180;7398;256;2;229.2
22181;7398;200;2;209.0
22182;7398;215;3;42.37
22183;7398;277;3;141.51
22184;7398;113;1;261.82
22185;7399;127;1;28.04
22186;7400;39;3;42.14
22187;7400;25;2;36.6
22188;7400;93;2;177.34
22189;7400;211;2;253.01
22190;7400;117;2;187.28
22191;7401;173;1;44.37
22192;7401;28;2;98.17
22193;7401;237;2;11.53
22194;7401;255;2;63.76
22195;7402;282;3;377.84
22196;7402;32;2;65.71
22197;7402;230;1;163.67
22198;7402;152;3;210.67
22199;7402;226;3;105.33
22200;7403;28;3;98.17
22201;7404;290;2;138.11
22202;7404;132;1;76.68
22203;7404;276;3;77.1
22204;7404;4;3;15.69
22205;7404;272;1;32.79
22206;7405;17;2;66.06
22207;7405;55;2;105.96
22208;7406;136;2;77.12
22209;7406;14;2;139.17
22210;7406;12;1;58.48
22211;7406;240;2;115.21
22212;7406;246;2;105.53
22213;7407;209;1;110.99
22214;7407;58;2;37.93
22215;7407;167;1;40.59
22216;7407;114;3;81.1
22217;7407;298;1;95.71
22218;7408;200;2;209.0
22219;7408;276;2;77.1
22220;7408;211;1;253.01
22221;7408;132;3;76.68
22222;7409;156;1;51.61
22223;7409;235;2;98.52
22224;7410;7;2;435.46
22225;7410;133;3;129.76
22226;7410;4;1;15.69
22227;7410;169;3;117.44
22228;7411;57;1;49.4
22229;7412;12;2;58.48
22230;7412;104;3;193.22
22231;7412;214;3;180.06
22232;7412;79;2;57.05
22233;7412;198;1;53.21
22234;7413;264;2;22.18
22235;7413;203;1;22.49
22236;7414;243;2;23.3
22237;7414;259;2;193.37
22238;7414;139;1;284.29
22239;7414;277;1;141.51
22240;7414;290;1;138.11
22241;7415;49;1;49.52
22242;7415;250;1;45.33
22243;7415;5;2;99.57
22244;7415;216;3;265.62
22245;7415;219;2;18.89
22246;7416;174;3;16.75
22247;7417;10;1;83.77
22248;7418;68;3;208.07
22249;7418;10;3;83.77
22250;7418;244;2;291.31
22251;7419;194;3;39.16
22252;7420;235;3;98.52
22253;7420;266;1;78.95
22254;7420;185;2;47.76
22255;7421;194;3;39.16
22256;7422;22;3;231.52
22257;7422;275;1;167.5
22258;7423;251;2;594.78
22259;7424;228;3;21.36
22260;7424;282;2;377.84
22261;7425;94;2;191.51
22262;7425;167;2;40.59
22263;7426;27;1;257.64
22264;7426;266;3;78.95
22265;7426;87;3;172.22
22266;7426;274;1;43.03
22267;7427;80;2;16.51
22268;7427;261;3;138.08
22269;7427;147;1;15.53
22270;7427;24;3;171.7
22271;7428;33;3;98.43
22272;7428;27;2;257.64
22273;7429;61;2;251.37
22274;7429;289;3;36.82
22275;7429;280;2;194.11
22276;7429;180;1;59.61
22277;7429;127;3;28.04
22278;7430;132;3;76.68
22279;7430;252;3;124.2
22280;7430;148;2;161.06
22281;7431;106;3;63.95
22282;7431;207;3;234.88
22283;7432;221;3;182.12
22284;7432;71;2;104.37
22285;7432;75;3;176.39
22286;7432;126;1;333.38
22287;7432;271;3;134.08
22288;7433;57;1;49.4
22289;7433;277;3;141.51
22290;7433;191;1;144.67
22291;7434;7;2;435.46
22292;7434;157;2;145.39
22293;7434;240;2;115.21
22294;7435;167;1;40.59
22295;7436;117;2;187.28
22296;7436;272;1;32.79
22297;7436;39;2;42.14
22298;7437;197;1;109.76
22299;7437;145;2;77.19
22300;7437;120;1;44.38
22301;7437;133;2;129.76
22302;7437;173;3;44.37
22303;7438;122;3;159.31
22304;7438;200;3;209.0
22305;7438;154;2;276.99
22306;7439;98;2;156.09
22307;7439;200;1;209.0
22308;7440;144;2;46.76
22309;7440;237;3;11.53
22310;7440;283;1;114.46
22311;7441;264;3;22.18
22312;7441;216;2;265.62
22313;7441;223;1;12.9
22314;7442;84;1;56.46
22315;7443;194;3;39.16
22316;7443;284;3;66.65
22317;7444;274;1;43.03
22318;7444;291;3;67.09
22319;7445;35;1;57.55
22320;7445;217;2;133.47
22321;7445;65;2;165.71
22322;7446;55;3;105.96
22323;7446;171;1;59.0
22324;7447;141;1;62.63
22325;7448;173;2;44.37
22326;7448;143;1;86.74
22327;7449;172;3;108.1
22328;7449;74;2;13.44
22329;7449;252;2;124.2
22330;7450;243;3;23.3
22331;7450;75;1;176.39
22332;7451;258;3;183.46
22333;7451;265;3;194.8
22334;7451;40;2;165.59
22335;7452;236;3;27.58
22336;7452;134;2;60.38
22337;7453;102;2;79.45
22338;7453;156;2;51.61
22339;7453;205;2;54.75
22340;7454;160;3;62.31
22341;7455;49;3;49.52
22342;7456;241;3;177.76
22343;7456;91;1;48.19
22344;7456;204;1;63.94
22345;7457;243;2;23.3
22346;7457;116;1;27.34
22347;7457;79;2;57.05
22348;7457;249;1;94.89
22349;7457;138;3;32.55
22350;7458;44;1;46.23
22351;7458;90;2;238.59
22352;7458;284;1;66.65
22353;7458;259;1;193.37
22354;7459;118;1;365.76
22355;7460;14;1;139.17
22356;7460;92;1;338.54
22357;7460;295;3;401.67
22358;7461;121;3;102.0
22359;7461;118;2;365.76
22360;7462;68;2;208.07
22361;7462;115;1;45.38
22362;7463;275;3;167.5
22363;7463;248;2;278.21
22364;7463;228;3;21.36
22365;7463;183;3;83.98
22366;7464;181;2;42.65
22367;7464;218;2;163.84
22368;7464;208;2;26.03
22369;7464;95;2;11.53
22370;7465;229;2;14.92
22371;7465;57;2;49.4
22372;7465;293;1;32.93
22373;7465;259;1;193.37
22374;7466;248;1;278.21
22375;7466;164;3;38.45
22376;7466;224;2;289.95
22377;7467;20;2;27.74
22378;7468;160;3;62.31
22379;7468;117;2;187.28
22380;7468;185;1;47.76
22381;7469;215;1;42.37
22382;7469;232;3;21.33
22383;7470;184;1;75.61
22384;7470;277;2;141.51
22385;7471;51;3;69.12
22386;7471;95;3;11.53
22387;7471;20;1;27.74
22388;7471;265;1;194.8
22389;7472;174;3;16.75
22390;7472;228;3;21.36
22391;7473;285;2;108.9
22392;7473;295;3;401.67
22393;7473;15;2;110.9
22394;7473;228;2;21.36
22395;7473;144;1;46.76
22396;7474;252;2;124.2
22397;7474;109;1;46.77
22398;7474;171;3;59.0
22399;7474;229;3;14.92
22400;7475;86;3;68.41
22401;7475;198;2;53.21
22402;7476;143;3;86.74
22403;7476;132;2;76.68
22404;7476;170;3;22.32
22405;7476;26;2;73.19
22406;7476;113;1;261.82
22407;7477;111;3;28.98
22408;7477;163;1;127.95
22409;7477;250;2;45.33
22410;7477;283;3;114.46
22411;7478;215;1;42.37
22412;7479;67;3;41.38
22413;7479;295;2;401.67
22414;7480;292;3;115.69
22415;7480;229;2;14.92
22416;7480;224;1;289.95
22417;7480;265;1;194.8
22418;7480;201;2;55.38
22419;7481;12;2;58.48
22420;7481;217;2;133.47
22421;7481;113;1;261.82
22422;7482;25;1;36.6
22423;7482;203;2;22.49
22424;7483;33;3;98.43
22425;7483;286;3;23.1
22426;7483;11;2;27.62
22427;7484;107;2;57.11
22428;7484;180;3;59.61
22429;7485;82;2;115.88
22430;7485;289;1;36.82
22431;7486;171;3;59.0
22432;7486;95;1;11.53
22433;7486;58;3;37.93
22434;7487;26;3;73.19
22435;7487;46;2;32.13
22436;7488;211;1;253.01
22437;7488;216;1;265.62
22438;7488;299;2;93.25
22439;7489;245;1;88.8
22440;7489;113;2;261.82
22441;7490;243;3;23.3
22442;7490;161;1;66.77
22443;7490;275;1;167.5
22444;7491;147;2;15.53
22445;7491;298;2;95.71
22446;7491;82;1;115.88
22447;7491;19;1;25.52
22448;7491;198;2;53.21
22449;7492;97;3;160.55
22450;7492;205;3;54.75
22451;7492;157;2;145.39
22452;7493;67;2;41.38
22453;7493;94;1;191.51
22454;7494;85;1;276.27
22455;7494;22;2;231.52
22456;7494;59;3;107.83
22457;7495;215;3;42.37
22458;7495;202;1;84.57
22459;7495;175;2;18.54
22460;7495;104;2;193.22
22461;7495;108;3;53.06
22462;7496;49;2;49.52
22463;7496;266;3;78.95
22464;7496;81;2;83.86
22465;7497;26;3;73.19
22466;7497;253;2;62.5
22467;7497;221;3;182.12
22468;7497;42;3;263.42
22469;7497;42;1;263.42
22470;7498;136;3;77.12
22471;7498;150;3;51.66
22472;7498;170;3;22.32
22473;7499;255;1;63.76
22474;7499;172;2;108.1
22475;7500;276;1;77.1
22476;7500;230;2;163.67
22477;7501;74;1;13.44
22478;7501;248;1;278.21
22479;7502;278;3;58.03
22480;7502;27;3;257.64
22481;7502;85;2;276.27
22482;7502;31;3;263.13
22483;7502;10;2;83.77
22484;7503;219;1;18.89
22485;7503;47;2;10.35
22486;7503;296;3;31.73
22487;7503;274;2;43.03
22488;7503;101;3;337.71
22489;7504;91;3;48.19
22490;7504;253;2;62.5
22491;7504;92;2;338.54
22492;7505;93;3;177.34
22493;7505;45;1;206.86
22494;7506;78;2;18.59
22495;7506;186;2;24.83
22496;7507;57;1;49.4
22497;7507;222;3;207.75
22498;7507;135;3;23.48
22499;7507;75;1;176.39
22500;7507;232;1;21.33
22501;7508;190;1;16.04
22502;7509;163;1;127.95
22503;7509;226;2;105.33
22504;7509;233;1;153.83
22505;7509;249;3;94.89
22506;7509;187;1;145.63
22507;7510;139;2;284.29
22508;7510;258;2;183.46
22509;7510;26;1;73.19
22510;7511;135;1;23.48
22511;7511;297;3;111.18
22512;7511;185;2;47.76
22513;7512;159;2;56.32
22514;7513;59;2;107.83
22515;7513;264;3;22.18
22516;7513;16;3;135.22
22517;7513;22;1;231.52
22518;7514;8;1;295.75
22519;7514;134;3;60.38
22520;7514;148;3;161.06
22521;7514;121;1;102.0
22522;7515;139;1;284.29
22523;7515;92;1;338.54
22524;7515;82;2;115.88
22525;7515;254;1;92.06
22526;7516;146;1;35.44
22527;7517;152;1;210.67
22528;7517;184;2;75.61
22529;7517;116;3;27.34
22530;7517;111;2;28.98
22531;7517;166;1;36.18
22532;7518;41;3;202.78
22533;7518;84;1;56.46
22534;7518;218;3;163.84
22535;7518;251;3;594.78
22536;7518;87;3;172.22
22537;7519;71;2;104.37
22538;7519;274;2;43.03
22539;7519;257;1;75.87
22540;7519;31;3;263.13
22541;7519;126;2;333.38
22542;7520;122;2;159.31
22543;7520;267;3;23.63
22544;7520;68;3;208.07
22545;7521;296;3;31.73
22546;7521;129;2;59.78
22547;7521;49;1;49.52
22548;7521;232;1;21.33
22549;7522;189;1;298.51
22550;7522;177;1;190.69
22551;7522;269;3;27.35
22552;7522;82;1;115.88
22553;7523;14;1;139.17
22554;7523;84;3;56.46
22555;7523;27;1;257.64
22556;7524;22;1;231.52
22557;7525;56;3;84.93
22558;7526;262;2;203.02
22559;7526;196;3;15.62
22560;7526;218;1;163.84
22561;7527;20;1;27.74
22562;7528;151;1;14.87
22563;7528;39;2;42.14
22564;7528;128;3;604.55
22565;7528;269;2;27.35
22566;7529;220;1;97.41
22567;7530;278;1;58.03
22568;7530;33;3;98.43
22569;7530;106;3;63.95
22570;7530;228;3;21.36
22571;7531;124;1;109.44
22572;7531;188;1;221.91
22573;7532;222;1;207.75
22574;7532;102;1;79.45
22575;7532;106;2;63.95
22576;7532;164;2;38.45
22577;7532;36;3;35.27
22578;7533;256;2;229.2
22579;7533;51;1;69.12
22580;7533;135;1;23.48
22581;7534;224;3;289.95
22582;7535;262;1;203.02
22583;7535;184;3;75.61
22584;7535;9;2;134.64
22585;7535;290;3;138.11
22586;7535;21;3;27.77
22587;7536;203;2;22.49
22588;7536;272;1;32.79
22589;7536;81;2;83.86
22590;7536;63;1;81.7
22591;7536;149;2;112.47
22592;7537;227;2;128.22
22593;7537;221;3;182.12
22594;7537;36;3;35.27
22595;7537;15;1;110.9
22596;7537;244;1;291.31
22597;7538;105;3;19.14
22598;7538;51;1;69.12
22599;7538;151;3;14.87
22600;7538;75;2;176.39
22601;7538;153;2;28.61
22602;7539;159;2;56.32
22603;7539;218;2;163.84
22604;7539;135;2;23.48
22605;7540;127;2;28.04
22606;7540;69;1;100.84
22607;7540;279;2;52.64
22608;7540;196;3;15.62
22609;7540;65;2;165.71
22610;7541;27;3;257.64
22611;7541;258;3;183.46
22612;7541;134;1;60.38
22613;7541;145;1;77.19
22614;7542;112;3;112.28
22615;7543;95;3;11.53
22616;7544;146;1;35.44
22617;7545;44;1;46.23
22618;7545;291;1;67.09
22619;7546;221;1;182.12
22620;7546;251;2;594.78
22621;7546;274;3;43.03
22622;7547;190;2;16.04
22623;7547;265;1;194.8
22624;7547;90;2;238.59
22625;7547;151;1;14.87
22626;7548;85;2;276.27
22627;7549;100;3;36.47
22628;7549;171;2;59.0
22629;7549;131;3;94.96
22630;7550;226;1;105.33
22631;7550;118;1;365.76
22632;7550;210;1;230.86
22633;7551;14;3;139.17
22634;7551;221;3;182.12
22635;7552;138;3;32.55
22636;7552;179;3;16.67
22637;7552;25;1;36.6
22638;7552;57;1;49.4
22639;7552;218;1;163.84
22640;7553;34;2;71.61
22641;7553;105;3;19.14
22642;7554;73;3;47.55
22643;7554;257;3;75.87
22644;7554;13;1;97.98
22645;7555;78;2;18.59
22646;7556;198;2;53.21
22647;7556;30;1;43.42
22648;7556;7;3;435.46
22649;7557;59;1;107.83
22650;7557;73;1;47.55
22651;7557;35;2;57.55
22652;7557;264;2;22.18
22653;7558;111;2;28.98
22654;7559;84;1;56.46
22655;7559;25;2;36.6
22656;7559;11;3;27.62
22657;7559;288;3;430.61
22658;7560;62;3;77.66
22659;7560;72;3;136.88
22660;7561;254;2;92.06
22661;7561;160;3;62.31
22662;7562;65;1;165.71
22663;7562;184;3;75.61
22664;7562;19;3;25.52
22665;7562;66;2;65.31
22666;7562;229;2;14.92
22667;7563;146;3;35.44
22668;7563;57;3;49.4
22669;7564;131;1;94.96
22670;7564;198;3;53.21
22671;7565;27;2;257.64
22672;7565;55;3;105.96
22673;7566;245;2;88.8
22674;7566;10;2;83.77
22675;7566;121;2;102.0
22676;7566;293;2;32.93
22677;7566;78;1;18.59
22678;7567;68;2;208.07
22679;7567;41;3;202.78
22680;7568;17;2;66.06
22681;7569;22;3;231.52
22682;7569;138;1;32.55
22683;7569;123;1;70.77
22684;7569;55;2;105.96
22685;7569;60;3;69.22
22686;7570;106;3;63.95
22687;7570;143;2;86.74
22688;7570;152;1;210.67
22689;7570;97;3;160.55
22690;7571;124;3;109.44
22691;7571;240;3;115.21
22692;7571;269;3;27.35
22693;7572;180;2;59.61
22694;7572;12;3;58.48
22695;7572;270;3;149.02
22696;7572;163;1;127.95
22697;7572;283;3;114.46
22698;7573;12;1;58.48
22699;7573;114;1;81.1
22700;7573;275;1;167.5
22701;7573;271;1;134.08
22702;7573;101;3;337.71
22703;7574;261;3;138.08
22704;7574;14;3;139.17
22705;7575;154;1;276.99
22706;7575;290;1;138.11
22707;7575;95;2;11.53
22708;7575;206;2;30.23
22709;7576;33;3;98.43
22710;7576;126;2;333.38
22711;7576;208;2;26.03
22712;7576;48;2;214.66
22713;7577;234;2;199.16
22714;7578;91;3;48.19
22715;7578;162;2;265.52
22716;7579;93;1;177.34
22717;7580;160;1;62.31
22718;7580;256;1;229.2
22719;7580;246;2;105.53
22720;7580;54;1;232.82
22721;7581;136;3;77.12
22722;7581;32;2;65.71
22723;7582;89;2;376.3
22724;7582;239;2;89.88
22725;7582;22;2;231.52
22726;7582;65;3;165.71
22727;7582;160;1;62.31
22728;7583;58;2;37.93
22729;7583;286;3;23.1
22730;7583;92;3;338.54
22731;7583;118;3;365.76
22732;7583;173;2;44.37
22733;7584;22;1;231.52
22734;7584;232;3;21.33
22735;7585;197;2;109.76
22736;7585;223;2;12.9
22737;7586;51;3;69.12
22738;7586;56;3;84.93
22739;7586;190;1;16.04
22740;7587;204;1;63.94
22741;7587;113;1;261.82
22742;7588;168;1;36.16
22743;7588;264;2;22.18
22744;7588;51;3;69.12
22745;7588;214;3;180.06
22746;7589;264;2;22.18
22747;7589;254;3;92.06
22748;7589;133;2;129.76
22749;7589;200;1;209.0
22750;7589;39;1;42.14
22751;7590;191;3;144.67
22752;7590;271;2;134.08
22753;7591;107;2;57.11
22754;7591;22;3;231.52
22755;7591;8;1;295.75
22756;7591;69;2;100.84
22757;7592;75;3;176.39
22758;7593;193;2;303.95
22759;7593;220;2;97.41
22760;7593;197;3;109.76
22761;7593;185;2;47.76
22762;7593;284;2;66.65
22763;7594;251;3;594.78
22764;7595;271;1;134.08
22765;7595;51;2;69.12
22766;7595;299;1;93.25
22767;7595;121;1;102.0
22768;7596;151;1;14.87
22769;7596;111;1;28.98
22770;7596;91;2;48.19
22771;7596;8;1;295.75
22772;7596;60;2;69.22
22773;7597;20;3;27.74
22774;7597;235;2;98.52
22775;7597;167;2;40.59
22776;7597;54;3;232.82
22777;7598;50;3;63.53
22778;7598;213;3;29.38
22779;7598;29;2;33.59
22780;7598;187;3;145.63
22781;7598;165;1;30.46
22782;7599;46;1;32.13
22783;7599;105;3;19.14
22784;7600;145;3;77.19
22785;7600;225;1;14.43
22786;7600;66;1;65.31
22787;7600;194;3;39.16
22788;7601;286;1;23.1
22789;7601;212;2;167.62
22790;7601;217;3;133.47
22791;7601;58;1;37.93
22792;7602;21;3;27.77
22793;7602;292;1;115.69
22794;7602;183;3;83.98
22795;7603;224;3;289.95
22796;7603;3;2;355.2
22797;7604;269;1;27.35
22798;7604;253;1;62.5
22799;7604;294;3;73.58
22800;7604;143;3;86.74
22801;7605;300;3;105.48
22802;7605;104;2;193.22
22803;7606;64;3;63.91
22804;7606;259;1;193.37
22805;7606;170;3;22.32
22806;7606;25;3;36.6
22807;7606;25;2;36.6
22808;7607;297;1;111.18
22809;7608;239;1;89.88
22810;7608;231;3;58.56
22811;7608;86;2;68.41
22812;7608;97;2;160.55
22813;7608;13;3;97.98
22814;7609;138;2;32.55
22815;7609;115;2;45.38
22816;7609;39;2;42.14
22817;7609;198;1;53.21
22818;7610;248;1;278.21
22819;7610;28;3;98.17
22820;7611;49;2;49.52
22821;7612;76;1;23.8
22822;7612;61;2;251.37
22823;7612;246;3;105.53
22824;7612;140;1;35.81
22825;7613;119;3;52.95
22826;7613;251;2;594.78
22827;7613;274;1;43.03
22828;7613;197;2;109.76
22829;7613;76;1;23.8
22830;7614;100;2;36.47
22831;7614;53;2;51.23
22832;7614;73;1;47.55
22833;7614;240;2;115.21
22834;7615;239;1;89.88
22835;7616;166;2;36.18
22836;7616;70;3;99.53
22837;7616;155;3;75.12
22838;7616;2;2;169.54
22839;7616;175;3;18.54
22840;7617;300;1;105.48
22841;7617;203;2;22.49
22842;7617;4;2;15.69
22843;7617;109;2;46.77
22844;7618;43;1;27.58
22845;7618;65;1;165.71
22846;7619;47;2;10.35
22847;7619;185;3;47.76
22848;7620;22;3;231.52
22849;7621;41;1;202.78
22850;7621;144;2;46.76
22851;7621;69;1;100.84
22852;7622;122;3;159.31
22853;7622;290;2;138.11
22854;7622;160;1;62.31
22855;7623;111;3;28.98
22856;7623;220;3;97.41
22857;7623;248;1;278.21
22858;7624;110;3;33.58
22859;7624;11;3;27.62
22860;7624;196;3;15.62
22861;7624;157;1;145.39
22862;7624;130;1;138.45
22863;7625;151;1;14.87
22864;7626;206;1;30.23
22865;7626;100;3;36.47
22866;7626;161;1;66.77
22867;7627;200;3;209.0
22868;7627;40;2;165.59
22869;7627;117;3;187.28
22870;7628;279;2;52.64
22871;7628;281;2;13.59
22872;7628;175;3;18.54
22873;7628;269;2;27.35
22874;7629;55;2;105.96
22875;7629;185;2;47.76
22876;7630;102;1;79.45
22877;7630;296;1;31.73
22878;7631;121;1;102.0
22879;7631;185;1;47.76
22880;7631;186;2;24.83
22881;7632;18;3;140.06
22882;7632;141;3;62.63
22883;7633;17;3;66.06
22884;7633;261;3;138.08
22885;7633;55;2;105.96
22886;7634;101;3;337.71
22887;7634;289;2;36.82
22888;7634;41;3;202.78
22889;7635;274;2;43.03
22890;7635;154;2;276.99
22891;7635;26;1;73.19
22892;7635;31;1;263.13
22893;7635;274;3;43.03
22894;7636;195;1;145.55
22895;7637;119;3;52.95
22896;7637;45;1;206.86
22897;7637;140;2;35.81
22898;7637;94;3;191.51
22899;7637;112;1;112.28
22900;7638;128;1;604.55
22901;7638;153;3;28.61
22902;7638;104;2;193.22
22903;7638;151;2;14.87
22904;7639;161;3;66.77
22905;7639;239;3;89.88
22906;7639;64;1;63.91
22907;7639;161;3;66.77
22908;7640;209;1;110.99
22909;7640;145;3;77.19
22910;7640;111;2;28.98
22911;7641;13;2;97.98
22912;7642;15;2;110.9
22913;7642;231;2;58.56
22914;7642;220;1;97.41
22915;7642;257;1;75.87
22916;7643;220;3;97.41
22917;7643;273;2;197.68
22918;7643;63;2;81.7
22919;7643;241;3;177.76
22920;7644;295;2;401.67
22921;7644;158;2;219.43
22922;7645;215;3;42.37
22923;7646;170;3;22.32
22924;7646;212;2;167.62
22925;7646;100;3;36.47
22926;7646;91;3;48.19
22927;7646;146;3;35.44
22928;7647;277;3;141.51
22929;7647;156;2;51.61
22930;7648;176;1;23.46
22931;7648;61;3;251.37
22932;7648;75;1;176.39
22933;7649;24;2;171.7
22934;7649;152;1;210.67
22935;7650;291;2;67.09
22936;7650;109;2;46.77
22937;7650;78;2;18.59
22938;7650;244;1;291.31
22939;7650;248;2;278.21
22940;7651;285;2;108.9
22941;7651;255;2;63.76
22942;7651;134;3;60.38
22943;7652;78;2;18.59
22944;7652;72;3;136.88
22945;7652;38;3;136.67
22946;7652;4;2;15.69
22947;7653;212;1;167.62
22948;7653;295;1;401.67
22949;7653;239;2;89.88
22950;7653;145;1;77.19
22951;7654;247;3;280.92
22952;7654;154;1;276.99
22953;7654;267;2;23.63
22954;7655;32;1;65.71
22955;7655;51;3;69.12
22956;7655;186;2;24.83
22957;7656;158;2;219.43
22958;7656;60;2;69.22
22959;7656;53;3;51.23
22960;7657;195;3;145.55
22961;7657;214;1;180.06
22962;7658;260;1;183.92
22963;7658;83;3;28.81
22964;7658;84;3;56.46
22965;7658;30;1;43.42
22966;7659;245;1;88.8
22967;7659;213;2;29.38
22968;7659;269;2;27.35
22969;7659;262;3;203.02
22970;7660;31;3;263.13
22971;7660;84;2;56.46
22972;7660;112;3;112.28
22973;7661;117;3;187.28
22974;7661;196;3;15.62
22975;7661;43;2;27.58
22976;7661;86;1;68.41
22977;7662;266;1;78.95
22978;7662;158;2;219.43
22979;7662;237;1;11.53
22980;7663;131;2;94.96
22981;7663;63;3;81.7
22982;7663;165;2;30.46
22983;7664;104;2;193.22
22984;7664;139;3;284.29
22985;7664;116;2;27.34
22986;7664;246;3;105.53
22987;7665;59;2;107.83
22988;7665;141;3;62.63
22989;7665;149;1;112.47
22990;7665;244;2;291.31
22991;7665;254;1;92.06
22992;7666;107;2;57.11
22993;7666;95;3;11.53
22994;7666;111;3;28.98
22995;7666;290;2;138.11
22996;7666;90;1;238.59
22997;7667;235;2;98.52
22998;7667;167;3;40.59
22999;7667;54;3;232.82
23000;7667;99;2;18.5
23001;7668;262;2;203.02
23002;7668;277;3;141.51
23003;7668;177;3;190.69
23004;7669;237;3;11.53
23005;7669;139;2;284.29
23006;7670;55;2;105.96
23007;7670;226;3;105.33
23008;7670;292;1;115.69
23009;7670;180;1;59.61
23010;7671;177;3;190.69
23011;7671;182;2;96.28
23012;7672;10;3;83.77
23013;7672;36;2;35.27
23014;7673;150;2;51.66
23015;7673;81;2;83.86
23016;7673;76;3;23.8
23017;7673;74;3;13.44
23018;7673;46;2;32.13
23019;7674;282;2;377.84
23020;7674;142;1;26.83
23021;7675;148;3;161.06
23022;7675;197;3;109.76
23023;7676;198;2;53.21
23024;7676;103;2;60.73
23025;7676;168;3;36.16
23026;7676;20;2;27.74
23027;7676;183;1;83.98
23028;7677;252;3;124.2
23029;7677;209;2;110.99
23030;7677;164;1;38.45
23031;7678;102;3;79.45
23032;7678;9;2;134.64
23033;7678;261;2;138.08
23034;7678;153;3;28.61
23035;7679;64;1;63.91
23036;7680;6;1;124.34
23037;7680;181;2;42.65
23038;7680;13;2;97.98
23039;7681;287;2;82.17
23040;7681;260;2;183.92
23041;7682;237;1;11.53
23042;7683;151;1;14.87
23043;7683;269;2;27.35
23044;7683;139;3;284.29
23045;7684;79;1;57.05
23046;7684;145;2;77.19
23047;7684;233;3;153.83
23048;7684;24;1;171.7
23049;7684;180;1;59.61
23050;7685;90;2;238.59
23051;7685;247;1;280.92
23052;7685;215;2;42.37
23053;7685;67;1;41.38
23054;7685;218;3;163.84
23055;7686;133;1;129.76
23056;7687;154;1;276.99
23057;7688;132;2;76.68
23058;7689;265;2;194.8
23059;7689;94;1;191.51
23060;7689;16;3;135.22
23061;7690;122;1;159.31
23062;7690;9;3;134.64
23063;7690;199;1;156.49
23064;7691;50;1;63.53
23065;7692;111;2;28.98
23066;7692;14;2;139.17
23067;7692;202;2;84.57
23068;7692;224;1;289.95
23069;7693;195;3;145.55
23070;7694;7;1;435.46
23071;7694;165;2;30.46
23072;7694;244;3;291.31
23073;7694;67;2;41.38
23074;7695;94;2;191.51
23075;7695;122;2;159.31
23076;7696;188;1;221.91
23077;7696;102;2;79.45
23078;7697;246;1;105.53
23079;7697;21;1;27.77
23080;7697;235;1;98.52
23081;7697;282;3;377.84
23082;7697;18;1;140.06
23083;7698;43;1;27.58
23084;7699;33;3;98.43
23085;7699;55;3;105.96
23086;7699;78;3;18.59
23087;7699;55;3;105.96
23088;7699;174;1;16.75
23089;7700;248;2;278.21
23090;7700;95;2;11.53
23091;7700;6;2;124.34
23092;7700;45;2;206.86
23093;7700;15;1;110.9
23094;7701;255;1;63.76
23095;7701;295;2;401.67
23096;7701;43;2;27.58
23097;7701;157;3;145.39
23098;7702;199;1;156.49
23099;7703;259;3;193.37
23100;7703;11;2;27.62
23101;7703;262;1;203.02
23102;7704;234;2;199.16
23103;7704;154;2;276.99
23104;7704;247;2;280.92
23105;7704;76;2;23.8
23106;7704;181;3;42.65
23107;7705;11;1;27.62
23108;7705;110;3;33.58
23109;7705;3;2;355.2
23110;7705;49;2;49.52
23111;7705;203;2;22.49
23112;7706;34;2;71.61
23113;7707;8;2;295.75
23114;7707;228;1;21.36
23115;7707;286;2;23.1
23116;7707;143;2;86.74
23117;7708;129;3;59.78
23118;7708;179;1;16.67
23119;7708;279;3;52.64
23120;7709;201;1;55.38
23121;7709;153;2;28.61
23122;7710;274;2;43.03
23123;7710;254;2;92.06
23124;7711;96;1;318.43
23125;7711;219;3;18.89
23126;7712;70;3;99.53
23127;7713;161;1;66.77
23128;7713;70;1;99.53
23129;7714;163;2;127.95
23130;7714;202;3;84.57
23131;7714;181;3;42.65
23132;7714;259;2;193.37
23133;7715;9;1;134.64
23134;7715;159;2;56.32
23135;7715;36;2;35.27
23136;7716;204;2;63.94
23137;7716;281;3;13.59
23138;7716;297;3;111.18
23139;7717;196;1;15.62
23140;7718;89;1;376.3
23141;7718;82;2;115.88
23142;7719;156;2;51.61
23143;7719;155;3;75.12
23144;7719;139;1;284.29
23145;7719;295;2;401.67
23146;7719;72;3;136.88
23147;7720;238;1;130.67
23148;7720;290;2;138.11
23149;7720;16;3;135.22
23150;7720;92;3;338.54
23151;7720;238;2;130.67
23152;7721;198;3;53.21
23153;7721;64;1;63.91
23154;7721;125;3;136.07
23155;7722;165;3;30.46
23156;7722;43;3;27.58
23157;7723;87;3;172.22
23158;7723;287;1;82.17
23159;7723;232;3;21.33
23160;7723;139;3;284.29
23161;7723;34;3;71.61
23162;7724;89;3;376.3
23163;7724;163;3;127.95
23164;7724;131;2;94.96
23165;7725;132;3;76.68
23166;7726;290;1;138.11
23167;7726;53;1;51.23
23168;7726;182;1;96.28
23169;7726;218;1;163.84
23170;7726;58;3;37.93
23171;7727;68;2;208.07
23172;7727;105;1;19.14
23173;7727;70;2;99.53
23174;7728;153;1;28.61
23175;7728;249;3;94.89
23176;7728;159;2;56.32
23177;7728;187;1;145.63
23178;7729;176;1;23.46
23179;7729;155;3;75.12
23180;7729;76;2;23.8
23181;7729;216;3;265.62
23182;7729;253;3;62.5
23183;7730;36;1;35.27
23184;7730;50;1;63.53
23185;7730;288;3;430.61
23186;7731;124;3;109.44
23187;7731;293;2;32.93
23188;7731;209;3;110.99
23189;7731;46;2;32.13
23190;7731;231;3;58.56
23191;7732;22;1;231.52
23192;7732;174;2;16.75
23193;7732;35;2;57.55
23194;7733;23;3;17.91
23195;7734;91;1;48.19
23196;7734;30;2;43.42
23197;7734;62;3;77.66
23198;7735;32;3;65.71
23199;7735;83;1;28.81
23200;7736;10;3;83.77
23201;7737;251;3;594.78
23202;7737;13;2;97.98
23203;7737;143;3;86.74
23204;7737;10;2;83.77
23205;7737;80;2;16.51
23206;7738;162;2;265.52
23207;7739;280;3;194.11
23208;7739;140;3;35.81
23209;7740;89;1;376.3
23210;7740;218;2;163.84
23211;7740;44;2;46.23
23212;7740;125;3;136.07
23213;7741;176;3;23.46
23214;7742;179;1;16.67
23215;7742;211;2;253.01
23216;7742;150;1;51.66
23217;7742;263;3;58.98
23218;7742;2;3;169.54
23219;7743;229;2;14.92
23220;7744;181;2;42.65
23221;7744;24;3;171.7
23222;7744;180;1;59.61
23223;7744;124;2;109.44
23224;7744;233;1;153.83
23225;7745;219;1;18.89
23226;7745;251;1;594.78
23227;7745;276;3;77.1
23228;7745;300;3;105.48
23229;7745;197;2;109.76
23230;7746;56;3;84.93
23231;7746;64;1;63.91
23232;7746;221;1;182.12
23233;7746;170;3;22.32
23234;7747;35;1;57.55
23235;7747;21;1;27.77
23236;7747;242;1;66.96
23237;7748;190;1;16.04
23238;7748;188;3;221.91
23239;7748;180;3;59.61
23240;7748;41;2;202.78
23241;7748;136;1;77.12
23242;7749;262;1;203.02
23243;7749;48;3;214.66
23244;7749;26;3;73.19
23245;7750;220;1;97.41
23246;7750;108;3;53.06
23247;7750;119;1;52.95
23248;7751;16;1;135.22
23249;7752;155;1;75.12
23250;7752;159;3;56.32
23251;7752;285;3;108.9
23252;7752;10;1;83.77
23253;7752;211;3;253.01
23254;7753;19;2;25.52
23255;7753;47;1;10.35
23256;7753;265;2;194.8
23257;7754;208;2;26.03
23258;7754;7;3;435.46
23259;7754;88;1;271.98
23260;7754;128;3;604.55
23261;7755;63;3;81.7
23262;7755;149;1;112.47
23263;7755;220;3;97.41
23264;7755;258;2;183.46
23265;7755;272;3;32.79
23266;7756;26;3;73.19
23267;7757;97;3;160.55
23268;7757;38;3;136.67
23269;7757;53;3;51.23
23270;7758;23;2;17.91
23271;7758;205;2;54.75
23272;7758;300;3;105.48
23273;7758;222;1;207.75
23274;7758;127;3;28.04
23275;7759;100;3;36.47
23276;7760;293;3;32.93
23277;7760;66;1;65.31
23278;7761;247;1;280.92
23279;7761;225;2;14.43
23280;7761;252;2;124.2
23281;7761;3;1;355.2
23282;7762;197;2;109.76
23283;7762;140;1;35.81
23284;7762;177;3;190.69
23285;7763;26;1;73.19
23286;7763;268;2;22.25
23287;7763;51;1;69.12
23288;7764;18;1;140.06
23289;7764;73;1;47.55
23290;7764;143;2;86.74
23291;7764;61;3;251.37
23292;7764;246;3;105.53
23293;7765;125;3;136.07
23294;7766;139;3;284.29
23295;7766;168;1;36.16
23296;7766;80;2;16.51
23297;7767;260;2;183.92
23298;7767;280;2;194.11
23299;7767;130;2;138.45
23300;7768;7;2;435.46
23301;7768;244;1;291.31
23302;7768;12;1;58.48
23303;7768;74;1;13.44
23304;7768;3;3;355.2
23305;7769;58;3;37.93
23306;7769;155;3;75.12
23307;7769;216;2;265.62
23308;7770;54;1;232.82
23309;7771;41;1;202.78
23310;7771;288;2;430.61
23311;7772;1;3;85.25
23312;7773;206;1;30.23
23313;7773;110;1;33.58
23314;7773;250;1;45.33
23315;7773;50;3;63.53
23316;7773;71;2;104.37
23317;7774;139;1;284.29
23318;7774;193;3;303.95
23319;7775;56;2;84.93
23320;7775;22;3;231.52
23321;7776;228;2;21.36
23322;7777;263;1;58.98
23323;7778;131;2;94.96
23324;7778;76;3;23.8
23325;7778;108;3;53.06
23326;7778;192;3;139.65
23327;7779;91;1;48.19
23328;7779;298;1;95.71
23329;7779;261;2;138.08
23330;7779;119;1;52.95
23331;7779;65;1;165.71
23332;7780;11;2;27.62
23333;7781;274;3;43.03
23334;7781;48;3;214.66
23335;7782;281;3;13.59
23336;7782;252;1;124.2
23337;7782;277;1;141.51
23338;7782;227;1;128.22
23339;7782;261;2;138.08
23340;7783;186;2;24.83
23341;7783;156;3;51.61
23342;7784;137;3;83.8
23343;7784;6;2;124.34
23344;7785;15;2;110.9
23345;7785;297;2;111.18
23346;7785;148;2;161.06
23347;7785;20;3;27.74
23348;7785;265;2;194.8
23349;7786;271;3;134.08
23350;7786;14;3;139.17
23351;7787;109;1;46.77
23352;7788;90;3;238.59
23353;7788;38;1;136.67
23354;7788;65;2;165.71
23355;7788;19;3;25.52
23356;7789;82;1;115.88
23357;7789;4;3;15.69
23358;7789;175;1;18.54
23359;7789;128;3;604.55
23360;7789;86;1;68.41
23361;7790;103;1;60.73
23362;7790;292;3;115.69
23363;7790;142;3;26.83
23364;7790;31;3;263.13
23365;7791;36;3;35.27
23366;7791;300;3;105.48
23367;7791;122;1;159.31
23368;7791;203;3;22.49
23369;7791;95;2;11.53
23370;7792;191;2;144.67
23371;7792;1;2;85.25
23372;7792;291;3;67.09
23373;7793;67;1;41.38
23374;7794;173;2;44.37
23375;7794;7;1;435.46
23376;7795;179;1;16.67
23377;7796;212;1;167.62
23378;7796;245;1;88.8
23379;7797;128;1;604.55
23380;7798;192;1;139.65
23381;7798;11;2;27.62
23382;7798;176;3;23.46
23383;7799;283;2;114.46
23384;7799;273;3;197.68
23385;7799;75;1;176.39
23386;7799;14;3;139.17
23387;7800;185;3;47.76
23388;7800;105;2;19.14
23389;7800;24;1;171.7
23390;7800;93;3;177.34
23391;7801;293;2;32.93
23392;7801;121;2;102.0
23393;7801;5;2;99.57
23394;7802;151;2;14.87
23395;7802;46;2;32.13
23396;7802;179;1;16.67
23397;7803;136;1;77.12
23398;7803;144;3;46.76
23399;7803;82;3;115.88
23400;7803;225;1;14.43
23401;7803;123;1;70.77
23402;7804;121;1;102.0
23403;7804;31;1;263.13
23404;7804;41;1;202.78
23405;7805;150;3;51.66
23406;7805;143;3;86.74
23407;7805;75;2;176.39
23408;7805;124;2;109.44
23409;7806;50;2;63.53
23410;7806;3;3;355.2
23411;7806;128;3;604.55
23412;7806;14;3;139.17
23413;7807;102;3;79.45
23414;7807;162;1;265.52
23415;7808;272;3;32.79
23416;7808;94;3;191.51
23417;7808;102;2;79.45
23418;7809;36;1;35.27
23419;7810;129;1;59.78
23420;7810;232;2;21.33
23421;7810;223;2;12.9
23422;7810;204;2;63.94
23423;7811;41;2;202.78
23424;7811;19;3;25.52
23425;7811;238;1;130.67
23426;7811;10;2;83.77
23427;7812;298;3;95.71
23428;7813;212;2;167.62
23429;7814;191;2;144.67
23430;7815;79;1;57.05
23431;7816;118;2;365.76
23432;7816;252;1;124.2
23433;7817;103;2;60.73
23434;7817;287;2;82.17
23435;7818;122;3;159.31
23436;7818;184;2;75.61
23437;7818;177;1;190.69
23438;7818;112;3;112.28
23439;7818;29;3;33.59
23440;7819;153;2;28.61
23441;7820;205;1;54.75
23442;7820;284;2;66.65
23443;7820;133;3;129.76
23444;7820;34;2;71.61
23445;7821;108;2;53.06
23446;7822;277;3;141.51
23447;7822;140;3;35.81
23448;7822;138;1;32.55
23449;7822;21;2;27.77
23450;7823;214;2;180.06
23451;7823;236;3;27.58
23452;7823;78;2;18.59
23453;7824;276;3;77.1
23454;7824;48;1;214.66
23455;7824;83;1;28.81
23456;7825;293;2;32.93
23457;7825;184;3;75.61
23458;7826;168;1;36.16
23459;7827;246;2;105.53
23460;7827;250;1;45.33
23461;7828;113;1;261.82
23462;7829;51;1;69.12
23463;7829;124;2;109.44
23464;7830;47;1;10.35
23465;7830;285;3;108.9
23466;7830;57;2;49.4
23467;7830;36;3;35.27
23468;7831;56;1;84.93
23469;7831;109;2;46.77
23470;7831;296;3;31.73
23471;7832;278;3;58.03
23472;7832;133;3;129.76
23473;7832;289;1;36.82
23474;7832;243;1;23.3
23475;7833;123;3;70.77
23476;7834;195;3;145.55
23477;7835;259;3;193.37
23478;7835;54;3;232.82
23479;7835;168;1;36.16
23480;7836;9;1;134.64
23481;7836;137;1;83.8
23482;7836;22;3;231.52
23483;7836;43;1;27.58
23484;7837;170;1;22.32
23485;7837;65;3;165.71
23486;7837;82;2;115.88
23487;7837;119;3;52.95
23488;7837;23;2;17.91
23489;7838;115;2;45.38
23490;7839;214;3;180.06
23491;7839;236;2;27.58
23492;7839;179;2;16.67
23493;7839;14;3;139.17
23494;7839;130;1;138.45
23495;7840;77;3;137.95
23496;7840;30;2;43.42
23497;7841;207;1;234.88
23498;7842;117;3;187.28
23499;7842;256;3;229.2
23500;7842;142;1;26.83
23501;7843;124;3;109.44
23502;7843;185;2;47.76
23503;7843;31;2;263.13
23504;7843;116;2;27.34
23505;7843;92;3;338.54
23506;7844;220;1;97.41
23507;7845;226;2;105.33
23508;7845;95;1;11.53
23509;7845;84;1;56.46
23510;7845;228;3;21.36
23511;7846;299;1;93.25
23512;7846;218;3;163.84
23513;7847;42;3;263.42
23514;7848;98;3;156.09
23515;7848;62;3;77.66
23516;7848;132;2;76.68
23517;7849;221;1;182.12
23518;7849;240;1;115.21
23519;7849;80;2;16.51
23520;7849;20;2;27.74
23521;7850;52;3;198.57
23522;7850;222;2;207.75
23523;7850;2;3;169.54
23524;7850;167;3;40.59
23525;7851;75;3;176.39
23526;7852;78;2;18.59
23527;7852;6;1;124.34
23528;7853;126;3;333.38
23529;7853;213;3;29.38
23530;7854;125;3;136.07
23531;7854;152;2;210.67
23532;7854;72;1;136.88
23533;7855;60;2;69.22
23534;7855;236;1;27.58
23535;7855;218;1;163.84
23536;7855;41;2;202.78
23537;7855;157;3;145.39
23538;7856;220;3;97.41
23539;7856;42;1;263.42
23540;7856;41;2;202.78
23541;7857;233;1;153.83
23542;7858;193;1;303.95
23543;7858;18;1;140.06
23544;7858;157;3;145.39
23545;7859;2;1;169.54
23546;7860;34;1;71.61
23547;7861;72;2;136.88
23548;7861;8;1;295.75
23549;7861;94;1;191.51
23550;7861;139;2;284.29
23551;7862;8;3;295.75
23552;7862;225;2;14.43
23553;7862;262;2;203.02
23554;7862;118;3;365.76
23555;7863;178;2;117.25
23556;7864;261;3;138.08
23557;7864;266;1;78.95
23558;7865;131;3;94.96
23559;7866;30;3;43.42
23560;7866;189;1;298.51
23561;7866;90;3;238.59
23562;7866;151;3;14.87
23563;7867;126;3;333.38
23564;7868;12;2;58.48
23565;7869;285;2;108.9
23566;7870;31;1;263.13
23567;7870;185;3;47.76
23568;7870;47;1;10.35
23569;7871;40;3;165.59
23570;7871;204;2;63.94
23571;7871;40;1;165.59
23572;7871;167;2;40.59
23573;7872;139;1;284.29
23574;7872;90;3;238.59
23575;7872;79;3;57.05
23576;7872;156;1;51.61
23577;7873;98;1;156.09
23578;7873;61;1;251.37
23579;7873;195;1;145.55
23580;7873;242;3;66.96
23581;7873;98;1;156.09
23582;7874;46;1;32.13
23583;7875;9;3;134.64
23584;7875;16;1;135.22
23585;7875;151;2;14.87
23586;7875;238;3;130.67
23587;7875;28;3;98.17
23588;7876;242;3;66.96
23589;7876;71;1;104.37
23590;7877;20;1;27.74
23591;7878;177;3;190.69
23592;7878;48;2;214.66
23593;7879;252;3;124.2
23594;7879;223;1;12.9
23595;7879;88;3;271.98
23596;7879;224;1;289.95
23597;7879;180;3;59.61
23598;7880;51;1;69.12
23599;7880;39;2;42.14
23600;7881;114;2;81.1
23601;7881;33;2;98.43
23602;7881;261;1;138.08
23603;7881;98;2;156.09
23604;7881;29;2;33.59
23605;7882;278;3;58.03
23606;7882;94;2;191.51
23607;7882;182;3;96.28
23608;7883;297;1;111.18
23609;7884;288;1;430.61
23610;7884;206;3;30.23
23611;7884;276;3;77.1
23612;7885;6;1;124.34
23613;7885;26;2;73.19
23614;7885;272;1;32.79
23615;7885;87;1;172.22
23616;7886;66;1;65.31
23617;7886;233;2;153.83
23618;7886;32;3;65.71
23619;7886;44;3;46.23
23620;7887;91;1;48.19
23621;7888;166;3;36.18
23622;7889;61;2;251.37
23623;7889;252;1;124.2
23624;7889;98;1;156.09
23625;7889;13;2;97.98
23626;7890;282;3;377.84
23627;7890;231;3;58.56
23628;7891;90;1;238.59
23629;7892;133;2;129.76
23630;7892;12;2;58.48
23631;7892;242;1;66.96
23632;7892;157;1;145.39
23633;7893;219;2;18.89
23634;7893;88;2;271.98
23635;7893;209;1;110.99
23636;7893;126;1;333.38
23637;7894;106;3;63.95
23638;7894;211;2;253.01
23639;7894;68;3;208.07
23640;7894;72;3;136.88
23641;7894;161;3;66.77
23642;7895;213;3;29.38
23643;7895;13;2;97.98
23644;7896;74;3;13.44
23645;7897;198;3;53.21
23646;7897;101;3;337.71
23647;7897;268;1;22.25
23648;7898;159;1;56.32
23649;7898;173;3;44.37
23650;7899;300;2;105.48
23651;7900;38;1;136.67
23652;7900;84;2;56.46
23653;7900;75;3;176.39
23654;7900;115;1;45.38
23655;7900;106;2;63.95
23656;7901;44;2;46.23
23657;7901;173;3;44.37
23658;7901;296;3;31.73
23659;7902;71;2;104.37
23660;7902;155;3;75.12
23661;7902;168;3;36.16
23662;7902;262;3;203.02
23663;7902;55;2;105.96
23664;7903;229;2;14.92
23665;7904;4;3;15.69
23666;7904;286;3;23.1
23667;7904;158;3;219.43
23668;7904;205;2;54.75
23669;7905;184;1;75.61
23670;7905;222;2;207.75
23671;7905;25;1;36.6
23672;7905;105;1;19.14
23673;7906;105;3;19.14
23674;7906;149;1;112.47
23675;7906;91;1;48.19
23676;7907;48;2;214.66
23677;7907;229;2;14.92
23678;7907;81;3;83.86
23679;7908;171;1;59.0
23680;7908;201;2;55.38
23681;7909;260;3;183.92
23682;7909;190;2;16.04
23683;7910;18;2;140.06
23684;7910;196;1;15.62
23685;7910;170;1;22.32
23686;7910;46;1;32.13
23687;7910;193;2;303.95
23688;7911;149;1;112.47
23689;7911;99;1;18.5
23690;7912;183;2;83.98
23691;7912;24;2;171.7
23692;7912;169;1;117.44
23693;7912;23;2;17.91
23694;7913;266;2;78.95
23695;7913;208;1;26.03
23696;7914;37;2;125.9
23697;7914;232;2;21.33
23698;7914;196;2;15.62
23699;7914;28;2;98.17
23700;7914;237;1;11.53
23701;7915;230;3;163.67
23702;7916;131;2;94.96
23703;7916;88;1;271.98
23704;7917;183;2;83.98
23705;7917;202;2;84.57
23706;7917;209;3;110.99
23707;7917;263;3;58.98
23708;7917;169;1;117.44
23709;7918;141;1;62.63
23710;7918;201;2;55.38
23711;7918;3;1;355.2
23712;7919;292;3;115.69
23713;7920;136;3;77.12
23714;7920;181;2;42.65
23715;7921;97;1;160.55
23716;7921;265;1;194.8
23717;7921;84;3;56.46
23718;7922;172;3;108.1
23719;7923;109;1;46.77
23720;7923;66;2;65.31
23721;7923;243;2;23.3
23722;7923;20;1;27.74
23723;7923;166;2;36.18
23724;7924;22;2;231.52
23725;7924;70;2;99.53
23726;7924;231;3;58.56
23727;7925;48;3;214.66
23728;7925;13;3;97.98
23729;7925;213;3;29.38
23730;7925;216;1;265.62
23731;7925;273;1;197.68
23732;7926;7;3;435.46
23733;7927;117;2;187.28
23734;7927;279;1;52.64
23735;7928;271;1;134.08
23736;7928;245;1;88.8
23737;7929;287;1;82.17
23738;7929;1;3;85.25
23739;7929;174;3;16.75
23740;7930;162;1;265.52
23741;7930;11;2;27.62
23742;7930;241;2;177.76
23743;7930;196;2;15.62
23744;7931;241;1;177.76
23745;7931;60;3;69.22
23746;7931;106;3;63.95
23747;7932;249;3;94.89
23748;7932;189;2;298.51
23749;7933;127;3;28.04
23750;7933;300;3;105.48
23751;7933;209;2;110.99
23752;7933;151;2;14.87
23753;7934;31;3;263.13
23754;7934;23;2;17.91
23755;7934;61;2;251.37
23756;7934;293;2;32.93
23757;7934;199;3;156.49
23758;7935;214;3;180.06
23759;7936;180;2;59.61
23760;7936;257;2;75.87
23761;7937;271;3;134.08
23762;7938;139;3;284.29
23763;7939;285;3;108.9
23764;7939;150;3;51.66
23765;7939;243;3;23.3
23766;7939;246;2;105.53
23767;7940;255;2;63.76
23768;7940;28;1;98.17
23769;7941;55;1;105.96
23770;7942;6;2;124.34
23771;7942;249;2;94.89
23772;7942;13;1;97.98
23773;7942;215;2;42.37
23774;7943;32;3;65.71
23775;7943;269;2;27.35
23776;7943;292;2;115.69
23777;7943;123;2;70.77
23778;7943;70;1;99.53
23779;7944;182;1;96.28
23780;7944;219;3;18.89
23781;7944;145;1;77.19
23782;7945;159;1;56.32
23783;7945;89;2;376.3
23784;7946;114;2;81.1
23785;7946;210;2;230.86
23786;7946;64;2;63.91
23787;7946;215;1;42.37
23788;7946;118;1;365.76
23789;7947;148;1;161.06
23790;7947;197;2;109.76
23791;7948;240;1;115.21
23792;7948;176;2;23.46
23793;7948;79;1;57.05
23794;7948;223;1;12.9
23795;7948;125;3;136.07
23796;7949;93;3;177.34
23797;7949;137;1;83.8
23798;7949;115;2;45.38
23799;7949;209;2;110.99
23800;7950;179;3;16.67
23801;7950;177;1;190.69
23802;7950;253;3;62.5
23803;7951;32;2;65.71
23804;7951;297;3;111.18
23805;7951;39;2;42.14
23806;7951;135;1;23.48
23807;7952;271;1;134.08
23808;7953;64;2;63.91
23809;7954;249;1;94.89
23810;7954;282;3;377.84
23811;7955;258;3;183.46
23812;7956;135;3;23.48
23813;7957;182;2;96.28
23814;7957;187;2;145.63
23815;7958;176;1;23.46
23816;7958;77;1;137.95
23817;7958;215;2;42.37
23818;7958;122;1;159.31
23819;7959;90;2;238.59
23820;7959;171;3;59.0
23821;7959;238;3;130.67
23822;7959;240;1;115.21
23823;7959;119;1;52.95
23824;7960;292;1;115.69
23825;7960;167;1;40.59
23826;7960;182;1;96.28
23827;7960;150;1;51.66
23828;7960;32;1;65.71
23829;7961;36;1;35.27
23830;7961;277;1;141.51
23831;7962;19;2;25.52
23832;7962;189;1;298.51
23833;7962;217;1;133.47
23834;7962;52;1;198.57
23835;7962;96;2;318.43
23836;7963;295;3;401.67
23837;7963;87;2;172.22
23838;7963;170;2;22.32
23839;7963;120;1;44.38
23840;7964;42;2;263.42
23841;7964;158;2;219.43
23842;7964;227;2;128.22
23843;7965;196;3;15.62
23844;7965;289;1;36.82
23845;7966;125;2;136.07
23846;7966;108;3;53.06
23847;7966;114;3;81.1
23848;7966;78;1;18.59
23849;7966;49;1;49.52
23850;7967;169;3;117.44
23851;7967;279;1;52.64
23852;7967;135;2;23.48
23853;7968;162;2;265.52
23854;7968;128;3;604.55
23855;7968;197;2;109.76
23856;7968;212;2;167.62
23857;7969;274;1;43.03
23858;7969;189;1;298.51
23859;7970;101;2;337.71
23860;7970;293;1;32.93
23861;7970;10;1;83.77
23862;7971;176;3;23.46
23863;7971;259;1;193.37
23864;7971;33;1;98.43
23865;7972;7;2;435.46
23866;7972;269;3;27.35
23867;7972;81;1;83.86
23868;7973;119;1;52.95
23869;7973;72;1;136.88
23870;7974;152;1;210.67
23871;7974;18;1;140.06
23872;7974;48;3;214.66
23873;7975;179;2;16.67
23874;7975;176;2;23.46
23875;7975;226;2;105.33
23876;7976;199;3;156.49
23877;7977;133;1;129.76
23878;7978;115;2;45.38
23879;7978;107;3;57.11
23880;7978;190;3;16.04
23881;7979;250;1;45.33
23882;7979;168;1;36.16
23883;7979;19;1;25.52
23884;7979;174;2;16.75
23885;7979;149;1;112.47
23886;7980;60;1;69.22
23887;7981;258;3;183.46
23888;7981;133;1;129.76
23889;7981;71;1;104.37
23890;7981;13;2;97.98
23891;7982;121;2;102.0
23892;7982;204;2;63.94
23893;7982;270;3;149.02
23894;7982;250;2;45.33
23895;7983;205;1;54.75
23896;7983;8;1;295.75
23897;7983;79;1;57.05
23898;7984;126;1;333.38
23899;7984;231;1;58.56
23900;7984;202;2;84.57
23901;7984;253;1;62.5
23902;7985;238;1;130.67
23903;7985;131;1;94.96
23904;7985;3;3;355.2
23905;7986;180;1;59.61
23906;7986;119;3;52.95
23907;7987;32;2;65.71
23908;7987;149;3;112.47
23909;7988;215;1;42.37
23910;7988;10;2;83.77
23911;7988;111;2;28.98
23912;7988;266;1;78.95
23913;7989;206;3;30.23
23914;7989;252;1;124.2
23915;7989;145;2;77.19
23916;7989;95;3;11.53
23917;7989;20;2;27.74
23918;7990;279;3;52.64
23919;7990;197;3;109.76
23920;7991;7;3;435.46
23921;7992;127;2;28.04
23922;7992;63;3;81.7
23923;7992;195;2;145.55
23924;7993;284;1;66.65
23925;7993;160;3;62.31
23926;7993;235;3;98.52
23927;7994;224;2;289.95
23928;7994;97;1;160.55
23929;7994;77;1;137.95
23930;7994;209;2;110.99
23931;7995;210;1;230.86
23932;7995;218;1;163.84
23933;7996;269;2;27.35
23934;7996;148;1;161.06
23935;7996;241;2;177.76
23936;7996;28;2;98.17
23937;7996;246;3;105.53
23938;7997;12;1;58.48
23939;7997;242;2;66.96
23940;7998;54;1;232.82
23941;7998;110;1;33.58
23942;7999;165;2;30.46
23943;7999;9;1;134.64
23944;7999;70;1;99.53
23945;7999;218;2;163.84
23946;8000;73;3;47.55
23947;8000;59;2;107.83
23948;8000;259;1;193.37
23949;8001;114;3;81.1
23950;8001;89;3;376.3
23951;8001;193;1;303.95
23952;8001;27;3;257.64
23953;8002;144;1;46.76
23954;8002;220;1;97.41
23955;8003;145;1;77.19
23956;8004;142;3;26.83
23957;8005;239;1;89.88
23958;8005;204;2;63.94
23959;8005;88;3;271.98
23960;8005;213;3;29.38
23961;8006;148;3;161.06
23962;8006;237;2;11.53
23963;8007;298;1;95.71
23964;8007;5;2;99.57
23965;8007;27;3;257.64
23966;8008;68;1;208.07
23967;8008;184;2;75.61
23968;8009;44;3;46.23
23969;8009;69;3;100.84
23970;8009;220;3;97.41
23971;8009;27;1;257.64
23972;8010;8;1;295.75
23973;8010;73;3;47.55
23974;8010;51;2;69.12
23975;8010;10;2;83.77
23976;8011;58;2;37.93
23977;8011;271;1;134.08
23978;8011;253;1;62.5
23979;8011;202;3;84.57
23980;8012;22;1;231.52
23981;8012;207;2;234.88
23982;8012;77;1;137.95
23983;8013;272;1;32.79
23984;8013;148;1;161.06
23985;8013;208;1;26.03
23986;8014;167;2;40.59
23987;8014;262;3;203.02
23988;8014;40;1;165.59
23989;8015;154;3;276.99
23990;8015;30;1;43.42
23991;8015;146;3;35.44
23992;8015;149;1;112.47
23993;8015;77;3;137.95
23994;8016;166;1;36.18
23995;8016;64;1;63.91
23996;8017;16;3;135.22
23997;8017;261;3;138.08
23998;8017;167;2;40.59
23999;8018;297;2;111.18
24000;8019;285;1;108.9
24001;8019;296;2;31.73
24002;8019;91;1;48.19
24003;8020;179;1;16.67
24004;8020;241;1;177.76
24005;8020;107;3;57.11
24006;8021;175;3;18.54
24007;8022;265;3;194.8
24008;8022;263;3;58.98
24009;8022;32;2;65.71
24010;8023;269;1;27.35
24011;8023;164;3;38.45
24012;8023;222;1;207.75
24013;8023;200;1;209.0
24014;8023;212;3;167.62
24015;8024;281;2;13.59
24016;8024;16;2;135.22
24017;8024;180;1;59.61
24018;8024;284;2;66.65
24019;8024;221;3;182.12
24020;8025;229;2;14.92
24021;8025;130;3;138.45
24022;8025;150;1;51.66
24023;8025;244;2;291.31
24024;8025;214;1;180.06
24025;8026;54;2;232.82
24026;8026;33;1;98.43
24027;8027;270;1;149.02
24028;8028;230;3;163.67
24029;8028;196;1;15.62
24030;8028;91;1;48.19
24031;8028;253;3;62.5
24032;8029;64;2;63.91
24033;8029;189;3;298.51
24034;8030;207;1;234.88
24035;8030;183;2;83.98
24036;8031;116;1;27.34
24037;8031;267;3;23.63
24038;8032;17;3;66.06
24039;8032;121;3;102.0
24040;8032;299;1;93.25
24041;8032;141;3;62.63
24042;8032;232;2;21.33
24043;8033;276;2;77.1
24044;8033;202;2;84.57
24045;8033;62;3;77.66
24046;8034;11;3;27.62
24047;8034;89;2;376.3
24048;8034;181;2;42.65
24049;8035;297;3;111.18
24050;8035;268;1;22.25
24051;8035;183;3;83.98
24052;8036;132;3;76.68
24053;8036;150;3;51.66
24054;8036;173;3;44.37
24055;8036;118;1;365.76
24056;8036;60;1;69.22
24057;8037;20;2;27.74
24058;8037;69;3;100.84
24059;8038;210;1;230.86
24060;8038;180;3;59.61
24061;8038;259;3;193.37
24062;8038;90;2;238.59
24063;8038;211;3;253.01
24064;8039;115;1;45.38
24065;8040;72;1;136.88
24066;8040;51;1;69.12
24067;8040;103;2;60.73
24068;8040;193;3;303.95
24069;8041;265;2;194.8
24070;8041;213;2;29.38
24071;8041;57;2;49.4
24072;8042;236;1;27.58
24073;8042;1;2;85.25
24074;8043;139;1;284.29
24075;8043;177;2;190.69
24076;8043;291;3;67.09
24077;8043;193;2;303.95
24078;8044;64;1;63.91
24079;8045;292;3;115.69
24080;8045;52;1;198.57
24081;8045;296;3;31.73
24082;8045;140;1;35.81
24083;8046;276;2;77.1
24084;8046;278;2;58.03
24085;8046;247;2;280.92
24086;8046;8;3;295.75
24087;8047;49;2;49.52
24088;8048;217;3;133.47
24089;8048;96;2;318.43
24090;8049;204;2;63.94
24091;8050;139;3;284.29
24092;8050;131;1;94.96
24093;8050;265;2;194.8
24094;8050;234;3;199.16
24095;8051;26;1;73.19
24096;8051;1;2;85.25
24097;8052;41;1;202.78
24098;8052;156;1;51.61
24099;8053;214;3;180.06
24100;8053;207;2;234.88
24101;8053;61;2;251.37
24102;8054;211;3;253.01
24103;8054;173;3;44.37
24104;8055;107;2;57.11
24105;8055;194;3;39.16
24106;8056;65;2;165.71
24107;8056;207;1;234.88
24108;8057;35;1;57.55
24109;8057;126;1;333.38
24110;8057;28;2;98.17
24111;8058;60;1;69.22
24112;8058;285;1;108.9
24113;8059;56;3;84.93
24114;8059;94;1;191.51
24115;8060;10;2;83.77
24116;8060;7;1;435.46
24117;8061;270;1;149.02
24118;8062;105;1;19.14
24119;8062;295;2;401.67
24120;8063;96;1;318.43
24121;8063;165;1;30.46
24122;8063;292;2;115.69
24123;8063;219;2;18.89
24124;8064;170;1;22.32
24125;8065;2;1;169.54
24126;8066;52;1;198.57
24127;8066;179;3;16.67
24128;8066;88;1;271.98
24129;8066;38;3;136.67
24130;8066;64;3;63.91
24131;8067;230;2;163.67
24132;8067;136;3;77.12
24133;8067;3;2;355.2
24134;8067;96;1;318.43
24135;8068;54;2;232.82
24136;8068;105;2;19.14
24137;8069;271;2;134.08
24138;8070;37;2;125.9
24139;8070;6;3;124.34
24140;8070;243;1;23.3
24141;8071;76;2;23.8
24142;8071;17;2;66.06
24143;8071;174;3;16.75
24144;8071;109;3;46.77
24145;8072;104;1;193.22
24146;8072;220;3;97.41
24147;8072;163;1;127.95
24148;8073;143;1;86.74
24149;8073;92;2;338.54
24150;8073;9;3;134.64
24151;8073;182;3;96.28
24152;8073;100;2;36.47
24153;8074;131;1;94.96
24154;8074;33;1;98.43
24155;8074;111;2;28.98
24156;8075;268;1;22.25
24157;8075;99;2;18.5
24158;8075;275;3;167.5
24159;8075;176;3;23.46
24160;8075;175;3;18.54
24161;8076;154;2;276.99
24162;8076;131;1;94.96
24163;8076;147;2;15.53
24164;8076;30;1;43.42
24165;8076;179;3;16.67
24166;8077;82;3;115.88
24167;8077;134;1;60.38
24168;8077;8;3;295.75
24169;8077;123;2;70.77
24170;8078;178;3;117.25
24171;8078;277;3;141.51
24172;8078;271;2;134.08
24173;8078;64;3;63.91
24174;8079;31;2;263.13
24175;8079;35;2;57.55
24176;8080;89;2;376.3
24177;8080;298;1;95.71
24178;8081;200;1;209.0
24179;8081;157;2;145.39
24180;8081;277;2;141.51
24181;8081;183;2;83.98
24182;8081;135;3;23.48
24183;8082;149;3;112.47
24184;8082;229;2;14.92
24185;8082;226;1;105.33
24186;8082;223;2;12.9
24187;8082;132;3;76.68
24188;8083;42;3;263.42
24189;8083;55;2;105.96
24190;8084;65;1;165.71
24191;8084;216;3;265.62
24192;8084;185;3;47.76
24193;8084;117;2;187.28
24194;8085;55;3;105.96
24195;8085;23;2;17.91
24196;8085;283;1;114.46
24197;8085;234;2;199.16
24198;8085;278;1;58.03
24199;8086;81;3;83.86
24200;8086;20;3;27.74
24201;8086;32;1;65.71
24202;8086;67;3;41.38
24203;8086;223;3;12.9
24204;8087;279;3;52.64
24205;8087;28;2;98.17
24206;8088;52;1;198.57
24207;8088;70;1;99.53
24208;8088;63;1;81.7
24209;8088;293;2;32.93
24210;8089;97;1;160.55
24211;8090;125;2;136.07
24212;8090;92;1;338.54
24213;8090;189;1;298.51
24214;8091;93;2;177.34
24215;8091;252;2;124.2
24216;8091;82;3;115.88
24217;8091;289;3;36.82
24218;8092;57;2;49.4
24219;8092;197;1;109.76
24220;8092;124;2;109.44
24221;8093;16;1;135.22
24222;8093;266;1;78.95
24223;8093;155;1;75.12
24224;8093;291;1;67.09
24225;8094;212;3;167.62
24226;8095;3;1;355.2
24227;8095;175;1;18.54
24228;8095;16;2;135.22
24229;8096;253;2;62.5
24230;8097;239;1;89.88
24231;8097;125;3;136.07
24232;8098;45;2;206.86
24233;8098;194;3;39.16
24234;8098;135;2;23.48
24235;8098;176;2;23.46
24236;8098;39;2;42.14
24237;8099;221;1;182.12
24238;8100;251;3;594.78
24239;8100;160;2;62.31
24240;8100;245;2;88.8
24241;8100;114;1;81.1
24242;8100;115;1;45.38
24243;8101;158;3;219.43
24244;8101;198;1;53.21
24245;8101;189;2;298.51
24246;8102;6;3;124.34
24247;8102;6;2;124.34
24248;8103;42;1;263.42
24249;8103;10;3;83.77
24250;8103;144;1;46.76
24251;8104;218;1;163.84
24252;8104;130;1;138.45
24253;8105;86;2;68.41
24254;8105;103;3;60.73
24255;8105;7;2;435.46
24256;8106;239;2;89.88
24257;8106;241;2;177.76
24258;8106;82;1;115.88
24259;8107;257;1;75.87
24260;8107;123;2;70.77
24261;8107;39;1;42.14
24262;8107;88;1;271.98
24263;8108;123;3;70.77
24264;8108;183;1;83.98
24265;8108;292;3;115.69
24266;8109;98;2;156.09
24267;8109;274;1;43.03
24268;8109;81;1;83.86
24269;8110;295;3;401.67
24270;8110;276;3;77.1
24271;8111;296;2;31.73
24272;8111;285;1;108.9
24273;8112;203;1;22.49
24274;8113;64;2;63.91
24275;8113;51;3;69.12
24276;8114;174;2;16.75
24277;8114;199;1;156.49
24278;8114;111;2;28.98
24279;8114;166;2;36.18
24280;8114;212;3;167.62
24281;8115;265;1;194.8
24282;8115;70;3;99.53
24283;8115;38;2;136.67
24284;8116;106;2;63.95
24285;8116;71;3;104.37
24286;8116;207;2;234.88
24287;8116;100;1;36.47
24288;8117;34;2;71.61
24289;8117;298;1;95.71
24290;8117;262;1;203.02
24291;8118;36;1;35.27
24292;8118;68;2;208.07
24293;8118;168;1;36.16
24294;8118;193;2;303.95
24295;8118;192;3;139.65
24296;8119;248;3;278.21
24297;8119;196;2;15.62
24298;8119;187;3;145.63
24299;8120;187;2;145.63
24300;8120;172;3;108.1
24301;8120;132;3;76.68
24302;8121;30;1;43.42
24303;8121;294;2;73.58
24304;8121;28;2;98.17
24305;8121;239;3;89.88
24306;8121;264;1;22.18
24307;8122;106;2;63.95
24308;8122;72;1;136.88
24309;8122;282;1;377.84
24310;8123;281;3;13.59
24311;8123;275;2;167.5
24312;8123;254;2;92.06
24313;8123;293;3;32.93
24314;8124;196;3;15.62
24315;8124;106;1;63.95
24316;8124;207;3;234.88
24317;8124;190;2;16.04
24318;8124;262;3;203.02
24319;8125;126;1;333.38
24320;8125;3;1;355.2
24321;8125;203;2;22.49
24322;8126;191;2;144.67
24323;8126;46;1;32.13
24324;8126;76;1;23.8
24325;8126;166;3;36.18
24326;8126;166;3;36.18
24327;8127;193;1;303.95
24328;8128;222;1;207.75
24329;8128;140;3;35.81
24330;8128;210;1;230.86
24331;8128;256;1;229.2
24332;8129;244;3;291.31
24333;8129;131;2;94.96
24334;8129;214;3;180.06
24335;8129;121;1;102.0
24336;8129;175;1;18.54
24337;8130;129;3;59.78
24338;8130;135;1;23.48
24339;8130;229;2;14.92
24340;8131;292;1;115.69
24341;8132;7;3;435.46
24342;8132;25;2;36.6
24343;8132;157;1;145.39
24344;8132;48;3;214.66
24345;8132;189;2;298.51
24346;8133;158;2;219.43
24347;8133;178;3;117.25
24348;8134;299;2;93.25
24349;8134;58;2;37.93
24350;8134;105;1;19.14
24351;8135;133;1;129.76
24352;8136;210;3;230.86
24353;8136;53;2;51.23
24354;8136;72;3;136.88
24355;8136;223;1;12.9
24356;8137;49;2;49.52
24357;8137;80;3;16.51
24358;8138;223;1;12.9
24359;8138;139;1;284.29
24360;8138;275;3;167.5
24361;8138;164;2;38.45
24362;8139;119;1;52.95
24363;8140;285;3;108.9
24364;8140;197;2;109.76
24365;8140;109;1;46.77
24366;8140;130;3;138.45
24367;8141;129;2;59.78
24368;8141;108;1;53.06
24369;8141;105;2;19.14
24370;8142;78;2;18.59
24371;8142;284;1;66.65
24372;8142;177;3;190.69
24373;8142;283;1;114.46
24374;8143;111;1;28.98
24375;8143;238;2;130.67
24376;8143;105;2;19.14
24377;8143;170;2;22.32
24378;8144;188;3;221.91
24379;8144;140;2;35.81
24380;8144;212;2;167.62
24381;8145;67;2;41.38
24382;8146;227;2;128.22
24383;8146;282;2;377.84
24384;8146;196;3;15.62
24385;8146;278;2;58.03
24386;8146;300;2;105.48
24387;8147;40;1;165.59
24388;8147;5;1;99.57
24389;8148;292;2;115.69
24390;8149;22;1;231.52
24391;8149;182;2;96.28
24392;8149;118;2;365.76
24393;8150;269;3;27.35
24394;8150;167;3;40.59
24395;8151;168;3;36.16
24396;8151;46;2;32.13
24397;8151;91;2;48.19
24398;8152;204;2;63.94
24399;8152;177;3;190.69
24400;8152;148;3;161.06
24401;8152;297;2;111.18
24402;8152;247;1;280.92
24403;8153;155;2;75.12
24404;8153;199;1;156.49
24405;8153;85;1;276.27
24406;8154;291;1;67.09
24407;8154;189;3;298.51
24408;8155;30;1;43.42
24409;8155;4;2;15.69
24410;8155;18;2;140.06
24411;8156;188;1;221.91
24412;8156;235;3;98.52
24413;8156;156;3;51.61
24414;8156;96;3;318.43
24415;8156;296;2;31.73
24416;8157;93;3;177.34
24417;8157;5;2;99.57
24418;8157;243;3;23.3
24419;8158;52;2;198.57
24420;8158;232;3;21.33
24421;8158;29;1;33.59
24422;8158;1;3;85.25
24423;8158;37;1;125.9
24424;8159;197;2;109.76
24425;8159;161;3;66.77
24426;8160;105;1;19.14
24427;8160;25;2;36.6
24428;8160;3;3;355.2
24429;8160;43;1;27.58
24430;8160;66;2;65.31
24431;8161;263;1;58.98
24432;8161;45;1;206.86
24433;8161;209;1;110.99
24434;8161;37;2;125.9
24435;8162;147;1;15.53
24436;8162;263;3;58.98
24437;8162;9;3;134.64
24438;8162;274;1;43.03
24439;8163;98;1;156.09
24440;8163;85;1;276.27
24441;8164;254;3;92.06
24442;8164;273;1;197.68
24443;8164;113;1;261.82
24444;8165;5;1;99.57
24445;8166;51;2;69.12
24446;8167;192;2;139.65
24447;8167;114;3;81.1
24448;8167;112;3;112.28
24449;8167;230;3;163.67
24450;8167;235;3;98.52
24451;8168;160;2;62.31
24452;8168;110;3;33.58
24453;8168;38;2;136.67
24454;8168;38;2;136.67
24455;8169;61;3;251.37
24456;8170;259;1;193.37
24457;8170;162;1;265.52
24458;8171;234;1;199.16
24459;8171;124;1;109.44
24460;8171;244;1;291.31
24461;8171;89;2;376.3
24462;8171;291;3;67.09
24463;8172;135;3;23.48
24464;8173;274;3;43.03
24465;8173;271;3;134.08
24466;8173;277;2;141.51
24467;8173;255;1;63.76
24468;8173;108;3;53.06
24469;8174;278;1;58.03
24470;8174;197;3;109.76
24471;8175;169;3;117.44
24472;8175;284;1;66.65
24473;8175;8;2;295.75
24474;8175;232;1;21.33
24475;8176;103;1;60.73
24476;8176;77;2;137.95
24477;8176;251;1;594.78
24478;8176;183;2;83.98
24479;8176;287;3;82.17
24480;8177;94;2;191.51
24481;8177;116;2;27.34
24482;8177;46;1;32.13
24483;8178;242;2;66.96
24484;8178;143;2;86.74
24485;8178;33;3;98.43
24486;8178;170;1;22.32
24487;8179;164;1;38.45
24488;8179;111;1;28.98
24489;8179;36;3;35.27
24490;8180;153;3;28.61
24491;8180;275;3;167.5
24492;8180;44;1;46.23
24493;8180;157;1;145.39
24494;8180;107;1;57.11
24495;8181;1;1;85.25
24496;8181;89;1;376.3
24497;8181;92;3;338.54
24498;8181;105;3;19.14
24499;8181;17;2;66.06
24500;8182;203;3;22.49
24501;8182;47;1;10.35
24502;8182;254;1;92.06
24503;8182;123;3;70.77
24504;8182;38;3;136.67
24505;8183;277;1;141.51
24506;8183;161;1;66.77
24507;8183;171;3;59.0
24508;8183;227;3;128.22
24509;8183;232;1;21.33
24510;8184;176;1;23.46
24511;8184;154;1;276.99
24512;8184;131;1;94.96
24513;8184;268;2;22.25
24514;8184;158;3;219.43
24515;8185;184;3;75.61
24516;8185;71;1;104.37
24517;8185;62;1;77.66
24518;8185;233;1;153.83
24519;8185;101;1;337.71
24520;8186;296;2;31.73
24521;8186;147;2;15.53
24522;8186;249;2;94.89
24523;8187;186;3;24.83
24524;8187;280;2;194.11
24525;8187;201;2;55.38
24526;8187;224;1;289.95
24527;8187;21;2;27.77
24528;8188;11;1;27.62
24529;8188;199;3;156.49
24530;8188;202;3;84.57
24531;8189;116;3;27.34
24532;8189;215;2;42.37
24533;8189;29;2;33.59
24534;8189;148;2;161.06
24535;8190;250;2;45.33
24536;8191;169;3;117.44
24537;8191;199;2;156.49
24538;8191;166;2;36.18
24539;8191;82;1;115.88
24540;8191;184;3;75.61
24541;8192;99;3;18.5
24542;8193;292;3;115.69
24543;8194;85;2;276.27
24544;8195;130;2;138.45
24545;8196;268;3;22.25
24546;8196;291;3;67.09
24547;8196;81;1;83.86
24548;8196;256;1;229.2
24549;8197;283;1;114.46
24550;8197;180;1;59.61
24551;8197;229;2;14.92
24552;8197;130;1;138.45
24553;8197;124;2;109.44
24554;8198;288;1;430.61
24555;8198;66;3;65.31
24556;8198;115;3;45.38
24557;8198;298;2;95.71
24558;8199;264;1;22.18
24559;8200;173;3;44.37
24560;8200;167;3;40.59
24561;8200;196;1;15.62
24562;8201;207;3;234.88
24563;8201;32;1;65.71
24564;8201;99;2;18.5
24565;8202;228;2;21.36
24566;8202;225;3;14.43
24567;8203;166;3;36.18
24568;8203;102;2;79.45
24569;8203;294;1;73.58
24570;8203;158;2;219.43
24571;8203;265;3;194.8
24572;8204;59;1;107.83
24573;8204;57;2;49.4
24574;8204;272;1;32.79
24575;8204;92;1;338.54
24576;8204;25;3;36.6
24577;8205;187;1;145.63
24578;8205;228;1;21.36
24579;8205;34;1;71.61
24580;8205;241;2;177.76
24581;8205;24;3;171.7
24582;8206;123;1;70.77
24583;8206;220;1;97.41
24584;8206;64;3;63.91
24585;8207;58;1;37.93
24586;8207;22;2;231.52
24587;8207;129;3;59.78
24588;8207;212;3;167.62
24589;8208;257;2;75.87
24590;8208;77;3;137.95
24591;8208;9;2;134.64
24592;8209;186;1;24.83
24593;8209;157;2;145.39
24594;8209;1;1;85.25
24595;8209;33;1;98.43
24596;8209;41;3;202.78
24597;8210;63;3;81.7
24598;8211;99;2;18.5
24599;8212;268;3;22.25
24600;8213;199;1;156.49
24601;8213;86;2;68.41
24602;8214;4;1;15.69
24603;8214;236;1;27.58
24604;8214;250;2;45.33
24605;8215;148;1;161.06
24606;8215;61;1;251.37
24607;8215;50;3;63.53
24608;8215;257;3;75.87
24609;8215;162;3;265.52
24610;8216;86;3;68.41
24611;8216;61;3;251.37
24612;8216;92;2;338.54
24613;8216;68;2;208.07
24614;8217;192;3;139.65
24615;8218;141;3;62.63
24616;8219;123;1;70.77
24617;8220;46;1;32.13
24618;8220;105;1;19.14
24619;8220;245;2;88.8
24620;8221;134;3;60.38
24621;8221;219;2;18.89
24622;8221;272;2;32.79
24623;8222;298;3;95.71
24624;8222;182;1;96.28
24625;8222;219;1;18.89
24626;8222;272;3;32.79
24627;8223;10;1;83.77
24628;8223;295;1;401.67
24629;8224;177;3;190.69
24630;8224;277;1;141.51
24631;8224;22;1;231.52
24632;8225;75;2;176.39
24633;8225;50;3;63.53
24634;8225;95;2;11.53
24635;8225;176;2;23.46
24636;8226;171;2;59.0
24637;8227;160;1;62.31
24638;8227;86;1;68.41
24639;8227;290;1;138.11
24640;8227;235;2;98.52
24641;8228;190;1;16.04
24642;8228;72;1;136.88
24643;8228;125;1;136.07
24644;8229;110;1;33.58
24645;8229;224;3;289.95
24646;8229;13;1;97.98
24647;8230;26;1;73.19
24648;8231;186;3;24.83
24649;8232;230;2;163.67
24650;8232;246;1;105.53
24651;8233;157;3;145.39
24652;8233;176;3;23.46
24653;8233;191;1;144.67
24654;8233;16;1;135.22
24655;8233;189;3;298.51
24656;8234;46;3;32.13
24657;8234;259;1;193.37
24658;8235;82;1;115.88
24659;8235;106;2;63.95
24660;8235;254;3;92.06
24661;8236;86;1;68.41
24662;8236;263;3;58.98
24663;8236;169;2;117.44
24664;8236;265;2;194.8
24665;8236;26;3;73.19
24666;8237;2;1;169.54
24667;8237;188;1;221.91
24668;8237;196;3;15.62
24669;8237;140;3;35.81
24670;8237;258;2;183.46
24671;8238;174;1;16.75
24672;8238;88;1;271.98
24673;8239;294;3;73.58
24674;8239;106;3;63.95
24675;8239;270;1;149.02
24676;8239;292;1;115.69
24677;8240;17;1;66.06
24678;8240;129;1;59.78
24679;8240;78;2;18.59
24680;8241;135;1;23.48
24681;8241;162;1;265.52
24682;8241;58;3;37.93
24683;8242;100;1;36.47
24684;8242;21;1;27.77
24685;8242;152;1;210.67
24686;8242;15;2;110.9
24687;8243;61;3;251.37
24688;8243;269;3;27.35
24689;8244;149;3;112.47
24690;8245;249;1;94.89
24691;8245;145;3;77.19
24692;8245;98;1;156.09
24693;8245;166;2;36.18
24694;8245;99;3;18.5
24695;8246;241;3;177.76
24696;8246;149;2;112.47
24697;8247;286;2;23.1
24698;8247;58;1;37.93
24699;8247;43;2;27.58
24700;8247;58;3;37.93
24701;8247;88;1;271.98
24702;8248;170;2;22.32
24703;8248;145;3;77.19
24704;8248;178;2;117.25
24705;8248;274;1;43.03
24706;8249;172;3;108.1
24707;8250;145;1;77.19
24708;8250;208;3;26.03
24709;8250;224;1;289.95
24710;8250;240;1;115.21
24711;8251;292;3;115.69
24712;8251;104;3;193.22
24713;8252;155;1;75.12
24714;8252;74;1;13.44
24715;8252;162;3;265.52
24716;8253;215;1;42.37
24717;8253;174;1;16.75
24718;8253;239;3;89.88
24719;8253;64;2;63.91
24720;8253;48;1;214.66
24721;8254;12;2;58.48
24722;8254;259;1;193.37
24723;8254;196;3;15.62
24724;8255;154;3;276.99
24725;8255;51;2;69.12
24726;8255;107;2;57.11
24727;8256;300;3;105.48
24728;8256;200;3;209.0
24729;8257;12;2;58.48
24730;8258;226;1;105.33
24731;8258;2;2;169.54
24732;8258;220;1;97.41
24733;8258;121;3;102.0
24734;8259;87;1;172.22
24735;8259;196;1;15.62
24736;8259;31;2;263.13
24737;8259;6;2;124.34
24738;8259;120;3;44.38
24739;8260;172;2;108.1
24740;8260;23;2;17.91
24741;8260;85;1;276.27
24742;8260;271;3;134.08
24743;8261;186;3;24.83
24744;8261;63;2;81.7
24745;8261;193;3;303.95
24746;8261;206;3;30.23
24747;8261;47;3;10.35
24748;8262;71;3;104.37
24749;8262;238;1;130.67
24750;8263;144;1;46.76
24751;8263;204;3;63.94
24752;8264;108;1;53.06
24753;8264;179;3;16.67
24754;8264;29;2;33.59
24755;8264;135;2;23.48
24756;8264;129;1;59.78
24757;8265;134;1;60.38
24758;8265;253;3;62.5
24759;8265;117;2;187.28
24760;8266;187;2;145.63
24761;8266;242;2;66.96
24762;8266;89;2;376.3
24763;8267;225;3;14.43
24764;8267;43;1;27.58
24765;8267;288;2;430.61
24766;8267;82;1;115.88
24767;8267;216;1;265.62
24768;8268;168;1;36.16
24769;8269;183;3;83.98
24770;8269;194;3;39.16
24771;8270;112;1;112.28
24772;8270;238;3;130.67
24773;8270;33;1;98.43
24774;8270;267;1;23.63
24775;8270;271;3;134.08
24776;8271;278;3;58.03
24777;8271;24;2;171.7
24778;8271;231;1;58.56
24779;8272;182;2;96.28
24780;8272;2;1;169.54
24781;8272;114;1;81.1
24782;8272;203;2;22.49
24783;8272;191;2;144.67
24784;8273;109;3;46.77
24785;8273;29;1;33.59
24786;8273;101;2;337.71
24787;8274;37;1;125.9
24788;8274;125;2;136.07
24789;8275;231;3;58.56
24790;8275;248;3;278.21
24791;8276;50;2;63.53
24792;8276;55;1;105.96
24793;8276;178;2;117.25
24794;8277;235;3;98.52
24795;8277;279;3;52.64
24796;8278;175;2;18.54
24797;8278;87;3;172.22
24798;8278;78;3;18.59
24799;8279;100;1;36.47
24800;8280;133;1;129.76
24801;8280;227;1;128.22
24802;8280;287;3;82.17
24803;8280;28;3;98.17
24804;8281;97;3;160.55
24805;8281;300;3;105.48
24806;8281;224;2;289.95
24807;8281;46;2;32.13
24808;8282;165;1;30.46
24809;8283;89;2;376.3
24810;8283;230;1;163.67
24811;8283;19;2;25.52
24812;8283;77;1;137.95
24813;8284;33;2;98.43
24814;8284;158;2;219.43
24815;8284;61;1;251.37
24816;8285;268;2;22.25
24817;8285;105;3;19.14
24818;8286;131;1;94.96
24819;8286;28;1;98.17
24820;8287;94;1;191.51
24821;8287;27;3;257.64
24822;8288;51;1;69.12
24823;8288;95;3;11.53
24824;8288;194;3;39.16
24825;8288;65;3;165.71
24826;8289;104;3;193.22
24827;8289;272;1;32.79
24828;8290;34;1;71.61
24829;8290;207;3;234.88
24830;8291;145;1;77.19
24831;8292;162;3;265.52
24832;8292;204;3;63.94
24833;8293;51;2;69.12
24834;8293;168;2;36.16
24835;8293;105;2;19.14
24836;8293;92;2;338.54
24837;8294;201;1;55.38
24838;8294;238;3;130.67
24839;8294;260;1;183.92
24840;8295;184;3;75.61
24841;8295;51;1;69.12
24842;8295;198;3;53.21
24843;8295;215;2;42.37
24844;8296;165;1;30.46
24845;8296;32;3;65.71
24846;8296;29;3;33.59
24847;8296;144;2;46.76
24848;8297;164;1;38.45
24849;8298;248;1;278.21
24850;8298;16;3;135.22
24851;8298;201;1;55.38
24852;8298;220;2;97.41
24853;8298;147;1;15.53
24854;8299;196;3;15.62
24855;8299;168;1;36.16
24856;8299;108;2;53.06
24857;8299;199;2;156.49
24858;8299;46;1;32.13
24859;8300;72;1;136.88
24860;8300;113;1;261.82
24861;8300;133;3;129.76
24862;8300;71;3;104.37
24863;8300;279;1;52.64
24864;8301;84;1;56.46
24865;8302;200;1;209.0
24866;8303;120;3;44.38
24867;8303;298;3;95.71
24868;8303;220;1;97.41
24869;8303;237;2;11.53
24870;8303;200;1;209.0
24871;8304;62;1;77.66
24872;8304;71;1;104.37
24873;8305;235;3;98.52
24874;8305;61;3;251.37
24875;8305;190;2;16.04
24876;8305;66;2;65.31
24877;8305;60;3;69.22
24878;8306;291;1;67.09
24879;8306;242;3;66.96
24880;8307;281;1;13.59
24881;8307;140;1;35.81
24882;8307;229;3;14.92
24883;8307;267;2;23.63
24884;8307;266;1;78.95
24885;8308;257;1;75.87
24886;8308;290;3;138.11
24887;8308;250;2;45.33
24888;8308;198;2;53.21
24889;8309;73;3;47.55
24890;8309;112;1;112.28
24891;8309;4;2;15.69
24892;8309;20;3;27.74
24893;8310;74;1;13.44
24894;8310;38;2;136.67
24895;8310;274;1;43.03
24896;8311;264;2;22.18
24897;8311;251;1;594.78
24898;8311;69;2;100.84
24899;8311;281;2;13.59
24900;8312;31;1;263.13
24901;8312;189;3;298.51
24902;8312;224;3;289.95
24903;8312;274;3;43.03
24904;8312;221;2;182.12
24905;8313;9;3;134.64
24906;8313;204;2;63.94
24907;8314;140;3;35.81
24908;8314;147;1;15.53
24909;8314;238;2;130.67
24910;8314;130;3;138.45
24911;8314;286;2;23.1
24912;8315;173;2;44.37
24913;8316;212;2;167.62
24914;8316;153;3;28.61
24915;8316;7;1;435.46
24916;8317;177;3;190.69
24917;8318;296;1;31.73
24918;8318;213;1;29.38
24919;8319;114;3;81.1
24920;8320;2;3;169.54
24921;8320;58;3;37.93
24922;8320;227;2;128.22
24923;8321;8;3;295.75
24924;8322;248;1;278.21
24925;8322;185;1;47.76
24926;8322;26;1;73.19
24927;8322;161;2;66.77
24928;8323;137;3;83.8
24929;8323;40;1;165.59
24930;8323;121;3;102.0
24931;8324;186;1;24.83
24932;8324;225;1;14.43
24933;8325;45;2;206.86
24934;8325;107;2;57.11
24935;8326;135;3;23.48
24936;8326;196;2;15.62
24937;8326;90;1;238.59
24938;8326;47;2;10.35
24939;8326;296;3;31.73
24940;8327;264;1;22.18
24941;8328;7;3;435.46
24942;8328;203;1;22.49
24943;8329;79;3;57.05
24944;8329;253;1;62.5
24945;8329;96;2;318.43
24946;8329;58;3;37.93
24947;8330;155;3;75.12
24948;8330;142;1;26.83
24949;8331;130;1;138.45
24950;8332;176;2;23.46
24951;8333;273;2;197.68
24952;8333;120;3;44.38
24953;8333;242;2;66.96
24954;8334;47;3;10.35
24955;8334;85;2;276.27
24956;8334;21;2;27.77
24957;8335;136;1;77.12
24958;8335;41;2;202.78
24959;8335;74;3;13.44
24960;8335;274;3;43.03
24961;8335;149;1;112.47
24962;8336;38;1;136.67
24963;8336;227;1;128.22
24964;8336;221;3;182.12
24965;8336;184;3;75.61
24966;8336;183;2;83.98
24967;8337;245;2;88.8
24968;8338;142;1;26.83
24969;8338;56;2;84.93
24970;8338;297;3;111.18
24971;8339;11;3;27.62
24972;8339;257;2;75.87
24973;8339;125;3;136.07
24974;8340;73;3;47.55
24975;8340;123;2;70.77
24976;8341;37;3;125.9
24977;8341;152;2;210.67
24978;8341;239;1;89.88
24979;8341;199;2;156.49
24980;8342;203;1;22.49
24981;8342;14;2;139.17
24982;8343;166;2;36.18
24983;8343;113;2;261.82
24984;8343;74;3;13.44
24985;8343;75;2;176.39
24986;8343;77;3;137.95
24987;8344;135;3;23.48
24988;8344;131;1;94.96
24989;8344;239;3;89.88
24990;8344;234;3;199.16
24991;8345;273;1;197.68
24992;8345;154;1;276.99
24993;8345;18;2;140.06
24994;8346;84;1;56.46
24995;8346;63;2;81.7
24996;8347;187;2;145.63
24997;8347;292;1;115.69
24998;8347;204;3;63.94
24999;8347;76;3;23.8
25000;8348;95;3;11.53
25001;8348;297;1;111.18
25002;8349;217;3;133.47
25003;8349;227;3;128.22
25004;8349;28;2;98.17
25005;8350;226;2;105.33
25006;8351;47;2;10.35
25007;8352;120;1;44.38
25008;8352;197;2;109.76
25009;8353;124;2;109.44
25010;8353;253;3;62.5
25011;8353;229;3;14.92
25012;8353;37;1;125.9
25013;8353;49;1;49.52
25014;8354;282;1;377.84
25015;8354;293;2;32.93
25016;8354;205;3;54.75
25017;8354;60;3;69.22
25018;8355;153;3;28.61
25019;8355;235;1;98.52
25020;8355;193;1;303.95
25021;8355;157;3;145.39
25022;8356;153;3;28.61
25023;8356;133;3;129.76
25024;8356;94;1;191.51
25025;8357;174;2;16.75
25026;8358;35;2;57.55
25027;8358;293;1;32.93
25028;8358;250;3;45.33
25029;8358;73;3;47.55
25030;8358;52;2;198.57
25031;8359;8;3;295.75
25032;8360;252;1;124.2
25033;8360;21;3;27.77
25034;8360;32;3;65.71
25035;8361;88;2;271.98
25036;8361;97;3;160.55
25037;8362;71;1;104.37
25038;8363;51;3;69.12
25039;8363;199;3;156.49
25040;8363;281;1;13.59
25041;8364;278;2;58.03
25042;8364;289;1;36.82
25043;8364;210;3;230.86
25044;8364;274;1;43.03
25045;8364;197;1;109.76
25046;8365;211;1;253.01
25047;8365;169;2;117.44
25048;8365;285;1;108.9
25049;8366;107;2;57.11
25050;8366;273;2;197.68
25051;8366;179;3;16.67
25052;8366;63;3;81.7
25053;8366;207;3;234.88
25054;8367;52;2;198.57
25055;8367;83;3;28.81
25056;8368;235;2;98.52
25057;8368;216;2;265.62
25058;8368;202;1;84.57
25059;8368;252;3;124.2
25060;8369;8;2;295.75
25061;8369;266;2;78.95
25062;8370;27;1;257.64
25063;8371;144;1;46.76
25064;8371;157;3;145.39
25065;8372;74;3;13.44
25066;8373;156;2;51.61
25067;8373;103;1;60.73
25068;8373;233;2;153.83
25069;8374;12;2;58.48
25070;8375;109;3;46.77
25071;8375;164;1;38.45
25072;8375;272;2;32.79
25073;8376;213;1;29.38
25074;8376;64;1;63.91
25075;8376;12;2;58.48
25076;8376;112;2;112.28
25077;8376;295;1;401.67
25078;8377;277;2;141.51
25079;8377;8;3;295.75
25080;8378;293;3;32.93
25081;8378;11;3;27.62
25082;8379;190;2;16.04
25083;8379;108;3;53.06
25084;8379;145;2;77.19
25085;8379;83;2;28.81
25086;8379;283;1;114.46
25087;8380;226;2;105.33
25088;8380;115;2;45.38
25089;8380;127;2;28.04
25090;8380;250;3;45.33
25091;8381;230;3;163.67
25092;8381;19;1;25.52
25093;8382;151;2;14.87
25094;8383;166;1;36.18
25095;8383;138;3;32.55
25096;8383;34;2;71.61
25097;8383;177;2;190.69
25098;8383;263;1;58.98
25099;8384;281;2;13.59
25100;8385;35;3;57.55
25101;8385;26;3;73.19
25102;8385;146;2;35.44
25103;8385;72;2;136.88
25104;8386;219;1;18.89
25105;8386;184;3;75.61
25106;8386;47;1;10.35
25107;8387;245;1;88.8
25108;8388;161;1;66.77
25109;8388;231;1;58.56
25110;8388;111;2;28.98
25111;8388;216;2;265.62
25112;8388;187;1;145.63
25113;8389;250;2;45.33
25114;8389;299;1;93.25
25115;8389;300;1;105.48
25116;8390;59;1;107.83
25117;8390;209;2;110.99
25118;8391;93;2;177.34
25119;8391;103;1;60.73
25120;8391;288;2;430.61
25121;8392;122;1;159.31
25122;8392;93;3;177.34
25123;8392;200;1;209.0
25124;8392;157;3;145.39
25125;8392;26;3;73.19
25126;8393;5;3;99.57
25127;8393;102;1;79.45
25128;8393;178;3;117.25
25129;8393;199;1;156.49
25130;8394;84;2;56.46
25131;8395;293;3;32.93
25132;8395;159;3;56.32
25133;8396;77;2;137.95
25134;8396;53;2;51.23
25135;8396;296;2;31.73
25136;8396;54;3;232.82
25137;8396;194;3;39.16
25138;8397;82;3;115.88
25139;8397;61;3;251.37
25140;8398;127;3;28.04
25141;8398;229;1;14.92
25142;8398;256;1;229.2
25143;8399;117;1;187.28
25144;8399;8;3;295.75
25145;8399;59;2;107.83
25146;8399;257;1;75.87
25147;8400;11;1;27.62
25148;8400;154;1;276.99
25149;8400;249;1;94.89
25150;8400;181;1;42.65
25151;8401;80;1;16.51
25152;8401;183;3;83.98
25153;8401;140;3;35.81
25154;8401;243;1;23.3
25155;8401;171;1;59.0
25156;8402;115;1;45.38
25157;8403;229;2;14.92
25158;8403;44;2;46.23
25159;8403;234;1;199.16
25160;8403;159;2;56.32
25161;8403;102;3;79.45
25162;8404;2;3;169.54
25163;8404;8;2;295.75
25164;8404;70;2;99.53
25165;8404;188;1;221.91
25166;8405;271;1;134.08
25167;8406;123;2;70.77
25168;8406;31;1;263.13
25169;8406;162;1;265.52
25170;8406;1;2;85.25
25171;8407;166;3;36.18
25172;8407;111;3;28.98
25173;8408;158;1;219.43
25174;8409;225;1;14.43
25175;8409;29;2;33.59
25176;8409;143;2;86.74
25177;8409;172;3;108.1
25178;8409;63;1;81.7
25179;8410;41;1;202.78
25180;8410;88;3;271.98
25181;8410;70;1;99.53
25182;8410;181;1;42.65
25183;8411;123;2;70.77
25184;8411;238;1;130.67
25185;8411;3;2;355.2
25186;8411;88;2;271.98
25187;8412;90;2;238.59
25188;8413;170;3;22.32
25189;8413;39;1;42.14
25190;8413;200;2;209.0
25191;8413;10;1;83.77
25192;8413;24;1;171.7
25193;8414;230;1;163.67
25194;8415;161;3;66.77
25195;8415;80;3;16.51
25196;8415;234;2;199.16
25197;8415;8;3;295.75
25198;8415;179;1;16.67
25199;8416;291;2;67.09
25200;8416;117;2;187.28
25201;8417;227;1;128.22
25202;8417;57;1;49.4
25203;8417;236;2;27.58
25204;8418;30;1;43.42
25205;8419;290;1;138.11
25206;8419;215;3;42.37
25207;8420;37;3;125.9
25208;8420;81;1;83.86
25209;8420;48;3;214.66
25210;8420;135;1;23.48
25211;8420;65;1;165.71
25212;8421;277;1;141.51
25213;8421;157;3;145.39
25214;8421;196;2;15.62
25215;8421;78;3;18.59
25216;8421;19;1;25.52
25217;8422;106;1;63.95
25218;8423;99;2;18.5
25219;8423;282;2;377.84
25220;8424;299;3;93.25
25221;8424;30;3;43.42
25222;8424;166;1;36.18
25223;8424;97;2;160.55
25224;8425;58;2;37.93
25225;8425;29;3;33.59
25226;8426;96;1;318.43
25227;8426;21;3;27.77
25228;8426;87;2;172.22
25229;8427;263;3;58.98
25230;8427;104;3;193.22
25231;8428;297;2;111.18
25232;8428;148;2;161.06
25233;8428;287;2;82.17
25234;8428;99;2;18.5
25235;8428;292;2;115.69
25236;8429;275;2;167.5
25237;8429;225;1;14.43
25238;8429;280;3;194.11
25239;8430;23;1;17.91
25240;8430;114;2;81.1
25241;8431;207;2;234.88
25242;8432;219;1;18.89
25243;8432;276;3;77.1
25244;8432;253;1;62.5
25245;8432;31;2;263.13
25246;8432;11;1;27.62
25247;8433;3;2;355.2
25248;8434;255;3;63.76
25249;8435;108;3;53.06
25250;8436;264;1;22.18
25251;8436;17;2;66.06
25252;8436;232;2;21.33
25253;8436;269;3;27.35
25254;8437;207;3;234.88
25255;8437;60;1;69.22
25256;8437;38;3;136.67
25257;8437;281;2;13.59
25258;8438;220;3;97.41
25259;8438;29;3;33.59
25260;8438;23;1;17.91
25261;8438;2;1;169.54
25262;8438;181;2;42.65
25263;8439;21;2;27.77
25264;8440;52;1;198.57
25265;8441;1;3;85.25
25266;8441;198;3;53.21
25267;8441;191;2;144.67
25268;8441;288;3;430.61
25269;8442;106;2;63.95
25270;8443;245;2;88.8
25271;8443;297;1;111.18
25272;8443;117;3;187.28
25273;8444;275;2;167.5
25274;8444;145;3;77.19
25275;8444;85;2;276.27
25276;8444;77;3;137.95
25277;8444;231;1;58.56
25278;8445;211;1;253.01
25279;8445;71;2;104.37
25280;8446;41;2;202.78
25281;8446;90;2;238.59
25282;8447;49;1;49.52
25283;8447;268;2;22.25
25284;8448;129;3;59.78
25285;8448;134;1;60.38
25286;8449;271;1;134.08
25287;8449;149;2;112.47
25288;8449;194;2;39.16
25289;8450;206;1;30.23
25290;8450;273;1;197.68
25291;8451;273;1;197.68
25292;8451;265;3;194.8
25293;8451;156;3;51.61
25294;8452;115;3;45.38
25295;8452;141;1;62.63
25296;8453;252;2;124.2
25297;8454;200;2;209.0
25298;8454;226;2;105.33
25299;8454;54;3;232.82
25300;8454;101;3;337.71
25301;8455;228;1;21.36
25302;8455;203;2;22.49
25303;8456;270;3;149.02
25304;8456;235;3;98.52
25305;8456;238;3;130.67
25306;8456;229;1;14.92
25307;8457;13;1;97.98
25308;8457;114;1;81.1
25309;8457;116;1;27.34
25310;8458;212;3;167.62
25311;8458;250;3;45.33
25312;8458;263;3;58.98
25313;8458;126;2;333.38
25314;8458;300;3;105.48
25315;8459;174;2;16.75
25316;8459;111;1;28.98
25317;8459;248;2;278.21
25318;8459;276;2;77.1
25319;8460;22;1;231.52
25320;8460;184;3;75.61
25321;8461;126;3;333.38
25322;8462;69;3;100.84
25323;8463;207;3;234.88
25324;8463;149;2;112.47
25325;8463;184;2;75.61
25326;8463;71;1;104.37
25327;8463;162;1;265.52
25328;8464;226;1;105.33
25329;8464;122;1;159.31
25330;8464;184;3;75.61
25331;8464;8;2;295.75
25332;8465;60;3;69.22
25333;8465;138;2;32.55
25334;8465;183;1;83.98
25335;8465;158;3;219.43
25336;8466;247;2;280.92
25337;8466;226;1;105.33
25338;8466;137;2;83.8
25339;8467;47;3;10.35
25340;8467;71;3;104.37
25341;8468;39;3;42.14
25342;8468;84;3;56.46
25343;8468;93;2;177.34
25344;8468;87;1;172.22
25345;8469;295;2;401.67
25346;8469;300;1;105.48
25347;8469;22;1;231.52
25348;8470;143;2;86.74
25349;8471;77;3;137.95
25350;8471;93;2;177.34
25351;8472;138;1;32.55
25352;8472;258;1;183.46
25353;8473;168;1;36.16
25354;8473;272;2;32.79
25355;8474;111;2;28.98
25356;8474;290;1;138.11
25357;8474;9;1;134.64
25358;8475;102;3;79.45
25359;8476;290;1;138.11
25360;8476;232;3;21.33
25361;8476;59;1;107.83
25362;8477;239;1;89.88
25363;8477;182;2;96.28
25364;8478;245;2;88.8
25365;8478;171;1;59.0
25366;8479;129;2;59.78
25367;8479;115;2;45.38
25368;8479;36;2;35.27
25369;8480;62;1;77.66
25370;8480;33;2;98.43
25371;8481;133;3;129.76
25372;8481;182;3;96.28
25373;8481;294;3;73.58
25374;8481;58;2;37.93
25375;8482;20;1;27.74
25376;8482;254;3;92.06
25377;8482;51;1;69.12
25378;8482;94;1;191.51
25379;8483;187;3;145.63
25380;8483;107;2;57.11
25381;8483;134;3;60.38
25382;8483;287;2;82.17
25383;8484;166;3;36.18
25384;8484;19;2;25.52
25385;8484;109;2;46.77
25386;8484;131;3;94.96
25387;8484;107;2;57.11
25388;8485;72;3;136.88
25389;8485;164;3;38.45
25390;8485;16;2;135.22
25391;8485;86;3;68.41
25392;8485;49;1;49.52
25393;8486;257;2;75.87
25394;8486;198;2;53.21
25395;8486;75;2;176.39
25396;8487;28;2;98.17
25397;8487;126;1;333.38
25398;8488;57;3;49.4
25399;8489;126;3;333.38
25400;8490;94;3;191.51
25401;8491;3;3;355.2
25402;8491;7;1;435.46
25403;8491;191;1;144.67
25404;8492;58;1;37.93
25405;8492;6;2;124.34
25406;8492;215;2;42.37
25407;8492;155;3;75.12
25408;8493;78;2;18.59
25409;8493;39;3;42.14
25410;8493;50;2;63.53
25411;8493;165;1;30.46
25412;8494;288;3;430.61
25413;8494;211;3;253.01
25414;8494;132;1;76.68
25415;8494;214;3;180.06
25416;8495;296;1;31.73
25417;8495;234;1;199.16
25418;8495;89;1;376.3
25419;8496;21;3;27.77
25420;8496;35;1;57.55
25421;8497;251;3;594.78
25422;8497;198;1;53.21
25423;8497;237;3;11.53
25424;8498;265;2;194.8
25425;8498;234;3;199.16
25426;8498;294;3;73.58
25427;8499;137;2;83.8
25428;8500;199;2;156.49
25429;8500;135;3;23.48
25430;8500;261;2;138.08
25431;8500;171;1;59.0
25432;8500;70;2;99.53
25433;8501;142;1;26.83
25434;8501;79;2;57.05
25435;8502;291;2;67.09
25436;8503;182;2;96.28
25437;8503;92;3;338.54
25438;8503;67;3;41.38
25439;8504;185;2;47.76
25440;8504;159;3;56.32
25441;8504;290;2;138.11
25442;8504;147;2;15.53
25443;8505;110;2;33.58
25444;8505;261;3;138.08
25445;8505;49;1;49.52
25446;8506;273;1;197.68
25447;8507;7;1;435.46
25448;8507;101;2;337.71
25449;8507;61;3;251.37
25450;8507;31;3;263.13
25451;8507;56;3;84.93
25452;8508;6;3;124.34
25453;8509;236;2;27.58
25454;8509;256;3;229.2
25455;8509;50;1;63.53
25456;8509;58;2;37.93
25457;8510;86;3;68.41
25458;8510;191;2;144.67
25459;8510;254;1;92.06
25460;8510;29;3;33.59
25461;8510;133;2;129.76
25462;8511;266;3;78.95
25463;8511;279;3;52.64
25464;8511;138;1;32.55
25465;8512;63;1;81.7
25466;8512;32;1;65.71
25467;8512;63;1;81.7
25468;8513;238;3;130.67
25469;8514;135;3;23.48
25470;8515;159;2;56.32
25471;8516;150;1;51.66
25472;8516;184;3;75.61
25473;8517;80;2;16.51
25474;8517;231;3;58.56
25475;8517;136;2;77.12
25476;8517;28;3;98.17
25477;8517;83;1;28.81
25478;8518;286;2;23.1
25479;8518;230;1;163.67
25480;8518;199;3;156.49
25481;8518;19;2;25.52
25482;8519;56;1;84.93
25483;8519;241;2;177.76
25484;8519;200;2;209.0
25485;8519;234;1;199.16
25486;8520;158;1;219.43
25487;8520;148;3;161.06
25488;8520;49;1;49.52
25489;8520;134;1;60.38
25490;8520;274;1;43.03
25491;8521;82;3;115.88
25492;8521;157;3;145.39
25493;8521;88;2;271.98
25494;8521;284;2;66.65
25495;8521;41;2;202.78
25496;8522;58;2;37.93
25497;8522;178;2;117.25
25498;8522;184;3;75.61
25499;8523;280;2;194.11
25500;8523;254;3;92.06
25501;8524;57;1;49.4
25502;8525;195;2;145.55
25503;8525;149;1;112.47
25504;8525;145;2;77.19
25505;8525;243;2;23.3
25506;8525;106;3;63.95
25507;8526;298;2;95.71
25508;8526;104;3;193.22
25509;8526;132;2;76.68
25510;8526;203;1;22.49
25511;8526;245;1;88.8
25512;8527;69;1;100.84
25513;8527;15;2;110.9
25514;8527;264;1;22.18
25515;8528;41;1;202.78
25516;8528;265;3;194.8
25517;8528;76;1;23.8
25518;8528;51;3;69.12
25519;8529;188;3;221.91
25520;8529;32;3;65.71
25521;8529;267;2;23.63
25522;8529;164;3;38.45
25523;8530;146;3;35.44
25524;8530;228;2;21.36
25525;8530;238;3;130.67
25526;8530;281;3;13.59
25527;8531;129;3;59.78
25528;8531;192;1;139.65
25529;8531;280;1;194.11
25530;8531;82;1;115.88
25531;8532;220;1;97.41
25532;8532;87;2;172.22
25533;8532;95;2;11.53
25534;8532;39;3;42.14
25535;8532;58;1;37.93
25536;8533;282;1;377.84
25537;8533;156;2;51.61
25538;8534;281;1;13.59
25539;8534;194;1;39.16
25540;8534;118;1;365.76
25541;8534;127;1;28.04
25542;8534;87;2;172.22
25543;8535;45;3;206.86
25544;8535;65;3;165.71
25545;8535;49;2;49.52
25546;8536;65;3;165.71
25547;8536;176;3;23.46
25548;8536;198;1;53.21
25549;8537;75;3;176.39
25550;8538;113;1;261.82
25551;8538;53;2;51.23
25552;8538;72;3;136.88
25553;8539;219;2;18.89
25554;8540;267;3;23.63
25555;8540;75;3;176.39
25556;8540;16;3;135.22
25557;8541;29;1;33.59
25558;8541;127;2;28.04
25559;8542;214;1;180.06
25560;8542;71;3;104.37
25561;8542;134;2;60.38
25562;8542;51;3;69.12
25563;8543;23;3;17.91
25564;8543;63;3;81.7
25565;8543;137;2;83.8
25566;8544;214;1;180.06
25567;8544;46;2;32.13
25568;8544;200;2;209.0
25569;8544;23;3;17.91
25570;8544;176;2;23.46
25571;8545;84;3;56.46
25572;8545;53;2;51.23
25573;8545;272;1;32.79
25574;8545;121;1;102.0
25575;8546;214;1;180.06
25576;8546;96;3;318.43
25577;8546;88;2;271.98
25578;8547;126;2;333.38
25579;8547;138;3;32.55
25580;8548;33;1;98.43
25581;8548;89;1;376.3
25582;8549;214;2;180.06
25583;8549;229;2;14.92
25584;8549;130;1;138.45
25585;8549;126;3;333.38
25586;8549;286;3;23.1
25587;8550;153;3;28.61
25588;8551;36;2;35.27
25589;8551;78;1;18.59
25590;8551;87;1;172.22
25591;8551;215;2;42.37
25592;8551;265;1;194.8
25593;8552;40;2;165.59
25594;8552;283;2;114.46
25595;8552;96;1;318.43
25596;8552;194;3;39.16
25597;8552;259;3;193.37
25598;8553;51;2;69.12
25599;8553;246;1;105.53
25600;8553;296;1;31.73
25601;8553;196;1;15.62
25602;8553;282;1;377.84
25603;8554;84;2;56.46
25604;8554;194;3;39.16
25605;8554;291;3;67.09
25606;8554;106;3;63.95
25607;8554;158;1;219.43
25608;8555;43;3;27.58
25609;8555;107;1;57.11
25610;8555;40;1;165.59
25611;8555;168;1;36.16
25612;8555;61;2;251.37
25613;8556;68;2;208.07
25614;8556;51;2;69.12
25615;8556;86;1;68.41
25616;8556;137;2;83.8
25617;8557;95;1;11.53
25618;8557;292;3;115.69
25619;8557;189;1;298.51
25620;8557;53;1;51.23
25621;8557;263;1;58.98
25622;8558;154;2;276.99
25623;8559;244;2;291.31
25624;8559;201;3;55.38
25625;8559;53;2;51.23
25626;8559;211;1;253.01
25627;8559;97;3;160.55
25628;8560;281;3;13.59
25629;8560;255;2;63.76
25630;8561;10;3;83.77
25631;8561;242;1;66.96
25632;8561;97;2;160.55
25633;8562;124;2;109.44
25634;8563;262;1;203.02
25635;8563;8;3;295.75
25636;8563;121;1;102.0
25637;8563;162;2;265.52
25638;8563;63;1;81.7
25639;8564;210;3;230.86
25640;8564;18;3;140.06
25641;8565;140;3;35.81
25642;8565;129;3;59.78
25643;8565;278;1;58.03
25644;8565;193;3;303.95
25645;8566;125;3;136.07
25646;8566;7;3;435.46
25647;8566;54;1;232.82
25648;8567;102;3;79.45
25649;8568;281;2;13.59
25650;8568;275;3;167.5
25651;8568;77;3;137.95
25652;8569;153;2;28.61
25653;8569;25;3;36.6
25654;8570;205;1;54.75
25655;8570;11;3;27.62
25656;8571;78;3;18.59
25657;8571;151;1;14.87
25658;8571;19;3;25.52
25659;8572;131;2;94.96
25660;8572;63;1;81.7
25661;8573;200;2;209.0
25662;8573;123;3;70.77
25663;8573;101;3;337.71
25664;8573;146;1;35.44
25665;8573;193;3;303.95
25666;8574;178;2;117.25
25667;8574;36;1;35.27
25668;8574;221;1;182.12
25669;8574;85;2;276.27
25670;8575;238;3;130.67
25671;8575;233;1;153.83
25672;8575;15;2;110.9
25673;8575;288;3;430.61
25674;8575;176;1;23.46
25675;8576;164;1;38.45
25676;8576;105;2;19.14
25677;8577;287;3;82.17
25678;8577;250;2;45.33
25679;8577;270;1;149.02
25680;8577;123;1;70.77
25681;8578;52;2;198.57
25682;8579;272;2;32.79
25683;8579;25;1;36.6
25684;8579;158;3;219.43
25685;8579;235;1;98.52
25686;8579;106;1;63.95
25687;8580;181;1;42.65
25688;8580;266;3;78.95
25689;8581;11;2;27.62
25690;8581;115;1;45.38
25691;8581;29;3;33.59
25692;8581;217;3;133.47
25693;8582;72;2;136.88
25694;8582;296;2;31.73
25695;8582;115;2;45.38
25696;8582;102;2;79.45
25697;8582;238;2;130.67
25698;8583;92;2;338.54
25699;8583;290;3;138.11
25700;8584;158;2;219.43
25701;8584;124;1;109.44
25702;8585;36;3;35.27
25703;8585;191;1;144.67
25704;8585;204;1;63.94
25705;8586;14;2;139.17
25706;8586;225;3;14.43
25707;8586;173;3;44.37
25708;8586;21;3;27.77
25709;8587;294;2;73.58
25710;8588;141;1;62.63
25711;8588;115;3;45.38
25712;8588;36;2;35.27
25713;8588;156;1;51.61
25714;8588;14;1;139.17
25715;8589;59;1;107.83
25716;8589;210;2;230.86
25717;8590;96;3;318.43
25718;8590;226;1;105.33
25719;8590;203;1;22.49
25720;8591;278;3;58.03
25721;8591;284;3;66.65
25722;8591;46;1;32.13
25723;8591;298;3;95.71
25724;8592;178;3;117.25
25725;8592;15;3;110.9
25726;8592;3;1;355.2
25727;8592;12;1;58.48
25728;8593;121;3;102.0
25729;8593;59;3;107.83
25730;8594;73;2;47.55
25731;8595;50;3;63.53
25732;8596;214;2;180.06
25733;8597;261;2;138.08
25734;8597;184;3;75.61
25735;8597;248;1;278.21
25736;8597;124;2;109.44
25737;8598;289;3;36.82
25738;8598;155;2;75.12
25739;8598;131;1;94.96
25740;8599;282;3;377.84
25741;8599;281;1;13.59
25742;8599;211;3;253.01
25743;8599;72;2;136.88
25744;8600;276;2;77.1
25745;8601;75;1;176.39
25746;8602;230;3;163.67
25747;8602;176;1;23.46
25748;8603;246;3;105.53
25749;8604;1;1;85.25
25750;8604;148;2;161.06
25751;8604;105;2;19.14
25752;8604;132;2;76.68
25753;8604;145;2;77.19
25754;8605;285;2;108.9
25755;8605;172;2;108.1
25756;8605;83;2;28.81
25757;8606;264;2;22.18
25758;8606;294;3;73.58
25759;8607;58;2;37.93
25760;8607;15;3;110.9
25761;8607;135;3;23.48
25762;8607;107;2;57.11
25763;8608;246;2;105.53
25764;8608;18;1;140.06
25765;8608;156;1;51.61
25766;8609;276;3;77.1
25767;8609;55;3;105.96
25768;8609;59;1;107.83
25769;8609;172;1;108.1
25770;8609;259;3;193.37
25771;8610;271;1;134.08
25772;8610;229;1;14.92
25773;8611;178;2;117.25
25774;8612;261;1;138.08
25775;8612;224;3;289.95
25776;8612;77;1;137.95
25777;8612;263;1;58.98
25778;8612;27;2;257.64
25779;8613;185;2;47.76
25780;8613;105;2;19.14
25781;8613;54;2;232.82
25782;8613;160;1;62.31
25783;8613;59;3;107.83
25784;8614;292;3;115.69
25785;8614;223;2;12.9
25786;8615;218;3;163.84
25787;8615;26;1;73.19
25788;8615;216;2;265.62
25789;8616;183;3;83.98
25790;8616;92;2;338.54
25791;8616;35;1;57.55
25792;8616;211;3;253.01
25793;8617;219;3;18.89
25794;8618;299;1;93.25
25795;8618;287;1;82.17
25796;8619;274;1;43.03
25797;8619;145;2;77.19
25798;8619;72;3;136.88
25799;8620;12;2;58.48
25800;8620;46;3;32.13
25801;8620;257;2;75.87
25802;8620;193;2;303.95
25803;8621;79;3;57.05
25804;8621;6;1;124.34
25805;8621;14;1;139.17
25806;8621;289;1;36.82
25807;8621;263;1;58.98
25808;8622;50;3;63.53
25809;8622;150;3;51.66
25810;8623;172;3;108.1
25811;8623;169;3;117.44
25812;8623;46;2;32.13
25813;8624;80;1;16.51
25814;8624;294;3;73.58
25815;8624;292;3;115.69
25816;8625;67;2;41.38
25817;8625;243;1;23.3
25818;8626;50;1;63.53
25819;8626;262;3;203.02
25820;8626;145;3;77.19
25821;8626;68;2;208.07
25822;8627;281;3;13.59
25823;8627;119;2;52.95
25824;8628;114;2;81.1
25825;8628;223;2;12.9
25826;8628;50;3;63.53
25827;8629;178;3;117.25
25828;8629;161;2;66.77
25829;8629;198;2;53.21
25830;8629;143;2;86.74
25831;8630;297;1;111.18
25832;8630;294;2;73.58
25833;8630;32;2;65.71
25834;8631;127;3;28.04
25835;8631;3;2;355.2
25836;8632;144;3;46.76
25837;8632;266;3;78.95
25838;8633;72;2;136.88
25839;8634;207;3;234.88
25840;8634;188;1;221.91
25841;8634;11;2;27.62
25842;8634;157;3;145.39
25843;8634;232;3;21.33
25844;8635;62;2;77.66
25845;8635;50;3;63.53
25846;8636;139;1;284.29
25847;8636;217;2;133.47
25848;8636;238;1;130.67
25849;8636;214;2;180.06
25850;8637;293;3;32.93
25851;8637;121;1;102.0
25852;8638;99;3;18.5
25853;8638;3;2;355.2
25854;8639;64;1;63.91
25855;8639;133;1;129.76
25856;8640;229;2;14.92
25857;8640;109;1;46.77
25858;8641;174;1;16.75
25859;8642;26;3;73.19
25860;8642;14;2;139.17
25861;8643;18;1;140.06
25862;8643;149;3;112.47
25863;8644;37;3;125.9
25864;8644;44;1;46.23
25865;8645;170;3;22.32
25866;8645;261;3;138.08
25867;8645;130;1;138.45
25868;8645;196;1;15.62
25869;8646;153;2;28.61
25870;8646;217;2;133.47
25871;8646;160;1;62.31
25872;8647;256;1;229.2
25873;8647;2;3;169.54
25874;8648;103;3;60.73
25875;8648;62;3;77.66
25876;8648;276;2;77.1
25877;8649;132;1;76.68
25878;8649;286;1;23.1
25879;8649;134;3;60.38
25880;8649;123;2;70.77
25881;8649;251;2;594.78
25882;8650;139;2;284.29
25883;8650;136;3;77.12
25884;8651;280;2;194.11
25885;8651;278;3;58.03
25886;8651;290;3;138.11
25887;8652;105;2;19.14
25888;8652;125;2;136.07
25889;8652;63;1;81.7
25890;8652;141;3;62.63
25891;8652;8;1;295.75
25892;8653;65;1;165.71
25893;8653;69;1;100.84
25894;8654;164;1;38.45
25895;8654;176;1;23.46
25896;8655;122;2;159.31
25897;8655;237;1;11.53
25898;8655;100;1;36.47
25899;8655;236;3;27.58
25900;8656;180;3;59.61
25901;8656;213;1;29.38
25902;8656;122;1;159.31
25903;8656;12;2;58.48
25904;8657;103;2;60.73
25905;8657;190;2;16.04
25906;8657;194;2;39.16
25907;8657;82;1;115.88
25908;8658;219;1;18.89
25909;8658;198;1;53.21
25910;8658;292;3;115.69
25911;8659;18;2;140.06
25912;8659;62;3;77.66
25913;8659;82;1;115.88
25914;8660;149;1;112.47
25915;8660;252;1;124.2
25916;8660;272;3;32.79
25917;8660;119;3;52.95
25918;8660;281;1;13.59
25919;8661;67;1;41.38
25920;8661;182;1;96.28
25921;8662;40;3;165.59
25922;8663;60;2;69.22
25923;8663;128;2;604.55
25924;8663;166;3;36.18
25925;8663;130;3;138.45
25926;8663;107;1;57.11
25927;8664;18;2;140.06
25928;8664;142;2;26.83
25929;8664;152;1;210.67
25930;8664;204;2;63.94
25931;8664;222;2;207.75
25932;8665;253;3;62.5
25933;8666;202;1;84.57
25934;8666;240;2;115.21
25935;8667;223;1;12.9
25936;8667;141;3;62.63
25937;8668;109;3;46.77
25938;8668;201;2;55.38
25939;8668;14;3;139.17
25940;8668;196;1;15.62
25941;8669;266;1;78.95
25942;8669;37;3;125.9
25943;8669;267;2;23.63
25944;8669;84;3;56.46
25945;8670;252;1;124.2
25946;8670;55;1;105.96
25947;8671;109;1;46.77
25948;8671;294;1;73.58
25949;8672;258;3;183.46
25950;8672;229;2;14.92
25951;8672;144;3;46.76
25952;8673;231;1;58.56
25953;8674;216;3;265.62
25954;8675;190;3;16.04
25955;8675;30;2;43.42
25956;8675;235;1;98.52
25957;8676;84;3;56.46
25958;8676;82;2;115.88
25959;8676;124;3;109.44
25960;8676;116;1;27.34
25961;8677;236;3;27.58
25962;8677;77;3;137.95
25963;8677;282;2;377.84
25964;8677;181;1;42.65
25965;8678;113;1;261.82
25966;8678;134;3;60.38
25967;8678;277;2;141.51
25968;8678;241;2;177.76
25969;8679;299;3;93.25
25970;8679;140;2;35.81
25971;8680;166;2;36.18
25972;8680;278;2;58.03
25973;8680;157;1;145.39
25974;8681;212;3;167.62
25975;8682;290;2;138.11
25976;8683;202;1;84.57
25977;8684;16;2;135.22
25978;8684;175;3;18.54
25979;8684;28;3;98.17
25980;8684;262;1;203.02
25981;8685;122;1;159.31
25982;8685;84;3;56.46
25983;8685;183;3;83.98
25984;8686;57;2;49.4
25985;8686;84;3;56.46
25986;8686;98;2;156.09
25987;8687;58;1;37.93
25988;8688;19;3;25.52
25989;8688;217;2;133.47
25990;8688;295;1;401.67
25991;8688;23;3;17.91
25992;8688;236;2;27.58
25993;8689;22;3;231.52
25994;8689;72;3;136.88
25995;8690;267;1;23.63
25996;8690;248;3;278.21
25997;8691;189;1;298.51
25998;8691;93;1;177.34
25999;8691;174;2;16.75
26000;8691;242;1;66.96
26001;8692;107;1;57.11
26002;8693;119;1;52.95
26003;8693;260;2;183.92
26004;8693;224;1;289.95
26005;8694;89;2;376.3
26006;8694;193;2;303.95
26007;8694;21;2;27.77
26008;8694;34;2;71.61
26009;8694;286;2;23.1
26010;8695;260;2;183.92
26011;8696;18;1;140.06
26012;8696;140;3;35.81
26013;8696;30;3;43.42
26014;8696;163;3;127.95
26015;8697;252;3;124.2
26016;8697;98;1;156.09
26017;8697;115;2;45.38
26018;8697;212;2;167.62
26019;8698;127;1;28.04
26020;8698;160;3;62.31
26021;8699;285;1;108.9
26022;8699;1;2;85.25
26023;8699;79;2;57.05
26024;8699;214;3;180.06
26025;8699;297;1;111.18
26026;8700;265;2;194.8
26027;8700;171;1;59.0
26028;8700;182;2;96.28
26029;8700;29;1;33.59
26030;8700;150;3;51.66
26031;8701;128;2;604.55
26032;8701;34;3;71.61
26033;8702;109;2;46.77
26034;8702;224;3;289.95
26035;8702;24;3;171.7
26036;8702;255;1;63.76
26037;8703;210;1;230.86
26038;8703;273;3;197.68
26039;8703;86;3;68.41
26040;8703;184;2;75.61
26041;8704;205;1;54.75
26042;8704;266;2;78.95
26043;8705;266;3;78.95
26044;8705;286;2;23.1
26045;8706;178;3;117.25
26046;8707;288;2;430.61
26047;8707;163;2;127.95
26048;8708;22;2;231.52
26049;8709;215;3;42.37
26050;8710;131;1;94.96
26051;8710;227;1;128.22
26052;8710;100;1;36.47
26053;8710;174;3;16.75
26054;8710;207;3;234.88
26055;8711;200;2;209.0
26056;8711;22;2;231.52
26057;8711;238;3;130.67
26058;8711;198;2;53.21
26059;8712;242;3;66.96
26060;8712;209;2;110.99
26061;8712;38;2;136.67
26062;8712;74;1;13.44
26063;8713;288;1;430.61
26064;8713;235;2;98.52
26065;8713;246;2;105.53
26066;8713;171;1;59.0
26067;8713;3;2;355.2
26068;8714;102;3;79.45
26069;8714;213;3;29.38
26070;8715;141;3;62.63
26071;8715;32;2;65.71
26072;8715;105;1;19.14
26073;8715;275;2;167.5
26074;8716;255;1;63.76
26075;8716;182;2;96.28
26076;8717;134;2;60.38
26077;8717;124;2;109.44
26078;8718;20;2;27.74
26079;8719;173;1;44.37
26080;8719;138;1;32.55
26081;8720;235;1;98.52
26082;8720;275;1;167.5
26083;8720;65;2;165.71
26084;8720;259;3;193.37
26085;8721;3;1;355.2
26086;8721;234;2;199.16
26087;8721;180;1;59.61
26088;8721;67;2;41.38
26089;8721;129;2;59.78
26090;8722;219;3;18.89
26091;8722;109;1;46.77
26092;8722;102;3;79.45
26093;8722;120;3;44.38
26094;8723;175;1;18.54
26095;8723;19;1;25.52
26096;8723;91;1;48.19
26097;8724;206;1;30.23
26098;8724;63;1;81.7
26099;8724;225;2;14.43
26100;8724;135;2;23.48
26101;8725;3;2;355.2
26102;8725;214;2;180.06
26103;8725;234;3;199.16
26104;8725;78;3;18.59
26105;8725;223;3;12.9
26106;8726;262;1;203.02
26107;8726;260;1;183.92
26108;8726;239;3;89.88
26109;8726;156;2;51.61
26110;8726;292;1;115.69
26111;8727;278;1;58.03
26112;8728;223;1;12.9
26113;8728;72;3;136.88
26114;8728;181;2;42.65
26115;8728;139;2;284.29
26116;8729;86;3;68.41
26117;8730;141;1;62.63
26118;8730;272;2;32.79
26119;8731;112;1;112.28
26120;8731;263;1;58.98
26121;8731;78;1;18.59
26122;8731;72;2;136.88
26123;8731;245;2;88.8
26124;8732;147;2;15.53
26125;8733;124;1;109.44
26126;8733;255;3;63.76
26127;8733;129;3;59.78
26128;8733;150;2;51.66
26129;8734;277;1;141.51
26130;8734;47;1;10.35
26131;8735;194;2;39.16
26132;8735;291;3;67.09
26133;8735;259;2;193.37
26134;8736;114;2;81.1
26135;8736;252;2;124.2
26136;8737;91;2;48.19
26137;8737;249;2;94.89
26138;8737;147;3;15.53
26139;8738;24;3;171.7
26140;8738;236;2;27.58
26141;8738;117;3;187.28
26142;8738;280;3;194.11
26143;8738;127;3;28.04
26144;8739;224;2;289.95
26145;8739;170;3;22.32
26146;8739;272;2;32.79
26147;8739;178;2;117.25
26148;8740;130;1;138.45
26149;8740;40;2;165.59
26150;8740;31;3;263.13
26151;8740;96;3;318.43
26152;8740;11;2;27.62
26153;8741;254;3;92.06
26154;8741;49;2;49.52
26155;8742;198;1;53.21
26156;8742;188;1;221.91
26157;8742;187;3;145.63
26158;8742;76;2;23.8
26159;8743;137;2;83.8
26160;8743;128;1;604.55
26161;8743;270;3;149.02
26162;8743;271;1;134.08
26163;8743;167;3;40.59
26164;8744;263;1;58.98
26165;8744;187;3;145.63
26166;8744;49;3;49.52
26167;8744;34;3;71.61
26168;8745;52;1;198.57
26169;8745;56;1;84.93
26170;8745;154;2;276.99
26171;8746;86;2;68.41
26172;8746;77;2;137.95
26173;8746;276;2;77.1
26174;8747;291;3;67.09
26175;8747;110;1;33.58
26176;8747;89;3;376.3
26177;8747;277;2;141.51
26178;8747;109;2;46.77
26179;8748;71;3;104.37
26180;8748;202;2;84.57
26181;8749;154;1;276.99
26182;8749;207;3;234.88
26183;8749;78;2;18.59
26184;8750;22;1;231.52
26185;8750;193;2;303.95
26186;8750;91;3;48.19
26187;8751;166;2;36.18
26188;8751;39;1;42.14
26189;8751;280;1;194.11
26190;8752;117;1;187.28
26191;8752;65;2;165.71
26192;8752;18;1;140.06
26193;8752;10;2;83.77
26194;8753;222;2;207.75
26195;8753;100;2;36.47
26196;8753;17;2;66.06
26197;8753;5;1;99.57
26198;8754;110;2;33.58
26199;8754;117;3;187.28
26200;8755;101;2;337.71
26201;8755;103;3;60.73
26202;8755;53;3;51.23
26203;8755;18;3;140.06
26204;8756;43;1;27.58
26205;8756;159;2;56.32
26206;8756;171;3;59.0
26207;8756;300;1;105.48
26208;8757;228;3;21.36
26209;8757;146;2;35.44
26210;8757;262;3;203.02
26211;8758;282;1;377.84
26212;8758;244;2;291.31
26213;8758;47;1;10.35
26214;8758;9;3;134.64
26215;8759;141;2;62.63
26216;8759;184;2;75.61
26217;8759;148;3;161.06
26218;8759;239;1;89.88
26219;8760;216;2;265.62
26220;8760;137;2;83.8
26221;8760;103;1;60.73
26222;8760;73;2;47.55
26223;8761;270;3;149.02
26224;8761;250;3;45.33
26225;8761;34;3;71.61
26226;8761;252;1;124.2
26227;8762;196;3;15.62
26228;8762;227;2;128.22
26229;8763;146;2;35.44
26230;8763;166;2;36.18
26231;8764;285;3;108.9
26232;8765;266;3;78.95
26233;8765;293;1;32.93
26234;8766;14;3;139.17
26235;8766;122;2;159.31
26236;8767;15;3;110.9
26237;8767;94;1;191.51
26238;8767;85;3;276.27
26239;8767;178;3;117.25
26240;8768;129;2;59.78
26241;8768;287;3;82.17
26242;8769;180;3;59.61
26243;8769;219;3;18.89
26244;8769;131;2;94.96
26245;8769;298;3;95.71
26246;8770;175;2;18.54
26247;8770;106;3;63.95
26248;8770;9;2;134.64
26249;8770;97;2;160.55
26250;8771;198;2;53.21
26251;8771;158;3;219.43
26252;8771;70;2;99.53
26253;8771;214;3;180.06
26254;8772;99;1;18.5
26255;8773;171;2;59.0
26256;8773;180;1;59.61
26257;8773;71;2;104.37
26258;8773;237;1;11.53
26259;8773;226;3;105.33
26260;8774;121;2;102.0
26261;8774;151;2;14.87
26262;8774;267;2;23.63
26263;8775;111;3;28.98
26264;8776;167;1;40.59
26265;8776;85;1;276.27
26266;8776;115;2;45.38
26267;8777;99;2;18.5
26268;8777;167;2;40.59
26269;8777;72;1;136.88
26270;8778;47;2;10.35
26271;8778;120;1;44.38
26272;8778;275;2;167.5
26273;8778;300;1;105.48
26274;8779;221;3;182.12
26275;8780;136;2;77.12
26276;8780;208;3;26.03
26277;8780;12;3;58.48
26278;8780;300;2;105.48
26279;8780;300;3;105.48
26280;8781;58;3;37.93
26281;8782;294;1;73.58
26282;8782;250;1;45.33
26283;8782;296;2;31.73
26284;8782;107;3;57.11
26285;8782;224;2;289.95
26286;8783;126;3;333.38
26287;8784;140;2;35.81
26288;8785;91;2;48.19
26289;8786;153;2;28.61
26290;8786;1;3;85.25
26291;8787;287;3;82.17
26292;8787;83;2;28.81
26293;8787;29;1;33.59
26294;8788;175;3;18.54
26295;8788;286;2;23.1
26296;8788;85;3;276.27
26297;8789;221;3;182.12
26298;8789;203;2;22.49
26299;8789;18;2;140.06
26300;8789;297;1;111.18
26301;8790;70;2;99.53
26302;8791;225;3;14.43
26303;8792;115;2;45.38
26304;8793;166;3;36.18
26305;8793;130;3;138.45
26306;8793;73;2;47.55
26307;8794;243;3;23.3
26308;8794;188;3;221.91
26309;8795;41;2;202.78
26310;8795;222;2;207.75
26311;8795;42;2;263.42
26312;8796;241;1;177.76
26313;8796;116;2;27.34
26314;8796;22;1;231.52
26315;8797;141;2;62.63
26316;8797;8;2;295.75
26317;8797;27;2;257.64
26318;8797;30;1;43.42
26319;8797;165;3;30.46
26320;8798;158;3;219.43
26321;8798;183;3;83.98
26322;8798;219;1;18.89
26323;8798;67;1;41.38
26324;8799;106;3;63.95
26325;8799;18;2;140.06
26326;8799;99;3;18.5
26327;8799;262;3;203.02
26328;8799;215;3;42.37
26329;8800;79;3;57.05
26330;8801;92;1;338.54
26331;8801;76;3;23.8
26332;8802;268;2;22.25
26333;8802;39;2;42.14
26334;8802;236;3;27.58
26335;8802;159;2;56.32
26336;8803;110;3;33.58
26337;8804;65;1;165.71
26338;8804;93;3;177.34
26339;8804;62;2;77.66
26340;8805;57;2;49.4
26341;8806;228;1;21.36
26342;8806;262;3;203.02
26343;8807;41;2;202.78
26344;8807;206;1;30.23
26345;8807;103;2;60.73
26346;8807;145;3;77.19
26347;8807;176;2;23.46
26348;8808;138;2;32.55
26349;8809;32;2;65.71
26350;8809;115;2;45.38
26351;8809;135;3;23.48
26352;8809;52;2;198.57
26353;8810;221;3;182.12
26354;8810;199;1;156.49
26355;8810;147;2;15.53
26356;8810;174;1;16.75
26357;8810;165;1;30.46
26358;8811;226;1;105.33
26359;8811;217;2;133.47
26360;8811;138;2;32.55
26361;8811;242;1;66.96
26362;8812;192;1;139.65
26363;8812;190;3;16.04
26364;8812;115;2;45.38
26365;8812;268;2;22.25
26366;8813;113;3;261.82
26367;8813;182;3;96.28
26368;8814;189;3;298.51
26369;8814;27;1;257.64
26370;8814;110;1;33.58
26371;8814;179;1;16.67
26372;8815;3;3;355.2
26373;8815;27;3;257.64
26374;8815;294;3;73.58
26375;8816;278;2;58.03
26376;8816;205;2;54.75
26377;8816;104;2;193.22
26378;8816;223;2;12.9
26379;8816;126;3;333.38
26380;8817;164;2;38.45
26381;8817;59;2;107.83
26382;8817;64;1;63.91
26383;8818;86;2;68.41
26384;8818;57;2;49.4
26385;8819;291;1;67.09
26386;8819;163;3;127.95
26387;8819;124;2;109.44
26388;8819;130;1;138.45
26389;8820;240;2;115.21
26390;8820;64;1;63.91
26391;8820;223;3;12.9
26392;8820;283;2;114.46
26393;8820;296;2;31.73
26394;8821;156;2;51.61
26395;8822;30;2;43.42
26396;8823;47;1;10.35
26397;8824;160;3;62.31
26398;8824;113;1;261.82
26399;8825;242;3;66.96
26400;8825;171;2;59.0
26401;8825;201;1;55.38
26402;8826;147;3;15.53
26403;8826;237;3;11.53
26404;8826;298;3;95.71
26405;8826;166;1;36.18
26406;8827;257;1;75.87
26407;8827;188;3;221.91
26408;8827;132;3;76.68
26409;8827;296;2;31.73
26410;8827;294;1;73.58
26411;8828;71;2;104.37
26412;8828;14;2;139.17
26413;8828;253;1;62.5
26414;8828;88;2;271.98
26415;8828;223;3;12.9
26416;8829;208;2;26.03
26417;8829;6;2;124.34
26418;8829;7;2;435.46
26419;8829;64;3;63.91
26420;8829;265;3;194.8
26421;8830;205;2;54.75
26422;8830;20;2;27.74
26423;8831;158;1;219.43
26424;8831;285;2;108.9
26425;8831;252;1;124.2
26426;8831;39;1;42.14
26427;8832;34;1;71.61
26428;8832;17;2;66.06
26429;8832;160;2;62.31
26430;8832;108;2;53.06
26431;8833;37;1;125.9
26432;8833;48;3;214.66
26433;8833;246;3;105.53
26434;8833;211;1;253.01
26435;8833;204;1;63.94
26436;8834;14;3;139.17
26437;8834;64;2;63.91
26438;8834;273;2;197.68
26439;8835;47;2;10.35
26440;8836;285;1;108.9
26441;8836;264;1;22.18
26442;8836;158;2;219.43
26443;8837;48;3;214.66
26444;8837;137;2;83.8
26445;8838;285;2;108.9
26446;8838;170;3;22.32
26447;8838;64;2;63.91
26448;8838;3;3;355.2
26449;8838;176;3;23.46
26450;8839;89;2;376.3
26451;8839;84;2;56.46
26452;8839;117;3;187.28
26453;8840;275;1;167.5
26454;8840;170;1;22.32
26455;8840;106;3;63.95
26456;8841;267;3;23.63
26457;8841;248;2;278.21
26458;8841;245;1;88.8
26459;8842;113;3;261.82
26460;8843;18;2;140.06
26461;8844;253;3;62.5
26462;8844;90;3;238.59
26463;8845;94;1;191.51
26464;8845;289;2;36.82
26465;8845;238;3;130.67
26466;8845;2;2;169.54
26467;8845;258;3;183.46
26468;8846;244;3;291.31
26469;8846;289;1;36.82
26470;8846;155;1;75.12
26471;8846;261;1;138.08
26472;8846;63;1;81.7
26473;8847;244;2;291.31
26474;8847;293;1;32.93
26475;8847;45;1;206.86
26476;8848;68;3;208.07
26477;8849;300;1;105.48
26478;8849;8;3;295.75
26479;8849;179;2;16.67
26480;8849;210;2;230.86
26481;8850;187;1;145.63
26482;8850;227;3;128.22
26483;8851;178;1;117.25
26484;8851;90;3;238.59
26485;8851;99;3;18.5
26486;8851;208;2;26.03
26487;8852;45;1;206.86
26488;8852;102;3;79.45
26489;8852;243;3;23.3
26490;8852;104;2;193.22
26491;8853;109;3;46.77
26492;8853;123;1;70.77
26493;8853;230;2;163.67
26494;8853;160;3;62.31
26495;8854;51;3;69.12
26496;8854;32;2;65.71
26497;8854;139;3;284.29
26498;8854;104;2;193.22
26499;8855;116;2;27.34
26500;8856;48;3;214.66
26501;8856;226;2;105.33
26502;8857;222;2;207.75
26503;8857;37;2;125.9
26504;8857;139;3;284.29
26505;8857;237;1;11.53
26506;8858;270;1;149.02
26507;8858;255;2;63.76
26508;8859;168;3;36.16
26509;8859;66;1;65.31
26510;8859;21;1;27.77
26511;8860;20;3;27.74
26512;8860;15;2;110.9
26513;8860;11;1;27.62
26514;8861;97;2;160.55
26515;8861;124;3;109.44
26516;8861;251;3;594.78
26517;8862;140;2;35.81
26518;8862;85;1;276.27
26519;8862;192;2;139.65
26520;8862;15;2;110.9
26521;8863;276;3;77.1
26522;8863;117;2;187.28
26523;8863;64;2;63.91
26524;8863;292;2;115.69
26525;8863;212;2;167.62
26526;8864;289;2;36.82
26527;8864;97;1;160.55
26528;8864;224;1;289.95
26529;8865;208;1;26.03
26530;8865;258;2;183.46
26531;8865;6;1;124.34
26532;8866;169;2;117.44
26533;8867;217;2;133.47
26534;8867;55;2;105.96
26535;8867;14;3;139.17
26536;8867;170;1;22.32
26537;8868;63;1;81.7
26538;8868;176;3;23.46
26539;8868;147;3;15.53
26540;8868;106;3;63.95
26541;8868;154;2;276.99
26542;8869;176;3;23.46
26543;8869;169;3;117.44
26544;8869;132;3;76.68
26545;8869;113;1;261.82
26546;8870;1;2;85.25
26547;8871;149;1;112.47
26548;8871;230;3;163.67
26549;8871;241;1;177.76
26550;8872;56;3;84.93
26551;8873;274;3;43.03
26552;8873;158;3;219.43
26553;8873;41;3;202.78
26554;8873;286;2;23.1
26555;8874;120;3;44.38
26556;8874;162;2;265.52
26557;8874;281;3;13.59
26558;8875;191;1;144.67
26559;8875;4;1;15.69
26560;8876;94;1;191.51
26561;8876;286;1;23.1
26562;8876;200;3;209.0
26563;8877;291;2;67.09
26564;8878;236;1;27.58
26565;8878;122;1;159.31
26566;8878;263;1;58.98
26567;8878;86;3;68.41
26568;8878;13;2;97.98
26569;8879;150;1;51.66
26570;8879;183;3;83.98
26571;8880;225;3;14.43
26572;8880;207;3;234.88
26573;8880;245;3;88.8
26574;8881;115;1;45.38
26575;8882;182;2;96.28
26576;8883;145;2;77.19
26577;8883;258;1;183.46
26578;8883;117;3;187.28
26579;8884;259;2;193.37
26580;8884;8;3;295.75
26581;8885;99;1;18.5
26582;8885;41;2;202.78
26583;8886;80;3;16.51
26584;8886;280;2;194.11
26585;8886;70;2;99.53
26586;8887;118;1;365.76
26587;8888;103;2;60.73
26588;8888;289;1;36.82
26589;8889;178;3;117.25
26590;8889;147;2;15.53
26591;8890;80;2;16.51
26592;8890;98;2;156.09
26593;8890;143;2;86.74
26594;8891;162;3;265.52
26595;8891;146;3;35.44
26596;8892;112;1;112.28
26597;8892;137;2;83.8
26598;8892;145;2;77.19
26599;8893;146;2;35.44
26600;8893;118;1;365.76
26601;8893;77;2;137.95
26602;8893;127;1;28.04
26603;8893;199;3;156.49
26604;8894;274;2;43.03
26605;8894;145;3;77.19
26606;8895;284;3;66.65
26607;8896;49;1;49.52
26608;8896;196;3;15.62
26609;8896;62;1;77.66
26610;8896;239;1;89.88
26611;8896;263;1;58.98
26612;8897;118;2;365.76
26613;8897;206;1;30.23
26614;8898;185;3;47.76
26615;8898;174;1;16.75
26616;8898;297;2;111.18
26617;8899;287;1;82.17
26618;8899;128;1;604.55
26619;8899;226;1;105.33
26620;8899;11;2;27.62
26621;8900;249;2;94.89
26622;8900;283;3;114.46
26623;8900;190;3;16.04
26624;8900;236;1;27.58
26625;8900;152;1;210.67
26626;8901;174;3;16.75
26627;8901;182;3;96.28
26628;8901;86;3;68.41
26629;8902;275;3;167.5
26630;8902;184;2;75.61
26631;8903;182;2;96.28
26632;8903;187;1;145.63
26633;8903;166;3;36.18
26634;8903;8;3;295.75
26635;8903;282;2;377.84
26636;8904;163;2;127.95
26637;8904;203;2;22.49
26638;8904;268;2;22.25
26639;8904;93;1;177.34
26640;8905;158;2;219.43
26641;8905;48;1;214.66
26642;8905;98;2;156.09
26643;8905;94;2;191.51
26644;8906;267;2;23.63
26645;8906;207;1;234.88
26646;8906;2;1;169.54
26647;8906;198;1;53.21
26648;8906;108;3;53.06
26649;8907;68;1;208.07
26650;8907;203;3;22.49
26651;8907;122;2;159.31
26652;8907;126;3;333.38
26653;8907;73;3;47.55
26654;8908;186;2;24.83
26655;8908;124;3;109.44
26656;8908;217;1;133.47
26657;8908;146;1;35.44
26658;8909;107;2;57.11
26659;8909;243;3;23.3
26660;8909;163;1;127.95
26661;8910;278;2;58.03
26662;8910;134;1;60.38
26663;8911;200;2;209.0
26664;8911;156;3;51.61
26665;8911;3;1;355.2
26666;8912;205;1;54.75
26667;8912;34;1;71.61
26668;8912;176;3;23.46
26669;8912;254;3;92.06
26670;8912;290;1;138.11
26671;8913;105;1;19.14
26672;8914;234;3;199.16
26673;8914;131;1;94.96
26674;8915;118;1;365.76
26675;8915;133;2;129.76
26676;8915;124;2;109.44
26677;8915;146;2;35.44
26678;8916;249;2;94.89
26679;8916;228;1;21.36
26680;8916;42;2;263.42
26681;8917;120;3;44.38
26682;8917;83;3;28.81
26683;8917;195;1;145.55
26684;8918;141;1;62.63
26685;8918;297;1;111.18
26686;8919;230;1;163.67
26687;8919;264;1;22.18
26688;8920;297;1;111.18
26689;8920;161;1;66.77
26690;8920;156;1;51.61
26691;8920;206;1;30.23
26692;8920;86;2;68.41
26693;8921;218;1;163.84
26694;8921;17;2;66.06
26695;8921;271;1;134.08
26696;8921;164;1;38.45
26697;8922;162;3;265.52
26698;8923;94;2;191.51
26699;8923;202;1;84.57
26700;8923;181;3;42.65
26701;8924;61;2;251.37
26702;8925;292;2;115.69
26703;8926;130;3;138.45
26704;8926;144;3;46.76
26705;8927;269;3;27.35
26706;8927;75;3;176.39
26707;8927;52;2;198.57
26708;8928;98;1;156.09
26709;8928;198;3;53.21
26710;8928;79;3;57.05
26711;8929;12;2;58.48
26712;8929;115;1;45.38
26713;8929;133;1;129.76
26714;8930;178;3;117.25
26715;8930;181;1;42.65
26716;8931;71;1;104.37
26717;8931;158;2;219.43
26718;8932;29;3;33.59
26719;8932;229;1;14.92
26720;8932;214;2;180.06
26721;8933;276;1;77.1
26722;8933;118;3;365.76
26723;8933;86;1;68.41
26724;8933;247;2;280.92
26725;8934;93;2;177.34
26726;8935;278;2;58.03
26727;8935;18;3;140.06
26728;8935;213;2;29.38
26729;8935;74;3;13.44
26730;8936;92;3;338.54
26731;8936;127;3;28.04
26732;8936;206;3;30.23
26733;8936;108;3;53.06
26734;8936;122;2;159.31
26735;8937;101;3;337.71
26736;8937;32;1;65.71
26737;8938;94;1;191.51
26738;8939;102;1;79.45
26739;8939;202;1;84.57
26740;8939;175;1;18.54
26741;8940;73;2;47.55
26742;8940;111;2;28.98
26743;8940;79;1;57.05
26744;8940;243;2;23.3
26745;8941;79;1;57.05
26746;8941;136;1;77.12
26747;8941;116;3;27.34
26748;8941;232;3;21.33
26749;8942;141;3;62.63
26750;8942;221;2;182.12
26751;8943;146;3;35.44
26752;8943;183;3;83.98
26753;8944;189;3;298.51
26754;8944;267;1;23.63
26755;8944;292;1;115.69
26756;8944;118;3;365.76
26757;8945;244;3;291.31
26758;8945;118;2;365.76
26759;8945;162;2;265.52
26760;8945;191;3;144.67
26761;8945;18;2;140.06
26762;8946;263;3;58.98
26763;8946;174;1;16.75
26764;8946;35;1;57.55
26765;8946;90;1;238.59
26766;8947;207;3;234.88
26767;8947;109;1;46.77
26768;8947;244;2;291.31
26769;8947;261;2;138.08
26770;8947;61;1;251.37
26771;8948;182;3;96.28
26772;8948;241;1;177.76
26773;8949;63;1;81.7
26774;8949;234;3;199.16
26775;8949;272;1;32.79
26776;8949;91;1;48.19
26777;8949;289;2;36.82
26778;8950;83;2;28.81
26779;8950;47;1;10.35
26780;8950;194;3;39.16
26781;8950;240;1;115.21
26782;8950;255;2;63.76
26783;8951;290;3;138.11
26784;8951;218;2;163.84
26785;8951;115;2;45.38
26786;8951;251;3;594.78
26787;8952;293;1;32.93
26788;8952;245;2;88.8
26789;8952;160;3;62.31
26790;8953;224;3;289.95
26791;8953;52;1;198.57
26792;8953;250;1;45.33
26793;8953;74;2;13.44
26794;8953;154;2;276.99
26795;8954;220;2;97.41
26796;8954;148;3;161.06
26797;8954;209;1;110.99
26798;8954;226;3;105.33
26799;8955;182;1;96.28
26800;8955;66;1;65.31
26801;8955;178;3;117.25
26802;8956;87;1;172.22
26803;8956;115;2;45.38
26804;8957;213;1;29.38
26805;8957;181;1;42.65
26806;8958;244;1;291.31
26807;8958;78;3;18.59
26808;8958;263;3;58.98
26809;8958;28;3;98.17
26810;8959;205;2;54.75
26811;8960;41;1;202.78
26812;8961;153;2;28.61
26813;8961;24;3;171.7
26814;8961;102;2;79.45
26815;8961;176;2;23.46
26816;8961;214;2;180.06
26817;8962;119;2;52.95
26818;8962;29;2;33.59
26819;8962;189;3;298.51
26820;8963;16;2;135.22
26821;8963;235;3;98.52
26822;8963;167;3;40.59
26823;8964;146;2;35.44
26824;8964;90;1;238.59
26825;8965;211;1;253.01
26826;8965;49;2;49.52
26827;8966;107;1;57.11
26828;8967;80;3;16.51
26829;8968;27;1;257.64
26830;8968;81;1;83.86
26831;8968;40;1;165.59
26832;8969;164;1;38.45
26833;8969;32;3;65.71
26834;8969;234;2;199.16
26835;8969;89;2;376.3
26836;8969;166;1;36.18
26837;8970;77;2;137.95
26838;8970;287;2;82.17
26839;8970;11;1;27.62
26840;8970;248;1;278.21
26841;8971;226;1;105.33
26842;8972;105;1;19.14
26843;8972;99;3;18.5
26844;8972;96;2;318.43
26845;8972;264;3;22.18
26846;8973;241;3;177.76
26847;8973;243;2;23.3
26848;8973;172;2;108.1
26849;8974;118;2;365.76
26850;8975;279;2;52.64
26851;8975;214;3;180.06
26852;8975;227;1;128.22
26853;8976;119;2;52.95
26854;8976;177;2;190.69
26855;8977;189;1;298.51
26856;8977;159;3;56.32
26857;8977;38;1;136.67
26858;8977;243;3;23.3
26859;8978;256;1;229.2
26860;8978;263;2;58.98
26861;8978;239;1;89.88
26862;8978;202;2;84.57
26863;8978;232;2;21.33
26864;8979;177;3;190.69
26865;8979;259;3;193.37
26866;8979;260;2;183.92
26867;8979;71;3;104.37
26868;8980;93;1;177.34
26869;8980;63;2;81.7
26870;8980;264;2;22.18
26871;8980;176;2;23.46
26872;8981;72;3;136.88
26873;8981;224;1;289.95
26874;8981;149;1;112.47
26875;8981;147;2;15.53
26876;8982;164;2;38.45
26877;8982;29;1;33.59
26878;8983;13;3;97.98
26879;8983;156;3;51.61
26880;8983;5;2;99.57
26881;8983;100;3;36.47
26882;8983;258;2;183.46
26883;8984;28;1;98.17
26884;8984;93;3;177.34
26885;8985;94;3;191.51
26886;8985;179;1;16.67
26887;8985;189;3;298.51
26888;8986;236;2;27.58
26889;8986;144;1;46.76
26890;8986;274;2;43.03
26891;8986;47;3;10.35
26892;8987;192;1;139.65
26893;8987;231;2;58.56
26894;8987;157;1;145.39
26895;8987;125;1;136.07
26896;8988;182;1;96.28
26897;8988;205;1;54.75
26898;8988;70;3;99.53
26899;8989;120;1;44.38
26900;8990;16;1;135.22
26901;8990;87;2;172.22
26902;8990;240;1;115.21
26903;8991;26;1;73.19
26904;8992;208;2;26.03
26905;8992;155;3;75.12
26906;8992;273;1;197.68
26907;8992;243;3;23.3
26908;8993;243;1;23.3
26909;8994;185;2;47.76
26910;8994;164;3;38.45
26911;8994;224;1;289.95
26912;8994;223;3;12.9
26913;8994;59;1;107.83
26914;8995;208;3;26.03
26915;8995;42;3;263.42
26916;8995;238;3;130.67
26917;8995;209;1;110.99
26918;8996;22;3;231.52
26919;8996;267;2;23.63
26920;8996;217;1;133.47
26921;8996;5;3;99.57
26922;8997;22;3;231.52
26923;8997;202;3;84.57
26924;8997;283;2;114.46
26925;8997;197;1;109.76
26926;8997;186;1;24.83
26927;8998;109;1;46.77
26928;8998;212;1;167.62
26929;8999;90;2;238.59
26930;9000;200;3;209.0
26931;9000;43;1;27.58
26932;9000;118;1;365.76
26933;9000;97;1;160.55
26934;9001;219;1;18.89
26935;9001;51;1;69.12
26936;9001;55;3;105.96
26937;9002;246;3;105.53
26938;9002;94;2;191.51
26939;9002;293;2;32.93
26940;9002;213;3;29.38
26941;9002;217;2;133.47
26942;9003;219;1;18.89
26943;9003;176;2;23.46
26944;9003;28;3;98.17
26945;9004;118;2;365.76
26946;9004;82;2;115.88
26947;9005;240;3;115.21
26948;9005;135;2;23.48
26949;9005;227;2;128.22
26950;9006;123;3;70.77
26951;9007;71;3;104.37
26952;9007;235;1;98.52
26953;9007;294;3;73.58
26954;9007;257;3;75.87
26955;9008;80;1;16.51
26956;9008;154;1;276.99
26957;9009;191;1;144.67
26958;9009;138;3;32.55
26959;9009;188;1;221.91
26960;9009;228;1;21.36
26961;9009;249;3;94.89
26962;9010;188;1;221.91
26963;9010;270;2;149.02
26964;9011;6;3;124.34
26965;9011;106;1;63.95
26966;9011;211;2;253.01
26967;9011;66;3;65.31
26968;9012;249;3;94.89
26969;9012;114;1;81.1
26970;9012;251;1;594.78
26971;9012;232;1;21.33
26972;9012;284;1;66.65
26973;9013;10;1;83.77
26974;9013;220;3;97.41
26975;9014;294;3;73.58
26976;9014;186;1;24.83
26977;9014;203;1;22.49
26978;9014;121;2;102.0
26979;9015;64;2;63.91
26980;9015;3;1;355.2
26981;9015;220;3;97.41
26982;9015;54;1;232.82
26983;9016;282;2;377.84
26984;9017;249;2;94.89
26985;9017;163;3;127.95
26986;9018;185;2;47.76
26987;9018;209;2;110.99
26988;9018;50;2;63.53
26989;9018;24;2;171.7
26990;9018;289;3;36.82
26991;9019;244;3;291.31
26992;9020;138;2;32.55
26993;9021;161;3;66.77
26994;9022;235;3;98.52
26995;9022;143;3;86.74
26996;9022;77;3;137.95
26997;9022;157;2;145.39
26998;9023;271;3;134.08
26999;9024;246;1;105.53
27000;9025;83;1;28.81
27001;9026;86;2;68.41
27002;9026;15;1;110.9
27003;9026;217;1;133.47
27004;9026;184;1;75.61
27005;9026;241;3;177.76
27006;9027;269;2;27.35
27007;9028;115;1;45.38
27008;9029;88;1;271.98
27009;9029;3;3;355.2
27010;9029;84;1;56.46
27011;9029;17;3;66.06
27012;9030;131;2;94.96
27013;9030;115;1;45.38
27014;9030;253;1;62.5
27015;9030;251;3;594.78
27016;9030;278;1;58.03
27017;9031;288;2;430.61
27018;9031;161;2;66.77
27019;9032;13;1;97.98
27020;9032;39;2;42.14
27021;9032;85;2;276.27
27022;9033;215;3;42.37
27023;9033;226;1;105.33
27024;9033;174;1;16.75
27025;9033;254;2;92.06
27026;9034;14;2;139.17
27027;9035;64;1;63.91
27028;9035;260;3;183.92
27029;9035;229;3;14.92
27030;9035;191;2;144.67
27031;9035;105;2;19.14
27032;9036;213;1;29.38
27033;9036;280;1;194.11
27034;9036;23;2;17.91
27035;9036;108;1;53.06
27036;9037;299;1;93.25
27037;9037;101;3;337.71
27038;9037;95;1;11.53
27039;9037;105;3;19.14
27040;9038;200;1;209.0
27041;9038;131;3;94.96
27042;9038;237;3;11.53
27043;9039;273;3;197.68
27044;9039;105;2;19.14
27045;9039;52;2;198.57
27046;9039;93;3;177.34
27047;9039;200;1;209.0
27048;9040;150;1;51.66
27049;9040;232;2;21.33
27050;9041;137;3;83.8
27051;9041;253;1;62.5
27052;9041;287;3;82.17
27053;9041;102;3;79.45
27054;9041;165;3;30.46
27055;9042;254;2;92.06
27056;9042;101;2;337.71
27057;9042;265;3;194.8
27058;9042;98;1;156.09
27059;9042;126;1;333.38
27060;9043;290;2;138.11
27061;9043;259;1;193.37
27062;9043;283;2;114.46
27063;9044;56;3;84.93
27064;9044;184;3;75.61
27065;9044;276;1;77.1
27066;9044;204;2;63.94
27067;9044;288;3;430.61
27068;9045;103;1;60.73
27069;9045;140;3;35.81
27070;9045;144;3;46.76
27071;9045;264;3;22.18
27072;9045;143;3;86.74
27073;9046;160;1;62.31
27074;9047;81;2;83.86
27075;9047;40;2;165.59
27076;9047;137;2;83.8
27077;9047;27;3;257.64
27078;9047;39;1;42.14
27079;9048;97;1;160.55
27080;9048;28;2;98.17
27081;9048;226;2;105.33
27082;9048;131;3;94.96
27083;9049;179;2;16.67
27084;9050;127;3;28.04
27085;9050;158;1;219.43
27086;9050;239;2;89.88
27087;9050;2;1;169.54
27088;9050;50;1;63.53
27089;9051;195;1;145.55
27090;9051;4;2;15.69
27091;9051;186;2;24.83
27092;9051;258;2;183.46
27093;9052;292;1;115.69
27094;9053;168;3;36.16
27095;9053;48;3;214.66
27096;9053;146;3;35.44
27097;9054;102;2;79.45
27098;9054;160;3;62.31
27099;9055;158;3;219.43
27100;9056;45;3;206.86
27101;9056;79;3;57.05
27102;9056;227;3;128.22
27103;9056;188;2;221.91
27104;9056;148;3;161.06
27105;9057;111;2;28.98
27106;9057;213;3;29.38
27107;9058;37;3;125.9
27108;9058;76;3;23.8
27109;9058;111;3;28.98
27110;9058;51;1;69.12
27111;9059;205;1;54.75
27112;9059;206;1;30.23
27113;9060;151;3;14.87
27114;9060;132;1;76.68
27115;9061;260;2;183.92
27116;9061;2;3;169.54
27117;9061;283;2;114.46
27118;9061;97;3;160.55
27119;9061;143;3;86.74
27120;9062;146;1;35.44
27121;9062;252;1;124.2
27122;9062;178;1;117.25
27123;9063;167;1;40.59
27124;9063;84;2;56.46
27125;9063;88;2;271.98
27126;9063;6;1;124.34
27127;9064;93;3;177.34
27128;9064;148;1;161.06
27129;9064;179;1;16.67
27130;9064;126;2;333.38
27131;9064;12;3;58.48
27132;9065;252;2;124.2
27133;9065;245;3;88.8
27134;9066;152;2;210.67
27135;9066;267;2;23.63
27136;9066;204;2;63.94
27137;9066;40;2;165.59
27138;9067;147;2;15.53
27139;9067;120;2;44.38
27140;9068;267;1;23.63
27141;9068;131;2;94.96
27142;9068;33;1;98.43
27143;9069;164;2;38.45
27144;9070;83;2;28.81
27145;9070;265;3;194.8
27146;9070;10;1;83.77
27147;9070;129;1;59.78
27148;9070;36;3;35.27
27149;9071;39;2;42.14
27150;9071;208;3;26.03
27151;9071;184;3;75.61
27152;9072;292;3;115.69
27153;9072;35;1;57.55
27154;9072;275;1;167.5
27155;9072;137;1;83.8
27156;9072;40;1;165.59
27157;9073;281;3;13.59
27158;9073;32;2;65.71
27159;9074;242;1;66.96
27160;9075;124;2;109.44
27161;9075;214;3;180.06
27162;9076;17;2;66.06
27163;9077;229;1;14.92
27164;9077;93;3;177.34
27165;9077;278;1;58.03
27166;9077;227;3;128.22
27167;9078;41;1;202.78
27168;9078;167;2;40.59
27169;9078;4;2;15.69
27170;9079;31;1;263.13
27171;9079;93;2;177.34
27172;9079;154;3;276.99
27173;9079;95;2;11.53
27174;9080;116;1;27.34
27175;9080;230;2;163.67
27176;9080;130;3;138.45
27177;9081;82;1;115.88
27178;9081;91;1;48.19
27179;9081;180;2;59.61
27180;9082;291;1;67.09
27181;9083;261;1;138.08
27182;9083;211;3;253.01
27183;9083;238;1;130.67
27184;9083;178;1;117.25
27185;9084;62;1;77.66
27186;9084;124;2;109.44
27187;9084;112;1;112.28
27188;9084;81;3;83.86
27189;9085;108;3;53.06
27190;9086;166;1;36.18
27191;9086;248;2;278.21
27192;9086;266;3;78.95
27193;9087;256;3;229.2
27194;9087;220;3;97.41
27195;9087;286;3;23.1
27196;9087;140;2;35.81
27197;9087;96;2;318.43
27198;9088;228;3;21.36
27199;9088;53;1;51.23
27200;9088;76;3;23.8
27201;9088;115;2;45.38
27202;9089;1;2;85.25
27203;9089;236;1;27.58
27204;9089;2;2;169.54
27205;9089;296;2;31.73
27206;9090;87;1;172.22
27207;9091;199;2;156.49
27208;9092;87;2;172.22
27209;9092;244;1;291.31
27210;9092;229;1;14.92
27211;9093;210;2;230.86
27212;9093;152;2;210.67
27213;9093;243;2;23.3
27214;9094;160;2;62.31
27215;9094;55;3;105.96
27216;9094;169;1;117.44
27217;9094;201;1;55.38
27218;9095;45;3;206.86
27219;9095;290;3;138.11
27220;9095;156;2;51.61
27221;9095;263;3;58.98
27222;9095;51;1;69.12
27223;9096;93;1;177.34
27224;9096;142;3;26.83
27225;9097;42;2;263.42
27226;9098;283;3;114.46
27227;9098;88;3;271.98
27228;9098;27;1;257.64
27229;9099;36;1;35.27
27230;9099;211;3;253.01
27231;9100;139;2;284.29
27232;9100;267;3;23.63
27233;9100;127;2;28.04
27234;9100;131;3;94.96
27235;9100;245;1;88.8
27236;9101;129;1;59.78
27237;9102;229;2;14.92
27238;9102;68;2;208.07
27239;9102;277;1;141.51
27240;9103;298;2;95.71
27241;9103;293;1;32.93
27242;9104;85;3;276.27
27243;9105;109;1;46.77
27244;9105;214;3;180.06
27245;9105;28;2;98.17
27246;9105;51;3;69.12
27247;9105;199;2;156.49
27248;9106;175;1;18.54
27249;9106;43;1;27.58
27250;9106;62;3;77.66
27251;9107;120;3;44.38
27252;9108;280;2;194.11
27253;9108;25;1;36.6
27254;9109;184;1;75.61
27255;9109;19;3;25.52
27256;9109;172;3;108.1
27257;9109;219;1;18.89
27258;9110;55;2;105.96
27259;9110;85;2;276.27
27260;9110;274;3;43.03
27261;9110;85;1;276.27
27262;9111;132;1;76.68
27263;9111;16;1;135.22
27264;9112;113;2;261.82
27265;9113;48;3;214.66
27266;9114;129;2;59.78
27267;9115;217;1;133.47
27268;9115;196;2;15.62
27269;9115;23;1;17.91
27270;9115;290;2;138.11
27271;9115;267;3;23.63
27272;9116;69;2;100.84
27273;9116;136;2;77.12
27274;9116;298;2;95.71
27275;9117;32;2;65.71
27276;9117;62;2;77.66
27277;9117;293;1;32.93
27278;9117;135;1;23.48
27279;9118;293;2;32.93
27280;9118;5;3;99.57
27281;9118;148;2;161.06
27282;9118;18;3;140.06
27283;9118;6;2;124.34
27284;9119;189;1;298.51
27285;9119;69;3;100.84
27286;9119;70;2;99.53
27287;9120;252;3;124.2
27288;9120;295;3;401.67
27289;9120;38;1;136.67
27290;9120;62;2;77.66
27291;9121;243;1;23.3
27292;9121;225;1;14.43
27293;9121;264;2;22.18
27294;9121;88;3;271.98
27295;9121;19;3;25.52
27296;9122;103;2;60.73
27297;9122;240;2;115.21
27298;9122;57;1;49.4
27299;9122;16;2;135.22
27300;9123;147;1;15.53
27301;9123;247;3;280.92
27302;9124;179;3;16.67
27303;9124;291;1;67.09
27304;9124;185;3;47.76
27305;9125;175;1;18.54
27306;9125;204;1;63.94
27307;9125;251;3;594.78
27308;9126;133;1;129.76
27309;9126;43;2;27.58
27310;9126;26;1;73.19
27311;9126;238;2;130.67
27312;9126;231;3;58.56
27313;9127;204;3;63.94
27314;9127;66;2;65.31
27315;9127;232;2;21.33
27316;9128;165;2;30.46
27317;9128;194;2;39.16
27318;9128;272;1;32.79
27319;9128;67;1;41.38
27320;9128;70;1;99.53
27321;9129;135;3;23.48
27322;9129;148;2;161.06
27323;9129;68;3;208.07
27324;9129;252;2;124.2
27325;9129;245;2;88.8
27326;9130;210;1;230.86
27327;9130;85;2;276.27
27328;9130;91;1;48.19
27329;9130;206;3;30.23
27330;9130;166;1;36.18
27331;9131;198;3;53.21
27332;9132;80;1;16.51
27333;9132;73;1;47.55
27334;9132;206;2;30.23
27335;9132;55;1;105.96
27336;9132;291;2;67.09
27337;9133;93;2;177.34
27338;9134;131;3;94.96
27339;9134;140;2;35.81
27340;9134;140;2;35.81
27341;9134;41;3;202.78
27342;9135;100;3;36.47
27343;9136;178;1;117.25
27344;9136;152;3;210.67
27345;9136;258;2;183.46
27346;9136;19;3;25.52
27347;9137;261;2;138.08
27348;9137;157;2;145.39
27349;9137;163;3;127.95
27350;9138;138;2;32.55
27351;9138;235;2;98.52
27352;9138;115;1;45.38
27353;9138;14;1;139.17
27354;9139;97;2;160.55
27355;9139;54;1;232.82
27356;9139;103;3;60.73
27357;9139;127;3;28.04
27358;9139;188;3;221.91
27359;9140;225;1;14.43
27360;9140;95;2;11.53
27361;9140;123;1;70.77
27362;9140;90;3;238.59
27363;9140;264;1;22.18
27364;9141;55;1;105.96
27365;9141;143;3;86.74
27366;9142;224;1;289.95
27367;9142;50;2;63.53
27368;9143;181;2;42.65
27369;9143;36;1;35.27
27370;9143;213;2;29.38
27371;9144;130;3;138.45
27372;9144;265;3;194.8
27373;9144;220;1;97.41
27374;9144;27;3;257.64
27375;9145;147;2;15.53
27376;9145;284;1;66.65
27377;9145;282;2;377.84
27378;9145;100;2;36.47
27379;9146;194;2;39.16
27380;9147;65;1;165.71
27381;9147;4;3;15.69
27382;9147;112;2;112.28
27383;9148;200;2;209.0
27384;9148;88;1;271.98
27385;9149;223;3;12.9
27386;9150;50;1;63.53
27387;9150;240;2;115.21
27388;9150;70;3;99.53
27389;9151;164;2;38.45
27390;9151;127;1;28.04
27391;9151;6;1;124.34
27392;9151;171;3;59.0
27393;9151;83;3;28.81
27394;9152;274;3;43.03
27395;9153;229;1;14.92
27396;9153;29;3;33.59
27397;9153;117;1;187.28
27398;9153;231;3;58.56
27399;9153;179;2;16.67
27400;9154;197;1;109.76
27401;9154;27;2;257.64
27402;9155;170;1;22.32
27403;9155;120;1;44.38
27404;9155;181;2;42.65
27405;9156;108;2;53.06
27406;9156;256;2;229.2
27407;9157;82;1;115.88
27408;9158;184;3;75.61
27409;9158;43;3;27.58
27410;9158;224;2;289.95
27411;9158;257;1;75.87
27412;9158;12;3;58.48
27413;9159;86;1;68.41
27414;9159;218;1;163.84
27415;9159;285;1;108.9
27416;9159;181;2;42.65
27417;9160;94;3;191.51
27418;9160;48;2;214.66
27419;9160;45;3;206.86
27420;9160;293;2;32.93
27421;9160;158;2;219.43
27422;9161;108;3;53.06
27423;9161;1;2;85.25
27424;9162;266;1;78.95
27425;9162;12;3;58.48
27426;9163;31;1;263.13
27427;9163;241;1;177.76
27428;9163;238;3;130.67
27429;9163;154;1;276.99
27430;9164;278;1;58.03
27431;9165;207;3;234.88
27432;9165;258;2;183.46
27433;9165;21;1;27.77
27434;9166;86;3;68.41
27435;9167;118;1;365.76
27436;9167;150;2;51.66
27437;9167;286;1;23.1
27438;9167;91;1;48.19
27439;9168;208;2;26.03
27440;9168;289;3;36.82
27441;9168;111;3;28.98
27442;9168;102;3;79.45
27443;9169;112;1;112.28
27444;9170;194;2;39.16
27445;9171;99;3;18.5
27446;9171;197;1;109.76
27447;9171;105;2;19.14
27448;9172;262;3;203.02
27449;9172;193;1;303.95
27450;9173;108;1;53.06
27451;9174;158;3;219.43
27452;9174;29;1;33.59
27453;9174;31;3;263.13
27454;9175;208;2;26.03
27455;9175;96;2;318.43
27456;9175;88;3;271.98
27457;9176;118;3;365.76
27458;9177;170;2;22.32
27459;9177;205;1;54.75
27460;9177;149;3;112.47
27461;9177;229;1;14.92
27462;9178;9;3;134.64
27463;9178;179;3;16.67
27464;9178;238;1;130.67
27465;9179;164;3;38.45
27466;9179;186;1;24.83
27467;9179;69;2;100.84
27468;9179;223;2;12.9
27469;9179;215;3;42.37
27470;9180;265;2;194.8
27471;9180;203;1;22.49
27472;9180;277;1;141.51
27473;9180;17;1;66.06
27474;9180;133;1;129.76
27475;9181;64;1;63.91
27476;9182;276;3;77.1
27477;9182;165;3;30.46
27478;9183;102;3;79.45
27479;9183;178;3;117.25
27480;9183;199;3;156.49
27481;9184;3;1;355.2
27482;9184;136;1;77.12
27483;9185;225;3;14.43
27484;9185;274;3;43.03
27485;9185;298;2;95.71
27486;9185;235;2;98.52
27487;9185;33;2;98.43
27488;9186;211;2;253.01
27489;9187;254;3;92.06
27490;9187;282;1;377.84
27491;9187;100;1;36.47
27492;9188;72;2;136.88
27493;9188;83;3;28.81
27494;9188;128;2;604.55
27495;9188;4;1;15.69
27496;9189;198;1;53.21
27497;9189;161;3;66.77
27498;9189;74;3;13.44
27499;9189;73;3;47.55
27500;9190;47;2;10.35
27501;9190;11;3;27.62
27502;9190;149;1;112.47
27503;9190;6;3;124.34
27504;9191;182;2;96.28
27505;9191;277;1;141.51
27506;9191;167;1;40.59
27507;9191;186;1;24.83
27508;9191;295;1;401.67
27509;9192;296;2;31.73
27510;9193;262;1;203.02
27511;9193;161;2;66.77
27512;9193;18;2;140.06
27513;9193;264;3;22.18
27514;9193;218;3;163.84
27515;9194;259;2;193.37
27516;9194;156;1;51.61
27517;9195;223;1;12.9
27518;9195;99;3;18.5
27519;9196;260;3;183.92
27520;9196;255;2;63.76
27521;9196;141;2;62.63
27522;9197;18;3;140.06
27523;9197;33;3;98.43
27524;9198;124;3;109.44
27525;9199;15;3;110.9
27526;9199;148;3;161.06
27527;9199;225;1;14.43
27528;9199;97;1;160.55
27529;9199;39;1;42.14
27530;9200;132;3;76.68
27531;9200;116;1;27.34
27532;9200;263;2;58.98
27533;9201;13;2;97.98
27534;9201;141;1;62.63
27535;9201;97;2;160.55
27536;9201;75;2;176.39
27537;9201;215;2;42.37
27538;9202;54;3;232.82
27539;9202;30;1;43.42
27540;9202;273;2;197.68
27541;9203;229;1;14.92
27542;9203;161;3;66.77
27543;9204;253;3;62.5
27544;9204;54;3;232.82
27545;9204;64;2;63.91
27546;9205;137;1;83.8
27547;9205;153;1;28.61
27548;9205;248;2;278.21
27549;9205;209;3;110.99
27550;9206;198;1;53.21
27551;9206;143;1;86.74
27552;9206;4;3;15.69
27553;9206;94;3;191.51
27554;9207;138;2;32.55
27555;9207;80;1;16.51
27556;9207;41;1;202.78
27557;9207;156;2;51.61
27558;9207;118;2;365.76
27559;9208;294;3;73.58
27560;9208;217;3;133.47
27561;9209;227;1;128.22
27562;9209;94;1;191.51
27563;9209;179;3;16.67
27564;9210;85;1;276.27
27565;9210;292;1;115.69
27566;9210;50;2;63.53
27567;9210;204;3;63.94
27568;9211;58;3;37.93
27569;9212;69;1;100.84
27570;9213;181;1;42.65
27571;9213;243;3;23.3
27572;9213;271;1;134.08
27573;9214;281;1;13.59
27574;9214;155;2;75.12
27575;9215;67;2;41.38
27576;9215;238;3;130.67
27577;9215;271;3;134.08
27578;9215;224;3;289.95
27579;9215;285;3;108.9
27580;9216;129;2;59.78
27581;9216;56;3;84.93
27582;9216;286;3;23.1
27583;9217;3;1;355.2
27584;9217;230;2;163.67
27585;9217;253;2;62.5
27586;9217;259;3;193.37
27587;9217;226;2;105.33
27588;9218;128;2;604.55
27589;9219;96;2;318.43
27590;9219;92;1;338.54
27591;9220;45;3;206.86
27592;9220;119;2;52.95
27593;9220;21;1;27.77
27594;9220;204;2;63.94
27595;9220;154;1;276.99
27596;9221;248;3;278.21
27597;9221;143;3;86.74
27598;9222;255;2;63.76
27599;9222;150;1;51.66
27600;9222;224;2;289.95
27601;9222;171;3;59.0
27602;9222;118;2;365.76
27603;9223;251;3;594.78
27604;9223;35;3;57.55
27605;9223;156;3;51.61
27606;9224;286;3;23.1
27607;9224;272;1;32.79
27608;9225;259;1;193.37
27609;9225;255;1;63.76
27610;9225;79;1;57.05
27611;9225;295;3;401.67
27612;9225;140;2;35.81
27613;9226;33;3;98.43
27614;9226;294;3;73.58
27615;9226;13;3;97.98
27616;9226;267;2;23.63
27617;9226;154;1;276.99
27618;9227;204;3;63.94
27619;9227;253;3;62.5
27620;9227;168;2;36.16
27621;9227;145;3;77.19
27622;9228;79;1;57.05
27623;9228;33;1;98.43
27624;9228;78;3;18.59
27625;9228;147;1;15.53
27626;9229;146;1;35.44
27627;9230;197;3;109.76
27628;9230;187;1;145.63
27629;9230;217;2;133.47
27630;9230;79;2;57.05
27631;9231;120;3;44.38
27632;9232;140;1;35.81
27633;9232;200;2;209.0
27634;9232;289;3;36.82
27635;9232;275;2;167.5
27636;9232;14;3;139.17
27637;9233;205;1;54.75
27638;9233;139;1;284.29
27639;9233;283;2;114.46
27640;9234;235;2;98.52
27641;9234;202;3;84.57
27642;9234;104;1;193.22
27643;9235;109;3;46.77
27644;9235;262;2;203.02
27645;9235;219;3;18.89
27646;9235;258;1;183.46
27647;9236;47;3;10.35
27648;9237;220;2;97.41
27649;9237;266;3;78.95
27650;9238;270;1;149.02
27651;9238;253;3;62.5
27652;9239;9;3;134.64
27653;9239;61;1;251.37
27654;9239;58;3;37.93
27655;9239;14;3;139.17
27656;9239;189;1;298.51
27657;9240;20;3;27.74
27658;9240;63;2;81.7
27659;9240;177;2;190.69
27660;9241;168;1;36.16
27661;9241;196;1;15.62
27662;9241;131;2;94.96
27663;9242;71;3;104.37
27664;9242;110;1;33.58
27665;9242;93;1;177.34
27666;9242;83;2;28.81
27667;9242;3;2;355.2
27668;9243;287;3;82.17
27669;9243;154;2;276.99
27670;9243;45;2;206.86
27671;9243;153;3;28.61
27672;9243;278;2;58.03
27673;9244;5;1;99.57
27674;9244;116;3;27.34
27675;9244;127;2;28.04
27676;9245;53;2;51.23
27677;9245;227;1;128.22
27678;9245;236;3;27.58
27679;9245;108;1;53.06
27680;9245;275;3;167.5
27681;9246;33;3;98.43
27682;9246;259;2;193.37
27683;9246;203;2;22.49
27684;9247;294;2;73.58
27685;9247;220;2;97.41
27686;9247;156;3;51.61
27687;9247;265;2;194.8
27688;9247;78;1;18.59
27689;9248;227;2;128.22
27690;9248;20;1;27.74
27691;9249;259;3;193.37
27692;9249;205;3;54.75
27693;9249;242;2;66.96
27694;9249;21;3;27.77
27695;9250;11;1;27.62
27696;9250;57;1;49.4
27697;9250;93;2;177.34
27698;9251;94;1;191.51
27699;9252;166;2;36.18
27700;9253;44;3;46.23
27701;9253;58;1;37.93
27702;9253;100;3;36.47
27703;9253;66;3;65.31
27704;9253;214;2;180.06
27705;9254;263;2;58.98
27706;9254;13;2;97.98
27707;9254;21;2;27.77
27708;9254;130;1;138.45
27709;9254;245;3;88.8
27710;9255;227;3;128.22
27711;9255;120;1;44.38
27712;9255;127;1;28.04
27713;9255;153;1;28.61
27714;9255;81;2;83.86
27715;9256;194;2;39.16
27716;9257;49;2;49.52
27717;9258;195;2;145.55
27718;9258;105;3;19.14
27719;9258;165;2;30.46
27720;9258;195;1;145.55
27721;9258;182;2;96.28
27722;9259;11;3;27.62
27723;9259;194;1;39.16
27724;9259;109;2;46.77
27725;9260;78;3;18.59
27726;9261;17;2;66.06
27727;9261;57;1;49.4
27728;9261;241;2;177.76
27729;9261;52;1;198.57
27730;9261;294;3;73.58
27731;9262;242;3;66.96
27732;9262;107;2;57.11
27733;9262;90;1;238.59
27734;9262;133;2;129.76
27735;9262;277;1;141.51
27736;9263;253;2;62.5
27737;9263;267;2;23.63
27738;9264;106;1;63.95
27739;9264;126;3;333.38
27740;9264;269;1;27.35
27741;9264;168;2;36.16
27742;9265;54;1;232.82
27743;9265;144;3;46.76
27744;9265;217;1;133.47
27745;9265;222;2;207.75
27746;9265;255;3;63.76
27747;9266;14;2;139.17
27748;9266;173;3;44.37
27749;9266;68;1;208.07
27750;9266;80;1;16.51
27751;9267;89;2;376.3
27752;9268;178;1;117.25
27753;9268;237;2;11.53
27754;9268;265;2;194.8
27755;9268;220;3;97.41
27756;9268;241;1;177.76
27757;9269;268;1;22.25
27758;9269;3;2;355.2
27759;9269;38;1;136.67
27760;9269;198;3;53.21
27761;9270;241;2;177.76
27762;9270;205;1;54.75
27763;9270;216;2;265.62
27764;9271;7;1;435.46
27765;9271;123;1;70.77
27766;9272;174;3;16.75
27767;9273;274;2;43.03
27768;9273;155;3;75.12
27769;9273;43;3;27.58
27770;9274;124;1;109.44
27771;9274;178;1;117.25
27772;9274;75;1;176.39
27773;9274;143;1;86.74
27774;9275;205;2;54.75
27775;9275;162;1;265.52
27776;9275;49;2;49.52
27777;9276;164;2;38.45
27778;9276;227;2;128.22
27779;9276;111;1;28.98
27780;9276;271;2;134.08
27781;9276;169;1;117.44
27782;9277;24;1;171.7
27783;9277;86;3;68.41
27784;9277;148;3;161.06
27785;9278;39;2;42.14
27786;9279;81;3;83.86
27787;9279;277;2;141.51
27788;9279;64;1;63.91
27789;9279;178;3;117.25
27790;9279;161;3;66.77
27791;9280;176;3;23.46
27792;9280;182;3;96.28
27793;9280;200;3;209.0
27794;9281;41;3;202.78
27795;9281;232;3;21.33
27796;9282;45;3;206.86
27797;9283;196;3;15.62
27798;9283;261;1;138.08
27799;9283;134;2;60.38
27800;9284;179;1;16.67
27801;9284;65;1;165.71
27802;9285;245;3;88.8
27803;9285;82;2;115.88
27804;9285;95;2;11.53
27805;9285;286;3;23.1
27806;9285;215;2;42.37
27807;9286;151;1;14.87
27808;9286;253;1;62.5
27809;9286;19;1;25.52
27810;9287;145;3;77.19
27811;9287;255;1;63.76
27812;9287;280;3;194.11
27813;9288;2;3;169.54
27814;9289;67;2;41.38
27815;9289;81;3;83.86
27816;9289;5;3;99.57
27817;9290;96;2;318.43
27818;9290;144;3;46.76
27819;9291;231;3;58.56
27820;9291;1;1;85.25
27821;9291;167;2;40.59
27822;9292;40;1;165.59
27823;9292;158;1;219.43
27824;9292;254;1;92.06
27825;9292;194;2;39.16
27826;9293;91;1;48.19
27827;9293;297;1;111.18
27828;9293;274;2;43.03
27829;9293;44;1;46.23
27830;9294;145;1;77.19
27831;9294;153;3;28.61
27832;9294;176;1;23.46
27833;9295;281;1;13.59
27834;9295;222;1;207.75
27835;9295;300;3;105.48
27836;9295;232;1;21.33
27837;9296;135;3;23.48
27838;9296;159;3;56.32
27839;9296;45;1;206.86
27840;9296;242;1;66.96
27841;9296;192;2;139.65
27842;9297;167;2;40.59
27843;9297;123;2;70.77
27844;9297;51;3;69.12
27845;9298;70;1;99.53
27846;9299;57;1;49.4
27847;9299;113;3;261.82
27848;9299;243;3;23.3
27849;9299;5;3;99.57
27850;9299;20;2;27.74
27851;9300;170;2;22.32
27852;9300;238;3;130.67
27853;9300;2;1;169.54
27854;9300;165;1;30.46
27855;9301;83;3;28.81
27856;9301;69;1;100.84
27857;9302;211;1;253.01
27858;9302;200;1;209.0
27859;9302;3;2;355.2
27860;9302;25;2;36.6
27861;9302;185;1;47.76
27862;9303;244;1;291.31
27863;9303;106;1;63.95
27864;9304;192;3;139.65
27865;9305;226;3;105.33
27866;9305;245;2;88.8
27867;9306;286;2;23.1
27868;9306;28;3;98.17
27869;9306;217;2;133.47
27870;9306;100;2;36.47
27871;9306;72;3;136.88
27872;9307;29;1;33.59
27873;9308;174;1;16.75
27874;9309;251;3;594.78
27875;9310;203;1;22.49
27876;9311;202;1;84.57
27877;9311;30;3;43.42
27878;9311;69;1;100.84
27879;9311;156;2;51.61
27880;9311;202;1;84.57
27881;9312;141;3;62.63
27882;9312;298;3;95.71
27883;9313;56;3;84.93
27884;9313;49;1;49.52
27885;9313;271;2;134.08
27886;9313;240;3;115.21
27887;9314;60;1;69.22
27888;9314;280;2;194.11
27889;9314;129;2;59.78
27890;9314;154;2;276.99
27891;9314;216;3;265.62
27892;9315;245;2;88.8
27893;9316;163;3;127.95
27894;9316;39;3;42.14
27895;9316;224;3;289.95
27896;9316;288;2;430.61
27897;9317;217;2;133.47
27898;9317;11;2;27.62
27899;9317;297;2;111.18
27900;9317;242;2;66.96
27901;9318;136;3;77.12
27902;9318;65;2;165.71
27903;9318;178;1;117.25
27904;9319;239;2;89.88
27905;9320;70;1;99.53
27906;9320;174;1;16.75
27907;9320;86;2;68.41
27908;9321;198;3;53.21
27909;9321;36;3;35.27
27910;9321;70;2;99.53
27911;9321;41;2;202.78
27912;9322;59;1;107.83
27913;9322;222;2;207.75
27914;9322;254;2;92.06
27915;9322;233;2;153.83
27916;9322;234;2;199.16
27917;9323;16;2;135.22
27918;9323;95;3;11.53
27919;9323;47;3;10.35
27920;9323;257;1;75.87
27921;9324;94;2;191.51
27922;9324;23;3;17.91
27923;9324;297;2;111.18
27924;9325;189;2;298.51
27925;9326;199;1;156.49
27926;9326;84;2;56.46
27927;9327;98;3;156.09
27928;9328;65;3;165.71
27929;9329;275;1;167.5
27930;9329;100;1;36.47
27931;9329;219;2;18.89
27932;9329;299;1;93.25
27933;9329;164;1;38.45
27934;9330;176;1;23.46
27935;9330;65;1;165.71
27936;9330;193;2;303.95
27937;9331;239;2;89.88
27938;9331;73;3;47.55
27939;9332;162;3;265.52
27940;9332;13;1;97.98
27941;9333;53;1;51.23
27942;9333;41;3;202.78
27943;9333;147;1;15.53
27944;9334;54;2;232.82
27945;9335;19;3;25.52
27946;9335;34;2;71.61
27947;9336;195;3;145.55
27948;9336;276;2;77.1
27949;9336;234;1;199.16
27950;9337;208;2;26.03
27951;9337;179;2;16.67
27952;9337;20;3;27.74
27953;9337;46;1;32.13
27954;9337;209;3;110.99
27955;9338;230;2;163.67
27956;9338;167;1;40.59
27957;9338;211;2;253.01
27958;9338;45;2;206.86
27959;9339;259;1;193.37
27960;9339;50;3;63.53
27961;9340;139;2;284.29
27962;9340;162;2;265.52
27963;9340;252;1;124.2
27964;9340;95;3;11.53
27965;9340;88;3;271.98
27966;9341;294;2;73.58
27967;9341;269;1;27.35
27968;9342;230;2;163.67
27969;9342;22;1;231.52
27970;9342;111;3;28.98
27971;9343;66;2;65.31
27972;9343;219;2;18.89
27973;9343;155;1;75.12
27974;9344;77;1;137.95
27975;9345;199;1;156.49
27976;9345;48;2;214.66
27977;9345;234;2;199.16
27978;9345;79;2;57.05
27979;9346;53;1;51.23
27980;9346;29;2;33.59
27981;9347;194;3;39.16
27982;9348;31;3;263.13
27983;9349;71;2;104.37
27984;9349;5;3;99.57
27985;9349;244;3;291.31
27986;9349;260;2;183.92
27987;9350;57;1;49.4
27988;9350;113;1;261.82
27989;9350;251;2;594.78
27990;9350;93;3;177.34
27991;9350;220;3;97.41
27992;9351;233;2;153.83
27993;9351;254;1;92.06
27994;9351;279;1;52.64
27995;9352;59;1;107.83
27996;9352;284;1;66.65
27997;9352;294;2;73.58
27998;9352;118;1;365.76
27999;9353;9;2;134.64
28000;9354;235;2;98.52
28001;9354;11;3;27.62
28002;9354;154;2;276.99
28003;9354;112;3;112.28
28004;9355;202;2;84.57
28005;9355;153;3;28.61
28006;9355;251;3;594.78
28007;9356;167;2;40.59
28008;9356;215;1;42.37
28009;9357;18;2;140.06
28010;9357;111;3;28.98
28011;9358;121;2;102.0
28012;9358;102;1;79.45
28013;9359;52;1;198.57
28014;9359;86;1;68.41
28015;9360;74;3;13.44
28016;9361;75;2;176.39
28017;9362;202;2;84.57
28018;9363;39;1;42.14
28019;9363;195;2;145.55
28020;9363;259;3;193.37
28021;9363;196;2;15.62
28022;9363;194;3;39.16
28023;9364;278;1;58.03
28024;9365;141;3;62.63
28025;9365;64;1;63.91
28026;9365;198;2;53.21
28027;9366;58;2;37.93
28028;9366;130;2;138.45
28029;9366;185;3;47.76
28030;9366;57;1;49.4
28031;9367;229;1;14.92
28032;9367;217;3;133.47
28033;9368;270;1;149.02
28034;9368;229;1;14.92
28035;9368;99;1;18.5
28036;9368;298;2;95.71
28037;9368;253;2;62.5
28038;9369;218;2;163.84
28039;9369;172;1;108.1
28040;9370;299;3;93.25
28041;9370;250;3;45.33
28042;9370;30;3;43.42
28043;9371;260;2;183.92
28044;9371;222;2;207.75
28045;9372;75;3;176.39
28046;9372;192;3;139.65
28047;9372;223;3;12.9
28048;9372;220;2;97.41
28049;9372;211;3;253.01
28050;9373;166;3;36.18
28051;9373;147;3;15.53
28052;9373;147;2;15.53
28053;9373;15;2;110.9
28054;9373;254;1;92.06
28055;9374;294;1;73.58
28056;9374;100;1;36.47
28057;9375;118;1;365.76
28058;9375;111;2;28.98
28059;9375;200;1;209.0
28060;9375;138;2;32.55
28061;9376;95;1;11.53
28062;9376;90;3;238.59
28063;9376;57;3;49.4
28064;9377;255;2;63.76
28065;9377;216;1;265.62
28066;9377;276;1;77.1
28067;9378;121;2;102.0
28068;9379;169;2;117.44
28069;9379;185;2;47.76
28070;9379;137;2;83.8
28071;9380;270;1;149.02
28072;9380;91;3;48.19
28073;9380;174;3;16.75
28074;9380;235;2;98.52
28075;9380;280;3;194.11
28076;9381;1;3;85.25
28077;9382;42;2;263.42
28078;9382;200;2;209.0
28079;9382;5;3;99.57
28080;9382;184;1;75.61
28081;9383;254;1;92.06
28082;9383;199;1;156.49
28083;9383;266;3;78.95
28084;9384;96;2;318.43
28085;9384;46;3;32.13
28086;9384;53;2;51.23
28087;9384;218;2;163.84
28088;9385;5;2;99.57
28089;9385;73;1;47.55
28090;9385;124;2;109.44
28091;9385;204;3;63.94
28092;9385;55;1;105.96
28093;9386;9;2;134.64
28094;9386;166;3;36.18
28095;9386;177;2;190.69
28096;9386;199;1;156.49
28097;9386;276;2;77.1
28098;9387;120;1;44.38
28099;9387;290;2;138.11
28100;9387;94;2;191.51
28101;9388;13;2;97.98
28102;9388;15;2;110.9
28103;9388;38;3;136.67
28104;9388;135;3;23.48
28105;9389;124;3;109.44
28106;9390;69;3;100.84
28107;9390;25;3;36.6
28108;9390;13;1;97.98
28109;9391;160;1;62.31
28110;9391;62;3;77.66
28111;9391;255;3;63.76
28112;9391;28;2;98.17
28113;9392;216;2;265.62
28114;9392;65;2;165.71
28115;9392;245;3;88.8
28116;9392;63;3;81.7
28117;9393;118;3;365.76
28118;9393;112;3;112.28
28119;9393;243;3;23.3
28120;9393;271;2;134.08
28121;9393;180;2;59.61
28122;9394;126;3;333.38
28123;9394;281;2;13.59
28124;9395;118;3;365.76
28125;9395;117;2;187.28
28126;9395;54;1;232.82
28127;9395;198;2;53.21
28128;9396;72;3;136.88
28129;9396;84;1;56.46
28130;9396;136;3;77.12
28131;9396;70;1;99.53
28132;9397;57;2;49.4
28133;9397;136;1;77.12
28134;9397;259;3;193.37
28135;9397;182;3;96.28
28136;9397;155;1;75.12
28137;9398;266;1;78.95
28138;9399;8;3;295.75
28139;9399;174;1;16.75
28140;9400;106;3;63.95
28141;9400;81;3;83.86
28142;9400;10;2;83.77
28143;9401;74;1;13.44
28144;9401;20;3;27.74
28145;9401;104;1;193.22
28146;9401;172;3;108.1
28147;9401;188;3;221.91
28148;9402;238;1;130.67
28149;9402;99;2;18.5
28150;9402;40;2;165.59
28151;9402;186;3;24.83
28152;9403;113;1;261.82
28153;9403;295;1;401.67
28154;9403;296;2;31.73
28155;9404;35;1;57.55
28156;9404;10;2;83.77
28157;9404;116;2;27.34
28158;9405;213;2;29.38
28159;9405;73;2;47.55
28160;9405;17;1;66.06
28161;9406;263;1;58.98
28162;9406;161;2;66.77
28163;9406;62;3;77.66
28164;9406;182;3;96.28
28165;9406;199;2;156.49
28166;9407;197;3;109.76
28167;9408;108;3;53.06
28168;9408;79;1;57.05
28169;9408;131;3;94.96
28170;9409;77;1;137.95
28171;9409;198;2;53.21
28172;9410;288;3;430.61
28173;9410;48;1;214.66
28174;9410;155;1;75.12
28175;9410;68;1;208.07
28176;9411;144;3;46.76
28177;9411;159;3;56.32
28178;9411;268;1;22.25
28179;9411;124;2;109.44
28180;9412;191;1;144.67
28181;9412;268;2;22.25
28182;9412;127;1;28.04
28183;9412;169;2;117.44
28184;9413;52;3;198.57
28185;9413;299;1;93.25
28186;9414;213;2;29.38
28187;9414;279;3;52.64
28188;9414;31;2;263.13
28189;9414;196;2;15.62
28190;9414;21;1;27.77
28191;9415;292;3;115.69
28192;9415;36;1;35.27
28193;9415;234;3;199.16
28194;9415;181;3;42.65
28195;9416;133;1;129.76
28196;9416;259;1;193.37
28197;9416;272;2;32.79
28198;9416;125;2;136.07
28199;9416;189;3;298.51
28200;9417;150;3;51.66
28201;9417;157;2;145.39
28202;9417;286;1;23.1
28203;9418;212;1;167.62
28204;9418;262;3;203.02
28205;9419;26;1;73.19
28206;9419;273;2;197.68
28207;9419;193;3;303.95
28208;9419;92;3;338.54
28209;9419;9;2;134.64
28210;9420;115;3;45.38
28211;9420;265;3;194.8
28212;9420;71;1;104.37
28213;9420;14;2;139.17
28214;9420;224;3;289.95
28215;9421;57;1;49.4
28216;9421;233;1;153.83
28217;9421;280;2;194.11
28218;9422;201;1;55.38
28219;9422;65;3;165.71
28220;9423;90;2;238.59
28221;9424;52;3;198.57
28222;9424;147;1;15.53
28223;9424;123;2;70.77
28224;9424;280;3;194.11
28225;9425;71;1;104.37
28226;9425;117;3;187.28
28227;9425;226;3;105.33
28228;9425;251;3;594.78
28229;9425;31;2;263.13
28230;9426;168;3;36.16
28231;9427;148;3;161.06
28232;9427;27;1;257.64
28233;9428;280;1;194.11
28234;9428;137;1;83.8
28235;9429;91;1;48.19
28236;9429;115;1;45.38
28237;9429;221;1;182.12
28238;9430;145;1;77.19
28239;9430;156;2;51.61
28240;9431;85;2;276.27
28241;9432;226;3;105.33
28242;9432;16;2;135.22
28243;9432;172;1;108.1
28244;9433;152;3;210.67
28245;9433;104;1;193.22
28246;9434;207;2;234.88
28247;9434;100;2;36.47
28248;9435;34;3;71.61
28249;9435;80;3;16.51
28250;9435;32;2;65.71
28251;9435;219;3;18.89
28252;9436;186;2;24.83
28253;9437;180;1;59.61
28254;9437;210;1;230.86
28255;9438;250;2;45.33
28256;9438;84;3;56.46
28257;9438;200;3;209.0
28258;9438;231;2;58.56
28259;9438;58;2;37.93
28260;9439;35;3;57.55
28261;9439;61;1;251.37
28262;9439;157;1;145.39
28263;9439;200;3;209.0
28264;9440;259;2;193.37
28265;9440;232;3;21.33
28266;9440;189;3;298.51
28267;9440;68;1;208.07
28268;9440;132;3;76.68
28269;9441;201;1;55.38
28270;9441;223;3;12.9
28271;9441;6;2;124.34
28272;9441;59;2;107.83
28273;9442;201;1;55.38
28274;9442;247;2;280.92
28275;9442;280;2;194.11
28276;9442;186;2;24.83
28277;9443;109;1;46.77
28278;9443;30;1;43.42
28279;9443;73;2;47.55
28280;9443;280;3;194.11
28281;9444;181;1;42.65
28282;9445;103;1;60.73
28283;9445;112;3;112.28
28284;9445;12;1;58.48
28285;9445;95;2;11.53
28286;9445;20;3;27.74
28287;9446;219;2;18.89
28288;9446;48;3;214.66
28289;9446;259;2;193.37
28290;9447;166;1;36.18
28291;9447;24;3;171.7
28292;9447;261;2;138.08
28293;9447;286;2;23.1
28294;9447;297;3;111.18
28295;9448;188;3;221.91
28296;9449;118;3;365.76
28297;9449;74;1;13.44
28298;9449;167;2;40.59
28299;9449;290;2;138.11
28300;9450;95;1;11.53
28301;9450;244;1;291.31
28302;9450;165;1;30.46
28303;9451;5;2;99.57
28304;9452;79;3;57.05
28305;9452;57;1;49.4
28306;9452;263;3;58.98
28307;9453;258;2;183.46
28308;9453;39;1;42.14
28309;9453;72;3;136.88
28310;9453;171;3;59.0
28311;9453;90;1;238.59
28312;9454;99;1;18.5
28313;9454;74;2;13.44
28314;9455;259;2;193.37
28315;9455;80;3;16.51
28316;9455;244;3;291.31
28317;9455;206;1;30.23
28318;9455;133;3;129.76
28319;9456;95;2;11.53
28320;9456;237;2;11.53
28321;9456;87;1;172.22
28322;9456;129;3;59.78
28323;9457;91;3;48.19
28324;9457;296;3;31.73
28325;9457;215;2;42.37
28326;9457;45;3;206.86
28327;9457;147;1;15.53
28328;9458;12;1;58.48
28329;9458;12;3;58.48
28330;9458;43;1;27.58
28331;9459;101;2;337.71
28332;9459;107;3;57.11
28333;9459;135;2;23.48
28334;9459;186;3;24.83
28335;9460;221;2;182.12
28336;9460;206;3;30.23
28337;9460;54;1;232.82
28338;9461;109;1;46.77
28339;9462;195;1;145.55
28340;9462;179;2;16.67
28341;9462;102;3;79.45
28342;9462;105;2;19.14
28343;9463;92;1;338.54
28344;9463;62;1;77.66
28345;9464;207;1;234.88
28346;9464;35;1;57.55
28347;9465;155;1;75.12
28348;9465;267;2;23.63
28349;9465;35;3;57.55
28350;9465;161;3;66.77
28351;9465;186;3;24.83
28352;9466;267;1;23.63
28353;9466;105;1;19.14
28354;9466;239;2;89.88
28355;9466;291;1;67.09
28356;9466;111;1;28.98
28357;9467;180;2;59.61
28358;9467;193;2;303.95
28359;9467;142;2;26.83
28360;9468;100;3;36.47
28361;9468;94;2;191.51
28362;9468;195;2;145.55
28363;9469;161;1;66.77
28364;9469;222;3;207.75
28365;9469;49;1;49.52
28366;9469;263;1;58.98
28367;9469;9;2;134.64
28368;9470;198;1;53.21
28369;9470;227;2;128.22
28370;9470;154;1;276.99
28371;9470;177;2;190.69
28372;9470;249;2;94.89
28373;9471;30;3;43.42
28374;9472;105;3;19.14
28375;9472;230;1;163.67
28376;9472;295;1;401.67
28377;9472;250;3;45.33
28378;9473;216;3;265.62
28379;9473;71;1;104.37
28380;9474;283;2;114.46
28381;9474;147;3;15.53
28382;9474;279;3;52.64
28383;9474;45;3;206.86
28384;9475;243;2;23.3
28385;9475;246;3;105.53
28386;9475;127;3;28.04
28387;9476;144;3;46.76
28388;9476;152;3;210.67
28389;9477;102;2;79.45
28390;9477;1;2;85.25
28391;9477;189;1;298.51
28392;9478;77;2;137.95
28393;9478;190;2;16.04
28394;9478;132;1;76.68
28395;9478;126;3;333.38
28396;9479;62;1;77.66
28397;9479;154;1;276.99
28398;9479;89;2;376.3
28399;9480;161;1;66.77
28400;9480;45;3;206.86
28401;9480;206;1;30.23
28402;9480;21;1;27.77
28403;9480;279;3;52.64
28404;9481;248;3;278.21
28405;9481;96;3;318.43
28406;9481;169;1;117.44
28407;9481;27;3;257.64
28408;9482;81;1;83.86
28409;9483;193;1;303.95
28410;9483;150;3;51.66
28411;9483;81;2;83.86
28412;9483;24;1;171.7
28413;9484;123;1;70.77
28414;9484;66;2;65.31
28415;9484;92;1;338.54
28416;9484;225;3;14.43
28417;9484;225;1;14.43
28418;9485;208;2;26.03
28419;9486;261;1;138.08
28420;9487;192;3;139.65
28421;9487;1;1;85.25
28422;9487;209;2;110.99
28423;9487;226;2;105.33
28424;9487;35;1;57.55
28425;9488;197;3;109.76
28426;9488;142;1;26.83
28427;9488;119;2;52.95
28428;9488;148;2;161.06
28429;9489;92;3;338.54
28430;9489;194;1;39.16
28431;9489;242;2;66.96
28432;9490;287;2;82.17
28433;9490;72;3;136.88
28434;9490;70;2;99.53
28435;9491;88;1;271.98
28436;9491;18;2;140.06
28437;9491;296;2;31.73
28438;9491;41;2;202.78
28439;9492;149;1;112.47
28440;9492;111;1;28.98
28441;9492;262;1;203.02
28442;9492;290;1;138.11
28443;9493;266;1;78.95
28444;9493;175;1;18.54
28445;9494;40;2;165.59
28446;9494;155;1;75.12
28447;9494;166;1;36.18
28448;9495;171;1;59.0
28449;9495;128;2;604.55
28450;9495;265;1;194.8
28451;9495;168;2;36.16
28452;9495;129;1;59.78
28453;9496;114;2;81.1
28454;9496;8;3;295.75
28455;9496;142;2;26.83
28456;9497;32;2;65.71
28457;9498;291;1;67.09
28458;9498;78;2;18.59
28459;9499;32;2;65.71
28460;9500;228;1;21.36
28461;9500;5;3;99.57
28462;9500;120;2;44.38
28463;9501;85;1;276.27
28464;9501;184;3;75.61
28465;9501;60;3;69.22
28466;9501;86;1;68.41
28467;9501;190;2;16.04
28468;9502;139;1;284.29
28469;9502;243;1;23.3
28470;9502;54;2;232.82
28471;9502;85;1;276.27
28472;9503;273;1;197.68
28473;9503;11;2;27.62
28474;9503;279;1;52.64
28475;9504;187;2;145.63
28476;9505;109;1;46.77
28477;9505;112;2;112.28
28478;9505;94;2;191.51
28479;9505;200;3;209.0
28480;9505;137;2;83.8
28481;9506;243;2;23.3
28482;9506;204;3;63.94
28483;9506;137;2;83.8
28484;9506;280;1;194.11
28485;9506;23;2;17.91
28486;9507;16;2;135.22
28487;9507;281;3;13.59
28488;9507;273;3;197.68
28489;9508;44;2;46.23
28490;9508;49;3;49.52
28491;9508;84;2;56.46
28492;9508;113;2;261.82
28493;9509;136;3;77.12
28494;9510;68;3;208.07
28495;9510;173;1;44.37
28496;9510;83;2;28.81
28497;9510;172;2;108.1
28498;9510;105;1;19.14
28499;9511;215;1;42.37
28500;9512;127;2;28.04
28501;9512;160;2;62.31
28502;9512;197;1;109.76
28503;9512;220;2;97.41
28504;9513;261;3;138.08
28505;9513;174;1;16.75
28506;9514;261;3;138.08
28507;9514;204;2;63.94
28508;9514;208;2;26.03
28509;9514;95;3;11.53
28510;9515;206;2;30.23
28511;9515;91;2;48.19
28512;9515;195;1;145.55
28513;9515;157;2;145.39
28514;9516;40;3;165.59
28515;9516;3;2;355.2
28516;9517;175;3;18.54
28517;9517;37;1;125.9
28518;9517;293;1;32.93
28519;9518;111;2;28.98
28520;9518;15;3;110.9
28521;9519;244;3;291.31
28522;9519;288;3;430.61
28523;9519;154;3;276.99
28524;9519;99;2;18.5
28525;9520;51;3;69.12
28526;9521;154;3;276.99
28527;9522;81;1;83.86
28528;9522;82;3;115.88
28529;9522;7;1;435.46
28530;9522;87;1;172.22
28531;9523;228;3;21.36
28532;9523;250;1;45.33
28533;9523;260;1;183.92
28534;9523;168;1;36.16
28535;9523;163;2;127.95
28536;9524;201;2;55.38
28537;9524;252;1;124.2
28538;9524;243;1;23.3
28539;9524;104;2;193.22
28540;9525;295;3;401.67
28541;9525;3;2;355.2
28542;9525;293;1;32.93
28543;9526;46;2;32.13
28544;9526;168;3;36.16
28545;9526;185;1;47.76
28546;9526;48;1;214.66
28547;9527;199;1;156.49
28548;9527;268;1;22.25
28549;9527;76;1;23.8
28550;9528;283;3;114.46
28551;9528;168;2;36.16
28552;9528;90;2;238.59
28553;9529;98;2;156.09
28554;9530;9;2;134.64
28555;9530;94;1;191.51
28556;9530;212;3;167.62
28557;9530;3;3;355.2
28558;9530;247;2;280.92
28559;9531;6;2;124.34
28560;9531;41;2;202.78
28561;9531;6;3;124.34
28562;9531;112;3;112.28
28563;9531;35;3;57.55
28564;9532;241;1;177.76
28565;9532;120;2;44.38
28566;9532;92;3;338.54
28567;9533;7;3;435.46
28568;9533;43;3;27.58
28569;9534;158;2;219.43
28570;9535;52;2;198.57
28571;9535;30;1;43.42
28572;9536;113;2;261.82
28573;9536;202;2;84.57
28574;9537;221;1;182.12
28575;9537;218;2;163.84
28576;9537;44;3;46.23
28577;9537;188;2;221.91
28578;9538;244;1;291.31
28579;9538;275;1;167.5
28580;9539;185;2;47.76
28581;9540;155;2;75.12
28582;9541;196;3;15.62
28583;9542;150;2;51.66
28584;9542;177;2;190.69
28585;9542;57;1;49.4
28586;9542;119;2;52.95
28587;9543;124;1;109.44
28588;9544;244;3;291.31
28589;9544;9;3;134.64
28590;9545;294;1;73.58
28591;9546;28;3;98.17
28592;9546;123;1;70.77
28593;9546;86;1;68.41
28594;9546;116;2;27.34
28595;9546;139;1;284.29
28596;9547;198;2;53.21
28597;9547;218;1;163.84
28598;9547;76;2;23.8
28599;9547;43;3;27.58
28600;9547;184;2;75.61
28601;9548;145;1;77.19
28602;9548;127;1;28.04
28603;9549;101;1;337.71
28604;9549;76;1;23.8
28605;9549;234;2;199.16
28606;9549;79;3;57.05
28607;9550;107;3;57.11
28608;9550;286;2;23.1
28609;9550;10;1;83.77
28610;9550;63;1;81.7
28611;9550;123;2;70.77
28612;9551;290;2;138.11
28613;9552;206;1;30.23
28614;9552;172;3;108.1
28615;9552;181;1;42.65
28616;9552;105;3;19.14
28617;9552;278;2;58.03
28618;9553;298;3;95.71
28619;9553;47;2;10.35
28620;9553;103;3;60.73
28621;9553;141;1;62.63
28622;9554;41;3;202.78
28623;9555;81;3;83.86
28624;9555;90;2;238.59
28625;9555;31;3;263.13
28626;9555;29;3;33.59
28627;9555;24;1;171.7
28628;9556;223;1;12.9
28629;9556;177;1;190.69
28630;9556;4;1;15.69
28631;9557;231;3;58.56
28632;9557;144;2;46.76
28633;9558;17;3;66.06
28634;9558;203;1;22.49
28635;9558;237;1;11.53
28636;9558;138;3;32.55
28637;9559;52;3;198.57
28638;9559;230;1;163.67
28639;9559;265;1;194.8
28640;9560;221;2;182.12
28641;9560;208;3;26.03
28642;9560;241;3;177.76
28643;9560;185;3;47.76
28644;9561;116;1;27.34
28645;9561;84;1;56.46
28646;9561;68;2;208.07
28647;9562;241;3;177.76
28648;9562;267;2;23.63
28649;9562;184;3;75.61
28650;9563;147;2;15.53
28651;9563;270;1;149.02
28652;9563;164;2;38.45
28653;9563;271;2;134.08
28654;9563;129;2;59.78
28655;9564;61;3;251.37
28656;9565;21;2;27.77
28657;9565;299;1;93.25
28658;9565;30;1;43.42
28659;9566;177;1;190.69
28660;9567;47;3;10.35
28661;9567;205;1;54.75
28662;9567;106;1;63.95
28663;9567;188;2;221.91
28664;9568;188;2;221.91
28665;9568;298;3;95.71
28666;9568;24;1;171.7
28667;9568;80;1;16.51
28668;9569;147;3;15.53
28669;9569;55;2;105.96
28670;9569;141;3;62.63
28671;9569;250;1;45.33
28672;9570;276;1;77.1
28673;9570;149;1;112.47
28674;9570;163;2;127.95
28675;9570;203;3;22.49
28676;9571;129;3;59.78
28677;9571;133;3;129.76
28678;9571;10;1;83.77
28679;9572;31;3;263.13
28680;9572;63;3;81.7
28681;9572;234;3;199.16
28682;9573;58;2;37.93
28683;9573;69;3;100.84
28684;9574;268;1;22.25
28685;9575;221;2;182.12
28686;9575;155;3;75.12
28687;9575;161;3;66.77
28688;9575;54;2;232.82
28689;9575;217;1;133.47
28690;9576;150;2;51.66
28691;9576;228;2;21.36
28692;9577;146;1;35.44
28693;9578;200;2;209.0
28694;9578;112;3;112.28
28695;9579;107;1;57.11
28696;9579;229;3;14.92
28697;9579;160;3;62.31
28698;9579;192;2;139.65
28699;9579;291;1;67.09
28700;9580;39;1;42.14
28701;9581;233;1;153.83
28702;9581;285;1;108.9
28703;9581;66;1;65.31
28704;9582;253;2;62.5
28705;9582;285;1;108.9
28706;9582;148;2;161.06
28707;9582;192;1;139.65
28708;9582;21;3;27.77
28709;9583;243;1;23.3
28710;9583;183;1;83.98
28711;9583;261;2;138.08
28712;9583;71;3;104.37
28713;9583;18;3;140.06
28714;9584;179;2;16.67
28715;9585;94;3;191.51
28716;9585;269;1;27.35
28717;9585;162;1;265.52
28718;9585;213;3;29.38
28719;9586;256;3;229.2
28720;9586;29;1;33.59
28721;9586;2;1;169.54
28722;9586;257;1;75.87
28723;9586;239;2;89.88
28724;9587;284;3;66.65
28725;9587;280;1;194.11
28726;9588;184;2;75.61
28727;9589;124;1;109.44
28728;9590;174;1;16.75
28729;9590;45;1;206.86
28730;9590;36;2;35.27
28731;9590;220;3;97.41
28732;9590;169;1;117.44
28733;9591;44;3;46.23
28734;9591;146;3;35.44
28735;9592;258;3;183.46
28736;9592;6;3;124.34
28737;9592;16;3;135.22
28738;9592;30;2;43.42
28739;9592;57;1;49.4
28740;9593;59;1;107.83
28741;9593;152;1;210.67
28742;9594;232;3;21.33
28743;9594;105;2;19.14
28744;9594;193;2;303.95
28745;9595;240;3;115.21
28746;9595;77;2;137.95
28747;9596;24;2;171.7
28748;9596;92;3;338.54
28749;9596;27;3;257.64
28750;9596;22;1;231.52
28751;9596;275;3;167.5
28752;9597;216;3;265.62
28753;9597;256;3;229.2
28754;9597;105;1;19.14
28755;9597;102;3;79.45
28756;9597;280;2;194.11
28757;9598;249;2;94.89
28758;9598;265;2;194.8
28759;9598;77;1;137.95
28760;9598;12;3;58.48
28761;9599;60;1;69.22
28762;9599;263;1;58.98
28763;9600;62;2;77.66
28764;9601;117;3;187.28
28765;9601;248;1;278.21
28766;9601;87;3;172.22
28767;9601;162;3;265.52
28768;9601;92;2;338.54
28769;9602;175;1;18.54
28770;9602;256;3;229.2
28771;9602;132;1;76.68
28772;9602;25;1;36.6
28773;9602;34;1;71.61
28774;9603;147;2;15.53
28775;9603;42;3;263.42
28776;9603;251;1;594.78
28777;9604;260;1;183.92
28778;9605;291;1;67.09
28779;9606;215;2;42.37
28780;9606;222;2;207.75
28781;9607;231;1;58.56
28782;9607;50;3;63.53
28783;9607;93;3;177.34
28784;9607;92;1;338.54
28785;9607;63;2;81.7
28786;9608;161;2;66.77
28787;9608;298;3;95.71
28788;9608;228;2;21.36
28789;9609;59;2;107.83
28790;9609;114;2;81.1
28791;9609;271;3;134.08
28792;9609;145;1;77.19
28793;9610;63;2;81.7
28794;9610;250;3;45.33
28795;9610;4;1;15.69
28796;9610;287;2;82.17
28797;9611;147;3;15.53
28798;9612;25;2;36.6
28799;9612;186;1;24.83
28800;9612;210;2;230.86
28801;9612;190;2;16.04
28802;9613;268;1;22.25
28803;9613;14;3;139.17
28804;9614;240;2;115.21
28805;9614;24;3;171.7
28806;9614;278;3;58.03
28807;9615;192;3;139.65
28808;9615;203;1;22.49
28809;9616;285;3;108.9
28810;9616;31;1;263.13
28811;9616;147;2;15.53
28812;9616;78;1;18.59
28813;9617;26;1;73.19
28814;9617;41;1;202.78
28815;9617;72;2;136.88
28816;9617;264;1;22.18
28817;9617;186;1;24.83
28818;9618;192;2;139.65
28819;9618;210;2;230.86
28820;9618;65;1;165.71
28821;9619;121;2;102.0
28822;9620;71;3;104.37
28823;9620;228;1;21.36
28824;9620;127;2;28.04
28825;9620;234;3;199.16
28826;9621;121;1;102.0
28827;9622;1;1;85.25
28828;9623;103;2;60.73
28829;9623;285;2;108.9
28830;9623;216;2;265.62
28831;9624;48;2;214.66
28832;9624;174;1;16.75
28833;9624;169;3;117.44
28834;9624;218;2;163.84
28835;9625;274;2;43.03
28836;9625;13;2;97.98
28837;9625;217;1;133.47
28838;9625;179;1;16.67
28839;9626;298;1;95.71
28840;9627;116;2;27.34
28841;9627;199;2;156.49
28842;9627;227;3;128.22
28843;9628;25;2;36.6
28844;9629;116;2;27.34
28845;9629;250;2;45.33
28846;9629;201;1;55.38
28847;9630;7;3;435.46
28848;9630;46;3;32.13
28849;9630;31;3;263.13
28850;9630;125;1;136.07
28851;9631;178;2;117.25
28852;9631;30;1;43.42
28853;9631;2;1;169.54
28854;9631;121;3;102.0
28855;9632;186;2;24.83
28856;9632;256;3;229.2
28857;9632;109;1;46.77
28858;9633;171;3;59.0
28859;9633;195;3;145.55
28860;9634;289;2;36.82
28861;9634;55;3;105.96
28862;9634;262;2;203.02
28863;9634;36;3;35.27
28864;9634;224;1;289.95
28865;9635;123;3;70.77
28866;9635;25;1;36.6
28867;9635;111;3;28.98
28868;9635;67;3;41.38
28869;9635;37;2;125.9
28870;9636;109;1;46.77
28871;9636;185;1;47.76
28872;9637;262;3;203.02
28873;9638;279;3;52.64
28874;9638;129;1;59.78
28875;9638;128;3;604.55
28876;9639;60;3;69.22
28877;9639;4;3;15.69
28878;9639;268;3;22.25
28879;9639;186;3;24.83
28880;9639;14;1;139.17
28881;9640;64;2;63.91
28882;9640;206;3;30.23
28883;9640;80;1;16.51
28884;9641;93;1;177.34
28885;9641;59;2;107.83
28886;9641;143;2;86.74
28887;9641;218;1;163.84
28888;9641;266;2;78.95
28889;9642;116;2;27.34
28890;9642;24;1;171.7
28891;9642;148;1;161.06
28892;9642;128;2;604.55
28893;9643;133;2;129.76
28894;9643;150;2;51.66
28895;9643;73;2;47.55
28896;9643;36;1;35.27
28897;9643;207;1;234.88
28898;9644;167;2;40.59
28899;9644;6;3;124.34
28900;9644;226;3;105.33
28901;9644;8;1;295.75
28902;9644;214;2;180.06
28903;9645;141;3;62.63
28904;9645;91;3;48.19
28905;9645;77;3;137.95
28906;9646;84;2;56.46
28907;9646;272;3;32.79
28908;9647;189;2;298.51
28909;9647;203;2;22.49
28910;9647;27;2;257.64
28911;9647;145;1;77.19
28912;9647;285;2;108.9
28913;9648;109;2;46.77
28914;9648;168;1;36.16
28915;9648;73;1;47.55
28916;9649;250;1;45.33
28917;9649;201;3;55.38
28918;9649;214;3;180.06
28919;9649;182;3;96.28
28920;9649;30;3;43.42
28921;9650;245;3;88.8
28922;9651;282;3;377.84
28923;9652;43;3;27.58
28924;9653;259;2;193.37
28925;9654;154;3;276.99
28926;9654;228;3;21.36
28927;9655;122;3;159.31
28928;9656;51;2;69.12
28929;9656;104;2;193.22
28930;9656;130;2;138.45
28931;9656;45;2;206.86
28932;9657;298;1;95.71
28933;9658;94;3;191.51
28934;9658;86;3;68.41
28935;9658;134;2;60.38
28936;9658;286;2;23.1
28937;9658;136;3;77.12
28938;9659;218;3;163.84
28939;9660;260;2;183.92
28940;9660;97;3;160.55
28941;9660;194;3;39.16
28942;9660;115;2;45.38
28943;9660;285;3;108.9
28944;9661;218;3;163.84
28945;9662;76;1;23.8
28946;9662;256;2;229.2
28947;9662;265;1;194.8
28948;9663;97;2;160.55
28949;9663;272;3;32.79
28950;9664;137;1;83.8
28951;9664;45;1;206.86
28952;9664;17;3;66.06
28953;9664;262;1;203.02
28954;9665;266;3;78.95
28955;9665;164;1;38.45
28956;9666;285;2;108.9
28957;9666;16;1;135.22
28958;9666;239;2;89.88
28959;9666;7;2;435.46
28960;9666;56;1;84.93
28961;9667;188;2;221.91
28962;9667;192;1;139.65
28963;9667;56;3;84.93
28964;9668;199;1;156.49
28965;9668;197;3;109.76
28966;9668;227;2;128.22
28967;9669;157;1;145.39
28968;9669;97;3;160.55
28969;9669;12;2;58.48
28970;9670;201;3;55.38
28971;9670;234;1;199.16
28972;9670;179;3;16.67
28973;9671;295;1;401.67
28974;9671;239;2;89.88
28975;9672;1;3;85.25
28976;9673;99;1;18.5
28977;9673;9;1;134.64
28978;9673;173;1;44.37
28979;9673;156;3;51.61
28980;9674;150;2;51.66
28981;9674;94;2;191.51
28982;9675;115;3;45.38
28983;9675;149;2;112.47
28984;9675;9;2;134.64
28985;9675;156;1;51.61
28986;9676;139;2;284.29
28987;9676;293;3;32.93
28988;9677;15;1;110.9
28989;9677;102;2;79.45
28990;9678;96;3;318.43
28991;9678;53;2;51.23
28992;9678;93;1;177.34
28993;9678;156;2;51.61
28994;9678;30;2;43.42
28995;9679;44;3;46.23
28996;9679;135;3;23.48
28997;9680;96;2;318.43
28998;9680;52;3;198.57
28999;9680;18;3;140.06
29000;9681;151;2;14.87
29001;9681;296;3;31.73
29002;9681;152;1;210.67
29003;9681;289;2;36.82
29004;9681;90;1;238.59
29005;9682;52;1;198.57
29006;9683;235;3;98.52
29007;9684;224;2;289.95
29008;9684;243;3;23.3
29009;9684;24;2;171.7
29010;9684;199;3;156.49
29011;9685;113;3;261.82
29012;9685;143;3;86.74
29013;9685;111;3;28.98
29014;9686;221;3;182.12
29015;9686;59;1;107.83
29016;9687;60;3;69.22
29017;9688;97;2;160.55
29018;9688;176;3;23.46
29019;9689;213;2;29.38
29020;9689;66;1;65.31
29021;9689;85;3;276.27
29022;9690;285;1;108.9
29023;9690;76;1;23.8
29024;9690;61;1;251.37
29025;9691;8;1;295.75
29026;9691;89;3;376.3
29027;9691;138;2;32.55
29028;9691;238;2;130.67
29029;9691;237;2;11.53
29030;9692;142;3;26.83
29031;9692;150;1;51.66
29032;9693;230;3;163.67
29033;9693;81;2;83.86
29034;9694;57;3;49.4
29035;9694;172;3;108.1
29036;9695;293;1;32.93
29037;9695;144;2;46.76
29038;9695;35;1;57.55
29039;9695;92;1;338.54
29040;9695;223;3;12.9
29041;9696;186;3;24.83
29042;9696;283;1;114.46
29043;9696;187;1;145.63
29044;9696;115;2;45.38
29045;9697;283;2;114.46
29046;9697;215;1;42.37
29047;9697;20;3;27.74
29048;9697;261;1;138.08
29049;9697;204;3;63.94
29050;9698;250;2;45.33
29051;9698;81;1;83.86
29052;9699;15;2;110.9
29053;9700;89;3;376.3
29054;9700;242;1;66.96
29055;9700;191;1;144.67
29056;9700;11;2;27.62
29057;9700;99;2;18.5
29058;9701;10;3;83.77
29059;9701;42;2;263.42
29060;9701;82;3;115.88
29061;9702;89;2;376.3
29062;9702;121;3;102.0
29063;9702;43;1;27.58
29064;9702;59;1;107.83
29065;9702;129;2;59.78
29066;9703;94;3;191.51
29067;9703;34;2;71.61
29068;9703;151;2;14.87
29069;9704;25;2;36.6
29070;9705;149;2;112.47
29071;9705;128;2;604.55
29072;9705;64;3;63.91
29073;9705;293;1;32.93
29074;9705;174;3;16.75
29075;9706;188;2;221.91
29076;9707;66;2;65.31
29077;9707;36;3;35.27
29078;9707;122;2;159.31
29079;9707;26;2;73.19
29080;9707;279;1;52.64
29081;9708;188;2;221.91
29082;9708;53;2;51.23
29083;9709;172;2;108.1
29084;9710;76;1;23.8
29085;9711;228;1;21.36
29086;9712;149;1;112.47
29087;9713;34;2;71.61
29088;9713;68;2;208.07
29089;9713;159;1;56.32
29090;9714;281;3;13.59
29091;9715;60;3;69.22
29092;9715;153;3;28.61
29093;9716;267;2;23.63
29094;9717;288;2;430.61
29095;9717;143;2;86.74
29096;9717;213;1;29.38
29097;9717;217;2;133.47
29098;9717;224;3;289.95
29099;9718;162;1;265.52
29100;9718;183;3;83.98
29101;9718;180;3;59.61
29102;9718;118;3;365.76
29103;9719;230;2;163.67
29104;9719;212;2;167.62
29105;9719;57;2;49.4
29106;9719;128;2;604.55
29107;9720;15;2;110.9
29108;9721;115;1;45.38
29109;9721;298;1;95.71
29110;9722;242;2;66.96
29111;9722;187;1;145.63
29112;9722;157;2;145.39
29113;9722;133;1;129.76
29114;9723;111;2;28.98
29115;9723;278;2;58.03
29116;9724;49;3;49.52
29117;9724;168;2;36.16
29118;9724;30;2;43.42
29119;9724;76;1;23.8
29120;9724;40;1;165.59
29121;9725;286;3;23.1
29122;9725;129;3;59.78
29123;9725;2;1;169.54
29124;9726;11;3;27.62
29125;9727;146;3;35.44
29126;9727;90;2;238.59
29127;9727;71;2;104.37
29128;9727;210;3;230.86
29129;9728;134;3;60.38
29130;9728;19;2;25.52
29131;9728;30;3;43.42
29132;9728;102;2;79.45
29133;9728;294;1;73.58
29134;9729;237;2;11.53
29135;9729;12;2;58.48
29136;9729;146;3;35.44
29137;9729;165;2;30.46
29138;9729;298;2;95.71
29139;9730;220;3;97.41
29140;9730;213;3;29.38
29141;9731;200;2;209.0
29142;9731;44;3;46.23
29143;9731;109;3;46.77
29144;9731;257;3;75.87
29145;9732;153;2;28.61
29146;9733;121;1;102.0
29147;9733;54;1;232.82
29148;9733;273;2;197.68
29149;9733;224;3;289.95
29150;9734;9;2;134.64
29151;9734;250;3;45.33
29152;9734;140;3;35.81
29153;9734;124;1;109.44
29154;9734;52;2;198.57
29155;9735;264;1;22.18
29156;9735;60;2;69.22
29157;9735;218;3;163.84
29158;9736;145;1;77.19
29159;9736;46;2;32.13
29160;9736;149;1;112.47
29161;9736;92;1;338.54
29162;9737;118;2;365.76
29163;9737;220;3;97.41
29164;9738;197;1;109.76
29165;9738;256;3;229.2
29166;9738;123;2;70.77
29167;9738;170;2;22.32
29168;9738;17;3;66.06
29169;9739;27;1;257.64
29170;9739;178;3;117.25
29171;9739;116;1;27.34
29172;9740;166;1;36.18
29173;9741;288;1;430.61
29174;9741;31;3;263.13
29175;9741;198;3;53.21
29176;9741;99;1;18.5
29177;9741;284;2;66.65
29178;9742;31;2;263.13
29179;9742;18;3;140.06
29180;9742;34;1;71.61
29181;9743;103;2;60.73
29182;9743;30;1;43.42
29183;9743;18;3;140.06
29184;9744;185;3;47.76
29185;9745;238;3;130.67
29186;9746;159;1;56.32
29187;9746;198;2;53.21
29188;9747;39;3;42.14
29189;9747;211;1;253.01
29190;9748;238;1;130.67
29191;9748;121;2;102.0
29192;9748;66;1;65.31
29193;9749;74;2;13.44
29194;9749;18;3;140.06
29195;9750;100;2;36.47
29196;9750;106;1;63.95
29197;9751;93;3;177.34
29198;9751;221;1;182.12
29199;9751;130;2;138.45
29200;9752;262;3;203.02
29201;9753;275;1;167.5
29202;9753;292;2;115.69
29203;9753;237;2;11.53
29204;9753;144;3;46.76
29205;9753;135;2;23.48
29206;9754;231;1;58.56
29207;9755;124;1;109.44
29208;9755;269;1;27.35
29209;9755;111;1;28.98
29210;9755;227;2;128.22
29211;9755;111;3;28.98
29212;9756;88;3;271.98
29213;9757;80;2;16.51
29214;9757;222;3;207.75
29215;9758;73;1;47.55
29216;9758;1;2;85.25
29217;9758;12;1;58.48
29218;9758;120;3;44.38
29219;9758;258;2;183.46
29220;9759;154;3;276.99
29221;9759;139;3;284.29
29222;9759;64;1;63.91
29223;9759;20;1;27.74
29224;9759;250;2;45.33
29225;9760;292;1;115.69
29226;9760;248;3;278.21
29227;9760;267;1;23.63
29228;9760;140;3;35.81
29229;9760;19;1;25.52
29230;9761;154;1;276.99
29231;9761;225;3;14.43
29232;9761;44;1;46.23
29233;9761;27;2;257.64
29234;9762;10;2;83.77
29235;9762;231;3;58.56
29236;9762;116;3;27.34
29237;9762;250;3;45.33
29238;9762;140;1;35.81
29239;9763;264;1;22.18
29240;9763;236;1;27.58
29241;9763;182;3;96.28
29242;9763;284;3;66.65
29243;9763;61;2;251.37
29244;9764;141;2;62.63
29245;9764;84;3;56.46
29246;9764;40;1;165.59
29247;9764;277;3;141.51
29248;9764;54;2;232.82
29249;9765;11;3;27.62
29250;9765;110;2;33.58
29251;9766;173;1;44.37
29252;9767;47;3;10.35
29253;9767;247;1;280.92
29254;9767;87;2;172.22
29255;9767;260;3;183.92
29256;9767;265;1;194.8
29257;9768;227;1;128.22
29258;9768;182;3;96.28
29259;9769;18;1;140.06
29260;9769;101;3;337.71
29261;9769;224;3;289.95
29262;9769;239;3;89.88
29263;9770;207;3;234.88
29264;9771;76;2;23.8
29265;9771;138;1;32.55
29266;9771;199;1;156.49
29267;9772;102;1;79.45
29268;9772;234;1;199.16
29269;9772;24;1;171.7
29270;9772;291;2;67.09
29271;9772;213;2;29.38
29272;9773;300;2;105.48
29273;9773;236;3;27.58
29274;9773;297;2;111.18
29275;9774;147;2;15.53
29276;9774;170;3;22.32
29277;9774;271;2;134.08
29278;9775;59;2;107.83
29279;9775;265;2;194.8
29280;9775;178;2;117.25
29281;9775;125;1;136.07
29282;9775;26;2;73.19
29283;9776;274;2;43.03
29284;9776;206;2;30.23
29285;9777;269;3;27.35
29286;9778;212;3;167.62
29287;9778;36;3;35.27
29288;9779;91;3;48.19
29289;9779;89;2;376.3
29290;9779;109;1;46.77
29291;9779;100;1;36.47
29292;9779;15;3;110.9
29293;9780;3;2;355.2
29294;9780;251;3;594.78
29295;9781;181;2;42.65
29296;9781;101;3;337.71
29297;9781;83;1;28.81
29298;9782;234;3;199.16
29299;9782;236;3;27.58
29300;9782;82;2;115.88
29301;9782;224;2;289.95
29302;9783;21;3;27.77
29303;9783;204;1;63.94
29304;9783;95;2;11.53
29305;9784;95;2;11.53
29306;9784;35;1;57.55
29307;9784;267;2;23.63
29308;9784;74;3;13.44
29309;9784;231;3;58.56
29310;9785;153;3;28.61
29311;9785;39;3;42.14
29312;9785;119;1;52.95
29313;9785;94;2;191.51
29314;9785;94;2;191.51
29315;9786;194;2;39.16
29316;9786;77;3;137.95
29317;9786;133;1;129.76
29318;9787;171;2;59.0
29319;9787;28;1;98.17
29320;9787;151;2;14.87
29321;9787;5;3;99.57
29322;9787;127;1;28.04
29323;9788;227;2;128.22
29324;9788;117;3;187.28
29325;9789;229;3;14.92
29326;9789;172;2;108.1
29327;9790;49;2;49.52
29328;9790;240;1;115.21
29329;9790;262;1;203.02
29330;9790;233;2;153.83
29331;9791;286;3;23.1
29332;9791;51;2;69.12
29333;9791;232;2;21.33
29334;9791;41;3;202.78
29335;9791;10;3;83.77
29336;9792;249;2;94.89
29337;9793;93;1;177.34
29338;9793;257;2;75.87
29339;9793;197;1;109.76
29340;9793;2;2;169.54
29341;9793;55;1;105.96
29342;9794;272;1;32.79
29343;9794;114;1;81.1
29344;9794;15;2;110.9
29345;9794;125;2;136.07
29346;9795;247;1;280.92
29347;9795;97;3;160.55
29348;9795;94;1;191.51
29349;9795;143;1;86.74
29350;9796;46;2;32.13
29351;9797;277;3;141.51
29352;9797;122;3;159.31
29353;9797;37;1;125.9
29354;9798;235;3;98.52
29355;9798;77;1;137.95
29356;9798;265;1;194.8
29357;9798;64;3;63.91
29358;9799;221;1;182.12
29359;9799;28;1;98.17
29360;9799;172;2;108.1
29361;9799;287;2;82.17
29362;9799;16;1;135.22
29363;9800;189;1;298.51
29364;9801;240;1;115.21
29365;9801;277;2;141.51
29366;9801;87;2;172.22
29367;9801;253;2;62.5
29368;9801;248;1;278.21
29369;9802;149;3;112.47
29370;9802;140;1;35.81
29371;9802;98;1;156.09
29372;9802;125;3;136.07
29373;9803;247;1;280.92
29374;9803;105;1;19.14
29375;9803;125;1;136.07
29376;9803;152;2;210.67
29377;9803;15;2;110.9
29378;9804;239;2;89.88
29379;9804;110;2;33.58
29380;9804;26;1;73.19
29381;9804;241;3;177.76
29382;9805;89;3;376.3
29383;9805;109;2;46.77
29384;9805;63;3;81.7
29385;9805;207;1;234.88
29386;9806;260;2;183.92
29387;9807;238;2;130.67
29388;9807;97;2;160.55
29389;9807;234;2;199.16
29390;9807;129;2;59.78
29391;9807;106;3;63.95
29392;9808;25;1;36.6
29393;9808;266;3;78.95
29394;9808;122;2;159.31
29395;9808;212;1;167.62
29396;9809;178;3;117.25
29397;9809;120;3;44.38
29398;9809;171;3;59.0
29399;9809;86;3;68.41
29400;9809;146;2;35.44
29401;9810;130;3;138.45
29402;9810;122;1;159.31
29403;9811;113;1;261.82
29404;9811;23;2;17.91
29405;9811;246;2;105.53
29406;9812;117;3;187.28
29407;9812;132;1;76.68
29408;9812;168;1;36.16
29409;9812;146;3;35.44
29410;9812;124;1;109.44
29411;9813;296;3;31.73
29412;9813;117;1;187.28
29413;9813;202;1;84.57
29414;9813;171;2;59.0
29415;9813;107;1;57.11
29416;9814;222;1;207.75
29417;9815;71;2;104.37
29418;9815;253;3;62.5
29419;9815;150;3;51.66
29420;9815;275;3;167.5
29421;9815;276;3;77.1
29422;9816;165;3;30.46
29423;9816;55;3;105.96
29424;9816;220;3;97.41
29425;9817;297;2;111.18
29426;9817;262;3;203.02
29427;9818;33;2;98.43
29428;9818;57;3;49.4
29429;9819;1;3;85.25
29430;9819;106;2;63.95
29431;9820;56;3;84.93
29432;9820;25;2;36.6
29433;9821;6;3;124.34
29434;9821;277;1;141.51
29435;9821;33;3;98.43
29436;9822;112;3;112.28
29437;9823;30;2;43.42
29438;9823;214;1;180.06
29439;9823;88;3;271.98
29440;9824;84;1;56.46
29441;9824;23;3;17.91
29442;9824;181;3;42.65
29443;9825;100;3;36.47
29444;9826;11;2;27.62
29445;9826;224;3;289.95
29446;9826;6;1;124.34
29447;9826;6;2;124.34
29448;9827;58;3;37.93
29449;9827;2;1;169.54
29450;9827;13;1;97.98
29451;9827;86;2;68.41
29452;9828;130;2;138.45
29453;9828;277;2;141.51
29454;9828;140;2;35.81
29455;9828;24;1;171.7
29456;9829;259;3;193.37
29457;9830;44;2;46.23
29458;9831;110;1;33.58
29459;9831;15;1;110.9
29460;9831;35;3;57.55
29461;9832;176;3;23.46
29462;9832;94;1;191.51
29463;9832;98;3;156.09
29464;9833;143;3;86.74
29465;9833;164;1;38.45
29466;9833;295;2;401.67
29467;9833;34;3;71.61
29468;9834;207;1;234.88
29469;9834;163;3;127.95
29470;9834;216;3;265.62
29471;9835;231;3;58.56
29472;9835;268;2;22.25
29473;9835;152;2;210.67
29474;9836;136;2;77.12
29475;9836;95;1;11.53
29476;9836;181;3;42.65
29477;9836;289;3;36.82
29478;9836;83;2;28.81
29479;9837;295;2;401.67
29480;9837;129;2;59.78
29481;9838;25;1;36.6
29482;9839;192;3;139.65
29483;9839;228;1;21.36
29484;9840;263;3;58.98
29485;9840;119;3;52.95
29486;9840;106;3;63.95
29487;9840;107;2;57.11
29488;9840;45;3;206.86
29489;9841;103;2;60.73
29490;9842;75;3;176.39
29491;9843;67;3;41.38
29492;9843;174;1;16.75
29493;9844;125;1;136.07
29494;9845;238;2;130.67
29495;9845;291;2;67.09
29496;9845;252;3;124.2
29497;9845;263;2;58.98
29498;9845;218;2;163.84
29499;9846;272;3;32.79
29500;9846;154;1;276.99
29501;9847;12;2;58.48
29502;9847;33;2;98.43
29503;9847;118;1;365.76
29504;9848;255;2;63.76
29505;9848;32;3;65.71
29506;9848;180;1;59.61
29507;9849;173;3;44.37
29508;9849;227;1;128.22
29509;9849;81;2;83.86
29510;9849;27;2;257.64
29511;9850;41;1;202.78
29512;9850;73;2;47.55
29513;9850;12;2;58.48
29514;9850;179;3;16.67
29515;9851;132;2;76.68
29516;9851;169;2;117.44
29517;9851;255;3;63.76
29518;9851;142;1;26.83
29519;9852;87;3;172.22
29520;9852;70;1;99.53
29521;9852;147;1;15.53
29522;9853;182;2;96.28
29523;9853;127;3;28.04
29524;9853;275;3;167.5
29525;9854;271;2;134.08
29526;9854;201;3;55.38
29527;9854;150;3;51.66
29528;9855;274;3;43.03
29529;9855;202;2;84.57
29530;9855;94;2;191.51
29531;9855;293;3;32.93
29532;9856;216;3;265.62
29533;9856;117;1;187.28
29534;9857;219;2;18.89
29535;9857;280;3;194.11
29536;9857;276;3;77.1
29537;9857;149;2;112.47
29538;9857;64;1;63.91
29539;9858;226;3;105.33
29540;9858;21;3;27.77
29541;9859;236;1;27.58
29542;9859;24;3;171.7
29543;9860;263;3;58.98
29544;9860;201;2;55.38
29545;9860;210;3;230.86
29546;9860;154;1;276.99
29547;9860;113;1;261.82
29548;9861;107;3;57.11
29549;9861;19;2;25.52
29550;9862;78;2;18.59
29551;9863;74;1;13.44
29552;9863;185;1;47.76
29553;9863;97;3;160.55
29554;9864;14;2;139.17
29555;9865;253;3;62.5
29556;9865;128;2;604.55
29557;9865;49;3;49.52
29558;9866;224;1;289.95
29559;9866;204;1;63.94
29560;9866;14;3;139.17
29561;9866;144;2;46.76
29562;9867;83;2;28.81
29563;9867;297;3;111.18
29564;9867;277;3;141.51
29565;9867;208;2;26.03
29566;9867;205;2;54.75
29567;9868;18;2;140.06
29568;9868;202;3;84.57
29569;9869;88;3;271.98
29570;9870;50;2;63.53
29571;9870;97;3;160.55
29572;9870;182;3;96.28
29573;9870;5;3;99.57
29574;9871;170;1;22.32
29575;9871;43;3;27.58
29576;9871;206;2;30.23
29577;9872;106;1;63.95
29578;9872;271;1;134.08
29579;9873;101;1;337.71
29580;9873;112;2;112.28
29581;9874;7;2;435.46
29582;9874;62;2;77.66
29583;9875;123;3;70.77
29584;9875;244;3;291.31
29585;9875;272;2;32.79
29586;9875;119;3;52.95
29587;9876;133;3;129.76
29588;9876;233;3;153.83
29589;9876;141;2;62.63
29590;9877;139;1;284.29
29591;9877;142;2;26.83
29592;9877;73;1;47.55
29593;9877;236;1;27.58
29594;9877;41;3;202.78
29595;9878;63;1;81.7
29596;9878;155;1;75.12
29597;9878;281;2;13.59
29598;9878;82;3;115.88
29599;9879;80;2;16.51
29600;9879;29;2;33.59
29601;9879;102;3;79.45
29602;9879;103;1;60.73
29603;9880;134;3;60.38
29604;9880;191;1;144.67
29605;9881;113;2;261.82
29606;9881;69;1;100.84
29607;9881;19;2;25.52
29608;9881;154;2;276.99
29609;9881;147;3;15.53
29610;9882;61;1;251.37
29611;9882;271;1;134.08
29612;9882;192;3;139.65
29613;9883;84;3;56.46
29614;9883;265;3;194.8
29615;9883;33;1;98.43
29616;9883;247;1;280.92
29617;9883;130;2;138.45
29618;9884;88;3;271.98
29619;9884;186;3;24.83
29620;9884;113;3;261.82
29621;9884;151;2;14.87
29622;9885;91;1;48.19
29623;9885;127;3;28.04
29624;9885;236;3;27.58
29625;9886;21;1;27.77
29626;9886;248;2;278.21
29627;9886;257;2;75.87
29628;9887;199;1;156.49
29629;9887;29;3;33.59
29630;9887;292;1;115.69
29631;9887;34;1;71.61
29632;9888;41;2;202.78
29633;9889;105;2;19.14
29634;9889;220;1;97.41
29635;9889;151;2;14.87
29636;9890;186;1;24.83
29637;9890;196;2;15.62
29638;9890;166;3;36.18
29639;9890;218;1;163.84
29640;9891;160;2;62.31
29641;9891;22;1;231.52
29642;9891;195;2;145.55
29643;9891;36;1;35.27
29644;9892;237;3;11.53
29645;9892;2;3;169.54
29646;9892;96;3;318.43
29647;9892;299;2;93.25
29648;9893;136;3;77.12
29649;9893;166;1;36.18
29650;9894;107;2;57.11
29651;9894;19;1;25.52
29652;9894;274;2;43.03
29653;9894;288;1;430.61
29654;9895;179;1;16.67
29655;9895;111;3;28.98
29656;9895;101;3;337.71
29657;9895;119;2;52.95
29658;9895;91;1;48.19
29659;9896;219;1;18.89
29660;9896;277;2;141.51
